bowler,matches,balls,runs_given,wickets,dot_balls,wides,noballs,overs,economy,average,dot_pct,strike_rate
R Ashwin,497,39482,25885,996,25631,316,21,6580.3,3.93,25.99,64.92,39.64
JM Anderson,377,48328,27006,993,36304,405,62,8054.7,3.35,27.2,75.12,48.67
SCJ Broad,337,40908,24457,879,30028,266,144,6818.0,3.59,27.82,73.4,46.54
MA Starc,348,29138,21545,866,19827,517,103,4856.3,4.44,24.88,68.05,33.65
TG Southee,433,35185,25090,862,24055,430,36,5864.2,4.28,29.11,68.37,40.82
RA Jadeja,587,36013,24468,836,22570,169,129,6002.2,4.08,29.27,62.67,43.08
DW Steyn,361,27640,19258,831,19155,384,129,4606.7,4.18,23.17,69.3,33.26
TA Boult,371,27600,20115,773,18903,407,34,4600.0,4.37,26.02,68.49,35.71
K Rabada,343,22768,18014,756,15050,409,269,3794.7,4.75,23.83,66.1,30.12
Shakib Al Hasan,466,29345,20774,735,17777,197,18,4890.8,4.25,28.26,60.58,39.93
SL Malinga,435,19034,17927,726,10419,632,268,3172.3,5.65,24.69,54.74,26.22
JJ Bumrah,383,20235,15267,726,13079,271,185,3372.5,4.53,21.03,64.64,27.87
MG Johnson,301,25211,17868,671,17201,508,130,4201.8,4.25,26.63,68.23,37.57
M Morkel,312,25088,17172,649,17515,381,326,4181.3,4.11,26.46,69.81,38.66
Mohammed Shami,321,20094,16578,633,13055,320,46,3349.0,4.95,26.19,64.97,31.74
PJ Cummins,290,21958,15456,621,14854,318,81,3659.7,4.22,24.89,67.65,35.36
Harbhajan Singh,392,29374,19446,619,18467,243,20,4895.7,3.97,31.42,62.87,47.45
NM Lyon,171,36493,19032,618,26574,17,4,6082.2,3.13,30.8,72.82,59.05
JR Hazlewood,271,22673,14466,593,16190,154,60,3778.8,3.83,24.39,71.41,38.23
DJ Bravo,412,16222,15230,576,8600,492,65,2703.7,5.63,26.44,53.01,28.16
Z Khan,303,22070,16229,575,14652,362,258,3678.3,4.41,28.22,66.39,38.38
B Kumar,424,15367,14708,547,8836,385,21,2561.2,5.74,26.89,57.5,28.09
I Sharma,312,25868,17924,545,17767,263,374,4311.3,4.16,32.89,68.68,47.46
Shaheen Shah Afridi,292,14115,12678,543,8730,302,80,2352.5,5.39,23.35,61.85,25.99
M Muralitharan,240,20534,12608,542,13487,177,65,3422.3,3.68,23.26,65.68,37.89
JO Holder,341,20522,15572,522,13216,339,115,3420.3,4.55,29.83,64.4,39.31
B Lee,255,19491,14037,520,13031,307,576,3248.5,4.32,26.99,66.86,37.48
HMRKB Herath,161,26925,13781,514,18991,35,10,4487.5,3.07,26.81,70.53,52.38
Kuldeep Yadav,286,12195,11300,478,6170,130,8,2032.5,5.56,23.64,50.59,25.51
AU Rashid,308,14716,13747,475,7117,154,7,2452.7,5.6,28.94,48.36,30.98
DL Vettori,275,24115,13329,472,16318,74,89,4019.2,3.32,28.24,67.67,51.09
Saeed Ajmal,215,18973,11236,467,12718,128,1,3162.2,3.55,24.06,67.03,40.63
UT Yadav,285,15734,13803,463,9743,275,39,2622.3,5.26,29.81,61.92,33.98
YS Chahal,327,9416,11097,461,3759,219,26,1569.3,7.07,24.07,39.92,20.43
Mustafizur Rahman,304,11422,10990,455,6173,325,39,1903.7,5.77,24.15,54.04,25.1
Shahid Afridi,372,14633,12799,452,7042,257,37,2438.8,5.25,28.32,48.12,32.37
CR Woakes,231,17942,12591,452,12230,175,37,2990.3,4.21,27.86,68.16,39.69
Imran Tahir,261,12537,10479,448,6673,120,34,2089.5,5.02,23.39,53.23,27.98
KAJ Roach,187,20184,12378,444,14560,184,245,3364.0,3.68,27.88,72.14,45.46
MM Ali,337,20591,15898,440,12105,73,20,3431.8,4.63,36.13,58.79,46.8
Umar Gul,232,15671,11950,436,10145,265,240,2611.8,4.58,27.41,64.74,35.94
SR Watson,372,14378,11914,428,8608,250,55,2396.3,4.97,27.84,59.87,33.59
Hasan Ali,244,11032,10340,425,6402,160,88,1838.7,5.62,24.33,58.03,25.96
GP Swann,170,19795,11649,422,13473,42,1,3299.2,3.53,27.6,68.06,46.91
SP Narine,328,11135,10039,417,5765,155,27,1855.8,5.41,24.07,51.77,26.7
Mohammad Amir,248,14012,10589,398,9161,267,63,2335.3,4.53,26.61,65.38,35.21
M Ntini,164,16755,10950,397,11906,112,83,2792.5,3.92,27.58,71.06,42.2
MJ Santner,313,14849,11648,397,8425,179,10,2474.8,4.71,29.34,56.74,37.4
Wahab Riaz,236,12124,10751,391,6937,330,219,2020.7,5.32,27.5,57.22,31.01
BA Stokes,265,18309,12962,382,12081,245,197,3051.5,4.25,33.93,65.98,47.93
AR Patel,335,11056,10102,381,5732,103,2,1842.7,5.48,26.51,51.85,29.02
MJ Henry,171,13165,9727,379,8762,165,21,2194.2,4.43,25.66,66.56,34.74
A Zampa,252,8949,9410,375,3704,101,5,1491.5,6.31,25.09,41.39,23.86
AS Joseph,196,12453,10772,368,7644,253,87,2075.5,5.19,29.27,61.38,33.84
Mohammed Siraj,228,12142,10464,360,7782,260,44,2023.7,5.17,29.07,64.09,33.73
DB Sharma,251,9563,7848,360,5141,110,10,1593.8,4.92,21.8,53.76,26.56
Shadab Khan,280,8612,9061,356,3776,114,3,1435.3,6.31,25.45,43.85,24.19
KA Maharaj,166,16195,10165,355,10867,45,13,2699.2,3.77,28.63,67.1,45.62
Mehedi Hasan Miraz,183,18330,11539,351,11876,40,5,3055.0,3.78,32.87,64.79,52.22
A Mishra,225,10591,8673,341,6001,81,116,1765.2,4.91,25.43,56.66,31.06
KMDN Kulasekara,257,12699,10199,340,7920,223,34,2116.5,4.82,30.0,62.37,37.35
Haris Rauf,220,6312,8142,340,2761,230,8,1052.0,7.74,23.95,43.74,18.56
IK Pathan,237,10527,9528,339,6247,305,42,1754.5,5.43,28.11,59.34,31.05
JH Kallis,309,15806,10983,333,10454,184,38,2634.3,4.17,32.98,66.14,47.47
S Ecclestone,186,8957,6148,329,5761,96,2,1492.8,4.12,18.69,64.32,27.22
HH Pandya,334,8222,9636,317,3849,333,27,1370.3,7.03,30.4,46.81,25.94
Mashrafe Mortaza,244,12891,10785,309,7648,214,99,2148.5,5.02,34.9,59.33,41.72
Yasir Shah,101,16151,9717,305,10940,17,8,2691.8,3.61,31.86,67.74,52.95
S Lamichhane,151,5559,4888,303,3078,88,2,926.5,5.28,16.13,55.37,18.35
ML Schutt,215,7189,5990,303,4283,178,25,1198.2,5.0,19.77,59.58,23.73
IS Sodhi,213,9571,8977,302,4914,116,10,1595.2,5.63,29.73,51.34,31.69
PWH de Silva,188,6321,6416,301,2929,30,11,1053.5,6.09,21.32,46.34,21.0
NLTC Perera,270,8565,9262,300,4043,158,12,1427.5,6.49,30.87,47.2,28.55
L Ngidi,175,7662,7297,299,4518,179,29,1277.0,5.71,24.4,58.97,25.63
RAS Lakmal,162,16511,10307,292,11572,141,117,2751.8,3.75,35.3,70.09,56.54
BAW Mendis,149,9864,7135,292,5858,94,61,1644.0,4.34,24.43,59.39,33.78
AD Russell,266,5757,7637,290,2462,213,44,959.5,7.96,26.33,42.77,19.85
KD Mills,185,9444,7415,287,5950,112,91,1574.0,4.71,25.84,63.0,32.91
JE Taylor,150,11293,8504,286,7481,183,88,1882.2,4.52,29.73,66.24,39.49
Mohammad Hafeez,324,12680,8798,282,7185,117,2,2113.3,4.16,31.2,56.66,44.96
Taijul Islam,73,15741,8404,279,11245,7,11,2623.5,3.2,30.12,71.44,56.42
RP Singh,202,7907,7488,279,4651,279,31,1317.8,5.68,26.84,58.82,28.34
A Kumble,110,14640,8636,277,10232,37,154,2440.0,3.54,31.18,69.89,52.85
CJ Jordan,206,6583,7641,277,3176,267,28,1097.2,6.96,27.58,48.25,23.77
A Nehra,195,6495,6885,275,3364,186,39,1082.5,6.36,25.04,51.79,23.62
A Flintoff,125,12428,7437,273,8736,96,262,2071.3,3.59,27.24,70.29,45.52
VD Philander,98,12847,6284,272,9972,53,94,2141.2,2.93,23.1,77.62,47.23
Arshdeep Singh,182,4286,6042,272,1842,254,24,714.3,8.46,22.21,42.98,15.76
ST Finn,128,10546,7724,272,7137,121,32,1757.7,4.39,28.4,67.67,38.77
MA Wood,144,10791,8243,269,6997,158,25,1798.5,4.58,30.64,64.84,40.12
JC Archer,161,7922,6936,267,5031,185,39,1320.3,5.25,25.98,63.51,29.67
N Wagner,64,13810,7331,265,10432,50,85,2301.7,3.19,27.66,75.54,52.11
PM Siddle,99,15184,8268,263,11610,53,91,2530.7,3.27,31.44,76.46,57.73
SN Thakur,188,6218,7295,257,3073,234,60,1036.3,7.04,28.39,49.42,24.19
A Gardner,181,6698,5064,255,3892,94,1,1116.3,4.54,19.86,58.11,26.27
Taskin Ahmed,166,8337,7415,255,4996,169,36,1389.5,5.34,29.08,59.93,32.69
Sikandar Raza,264,9536,8201,248,4825,150,20,1589.3,5.16,33.07,50.6,38.45
PP Ojha,137,10550,6742,247,7040,51,16,1758.3,3.83,27.3,66.73,42.71
AD Mathews,331,11028,8355,245,6672,117,18,1838.0,4.55,34.1,60.5,45.01
PP Chawla,226,5799,6749,245,2470,58,7,966.5,6.98,27.55,42.59,23.67
M Kapp,199,7056,5290,245,4377,227,23,1176.0,4.5,21.59,62.03,28.8
JL Jonassen,165,6014,4345,245,3483,79,2,1002.3,4.33,17.73,57.91,24.55
DJG Sammy,244,12374,8633,245,7674,85,32,2062.3,4.19,35.24,62.02,50.51
JP Faulkner,162,5346,5994,243,2375,101,12,891.0,6.73,24.67,44.43,22.0
Junaid Khan,146,9184,6924,243,5937,146,42,1530.7,4.52,28.49,64.65,37.79
HK Matthews,180,5832,4981,241,3068,65,6,972.0,5.12,20.67,52.61,24.2
SM Pollock,144,11724,6168,241,8608,70,188,1954.0,3.16,25.59,73.42,48.65
KH Brunt,161,7113,4788,241,4790,185,13,1185.5,4.04,19.87,67.34,29.51
LH Ferguson,164,5416,6119,237,2739,233,36,902.7,6.78,25.82,50.57,22.85
AC Kerr,178,6389,5541,237,3106,111,4,1064.8,5.2,23.38,48.61,26.96
S Ismail,169,5964,4645,237,3688,103,48,994.0,4.67,19.6,61.84,25.16
Abdur Razzak,161,9316,7126,236,5533,176,6,1552.7,4.59,30.19,59.39,39.47
A Nortje,134,6170,5976,234,3659,103,27,1028.3,5.81,25.54,59.3,26.37
Faheem Ashraf,223,6502,6610,233,3457,113,30,1083.7,6.1,28.37,53.17,27.91
Sohail Tanvir,185,6144,6417,230,3243,286,53,1024.0,6.27,27.9,52.78,26.71
WD Parnell,166,5657,6099,229,2885,171,30,942.8,6.47,26.63,51.0,24.7
B Muzarabani,153,6648,5952,226,3948,153,30,1108.0,5.37,26.34,59.39,29.42
MR Adair,144,5216,5450,225,2848,250,19,869.3,6.27,24.22,54.6,23.18
A Khaka,178,6356,5417,224,3654,247,6,1059.3,5.11,24.18,57.49,28.38
Rashid Khan,176,4132,4976,224,1591,58,0,688.7,7.23,22.21,38.5,18.45
TT Bresnan,140,9525,7213,223,6128,170,14,1587.5,4.54,32.35,64.34,42.71
P Kumar,201,7520,7125,222,4344,211,5,1253.3,5.68,32.09,57.77,33.87
GD McGrath,102,8378,4502,221,6257,58,68,1396.3,3.22,20.37,74.68,37.91
SM Curran,197,7117,7185,221,3906,168,25,1186.2,6.06,32.51,54.88,32.2
WPUJC Vaas,139,9771,6073,221,6856,59,116,1628.5,3.73,27.48,70.17,44.21
SJ Harmison,90,11095,7112,218,7916,199,106,1849.2,3.85,32.62,71.35,50.89
S Sreesanth,128,8822,7197,217,5787,162,161,1470.3,4.89,33.17,65.6,40.65
Imad Wasim,229,5963,6070,215,2603,100,0,993.8,6.11,28.23,43.65,27.73
Karan KC,148,4445,4639,214,2453,127,6,740.8,6.26,21.68,55.19,20.77
M Jansen,123,6534,6070,213,4089,170,70,1089.0,5.57,28.5,62.58,30.68
R Rampaul,133,7918,6037,212,5028,164,74,1319.7,4.57,28.48,63.5,37.35
MM Patel,144,7001,5705,212,4345,70,80,1166.8,4.89,26.91,62.06,33.02
LE Plunkett,124,7118,6273,212,4101,222,46,1186.3,5.29,29.59,57.61,33.58
RJ Harris,87,7693,4803,211,5596,62,23,1282.2,3.75,22.76,72.74,36.46
M Theekshana,170,5532,5486,210,2623,122,16,922.0,5.95,26.12,47.42,26.34
Naseem Shah,137,6982,6380,210,4193,153,85,1163.7,5.48,30.38,60.05,33.25
CRD Fernando,133,8095,6372,210,5011,156,214,1349.2,4.72,30.34,61.9,38.55
EA Perry,188,6544,4787,208,4219,208,82,1090.7,4.39,23.01,64.47,31.46
PVD Chameera,159,6335,6377,207,3466,182,52,1055.8,6.04,30.81,54.71,30.6
Bilal Khan,115,3917,3814,206,2154,122,19,652.8,5.84,18.51,54.99,19.01
Shoaib Malik,286,8791,7124,205,4550,174,68,1465.2,4.86,34.75,51.76,42.88
Nahida Akter,143,4388,3549,203,2365,41,1,731.3,4.85,17.48,53.9,21.62
MS Panesar,75,13629,6981,202,10097,6,2,2271.5,3.07,34.56,74.08,67.47
CS Martin,69,11613,6697,202,8726,38,88,1935.5,3.46,33.15,75.14,57.49
SK Warne,80,7780,4875,202,5311,43,12,1296.7,3.76,24.13,68.26,38.51
CH Morris,146,4691,5319,201,2334,167,10,781.8,6.8,26.46,49.75,23.34
ST Gabriel,83,10711,6852,201,7564,86,236,1785.2,3.84,34.09,70.62,53.29
MRJ Watt,150,5595,4768,201,2929,102,2,932.5,5.11,23.72,52.35,27.84
HV Patel,144,3010,4555,199,1038,147,25,501.7,9.08,22.89,34.49,15.13
MJ McClenaghan,135,4352,5155,199,2059,168,32,725.3,7.11,25.9,47.31,21.87
DJ Willey,150,4749,5178,199,2388,170,3,791.5,6.54,26.02,50.28,23.86
SM Sharif,142,4827,4744,197,2525,131,30,804.5,5.9,24.08,52.31,24.5
A Shrubsole,139,5836,4182,197,3892,158,11,972.7,4.3,21.23,66.69,29.62
CV Varun,137,3250,4082,197,1281,60,9,541.7,7.54,20.72,39.42,16.5
JDP Oram,169,8343,5858,197,5418,110,51,1390.5,4.21,29.74,64.94,42.35
Rubel Hossain,145,9171,7844,196,5284,134,134,1528.5,5.13,40.02,57.62,46.79
Nida Dar,186,5337,4710,196,2663,110,6,889.5,5.3,24.03,49.9,27.23
ASS Fletcher,155,4762,4250,196,2290,116,9,793.7,5.35,21.68,48.09,24.3
KA Pollard,268,4784,5910,196,1617,217,17,797.3,7.41,30.15,33.8,24.41
Junaid Siddique,130,4347,4508,195,2344,237,6,724.5,6.22,23.12,53.92,22.29
GJ Maxwell,298,6542,6998,194,2727,111,5,1090.3,6.42,36.07,41.68,33.72
FH Edwards,109,9165,6663,194,6048,154,264,1527.5,4.36,34.35,65.99,47.24
Nashra Sandhu,147,5640,4514,194,2999,64,7,940.0,4.8,23.27,53.17,29.07
SE Bond,95,5441,3960,194,3586,124,53,906.8,4.37,20.41,65.91,28.05
TL Chatara,133,6416,5329,193,3954,188,28,1069.3,4.98,27.61,61.63,33.24
CH Gayle,223,9140,6525,192,5074,147,23,1523.3,4.28,33.98,55.51,47.6
NW Bracken,121,5839,4481,192,3545,99,3,973.2,4.6,23.34,60.71,30.41
R Ngarava,136,5225,4981,192,3033,155,50,870.8,5.72,25.94,58.05,27.21
LMM Tahuhu,156,4834,4365,191,2811,231,17,805.7,5.42,22.85,58.15,25.31
AJ Hosein,151,4637,4844,190,2139,78,21,772.8,6.27,25.49,46.13,24.41
MM Sharma,152,3677,4760,189,1535,86,15,612.8,7.77,25.19,41.75,19.46
T Shamsi,136,4991,5153,187,2282,141,7,831.8,6.19,27.56,45.72,26.69
MDK Perera,56,11342,6454,186,7649,11,21,1890.3,3.41,34.7,67.44,60.98
R Vinay Kumar,145,3845,4814,185,1715,72,15,640.8,7.51,26.02,44.6,20.78
Sompal Kami,146,4413,4540,185,2397,128,20,735.5,6.17,24.54,54.32,23.85
BM Scholtz,140,4991,3647,184,2902,31,1,831.8,4.38,19.82,58.14,27.12
GB Hogg,127,6073,4876,184,3368,84,10,1012.2,4.82,26.5,55.46,33.01
CBRLS Kumara,86,7505,5957,183,4786,116,19,1250.8,4.76,32.55,63.77,41.01
Mohammad Sami,115,7086,5710,182,4456,149,164,1181.0,4.83,31.37,62.88,38.93
Yuvraj Singh,251,6156,5566,180,2832,63,10,1026.0,5.42,30.92,46.0,34.2
Abrar Ahmed,101,5178,4341,180,2937,36,4,863.0,5.03,24.12,56.72,28.77
T Putthawong,95,2453,1715,179,1537,52,5,408.8,4.19,9.58,62.66,13.7
RL Chase,158,10813,7641,177,6498,63,14,1802.2,4.24,43.17,60.09,61.09
I Ranaweera,147,4850,4122,177,2449,89,11,808.3,5.1,23.29,50.49,27.4
JA Morkel,178,4394,5129,177,1960,147,37,732.3,7.0,28.98,44.61,24.82
A Nel,84,7873,4978,176,5623,103,26,1312.2,3.79,28.28,71.42,44.73
Shoaib Akhtar,97,5730,4628,175,3647,163,101,955.0,4.85,26.45,63.65,32.74
MF Maharoof,129,6660,5101,172,4187,118,118,1110.0,4.6,29.66,62.87,38.72
DE Bollinger,87,5196,3878,172,3437,89,68,866.0,4.48,22.55,66.15,30.21
Mahmudullah,258,8327,6777,171,4371,128,5,1387.8,4.88,39.63,52.49,48.7
Sandeep Sharma,143,3201,4391,170,1255,123,14,533.5,8.23,25.83,39.21,18.83
D Bishoo,82,10249,6242,168,6644,28,39,1708.2,3.65,37.15,64.83,61.01
JDS Neesham,178,4868,5422,167,2379,179,17,811.3,6.68,32.47,48.87,29.15
Ehsan Khan,108,2790,2776,167,1395,61,3,465.0,5.97,16.62,50.0,16.71
N Mlaba,132,4877,4317,166,2612,88,4,812.8,5.31,26.01,53.56,29.38
BW Hilfenhaus,76,7917,4666,166,5824,84,94,1319.5,3.54,28.11,73.56,47.69
M Prasidh Krishna,107,3865,4649,166,1970,119,27,644.2,7.22,28.01,50.97,23.28
MR Marsh,173,6596,5371,165,3943,112,58,1099.3,4.89,32.55,59.78,39.98
CA Young,105,3630,3844,165,1917,102,15,605.0,6.35,23.3,52.81,22.0
AG Cremer,113,7645,5878,165,4339,46,14,1274.2,4.61,35.62,56.76,46.33
JP Duminy,263,7295,6258,164,3734,107,9,1215.8,5.15,38.16,51.19,44.48
J Botha,150,6132,5093,163,3072,74,10,1022.0,4.98,31.25,50.1,37.62
Mohammad Irfan,137,5463,4980,162,3172,131,34,910.5,5.47,30.74,58.06,33.72
KA Jamieson,90,5709,4289,162,3965,122,30,951.5,4.51,26.48,69.45,35.24
SR Clark,69,7116,3986,161,5205,50,46,1186.0,3.36,24.76,73.15,44.2
AL Phehlukwayo,118,4057,4284,161,1909,177,10,676.2,6.34,26.61,47.05,25.2
Mohammad Asif,71,6775,4347,160,4849,57,46,1129.2,3.85,27.17,71.57,42.34
Abdul Razzaq,143,6325,5035,160,3760,69,128,1054.2,4.78,31.47,59.45,39.53
Zahoor Khan,107,3811,3614,159,1928,137,13,635.2,5.69,22.73,50.59,23.97
Washington Sundar,161,5337,4681,159,2805,49,11,889.5,5.26,29.44,52.56,33.57
CE Dean,99,3837,3348,158,2094,99,3,639.5,5.24,21.19,54.57,24.28
N Pradeep,89,7691,5857,157,4907,88,93,1281.8,4.57,37.31,63.8,48.99
GH Dockrell,155,4643,4315,156,2200,97,0,773.8,5.58,27.66,47.38,29.76
Mohammad Wasim,112,3325,4140,155,1516,121,3,554.2,7.47,26.71,45.59,21.45
SFM Devine,164,4052,3907,154,2157,221,15,675.3,5.79,25.37,53.23,26.31
Ravi Bishnoi,126,2769,3747,154,1041,103,10,461.5,8.12,24.33,37.59,17.98
JD Unadkat,137,3379,4310,153,1453,84,4,563.2,7.65,28.17,43.0,22.08
ST Jayasuriya,159,5570,4487,152,2770,75,0,928.3,4.83,29.52,49.73,36.64
AN Kelly,98,2869,2616,152,1492,71,1,478.2,5.47,17.21,52.0,18.88
PA van Meekeren,106,3202,3419,152,1652,145,18,533.7,6.41,22.49,51.59,21.07
NR Sciver,167,4484,3696,151,2538,138,7,747.3,4.95,24.48,56.6,29.7
J Goswami,99,4677,3049,151,3156,73,21,779.5,3.91,20.19,67.48,30.97
SN Netravalkar,105,4131,3233,151,2472,23,23,688.5,4.7,21.41,59.84,27.36
TM Dilshan,276,8651,6474,151,4560,77,0,1441.8,4.49,42.87,52.71,57.29
Abdur Rehman,60,8623,4330,150,6199,26,9,1437.2,3.01,28.87,71.89,57.49
N de Klerk,135,4259,4199,150,2237,154,17,709.8,5.92,27.99,52.52,28.39
MP Stoinis,191,3831,4911,150,1490,133,10,638.5,7.69,32.74,38.89,25.54
O Kamchomphu,107,2335,1785,149,1269,33,10,389.2,4.59,11.98,54.35,15.67
J Little,112,3604,4255,148,1724,143,15,600.7,7.08,28.75,47.84,24.35
AB Agarkar,113,4680,4388,148,2708,163,37,780.0,5.63,29.65,57.86,31.62
JNT Seales,62,5737,4069,148,3944,61,21,956.2,4.26,27.49,68.75,38.76
SJ Benn,90,9851,5910,147,6581,30,14,1641.8,3.6,40.2,66.81,67.01
RE van der Merwe,125,3646,3463,147,1617,50,3,607.7,5.7,23.56,44.35,24.8
SC Williams,194,7244,5883,147,3732,86,19,1207.3,4.87,40.02,51.52,49.28
D Wiese,133,2876,3547,147,1094,76,2,479.3,7.4,24.13,38.04,19.56
SR Taylor,149,4308,3585,146,2205,107,7,718.0,4.99,24.55,51.18,29.51
M Klaas,136,4356,4222,146,2395,178,13,726.0,5.82,28.92,54.98,29.84
MJ Leach,38,9422,4945,145,6928,1,20,1570.3,3.15,34.1,73.53,64.98
Rohan Mustafa,117,4360,3662,144,2198,41,1,726.7,5.04,25.43,50.41,30.28
Poonam Yadav,106,3830,2987,143,1951,33,4,638.3,4.68,20.89,50.94,26.78
Mohammad Nawaz,131,3724,3979,143,1650,39,2,620.7,6.41,27.83,44.31,26.04
Rizwan Butt,89,1932,2247,143,910,64,11,322.0,6.98,15.71,47.1,13.51
Shoriful Islam,104,4398,3988,142,2641,98,9,733.0,5.44,28.08,60.05,30.97
S Luus,166,4514,3899,142,2169,68,18,752.3,5.18,27.46,48.05,31.79
MN Samuels,169,7578,5737,142,4208,70,1,1263.0,4.54,40.4,55.53,53.37
A King,87,3621,2607,141,2119,31,0,603.5,4.32,18.49,58.52,25.68
Danish Kaneria,45,10378,5792,141,7283,14,40,1729.7,3.35,41.08,70.18,73.6
R Shepherd,132,3100,4229,141,1290,150,8,516.7,8.19,29.99,41.61,21.99
RS Gayakwad,98,4166,2942,140,2528,27,2,694.3,4.24,21.01,60.68,29.76
Fatima Sana,107,3461,3566,140,1800,109,27,576.8,6.18,25.47,52.01,24.72
NM Coulter-Nile,96,3081,3490,140,1525,83,12,513.5,6.8,24.93,49.5,22.01
DL Chahar,134,2992,3938,140,1354,124,12,498.7,7.9,28.13,45.25,21.37
RJ Peterson,99,5482,4187,139,3261,35,1,913.7,4.58,30.12,59.49,39.44
G Wareham,116,3176,2716,139,1644,65,1,529.3,5.13,19.54,51.76,22.85
A Symonds,156,6075,4766,139,3452,87,23,1012.5,4.71,34.29,56.82,43.71
P Utseya,148,7462,5976,138,3813,88,14,1243.7,4.81,43.3,51.1,54.07
PD Collingwood,190,6344,4926,138,3466,66,14,1057.3,4.66,35.7,54.63,45.97
A Sutherland,99,3364,2742,137,2009,115,15,560.7,4.89,20.01,59.72,24.55
BJ McCarthy,97,3505,3891,136,1794,134,12,584.2,6.66,28.61,51.18,25.77
JEC Franklin,127,6101,4627,136,3879,39,134,1016.8,4.55,34.02,63.58,44.86
AF Milne,112,3583,4074,136,1818,131,11,597.2,6.82,29.96,50.74,26.35
SW Tait,87,3288,3377,136,1892,246,46,548.0,6.16,24.83,57.54,24.18
Avesh Khan,112,2583,3779,136,1045,97,9,430.5,8.78,27.79,40.46,18.99
NL McCullum,143,4708,4323,135,2150,47,1,784.7,5.51,32.02,45.67,34.87
LL Tsotsobe,87,4261,3377,133,2703,87,13,710.2,4.76,25.39,63.44,32.04
RP Yadav,99,2428,2633,133,1035,40,17,404.7,6.51,19.8,42.63,18.26
AC Jayangani,144,3464,3398,133,1529,76,11,577.3,5.89,25.55,44.14,26.05
MA Leask,128,3389,3266,132,1645,77,2,564.8,5.78,24.74,48.54,25.67
DAJ Bracewell,68,6559,4279,130,4599,60,46,1093.2,3.91,32.92,70.12,50.45
RJ Sidebottom,60,6212,3752,130,4547,58,9,1035.3,3.62,28.86,73.2,47.78
JA Duffy,71,2897,2679,130,1815,102,19,482.8,5.55,20.61,62.65,22.28
MJ Hoggard,42,7223,4206,129,5318,23,104,1203.8,3.49,32.6,73.63,55.99
JJ Smit,88,2733,2451,129,1517,89,3,455.5,5.38,19.0,55.51,21.19
KL Cross,93,4703,3471,128,3067,98,25,783.8,4.43,27.12,65.21,36.74
LM Kasperek,76,2539,2159,128,1288,34,0,423.2,5.1,16.87,50.73,19.84
C Aweko,83,1880,1339,127,1107,44,2,313.3,4.27,10.54,58.88,14.8
Ali Dawood,74,1602,1704,127,795,58,10,267.0,6.38,13.42,49.63,12.61
D van Niekerk,116,3604,2503,127,2029,44,9,600.7,4.17,19.71,56.3,28.38
G Motie,89,4274,3495,127,2414,36,1,712.3,4.91,27.52,56.48,33.65
L Balaji,99,2981,3388,127,1502,95,19,496.8,6.82,26.68,50.39,23.47
KK Ahmed,104,2485,3520,127,1123,113,12,414.2,8.5,27.72,45.19,19.57
CK Langeveldt,80,3915,3411,127,2299,88,46,652.5,5.23,26.86,58.72,30.83
IJR Zwilling,94,2437,1897,127,1508,86,1,406.2,4.67,14.94,61.88,19.19
DS Airee,128,3422,2755,126,1775,25,3,570.3,4.83,21.87,51.87,27.16
Sana Mir,109,3709,3058,125,1974,82,3,618.2,4.95,24.46,53.22,29.67
Sadia Iqbal,87,3027,2407,125,1713,53,3,504.5,4.77,19.26,56.59,24.22
MG Erasmus,110,2780,2418,124,1486,67,0,463.3,5.22,19.5,53.45,22.42
KM Jarvis,72,4919,3695,124,3208,45,45,819.8,4.51,29.8,65.22,39.67
R Trumpelmann,92,3165,3089,124,1788,150,8,527.5,5.86,24.91,56.49,25.52
AR McBrine,96,5747,4376,124,3244,30,1,957.8,4.57,35.29,56.45,46.35
RW Price,96,6315,4270,123,3887,92,1,1052.5,4.06,34.72,61.55,51.34
Renuka Singh,94,3103,2967,123,1750,119,5,517.2,5.74,24.12,56.4,25.23
KH Pandya,164,3201,4052,123,1064,97,3,533.5,7.6,32.94,33.24,26.02
WB Rankin,90,3687,3291,123,2152,161,17,614.5,5.36,26.76,58.37,29.98
N Boochatham,91,2148,1575,123,1294,49,2,358.0,4.4,12.8,60.24,17.46
NM Hauritz,67,6665,4252,123,4341,37,56,1110.8,3.83,34.57,65.13,54.19
DJS Dottin,96,2390,2402,122,1266,176,18,398.3,6.03,19.69,52.97,19.59
Rahat Ali,68,5646,3949,122,3844,78,18,941.0,4.2,32.37,68.08,46.28
MG Bracewell,106,4611,3907,121,2625,51,1,768.5,5.08,32.29,56.93,38.11
L Delany,122,2691,2520,121,1232,110,8,448.5,5.62,20.83,45.78,22.24
A Dananjaya,77,4082,3559,120,2193,48,1,680.3,5.23,29.66,53.72,34.02
R McLaren,82,3245,3171,120,1725,136,15,540.8,5.86,26.42,53.16,27.04
S Laomi,94,2121,1592,120,1164,39,5,353.5,4.5,13.27,54.88,17.68
JS Patel,68,7137,4651,119,4717,17,15,1189.5,3.91,39.08,66.09,59.97
CB Mpofu,103,5664,5006,119,3435,166,18,944.0,5.3,42.07,60.65,47.6
H Ishimwe,75,1449,1111,119,840,58,4,241.5,4.6,9.34,57.97,12.18
JL Gunn,81,3644,2388,119,2346,70,7,607.3,3.93,20.07,64.38,30.62
NGRP Jayasuriya,23,6835,3807,118,4718,4,8,1139.2,3.34,32.26,69.03,57.92
KY Chan,72,1445,1079,118,836,51,4,240.8,4.48,9.14,57.85,12.25
Aizaz Khan,96,2032,2507,118,872,109,15,338.7,7.4,21.25,42.91,17.22
S Glenn,88,2211,2031,117,1051,36,1,368.5,5.51,17.36,47.54,18.9
AJ Hall,65,4423,3067,117,2839,63,19,737.2,4.16,26.21,64.19,37.8
AJ Tye,72,1854,2575,117,685,70,10,309.0,8.33,22.01,36.95,15.85
SS Cottrell,85,2896,3273,117,1505,141,10,482.7,6.78,27.97,51.97,24.75
JE Root,211,8074,5495,117,5134,46,2,1345.7,4.08,46.97,63.59,69.01
Virandeep Singh,87,1617,1519,116,752,40,0,269.5,5.64,13.09,46.51,13.94
LK Bell,72,2992,2772,116,1791,160,7,498.7,5.56,23.9,59.86,25.79
J Mbabazi,73,1459,1192,116,802,56,1,243.2,4.9,10.28,54.97,12.58
JM Kerr,98,3304,2784,115,1857,96,16,550.7,5.06,24.21,56.2,28.73
A Mohammed,99,3153,2675,115,1532,32,3,525.5,5.09,23.26,48.59,27.42
Shafiul Islam,88,4587,4034,115,2758,114,7,764.5,5.28,35.08,60.13,39.89
BA Carse,56,4332,3624,115,2694,72,64,722.0,5.02,31.51,62.19,37.67
JN Gillespie,56,5684,3106,115,4255,69,30,947.3,3.28,27.01,74.86,49.43
S Rana,72,3513,2729,115,1993,35,6,585.5,4.66,23.73,56.73,30.55
E Chigumbura,134,4963,4501,115,2853,190,35,827.2,5.44,39.14,57.49,43.16
DS Kulkarni,106,2441,3101,114,1134,112,8,406.8,7.62,27.2,46.46,21.41
N Vanua,92,2998,2991,114,1595,130,25,499.7,5.99,26.24,53.2,26.3
Vaishnave Mahesh,88,1694,1392,114,961,62,3,282.3,4.93,12.21,56.73,14.86
AB Dinda,97,2309,2970,113,1032,79,19,384.8,7.72,26.28,44.69,20.43
AM Fernando,54,4681,3474,113,3081,78,17,780.2,4.45,30.74,65.82,41.42
SB Styris,137,4508,3579,112,2517,56,4,751.3,4.76,31.96,55.83,40.25
ER Oza,88,1783,1405,112,984,44,3,297.2,4.73,12.54,55.19,15.92
Kaleem Sana,66,2115,1873,112,1297,107,8,352.5,5.31,16.72,61.32,18.88
KW Richardson,75,2381,2755,112,1099,57,2,396.8,6.94,24.6,46.16,21.26
WK Dilhari,115,2914,2759,111,1296,75,7,485.7,5.68,24.86,44.47,26.25
CJ McKay,67,3272,2767,111,1914,64,15,545.3,5.07,24.93,58.5,29.48
Abbas Afridi,71,1356,2142,111,478,60,11,226.0,9.48,19.3,35.25,12.22
Naved-ul-Hasan,64,3186,2813,111,1832,73,85,531.0,5.3,25.34,57.5,28.7
Pavandeep Singh,82,1836,1811,110,973,115,1,306.0,5.92,16.46,53.0,16.69
DM de Silva,152,6447,4413,110,3717,25,18,1074.5,4.11,40.12,57.65,58.61
Mohammad Rafique,75,7320,4475,110,4775,49,20,1220.0,3.67,40.68,65.23,66.55
SO Ngoche,84,1879,1912,110,901,15,3,313.2,6.11,17.38,47.95,17.08
P Vastrakar,101,2935,2663,110,1696,73,7,489.2,5.44,24.21,57.79,26.68
CJ Anderson,104,3478,3294,109,1917,107,2,579.7,5.68,30.22,55.12,31.91
Fahima Khatun,118,2906,2518,109,1356,35,4,484.3,5.2,23.1,46.66,26.66
C Murray,91,2545,2667,109,1095,102,21,424.2,6.29,24.47,43.03,23.35
SM Boland,37,4034,2490,108,2857,24,19,672.3,3.7,23.06,70.82,37.35
AY Patel,29,5176,2833,108,3795,7,0,862.7,3.28,26.23,73.32,47.93
KJ O'Brien,102,2959,2961,108,1506,87,4,493.2,6.0,27.42,50.9,27.4
JL Pattinson,49,4982,3330,108,3574,77,54,830.3,4.01,30.83,71.74,46.13
Mohammad Hasnain,87,2306,3168,108,992,96,10,384.3,8.24,29.33,43.02,21.35
Saad Bin Zafar,89,2799,2426,108,1445,47,0,466.5,5.2,22.46,51.63,25.92
Zeeshan Maqsood,101,3130,2616,108,1588,26,3,521.7,5.01,24.22,50.73,28.98
LA Marsh,76,4594,2769,108,2991,30,0,765.7,3.62,25.64,65.11,42.54
Rishad Hossain,77,2016,2501,107,837,33,1,336.0,7.44,23.37,41.52,18.84
BMSM Kumari,120,3289,3127,107,1547,98,2,548.2,5.7,29.22,47.04,30.74
Mohammad Abbas,33,5807,2643,107,4616,17,19,967.8,2.73,24.7,79.49,54.27
KDU Prabodhani,117,3146,2769,106,1732,69,11,524.3,5.28,26.12,55.05,29.68
Diana Baig,113,3596,3301,106,2056,155,18,599.3,5.51,31.14,57.17,33.92
CL Tryon,154,4122,3786,106,2080,129,6,687.0,5.51,35.72,50.46,38.89
KJ Garth,85,3084,2461,105,1945,105,7,514.0,4.79,23.44,63.07,29.37
H Ssenyondo,78,1621,1484,105,802,14,0,270.2,5.49,14.13,49.48,15.44
KJ Abbott,64,3924,2740,105,2691,58,14,654.0,4.19,26.1,68.58,37.37
PL Harris,39,8805,4073,105,6671,24,16,1467.5,2.78,38.79,75.76,83.86
T Panyangara,69,4239,3371,105,2708,86,40,706.5,4.77,32.1,63.88,40.37
AH Maqsood,84,1885,1705,105,929,61,7,314.2,5.43,16.24,49.28,17.95
KTGD Prasad,47,5108,3581,104,3412,55,56,851.3,4.21,34.43,66.8,49.12
Nauman Ali,25,4780,2541,104,3423,6,35,796.7,3.19,24.43,71.61,45.96
CAK Rajitha,61,4440,3453,104,2934,81,49,740.0,4.67,33.2,66.08,42.69
Shahadat Hossain,72,6523,5179,104,4190,98,132,1087.2,4.76,49.8,64.23,62.72
CR Brathwaite,108,3292,3689,104,1463,103,7,548.7,6.72,35.47,44.44,31.65
Usman Shinwari,71,1914,2264,102,892,37,18,319.0,7.1,22.2,46.6,18.76
J Nkomo,72,1848,1463,102,1160,112,11,308.0,4.75,14.34,62.77,18.12
AR Ramjani,56,1215,975,102,655,9,0,202.5,4.81,9.56,53.91,11.91
M Pathirana,65,1557,2198,101,619,177,11,259.5,8.47,21.76,39.76,15.42
V Sehwag,153,5833,3986,101,3469,49,41,972.2,4.1,39.47,59.47,57.75
S Pandey,87,2831,2347,101,1709,76,6,471.8,4.97,23.24,60.37,28.03
MD Bimenyimana,64,1274,918,100,741,44,1,212.3,4.32,9.18,58.16,12.74
C de Grandhomme,113,6144,3688,100,4238,76,29,1024.0,3.6,36.88,68.98,61.44
DM Nakrani,70,1422,1381,100,710,29,5,237.0,5.83,13.81,49.93,14.22
Salma Khatun,88,2297,1794,99,1297,45,0,382.8,4.69,18.12,56.46,23.2
T Natarajan,80,2009,2803,99,766,90,10,334.8,8.37,28.31,38.13,20.29
NT Ellis,69,1917,2286,99,800,74,9,319.5,7.15,23.09,41.73,19.36
SK Raina,212,4422,4055,99,2040,58,0,737.0,5.5,40.96,46.13,44.67
S Randiv,56,4887,3245,98,2990,19,4,814.5,3.98,33.11,61.18,49.87
C de Lange,88,2236,1839,98,1131,45,20,372.7,4.93,18.77,50.58,22.82
Mohammad Nawaz (3),99,2660,2652,98,1302,30,2,443.3,5.98,27.06,48.95,27.14
JR Hopes,106,3687,3263,98,1891,42,2,614.5,5.31,33.3,51.29,37.62
LV van Beek,65,2327,2485,98,1222,110,3,387.8,6.41,25.36,52.51,23.74
C Green,106,4148,3517,98,2525,85,49,691.3,5.09,35.89,60.87,42.33
Rumana Ahmed,85,2027,1688,98,1005,19,1,337.8,5.0,17.22,49.58,20.68
K Ramharack,97,2945,2618,98,1443,60,2,490.8,5.33,26.71,49.0,30.05
MJ Clarke,157,4848,3383,97,2748,41,2,808.0,4.19,34.88,56.68,49.98
YK Pathan,148,2936,3255,97,1152,68,0,489.3,6.65,33.56,39.24,30.27
T Thushara,55,3408,2717,97,2140,97,40,568.0,4.78,28.01,62.79,35.13
SS Connell,120,3102,2957,97,1698,175,8,517.0,5.72,30.48,54.74,31.98
SMSM Senanayake,79,3174,2761,97,1613,36,0,529.0,5.22,28.46,50.82,32.72
DBL Powell,63,6069,4232,96,4159,98,28,1011.5,4.18,44.08,68.53,63.22
Harmeet Singh,75,2231,2183,96,1084,42,10,371.8,5.87,22.74,48.59,23.24
CA Soper,72,2746,2272,96,1621,55,4,457.7,4.96,23.67,59.03,28.6
TK Curran,84,2773,3229,96,1225,64,9,462.2,6.99,33.64,44.18,28.89
DJ Hawoe,94,1653,2014,96,772,114,3,275.5,7.31,20.98,46.7,17.22
A Dutt,80,3026,2671,95,1690,38,4,504.3,5.3,28.12,55.85,31.85
Shakeel Ahmed,66,2163,1761,95,1248,18,17,360.5,4.88,18.54,57.7,22.77
JN Frylinck,79,2180,2035,95,1104,76,3,363.3,5.6,21.42,50.64,22.95
OU Ranasinghe,82,2107,2148,95,895,36,4,351.2,6.12,22.61,42.48,22.18
LM Jongwe,82,2111,2490,94,901,98,11,351.8,7.08,26.49,42.68,22.46
KV Sharma,91,2017,2655,94,779,26,0,336.2,7.9,28.24,38.62,21.46
TS Sekhukhune,78,2682,2566,94,1468,88,11,447.0,5.74,27.3,54.74,28.53
Sohail Khan,69,3538,3311,94,2096,68,18,589.7,5.62,35.22,59.24,37.64
Hasan Mahmud,58,3274,2754,94,2080,53,11,545.7,5.05,29.3,63.53,34.83
O Prendergast,97,2341,2134,94,1415,141,4,390.2,5.47,22.7,60.44,24.9
D Hazell,78,2805,2145,94,1521,40,13,467.5,4.59,22.82,54.22,29.84
Jasdeep Singh,72,2552,2698,93,1284,72,34,425.3,6.34,29.01,50.31,27.44
F Banunaek,92,1656,1961,93,747,63,6,276.0,7.11,21.09,45.11,17.81
WP Masakadza,104,3931,3425,92,1976,40,2,655.2,5.23,37.23,50.27,42.73
Rabeya Khan,76,2445,1865,92,1268,26,0,407.5,4.58,20.27,51.86,26.58
IO Okpe,78,1402,1566,92,619,32,30,233.7,6.7,17.02,44.15,15.24
PADLR Sandakan,61,4031,3420,91,2100,74,20,671.8,5.09,37.58,52.1,44.3
Ahmed Raza,90,3313,2662,91,1748,40,1,552.2,4.82,29.25,52.76,36.41
DR Smith,126,3214,3165,91,1649,84,18,535.7,5.91,34.78,51.31,35.32
E Bisht,52,2529,1609,91,1578,17,3,421.5,3.82,17.68,62.4,27.79
BFW de Leede,76,2087,2336,91,982,106,10,347.8,6.72,25.67,47.05,22.93
Z Bimenyimana,80,1513,1850,91,754,73,8,252.2,7.34,20.33,49.83,16.63
Imran Anwar,86,1532,1849,91,661,42,9,255.3,7.24,20.32,43.15,16.84
C Sutthiruang,110,1982,1573,91,1257,121,10,330.3,4.76,17.29,63.42,21.78
Zulfiqar Babar,44,5344,3094,90,3711,14,2,890.7,3.47,34.38,69.44,59.38
Mohammad Saifuddin,69,2110,2551,90,867,78,7,351.7,7.25,28.34,41.09,23.44
AAP Atkinson,31,3270,2368,90,2240,41,35,545.0,4.34,26.31,68.5,36.33
LN Rajbanshi,76,2626,2099,90,1477,23,2,437.7,4.8,23.32,56.25,29.18
Fayyaz Butt,73,2139,2352,89,1054,66,16,356.5,6.6,26.43,49.28,24.03
RS Bopara,134,3035,2908,89,1461,69,15,505.8,5.75,32.67,48.14,34.1
D Heyliger,76,2017,2164,89,1053,107,4,336.2,6.44,24.31,52.21,22.66
Usama Mir,70,1811,2327,88,655,29,2,301.8,7.71,26.44,36.17,20.58
Mahedi Hasan,78,1967,2082,88,894,31,5,327.8,6.35,23.66,45.45,22.35
HM Rowe,84,2496,2235,88,1414,147,4,416.0,5.37,25.4,56.65,28.36
D Pretorius,65,2328,2243,88,1206,52,2,388.0,5.78,25.49,51.8,26.45
Anam Amin,73,2225,1820,87,1244,50,5,370.8,4.91,20.92,55.91,25.57
S Molineux,62,2154,1599,87,1265,26,1,359.0,4.45,18.38,58.73,24.76
DT Christian,99,2030,2483,87,785,58,4,338.3,7.34,28.54,38.67,23.33
RJW Topley,70,2168,2461,87,1097,85,3,361.3,6.81,28.29,50.6,24.92
RD Chahar,86,1890,2451,86,677,37,4,315.0,7.78,28.5,35.82,21.98
W Mwatile,85,1734,1324,86,1122,146,8,289.0,4.58,15.4,64.71,20.16
Aayan Afzal Khan,66,2582,1970,85,1460,17,1,430.3,4.58,23.18,56.55,30.38
AC Agar,75,3126,2607,85,1624,21,4,521.0,5.0,30.67,51.95,36.78
HASD Siriwardene,86,2708,2414,85,1285,51,0,451.3,5.35,28.4,47.45,31.86
AM Kimote,67,1101,1329,85,497,38,3,183.5,7.24,15.64,45.14,12.95
M Akayezu,67,1239,1691,85,562,121,23,206.5,8.19,19.89,45.36,14.58
Basil Hameed,74,1890,1599,84,994,28,0,315.0,5.08,19.04,52.59,22.5
A Vala,89,2533,1906,84,1366,23,2,422.2,4.51,22.69,53.93,30.15
NP Kenjige,80,3247,2563,84,1791,23,2,541.2,4.74,30.51,55.16,38.65
Vraj Patel,57,1242,1129,84,643,26,0,207.0,5.45,13.44,51.77,14.79
IE O'Brien,33,4314,2827,84,3112,20,18,719.0,3.93,33.65,72.14,51.36
MVT Fernando,36,4584,2977,84,3215,40,10,764.0,3.9,35.44,70.14,54.57
Harshit Rana,56,1783,2278,83,862,50,9,297.2,7.67,27.45,48.35,21.48
RMS Eranga,38,4673,2965,83,3255,41,42,778.8,3.81,35.72,69.66,56.3
K Fraser,61,1486,1237,83,789,41,1,247.7,4.99,14.9,53.1,17.9
KE Bryce,63,1458,1203,83,831,54,0,243.0,4.95,14.49,57.0,17.57
Mukesh Kumar,62,1600,2195,82,765,66,32,266.7,8.23,26.77,47.81,19.51
T Lungameni,74,2302,2156,82,1263,80,5,383.7,5.62,26.29,54.87,28.07
R Bhatia,91,1638,2059,82,467,23,2,273.0,7.54,25.11,28.51,19.98
S Joseph,38,2457,2133,82,1523,42,40,409.5,5.21,26.01,61.99,29.96
JC Tredwell,60,3165,2416,82,1823,7,0,527.5,4.58,29.46,57.6,38.6
Khawar Ali,65,2110,1886,82,984,37,0,351.7,5.36,23.0,46.64,25.73
HNK Jensen,73,1889,1877,82,928,51,2,314.8,5.96,22.89,49.13,23.04
AF Giles,51,5409,3269,81,3556,22,0,901.5,3.63,40.36,65.74,66.78
Kaleemullah,84,2745,2363,81,1675,45,4,457.5,5.17,29.17,61.02,33.89
MS Kasprowicz,31,3056,1808,81,2184,15,91,509.3,3.55,22.32,71.47,37.73
D Brown,77,2689,2287,81,1695,163,31,448.2,5.1,28.23,63.03,33.2
Yasim Murtaza,67,1419,1537,81,618,26,3,236.5,6.5,18.98,43.55,17.52
K Kunwar,65,1147,840,81,737,67,4,191.2,4.39,10.37,64.25,14.16
TL Best,43,3454,2589,81,2295,93,36,575.7,4.5,31.96,66.44,42.64
KA Green,74,1481,1103,81,907,108,3,246.8,4.47,13.62,61.24,18.28
W O'Rourke,41,2783,2293,81,1834,107,15,463.8,4.94,28.31,65.9,34.36
G Coetzee,49,1717,2103,80,926,87,6,286.2,7.35,26.29,53.93,21.46
Al-Amin Hossain,50,2284,1926,80,1404,32,3,380.7,5.06,24.08,61.47,28.55
XJ Doherty,70,3892,3080,80,2159,32,1,648.7,4.75,38.5,55.47,48.65
Mohammad Naveed,54,2044,1890,80,1137,45,15,340.7,5.55,23.62,55.63,25.55
MNM Aslam,68,1415,1464,80,635,15,2,235.8,6.21,18.3,44.88,17.69
AC Evans,55,1897,2045,80,1007,78,5,316.2,6.47,25.56,53.08,23.71
JA Warrican,22,4412,2280,80,3125,0,16,735.3,3.1,28.5,70.83,55.15
IDR Bradshaw,52,3388,2242,79,2246,77,35,564.7,3.97,28.38,66.29,42.89
Jahanara Alam,83,2067,1911,79,1181,79,7,344.5,5.55,24.19,57.14,26.16
RTM Mendis,22,4293,2418,79,2912,9,6,715.5,3.38,30.61,67.83,54.34
JW Dernbach,62,2054,2545,79,908,89,8,342.3,7.43,32.22,44.21,26.0
M Kartik,82,3173,2891,79,1612,45,30,528.8,5.47,36.59,50.8,40.16
Aqib Iqbal,60,1293,1570,79,627,82,2,215.5,7.29,19.87,48.49,16.37
CW Perchard,46,1105,1112,78,522,27,1,184.2,6.04,14.26,47.24,14.17
CD Collymore,52,5276,2995,78,3794,68,56,879.3,3.41,38.4,71.91,67.64
OE Robinson,20,3873,1834,78,2991,5,77,645.5,2.84,23.51,77.23,49.65
SA Abbott,61,1975,2306,78,938,65,16,329.2,7.01,29.56,47.49,25.32
SC Selman,91,2517,2048,78,1395,67,34,419.5,4.88,26.26,55.42,32.27
KS Williamson,130,3756,2756,78,2138,32,2,626.0,4.4,35.33,56.92,48.15
A Bohara,59,1237,1535,78,453,28,1,206.2,7.45,19.68,36.62,15.86
UWMBCA Welegedara,32,4367,2801,77,3065,28,75,727.8,3.85,36.38,70.19,56.71
MD Shanaka,117,2466,2391,77,1216,58,8,411.0,5.82,31.05,49.31,32.03
PWA Mulder,63,3087,2228,77,2066,62,55,514.5,4.33,28.94,66.93,40.09
VR Aaron,68,2595,2934,77,1418,98,32,432.5,6.78,38.1,54.64,33.7
Rumman Raees,65,1620,2010,77,674,58,10,270.0,7.44,26.1,41.6,21.04
Sadia Yousuf,56,1931,1634,76,972,30,1,321.8,5.08,21.5,50.34,25.41
Syed Aziz,72,1260,1548,76,585,90,10,210.0,7.37,20.37,46.43,16.58
N Senamontree,49,1078,988,75,595,17,0,179.7,5.5,13.17,55.19,14.37
Iftikhar Anjum,58,2816,2379,75,1646,40,6,469.3,5.07,31.72,58.45,37.55
PZ Kamunya,47,1016,669,75,636,27,1,169.3,3.95,8.92,62.6,13.55
Washeem Abbas,49,1037,1424,75,428,68,2,172.8,8.24,18.99,41.27,13.83
LA Dawson,71,2444,2311,75,1242,21,0,407.3,5.67,30.81,50.82,32.59
P Maya,77,1277,1190,75,733,76,17,212.8,5.59,15.87,57.4,17.03
SCG MacGill,17,4379,2477,75,3258,3,26,729.8,3.39,33.03,74.4,58.39
Abdul Majid Abbasi,74,1577,1493,75,796,7,1,262.8,5.68,19.91,50.48,21.03
GD Elliott,84,1879,1768,74,910,39,1,313.2,5.65,23.89,48.43,25.39
L Tshuma,66,1657,1437,74,828,31,6,276.2,5.2,19.42,49.97,22.39
EA Osborne,56,1878,1444,74,979,17,7,313.0,4.61,19.51,52.13,25.38
Rosine Irera,57,1128,731,74,700,19,2,188.0,3.89,9.88,62.06,15.24
Q Abel,40,818,643,73,480,31,1,136.3,4.72,8.81,58.68,11.21
SK Trivedi,75,1515,1944,73,528,42,9,252.5,7.7,26.63,34.85,20.75
SA Okpe,72,1265,1228,73,580,23,1,210.8,5.82,16.82,45.85,17.33
AA Alleyne,91,2111,2259,73,1052,146,16,351.8,6.42,30.95,49.83,28.92
HC Knight,92,2274,1720,73,1245,40,2,379.0,4.54,23.56,54.75,31.15
L Embuldeniya,17,4879,2659,73,3463,1,34,813.2,3.27,36.42,70.98,66.84
DR Tuffey,47,3161,2283,73,2157,68,27,526.8,4.33,31.27,68.24,43.3
Imran Khan,62,1150,1426,73,518,41,3,191.7,7.44,19.53,45.04,15.75
PM Seelaar,79,2163,2109,72,981,15,0,360.5,5.85,29.29,45.35,30.04
LS Livingstone,102,1851,2384,72,674,42,1,308.5,7.73,33.11,36.41,25.71
J Theron,45,1382,1486,72,646,49,7,230.3,6.45,20.64,46.74,19.19
TJ Murtagh,45,2304,1754,72,1467,31,1,384.0,4.57,24.36,63.67,32.0
Chan Ka Man,63,1271,943,72,702,18,3,211.8,4.45,13.1,55.23,17.65
CB Sole,45,1774,1780,72,1028,84,19,295.7,6.02,24.72,57.95,24.64
P Aho,59,1094,1151,72,600,90,7,182.3,6.31,15.99,54.84,15.19
S Shillingford,16,4709,2534,72,3395,0,15,784.8,3.23,35.19,72.1,65.4
BJ McMullen,55,1972,1696,72,1206,36,12,328.7,5.16,23.56,61.16,27.39
S Akiteng,55,1223,952,72,683,38,16,203.8,4.67,13.22,55.85,16.99
NK Patel,56,1913,1577,72,1006,29,0,318.8,4.95,21.9,52.59,26.57
C Campher,90,2425,2551,71,1177,66,8,404.2,6.31,35.93,48.54,34.15
BJ Currie,35,1091,895,71,674,39,0,181.8,4.92,12.61,61.78,15.37
S Mahmood,45,1769,1763,71,999,48,9,294.8,5.98,24.83,56.47,24.92
F Nsubuga,63,1291,1018,71,784,7,1,215.2,4.73,14.34,60.73,18.18
CJA Amini,82,2295,2064,71,1119,39,2,382.5,5.4,29.07,48.76,32.32
TS Mills,55,1181,1779,71,465,65,6,196.8,9.04,25.06,39.37,16.63
S Dharnidharka,67,1293,1075,71,823,125,6,215.5,4.99,15.14,63.65,18.21
KMA Paul,58,2057,2247,70,1002,80,39,342.8,6.55,32.1,48.71,29.39
Anwar Ali,83,2019,2611,70,830,59,4,336.5,7.76,37.3,41.11,28.84
FJ Klaassen,56,1724,1781,70,906,74,11,287.3,6.2,25.44,52.55,24.63
G Matome,53,1089,793,70,714,74,6,181.5,4.37,11.33,65.56,15.56
Syed Rasel,54,3140,2423,70,1985,39,54,523.3,4.63,34.61,63.22,44.86
SR Harmer,14,3135,1561,70,2347,0,1,522.5,2.99,22.3,74.86,44.79
S Badree,67,1470,1654,70,671,22,0,245.0,6.75,23.63,45.65,21.0
Yasin Patel,54,1202,1218,70,594,35,0,200.3,6.08,17.4,49.42,17.17
D Madushanka,44,1546,1788,70,796,75,10,257.7,6.94,25.54,51.49,22.09
K Klein,37,1238,1258,70,694,52,2,206.3,6.1,17.97,56.06,17.69
T Shadrack,53,1083,750,69,735,56,8,180.5,4.16,10.87,67.87,15.7
Aqib Ilyas,62,1591,1427,69,770,18,0,265.2,5.38,20.68,48.4,23.06
S Siegers,75,1596,1560,69,775,50,21,266.0,5.86,22.61,48.56,23.13
Sajid Khan,17,3344,2019,69,2303,7,1,557.3,3.62,29.26,68.87,48.46
Simi Singh,61,1795,1663,69,847,23,1,299.2,5.56,24.1,47.19,26.01
Shoaib Bashir,18,4201,2710,69,2799,2,2,700.2,3.87,39.28,66.63,60.88
S Kaul,60,1382,1983,69,481,24,7,230.3,8.61,28.74,34.8,20.03
S Vijay Unni,68,1261,1313,69,567,19,2,210.2,6.25,19.03,44.96,18.28
Muhammad Jawadullah,47,1331,1580,69,649,67,8,221.8,7.12,22.9,48.76,19.29
OC McCoy,53,1104,1653,69,411,68,9,184.0,8.98,23.96,37.23,16.0
TM McGrath,81,2213,1823,68,1255,59,18,368.8,4.94,26.81,56.71,32.54
Mahirah Izzati Ismail,54,1125,895,68,569,27,6,187.5,4.77,13.16,50.58,16.54
BM Tickner,40,1936,1941,68,1068,57,7,322.7,6.02,28.54,55.17,28.47
SPD Smith,107,2847,2403,68,1465,9,2,474.5,5.06,35.34,51.46,41.87
SR Patel,85,2844,2609,68,1416,16,0,474.0,5.5,38.37,49.79,41.82
Ebadat Hossain,35,4026,2715,68,2821,47,14,671.0,4.05,39.93,70.07,59.21
Tanzim Hasan Sakib,51,1462,1777,68,715,54,6,243.7,7.29,26.13,48.91,21.5
DP Nannes,45,1016,1282,68,476,52,4,169.3,7.57,18.85,46.85,14.94
D Maisuria,32,667,622,67,365,6,0,111.2,5.6,9.28,54.72,9.96
RP Burl,92,1530,1836,67,613,49,1,255.0,7.2,27.4,40.07,22.84
Noor Ahmad,55,1199,1661,67,419,57,5,199.8,8.31,24.79,34.95,17.9
C Bosch,42,1608,1701,67,866,40,3,268.0,6.35,25.39,53.86,24.0
E Rukiriza,60,1106,1255,67,503,35,1,184.3,6.81,18.73,45.48,16.51
T van der Gugten,57,1341,1357,67,694,37,2,223.5,6.07,20.25,51.75,20.01
IKEG Artawan,73,1181,1345,67,485,39,5,196.8,6.83,20.07,41.07,17.63
B Evans,45,1435,1536,67,731,31,13,239.2,6.42,22.93,50.94,21.42
Ishtiaq Ahmad,41,886,1036,67,430,46,8,147.7,7.02,15.46,48.53,13.22
Asmavia Iqbal,60,1754,1694,67,948,98,1,292.3,5.79,25.28,54.05,26.18
Sohag Gazi,38,4278,2689,66,2789,27,0,713.0,3.77,40.74,65.19,64.82
Aamir Kaleem,55,1339,1266,66,676,13,1,223.2,5.67,19.18,50.49,20.29
A Reddy,58,1507,1744,66,614,39,6,251.2,6.94,26.42,40.74,22.83
K Ndlovu,56,1407,1207,66,833,58,10,234.5,5.15,18.29,59.2,21.32
DT Tiripano,60,4000,2792,66,2624,71,38,666.7,4.19,42.3,65.6,60.61
B Shikongo,63,1492,1620,66,765,65,7,248.7,6.51,24.55,51.27,22.61
CT Tremlett,27,3719,2258,66,2686,32,59,619.8,3.64,34.21,72.22,56.35
RA Mair,68,2014,1987,65,1041,83,11,335.7,5.92,30.57,51.69,30.98
Saim Ayub,82,1598,1827,65,664,27,3,266.3,6.86,28.11,41.55,24.58
MR Gillespie,40,2287,2029,65,1401,33,52,381.2,5.32,31.22,61.26,35.18
H Thaker,64,1801,1525,65,931,9,0,300.2,5.08,23.46,51.69,27.71
Gulsan Jha,69,1619,1768,65,788,85,6,269.8,6.55,27.2,48.67,24.91
MC Henriques,86,1822,2026,65,809,38,2,303.7,6.67,31.17,44.4,28.03
D Olivier,18,2419,1623,64,1742,11,13,403.2,4.03,25.36,72.01,37.8
S Chaturongrattana,51,962,754,64,533,17,1,160.3,4.7,11.78,55.41,15.03
LN Oluoch,56,1000,1223,64,488,62,6,166.7,7.34,19.11,48.8,15.62
SR Magar,54,1034,831,64,520,34,3,172.3,4.82,12.98,50.29,16.16
Ali Naseer,50,1364,1559,64,652,25,5,227.3,6.86,24.36,47.8,21.31
S Thakor,51,967,907,64,504,31,1,161.2,5.63,14.17,52.12,15.11
JA Diergaardt,62,1058,1007,64,526,61,9,176.3,5.71,15.73,49.72,16.53
A Ikuzwe,53,977,810,64,566,52,1,162.8,4.97,12.66,57.93,15.27
Mohammad Nadeem,81,1614,1832,64,720,38,3,269.0,6.81,28.62,44.61,25.22
J Maguire,63,1699,1575,64,933,73,2,283.2,5.56,24.61,54.91,26.55
IK Gamantika,58,1042,1045,63,462,26,3,173.7,6.02,16.59,44.34,16.54
EN Lynch,58,1376,1137,63,727,38,8,229.3,4.96,18.05,52.83,21.84
M Wai Siu,56,1046,860,63,634,75,2,174.3,4.93,13.65,60.61,16.6
SA Jumbe,57,1000,1320,63,425,39,11,166.7,7.92,20.95,42.5,15.87
P Marange,59,1547,1162,63,918,68,1,257.8,4.51,18.44,59.34,24.56
D Gough,41,2138,1644,63,1357,61,38,356.3,4.61,26.1,63.47,33.94
RM Farrell,46,1670,1174,63,1017,32,2,278.3,4.22,18.63,60.9,26.51
KP Meiyappan,46,1520,1493,63,710,26,0,253.3,5.89,23.7,46.71,24.13
JA Richardson,41,1895,1820,63,1093,40,8,315.8,5.76,28.89,57.68,30.08
SI Mahmood,36,2411,2074,63,1487,61,42,401.8,5.16,32.92,61.68,38.27
GD Phillips,72,2776,2233,62,1487,17,2,462.7,4.83,36.02,53.57,44.77
Muhammad Nadir,54,1234,1095,62,654,25,6,205.7,5.32,17.66,53.0,19.9
S Nadeem,72,1887,2077,62,804,25,14,314.5,6.6,33.5,42.61,30.44
J Miyaji,39,787,849,62,423,43,18,131.2,6.47,13.69,53.75,12.69
Sufiyan Muqeem,38,930,1039,62,411,19,3,155.0,6.7,16.76,44.19,15.0
JDF Vandersay,49,2084,2050,62,928,23,3,347.3,5.9,33.06,44.53,33.61
TU Deshpande,53,1104,1868,62,407,82,7,184.0,10.15,30.13,36.87,17.81
AR Cusack,53,1451,1444,62,725,43,3,241.8,5.97,23.29,49.97,23.4
Marufa Akter,70,1869,1672,62,1104,73,3,311.5,5.37,26.97,59.07,30.15
YM Nkanya,46,921,820,62,476,14,0,153.5,5.34,13.23,51.68,14.85
B Ward,40,976,954,62,421,9,0,162.7,5.86,15.39,43.14,15.74
I Udana,62,1680,2139,62,646,76,2,280.0,7.64,34.5,38.45,27.1
RC Belbashi,68,1210,904,61,657,26,1,201.7,4.48,14.82,54.3,19.84
VJ Kingma,51,1701,1684,61,999,80,17,283.5,5.94,27.61,58.73,27.89
SW Bates,99,2117,1952,61,1034,46,9,352.8,5.53,32.0,48.84,34.7
Ritu Moni,78,1637,1415,61,808,28,1,272.8,5.19,23.2,49.36,26.84
CA Henry,99,2276,2165,61,1255,96,5,379.3,5.71,35.49,55.14,37.31
I Nakisuuyi,52,1020,852,61,539,42,0,170.0,5.01,13.97,52.84,16.72
S Jimmy,40,971,725,61,585,23,1,161.8,4.48,11.89,60.25,15.92
EAJ Richardson,57,1196,1202,61,533,22,6,199.3,6.03,19.7,44.57,19.61
KV Morea,39,1172,1113,61,608,39,12,195.3,5.7,18.25,51.88,19.21
Hamza Tahir,44,1754,1505,60,891,20,0,292.3,5.15,25.08,50.8,29.23
C Kyewuta,42,833,965,60,431,53,10,138.8,6.95,16.08,51.74,13.88
RM Koda,64,1212,1373,60,591,48,5,202.0,6.8,22.88,48.76,20.2
R Abdulkareem,47,737,807,60,335,30,1,122.8,6.57,13.45,45.45,12.28
Aizaz Cheema,31,2069,1513,60,1324,23,7,344.8,4.39,25.22,63.99,34.48
JH Davey,44,1357,1427,60,693,47,6,226.2,6.31,23.78,51.07,22.62
N Sibanda,72,1750,1463,60,1051,90,5,291.7,5.02,24.38,60.06,29.17
JW Hastings,45,2027,1823,60,1110,54,3,337.8,5.4,30.38,54.76,33.78
Nahid Rana,25,2114,1759,59,1327,28,22,352.3,4.99,29.81,62.77,35.83
EJ Carson,58,1676,1594,59,784,39,0,279.3,5.71,27.02,46.78,28.41
Muslim Yar,47,948,1080,59,394,23,1,158.0,6.84,18.31,41.56,16.07
N Boje,38,4356,2654,58,2970,14,1,726.0,3.66,45.76,68.18,75.1
R Ravindra,61,2377,1907,58,1342,18,6,396.2,4.81,32.88,56.46,40.98
HWA Landheer,52,946,894,58,532,107,8,157.7,5.67,15.41,56.24,16.31
N Shree Charani,38,1468,1519,58,649,18,3,244.7,6.21,26.19,44.21,25.31
J Overton,45,1342,1462,58,723,44,3,223.7,6.54,25.21,53.87,23.14
Ali Khan,39,1177,1301,58,610,69,7,196.2,6.63,22.43,51.83,20.29
N Burger,38,1416,1609,58,834,57,6,236.0,6.82,27.74,58.9,24.41
SIP Fernando,52,1292,1097,58,685,39,0,215.3,5.09,18.91,53.02,22.28
DT Johnston,50,1855,1546,58,1087,48,11,309.2,5.0,26.66,58.6,31.98
Zaman Khan,47,959,1397,58,357,66,15,159.8,8.74,24.09,37.23,16.53
Sayed Monib,36,687,981,58,274,50,13,114.5,8.57,16.91,39.88,11.84
PA Chatterji,72,1380,1299,58,728,103,3,230.0,5.65,22.4,52.75,23.79
HR Walsh,53,1561,1704,57,663,35,0,260.2,6.55,29.89,42.47,27.39
O Thomas,47,1373,1744,57,661,61,27,228.8,7.62,30.6,48.14,24.09
HH Streak,38,2703,1908,57,1825,63,18,450.5,4.24,33.47,67.52,47.42
Umran Malik,43,1010,1445,57,464,46,12,168.3,8.58,25.35,45.94,17.72
JP Behrendorff,45,1333,1598,57,646,31,4,222.2,7.19,28.04,48.46,23.39
Ghulam Ahmadi,47,1027,1099,57,539,13,0,171.2,6.42,19.28,52.48,18.02
KM Beams,38,1541,1056,57,870,16,2,256.8,4.11,18.53,56.46,27.04
Nasum Ahmed,56,1632,1641,57,818,24,0,272.0,6.03,28.79,50.12,28.63
H Kaur,96,1847,1664,57,898,31,1,307.8,5.41,29.19,48.62,32.4
Umaid Asif,47,1040,1496,57,379,27,0,173.3,8.63,26.25,36.44,18.25
Yasir Ali,36,762,679,57,413,22,3,127.0,5.35,11.91,54.2,13.37
F Overdijk,52,925,946,57,491,72,5,154.2,6.14,16.6,53.08,16.23
GJ Delany,73,1376,1707,56,500,31,0,229.3,7.44,30.48,36.34,24.57
I Toua,50,1297,956,56,758,30,7,216.2,4.42,17.07,58.44,23.16
CN Greaves,50,1118,1189,56,477,15,3,186.3,6.38,21.23,42.67,19.96
DM Kimmince,45,952,1029,56,384,46,0,158.7,6.49,18.38,40.34,17.0
M Mooketsi,43,941,979,56,491,23,1,156.8,6.24,17.48,52.18,16.8
HJ Thomas,45,1287,942,55,781,28,4,214.5,4.39,17.13,60.68,23.4
WA Duraisingam,63,1160,1164,55,570,74,1,193.3,6.02,21.16,49.14,21.09
B Murekatete,51,840,682,55,544,90,3,140.0,4.87,12.4,64.76,15.27
Iftikhar Ahmed,95,1772,1940,55,741,21,0,295.3,6.57,35.27,41.82,32.22
S Ravichandran,41,761,630,55,402,12,0,126.8,4.97,11.45,52.83,13.84
Agha Salman,88,3228,2674,55,1784,23,6,538.0,4.97,48.62,55.27,58.69
P Useni,58,883,938,55,456,14,9,147.2,6.37,17.05,51.64,16.05
Mohammad Ali,36,1348,1476,55,732,28,14,224.7,6.57,26.84,54.3,24.51
JN Loftie-Eaton,64,1232,1267,55,561,11,3,205.3,6.17,23.04,45.54,22.4
C Rububagumya,54,873,1113,55,348,59,5,145.5,7.65,20.24,39.86,15.87
Mudassar Bukhari,40,1086,1087,54,583,34,3,181.0,6.01,20.13,53.68,20.11
STR Binny,84,1570,1518,54,817,29,6,261.7,5.8,28.11,52.04,29.07
Ainna Hamizah Hashim,67,1135,1081,54,584,59,4,189.2,5.71,20.02,51.45,21.02
BV Sears,35,1015,1229,54,490,25,2,169.2,7.27,22.76,48.28,18.8
TM Odoyo,42,1712,1287,54,1084,56,27,285.3,4.51,23.83,63.32,31.7
BE Hendricks,34,1151,1376,54,546,44,5,191.8,7.17,25.48,47.44,21.31
Khurram Shahzad,28,1373,1265,54,844,10,20,228.8,5.53,23.43,61.47,25.43
RR Powar,55,2100,1791,54,1128,38,7,350.0,5.12,33.17,53.71,38.89
GT Main,29,916,964,54,509,42,6,152.7,6.31,17.85,55.57,16.96
Bilal Hassun,35,698,838,54,365,36,14,116.3,7.2,15.52,52.29,12.93
KR Mayers,62,2401,1586,54,1662,40,11,400.2,3.96,29.37,69.22,44.46
M Bibi,54,843,843,54,445,95,4,140.5,6.0,15.61,52.79,15.61
DN Wellalage,46,1815,1658,53,891,21,1,302.5,5.48,31.28,49.09,34.25
Aamer Jamal,41,1537,1755,53,849,64,14,256.2,6.85,33.11,55.24,29.0
S Gopal,51,992,1358,53,326,8,1,165.3,8.21,25.62,32.86,18.72
R Sharma,52,1208,1397,53,467,12,0,201.3,6.94,26.36,38.66,22.79
Salman Irshad,41,851,1391,53,253,36,3,141.8,9.81,26.25,29.73,16.06
Qamar Mushtaque,33,610,719,53,280,40,5,101.7,7.07,13.57,45.9,11.51
C Karunaratne,64,1653,1883,53,696,68,11,275.5,6.83,35.53,42.11,31.19
Rehan Ahmed,25,1662,1411,53,932,2,0,277.0,5.09,26.62,56.08,31.36
SJ Coyte,37,1597,1012,53,1029,17,0,266.2,3.8,19.09,64.43,30.13
Nur Dania Syuhada,53,985,858,53,484,22,1,164.2,5.23,16.19,49.14,18.58
FC Jonas,63,1873,1635,53,952,56,2,312.2,5.24,30.85,50.83,35.34
AJ Bichel,31,2472,1638,52,1701,51,36,412.0,3.98,31.5,68.81,47.54
E Wachira,41,759,598,52,416,22,1,126.5,4.73,11.5,54.81,14.6
MD Craig,15,3673,2365,52,2563,1,4,612.2,3.86,45.48,69.78,70.63
Janak Prakash,39,815,1214,52,317,63,3,135.8,8.94,23.35,38.9,15.67
S Kotte,52,995,613,52,641,18,1,165.8,3.7,11.79,64.42,19.13
Umair Tariq,37,572,827,52,258,49,1,95.3,8.67,15.9,45.1,11.0
Khushdil Shah,63,1114,1390,52,414,31,0,185.7,7.49,26.73,37.16,21.42
CR Seneviratna,37,938,691,52,577,18,0,156.3,4.42,13.29,61.51,18.04
AR Nurse,58,2393,2333,52,1023,37,0,398.8,5.85,44.87,42.75,46.02
A Shukla,53,1017,1378,52,452,55,14,169.5,8.13,26.5,44.44,19.56
E Sebareme,44,768,768,52,383,13,2,128.0,6.0,14.77,49.87,14.77
LA Burns,32,701,656,52,356,21,1,116.8,5.61,12.62,50.78,13.48
MJ Potts,22,2619,1725,51,1909,30,2,436.5,3.95,33.82,72.89,51.35
NW Sariani,31,621,384,51,395,37,1,103.5,3.71,7.53,63.61,12.18
Khizar Hayat,50,968,1058,51,394,9,0,161.3,6.56,20.75,40.7,18.98
HL Colvin,33,1468,981,51,849,13,3,244.7,4.01,19.24,57.83,28.78
S Tippoch,54,979,681,51,566,20,0,163.2,4.17,13.35,57.81,19.2
Nadeem Ahmed,36,1268,1074,51,741,12,5,211.3,5.08,21.06,58.44,24.86
Bilal Zalmai,45,1045,1293,51,416,33,2,174.2,7.42,25.35,39.81,20.49
Mariamma Hyder,46,928,807,51,480,38,2,154.7,5.22,15.82,51.72,18.2
AM Phangiso,37,1428,1294,51,734,23,1,238.0,5.44,25.37,51.4,28.0
OF Smith,47,956,1444,51,392,72,10,159.3,9.06,28.31,41.0,18.75
Usman Najeeb,35,755,997,51,339,53,14,125.8,7.92,19.55,44.9,14.8
P Siaka,34,870,552,51,515,16,4,145.0,3.81,10.82,59.2,17.06
K Irakoze,53,928,1102,51,409,32,0,154.7,7.12,21.61,44.07,18.2
Mir Hamza,41,1880,1676,51,1153,30,8,313.3,5.35,32.86,61.33,36.86
N Pokana,39,1268,1163,51,713,46,7,211.3,5.5,22.8,56.23,24.86
Dawood Ahmadzai,39,849,894,51,411,8,3,141.5,6.32,17.53,48.41,16.65
Taranjeet Singh,40,789,917,51,358,30,1,131.5,6.97,17.98,45.37,15.47
VG Arora,40,834,1346,50,311,53,10,139.0,9.68,26.92,37.29,16.68
XC Bartlett,37,887,1144,50,396,21,3,147.8,7.74,22.88,44.64,17.74
JC Tongue,9,1966,1352,50,1350,16,14,327.7,4.13,27.04,68.67,39.32
SB Jakati,57,1087,1474,50,355,14,2,181.2,8.14,29.48,32.66,21.74
NN Odhiambo,48,1314,1487,50,688,55,18,219.0,6.79,29.74,52.36,26.28
Kushal Malla,59,1453,1196,50,750,24,0,242.2,4.94,23.92,51.62,29.06
I Barma,46,823,644,50,431,16,6,137.2,4.7,12.88,52.37,16.46
DJ Hussey,88,1458,1585,50,558,26,2,243.0,6.52,31.7,38.27,29.16
ZGF Foulkes,33,1563,1371,50,986,55,12,260.5,5.26,27.42,63.08,31.26
H Fennell,30,631,656,50,337,33,3,105.2,6.24,13.12,53.41,12.62
TM Head,85,2298,1967,50,1156,20,0,383.0,5.14,39.34,50.3,45.96
BV Vitori,35,2106,1840,50,1276,53,13,351.0,5.24,36.8,60.59,42.12
SN Shihepo,48,728,637,50,430,70,12,121.3,5.25,12.74,59.07,14.56
J Coetzee,25,513,435,50,308,30,1,85.5,5.09,8.7,60.04,10.26
Shahnawaz Dhani,40,850,1222,49,359,29,6,141.7,8.63,24.94,42.24,17.35
AI Chudasama,46,1241,972,49,715,34,0,206.8,4.7,19.84,57.61,25.33
SI Kamea,37,1289,1280,49,726,67,17,214.8,5.96,26.12,56.32,26.31
I van Zyl,50,937,755,49,539,46,4,156.2,4.83,15.41,57.52,19.12
Amna Tariq,47,943,816,49,487,39,1,157.2,5.19,16.65,51.64,19.24
S Aravind,39,783,1101,49,306,27,1,130.5,8.44,22.47,39.08,15.98
GF Linde,50,1387,1393,49,711,24,1,231.2,6.03,28.43,51.26,28.31
Khushi Sharma,48,748,683,49,398,33,1,124.7,5.48,13.94,53.21,15.27
K Nassoro,54,865,976,49,397,17,2,144.2,6.77,19.92,45.9,17.65
DL Brangman,34,661,632,49,354,14,0,110.2,5.74,12.9,53.56,13.49
N Navaika,33,668,609,49,338,41,3,111.3,5.47,12.43,50.6,13.63
Nur Arianna Natsya,41,773,710,48,411,63,14,128.8,5.51,14.79,53.17,16.1
M Hill,52,895,761,48,471,59,13,149.2,5.1,15.85,52.63,18.65
JF Mooney,39,1343,1267,48,738,39,5,223.8,5.66,26.4,54.95,27.98
AK Markram,121,2394,2389,48,1144,46,2,399.0,5.99,49.77,47.79,49.88
BTJ Wheal,36,1112,1142,48,614,22,2,185.3,6.16,23.79,55.22,23.17
L Wood,39,889,1263,48,363,25,4,148.2,8.52,26.31,40.83,18.52
Riazat Ali Shah,44,747,899,48,342,28,5,124.5,7.22,18.73,45.78,15.56
Khadija Tul Kubra,45,1178,926,48,649,11,0,196.3,4.72,19.29,55.09,24.54
J Sumerauer,39,892,1030,48,434,42,9,148.7,6.93,21.46,48.65,18.58
Usman Khan,30,546,648,48,242,33,2,91.0,7.12,13.5,44.32,11.38
KDA Lukies,29,640,603,48,354,14,0,106.7,5.65,12.56,55.31,13.33
SW Masakadza,24,1803,1495,47,1124,44,8,300.5,4.98,31.81,62.34,38.36
HR Huddleston,36,1309,1015,47,812,26,16,218.2,4.65,21.6,62.03,27.85
Fitri Sham,36,749,862,47,315,13,3,124.8,6.91,18.34,42.06,15.94
NO Miller,48,2025,1711,47,1003,19,0,337.5,5.07,36.4,49.53,43.09
HK Bennett,30,1203,1223,47,638,49,6,200.5,6.1,26.02,53.03,25.6
WGAKK Kulasuriya,61,1587,1510,47,848,47,1,264.5,5.71,32.13,53.43,33.77
Umar Adam,36,735,919,47,337,31,1,122.5,7.5,19.55,45.85,15.64
S Tuhadeleni,30,648,571,47,364,17,0,108.0,5.29,12.15,56.17,13.79
Usman Qadir,36,778,1086,47,289,10,4,129.7,8.38,23.11,37.15,16.55
V Saini,44,857,1051,47,370,73,4,142.8,7.36,22.36,43.17,18.23
LCN Smith,34,1068,969,47,541,13,2,178.0,5.44,20.62,50.66,22.72
OH Agbomadzie,37,772,715,47,402,14,2,128.7,5.56,15.21,52.07,16.43
L Filer,35,1623,1432,47,982,67,10,270.5,5.29,30.47,60.51,34.53
Shiraz Khan,45,917,1003,47,412,24,1,152.8,6.56,21.34,44.93,19.51
WG Jacks,51,1528,1607,47,775,22,3,254.7,6.31,34.19,50.72,32.51
Zain Ul Abidin,42,825,800,47,380,15,2,137.5,5.82,17.02,46.06,17.55
S Muniandy,48,774,1144,46,253,44,0,129.0,8.87,24.87,32.69,16.83
SVE Bharathi,34,695,598,46,367,18,0,115.8,5.16,13.0,52.81,15.11
Iqra Sahar,55,986,909,46,602,100,4,164.3,5.53,19.76,61.05,21.43
HMCM Bandara,31,1865,1437,46,997,16,1,310.8,4.62,31.24,53.46,40.54
V Hamunyela,50,954,766,46,539,52,2,159.0,4.82,16.65,56.5,20.74
Maria Jasvi,46,777,758,46,412,65,4,129.5,5.85,16.48,53.02,16.89
AD Mascarenhas,47,1384,1342,46,687,9,2,230.7,5.82,29.17,49.64,30.09
S Shrivastava,33,954,980,46,474,29,3,159.0,6.16,21.3,49.69,20.74
V Vira,30,616,468,46,390,21,1,102.7,4.56,10.17,63.31,13.39
Khalid Ahmadi,27,592,682,46,295,53,3,98.7,6.91,14.83,49.83,12.87
Mohamed Shafeeq,42,875,1172,46,404,72,9,145.8,8.04,25.48,46.17,19.02
SC van Schalkwyk,30,850,1019,46,379,18,1,141.7,7.19,22.15,44.59,18.48
Vinay Ravi,39,730,844,46,385,42,2,121.7,6.94,18.35,52.74,15.87
IG Butler,32,1209,1204,45,651,24,11,201.5,5.98,26.76,53.85,26.87
A Nao,37,1208,1097,45,675,48,0,201.3,5.45,24.38,55.88,26.84
K Bhurtel,51,969,974,45,446,29,1,161.5,6.03,21.64,46.03,21.53
MD Botha,28,679,449,45,421,18,0,113.2,3.97,9.98,62.0,15.09
GI Hume,31,1327,1272,45,744,23,1,221.2,5.75,28.27,56.07,29.49
DN Wyatt,45,1059,926,45,495,23,3,176.5,5.25,20.58,46.74,23.53
M Daniels,54,1631,1203,45,1015,48,0,271.8,4.43,26.73,62.23,36.24
LB Williams,31,1030,1225,45,522,42,14,171.7,7.14,27.22,50.68,22.89
K Waiswa,32,551,679,45,239,28,5,91.8,7.39,15.09,43.38,12.24
S Prasanna,59,2373,2245,45,1072,42,0,395.5,5.68,49.89,45.17,52.73
Iqbal Abdulla,48,920,1125,45,346,23,0,153.3,7.34,25.0,37.61,20.44
SC Ganguly,83,2353,1774,45,1405,21,24,392.2,4.52,39.42,59.71,52.29
NA Saini,46,1451,1735,45,730,34,21,241.8,7.17,38.56,50.31,32.24
M Mwatile,37,608,589,45,300,40,3,101.3,5.81,13.09,49.34,13.51
Yash Dayal,43,881,1412,45,319,39,10,146.8,9.62,31.38,36.21,19.58
V Vijh,35,671,908,44,220,28,0,111.8,8.12,20.64,32.79,15.25
BMAJ Mendis,63,1615,1487,44,664,25,1,269.2,5.52,33.8,41.11,36.7
I Ntirenganya,40,779,911,44,395,69,2,129.8,7.02,20.7,50.71,17.7
MJ Humphreys,29,1645,1269,44,957,13,0,274.2,4.63,28.84,58.18,37.39
PR Stirling,81,1946,1815,44,884,41,2,324.3,5.6,41.25,45.43,44.23
NJ Carey,50,1299,1160,44,637,28,8,216.5,5.36,26.36,49.04,29.52
NN Saidi,32,658,536,44,364,43,11,109.7,4.89,12.18,55.32,14.95
R Slater,42,843,887,44,460,76,3,140.5,6.31,20.16,54.57,19.16
CJ Chibhabha,69,1884,1866,44,966,31,21,314.0,5.94,42.41,51.27,42.82
E Malinga,32,729,1024,44,305,55,4,121.5,8.43,23.27,41.84,16.57
PJ Sangwan,42,862,1267,44,338,43,6,143.7,8.82,28.8,39.21,19.59
S Veerapathiran,38,696,955,44,273,20,0,116.0,8.23,21.7,39.22,15.82
A Canning,65,1641,1368,44,971,95,6,273.5,5.0,31.09,59.17,37.3
Nayeem Hasan,12,2476,1313,44,1786,0,0,412.7,3.18,29.84,72.13,56.27
Raja Adeel,28,567,575,44,313,28,1,94.5,6.08,13.07,55.2,12.89
Namgay Thinley,35,700,676,44,336,14,0,116.7,5.79,15.36,48.0,15.91
SR Tendulkar,98,2875,2369,44,1502,41,27,479.2,4.94,53.84,52.24,65.34
NLKWR Dewi,30,555,386,43,360,40,1,92.5,4.17,8.98,64.86,12.91
KK Cooper,31,681,954,43,249,27,3,113.5,8.41,22.19,36.56,15.84
RM Haq,28,1082,922,43,548,5,3,180.3,5.11,21.44,50.65,25.16
Sami Sohail,34,599,734,43,237,30,1,99.8,7.35,17.07,39.57,13.93
M Koli,30,659,814,43,335,69,0,109.8,7.41,18.93,50.83,15.33
BC Fortuin,39,1065,1167,43,486,16,0,177.5,6.57,27.14,45.63,24.77
CO Obuya,43,1149,1036,43,579,37,10,191.5,5.41,24.09,50.39,26.72
BD Glover,30,782,864,43,415,89,3,130.3,6.63,20.09,53.07,18.19
B Stanlake,32,919,1086,43,474,33,1,153.2,7.09,25.26,51.58,21.37
P Awana,35,787,1118,43,316,23,4,131.2,8.52,26.0,40.15,18.3
Akif Javed,29,696,989,42,303,36,9,116.0,8.53,23.55,43.53,16.57
RR Patel,39,665,644,42,297,10,0,110.8,5.81,15.33,44.66,15.83
L Paul,56,1085,1014,42,495,52,13,180.8,5.61,24.14,45.62,25.83
Milind Kumar,32,926,775,42,519,21,1,154.3,5.02,18.45,56.05,22.05
C Rumistrzewicz,25,551,441,42,267,5,5,91.8,4.8,10.5,48.46,13.12
Bismah Maroof,75,1230,1101,42,534,34,2,205.0,5.37,26.21,43.41,29.29
Nasir Hossain,70,2344,1714,42,1333,16,0,390.7,4.39,40.81,56.87,55.81
AE Satterthwaite,52,1319,1154,42,640,12,2,219.8,5.25,27.48,48.52,31.4
Sazib Bhuiyan,24,453,649,42,147,24,2,75.5,8.6,15.45,32.45,10.79
Nasrulla Rana,48,723,1026,42,289,54,13,120.5,8.51,24.43,39.97,17.21
I Nandakumar,53,1013,821,42,560,19,1,168.8,4.86,19.55,55.28,24.12
GD Arta,43,757,755,42,389,25,1,126.2,5.98,17.98,51.39,18.02
AM Blignaut,36,2137,1770,42,1349,89,40,356.2,4.97,42.14,63.13,50.88
Sahel Zadran,37,725,894,42,331,30,3,120.8,7.4,21.29,45.66,17.26
AM Peterson,37,896,712,42,475,6,0,149.3,4.77,16.95,53.01,21.33
N Thushara,36,733,1065,42,271,44,8,122.2,8.72,25.36,36.97,17.45
Ikramullah Khan,35,668,943,42,241,25,8,111.3,8.47,22.45,36.08,15.9
P Mishra,42,887,1089,42,369,58,3,147.8,7.37,25.93,41.6,21.12
Umaima Sohail,54,1184,1075,42,555,42,3,197.3,5.45,25.6,46.88,28.19
Syazrul Idrus,25,468,565,42,218,20,0,78.0,7.24,13.45,46.58,11.14
Mohsin Khan,31,660,926,42,293,26,0,110.0,8.42,22.05,44.39,15.71
AS Qwele,26,478,367,42,309,39,3,79.7,4.61,8.74,64.64,11.38
Enamul Haque jnr,22,3398,1900,42,2330,5,53,566.3,3.35,45.24,68.57,80.9
NR Sciver-Brunt,51,1593,1343,42,894,44,0,265.5,5.06,31.98,56.12,37.93
UDU Chandana,29,1875,1400,42,1095,14,7,312.5,4.48,33.33,58.4,44.64
A Mazvishaya,39,1069,936,42,559,25,2,178.2,5.25,22.29,52.29,25.45
KKN Egodage,44,750,649,42,375,13,2,125.0,5.19,15.45,50.0,17.86
A Gurung,34,734,485,41,469,26,2,122.3,3.96,11.83,63.9,17.9
MW Forde,36,1091,1244,41,579,43,4,181.8,6.84,30.34,53.07,26.61
Mengting Liu,21,444,314,41,287,21,0,74.0,4.24,7.66,64.64,10.83
D Parashar,43,1106,1032,41,551,18,0,184.3,5.6,25.17,49.82,26.98
Ahsan Malik,28,650,791,41,269,13,2,108.3,7.3,19.29,41.38,15.85
MS Gony,46,971,1395,41,410,35,5,161.8,8.62,34.02,42.22,23.68
Muhammad Amir,31,529,617,41,228,12,0,88.2,7.0,15.05,43.1,12.9
AA Patil,37,767,762,41,327,22,2,127.8,5.96,18.59,42.63,18.71
Sultana Khatun,39,1296,1059,41,734,20,2,216.0,4.9,25.83,56.64,31.61
R Rijke,37,679,569,41,391,45,1,113.2,5.03,13.88,57.58,16.56
Sirajullah Khadim,28,568,594,41,273,8,2,94.7,6.27,14.49,48.06,13.85
Mas Elysa,40,644,607,41,328,49,1,107.3,5.66,14.8,50.93,15.71
E Otieno,36,886,1043,41,454,47,14,147.7,7.06,25.44,51.24,21.61
GK Diviya,42,821,585,41,511,16,0,136.8,4.28,14.27,62.24,20.02
SNJ O'Keefe,16,2342,1208,41,1681,3,0,390.3,3.09,29.46,71.78,57.12
SF Daley,35,937,835,41,498,17,1,156.2,5.35,20.37,53.15,22.85
Sahir Naqash,27,471,597,41,200,25,6,78.5,7.61,14.56,42.46,11.49
A Doddaballapur,25,445,313,40,272,23,3,74.2,4.22,7.82,61.12,11.12
C Hinze,32,611,549,40,354,14,1,101.8,5.39,13.72,57.94,15.28
RP Meredith,32,710,1129,40,283,44,5,118.3,9.54,28.22,39.86,17.75
SA Wittmann,50,782,679,40,466,66,9,130.3,5.21,16.98,59.59,19.55
K McGill,30,486,503,40,225,27,7,81.0,6.21,12.58,46.3,12.15
TT Soe,29,602,416,40,339,26,4,100.3,4.15,10.4,56.31,15.05
I Takahashi,43,669,675,40,343,25,0,111.5,6.05,16.88,51.27,16.73
MJG Nielsen,34,1071,749,40,674,28,3,178.5,4.2,18.73,62.93,26.78
Chaya Mughal,50,919,728,40,556,50,9,153.2,4.75,18.2,60.5,22.98
L Cardoso,28,430,328,40,248,27,0,71.7,4.58,8.2,57.67,10.75
P Negi,43,734,970,40,257,17,0,122.3,7.93,24.25,35.01,18.35
R Hekure,43,1225,1085,40,620,14,3,204.2,5.31,27.12,50.61,30.62
G Sesay,27,451,452,40,251,44,4,75.2,6.01,11.3,55.65,11.28
Shivam Mavi,38,740,1082,40,300,37,7,123.3,8.77,27.05,40.54,18.5
L Malino,27,584,457,40,350,55,4,97.3,4.7,11.42,59.93,14.6
L Udeh,28,586,403,40,399,40,5,97.7,4.13,10.07,68.09,14.65
Haider Ali,32,1014,890,40,541,7,0,169.0,5.27,22.25,53.35,25.35
T Mupariwa,30,1403,1270,40,765,47,7,233.8,5.43,31.75,54.53,35.08
W Madhevere,67,1551,1408,40,753,25,1,258.5,5.45,35.2,48.55,38.78
MP Kuhnemann,18,1443,1012,40,915,4,3,240.5,4.21,25.3,63.41,36.08
L Idambo,37,615,519,40,386,19,1,102.5,5.06,12.98,62.76,15.38
OEG Baartman,27,689,825,40,345,33,0,114.8,7.18,20.62,50.07,17.23
M Ribeiro,27,477,371,39,309,62,5,79.5,4.67,9.51,64.78,12.23
AK Maguire,30,869,952,39,362,46,1,144.8,6.57,24.41,41.66,22.28
C Wright,36,638,738,39,291,19,3,106.3,6.94,18.92,45.61,16.36
Rizwan Haider,33,568,724,39,256,23,2,94.7,7.65,18.56,45.07,14.56
V Permaul,17,2449,1495,39,1673,8,1,408.2,3.66,38.33,68.31,62.79
HJ Manenti,21,409,466,39,179,28,4,68.2,6.84,11.95,43.77,10.49
S Bodha,29,530,736,39,213,21,2,88.3,8.33,18.87,40.19,13.59
A Kohli,31,655,630,39,331,45,16,109.2,5.77,16.15,50.53,16.79
GC Murtaza,34,681,885,39,320,71,4,113.5,7.8,22.69,46.99,17.46
LT Bichard,32,617,639,39,277,13,2,102.8,6.21,16.38,44.89,15.82
Naveen-ul-Haq,27,621,982,39,218,28,6,103.5,9.49,25.18,35.1,15.92
Salman Mirza,28,590,821,39,268,25,4,98.3,8.35,21.05,45.42,15.13
Akash Deep,24,1844,1600,39,1191,24,30,307.3,5.21,41.03,64.59,47.28
Ijaz Hussain,26,455,585,39,205,46,6,75.8,7.71,15.0,45.05,11.67
Arafat Sunny,25,956,817,39,506,9,0,159.3,5.13,20.95,52.93,24.51
D Jakiel,30,566,705,39,282,38,8,94.3,7.47,18.08,49.82,14.51
D Paterson,19,1724,1171,39,1188,12,17,287.3,4.08,30.03,68.91,44.21
Usman Tariq,28,658,811,39,227,31,0,109.7,7.4,20.79,34.5,16.87
Puja Mahato,52,775,681,39,437,45,2,129.2,5.27,17.46,56.39,19.87
BJ Dwarshuis,27,709,997,39,298,23,1,118.2,8.44,25.56,42.03,18.18
H Hotchandani,44,801,658,38,427,23,0,133.5,4.93,17.32,53.31,21.08
Azhar Mahmood,35,978,1093,38,458,24,11,163.0,6.71,28.76,46.83,25.74
Sarawut Maliwan,36,624,700,38,241,20,1,104.0,6.73,18.42,38.62,16.42
S Dube,59,733,1154,38,231,31,8,122.2,9.45,30.37,31.51,19.29
FA Allen,59,1393,1607,38,525,8,2,232.2,6.92,42.29,37.69,36.66
I Danladi,36,532,537,38,251,14,0,88.7,6.06,14.13,47.18,14.0
Amjad Sher,29,647,727,38,330,23,1,107.8,6.74,19.13,51.0,17.03
R Andrew,34,630,602,38,351,46,5,105.0,5.73,15.84,55.71,16.58
A Brindle,35,943,748,38,493,27,1,157.2,4.76,19.68,52.28,24.82
H Masakadza,83,2321,1735,38,1359,31,0,386.8,4.49,45.66,58.55,61.08
M Dillon,23,1789,1115,38,1219,21,32,298.2,3.74,29.34,68.14,47.08
Sarfaraz Ali,37,674,821,38,257,15,1,112.3,7.31,21.61,38.13,17.74
C Abel,29,702,625,38,369,54,5,117.0,5.34,16.45,52.56,18.47
KOK Williams,27,760,985,38,295,28,14,126.7,7.78,25.92,38.82,20.0
SO Tikolo,31,1158,1011,38,587,20,3,193.0,5.24,26.61,50.69,30.47
BA Williams,20,1190,787,38,835,48,5,198.3,3.97,20.71,70.17,31.32
PE Mendonca,31,697,559,38,370,36,1,116.2,4.81,14.71,53.08,18.34
JOA Gordon,26,766,853,37,414,65,5,127.7,6.68,23.05,54.05,20.7
NC Monteiro,29,478,343,37,284,20,1,79.7,4.31,9.27,59.41,12.92
M Markande,41,775,1188,37,229,17,1,129.2,9.2,32.11,29.55,20.95
Ali Nayyer,25,550,678,37,256,39,10,91.7,7.4,18.32,46.55,14.86
S Yeshi,35,726,683,37,360,11,0,121.0,5.64,18.46,49.59,19.62
Zahid Mahmood,27,1100,1320,37,458,8,0,183.3,7.2,35.68,41.64,29.73
AJ Parmar,21,432,461,37,184,11,0,72.0,6.4,12.46,42.59,11.68
N Nipiko,22,404,530,37,172,24,15,67.3,7.87,14.32,42.57,10.92
Shabbir Ahmed,18,1625,958,37,1182,37,28,270.8,3.54,25.89,72.74,43.92
LJ Wright,64,1433,1503,37,635,27,6,238.8,6.29,40.62,44.31,38.73
G Onions,13,1814,1226,37,1304,19,4,302.3,4.06,33.14,71.89,49.03
Soumya Sarkar,62,1314,1299,37,633,30,2,219.0,5.93,35.11,48.17,35.51
Naeem Islam,54,1970,1566,37,1013,29,3,328.3,4.77,42.32,51.42,53.24
PJ Ongondo,37,1391,1111,37,906,38,23,231.8,4.79,30.03,65.13,37.59
Shorna Akter,52,869,846,37,391,4,3,144.8,5.84,22.86,44.99,23.49
NG Smith,23,1240,1203,37,707,22,16,206.7,5.82,32.51,57.02,33.51
C Mahamalage,34,660,628,37,342,32,0,110.0,5.71,16.97,51.82,17.84
M Tom,41,844,726,37,508,45,8,140.7,5.16,19.62,60.19,22.81
DL Piedt,11,2428,1564,37,1656,0,1,404.7,3.86,42.27,68.2,65.62
M Taniyama,32,458,412,37,238,6,4,76.3,5.4,11.14,51.97,12.38
Aisya Eleesa,43,675,653,37,335,42,2,112.5,5.8,17.65,49.63,18.24
RD Berrington,65,1152,1181,37,512,35,1,192.0,6.15,31.92,44.44,31.14
Amjad Mahboob,26,523,740,36,207,24,3,87.2,8.49,20.56,39.58,14.53
Amjad Javed,30,860,941,36,438,23,2,143.3,6.57,26.14,50.93,23.89
R Sai Kishore,27,490,693,36,165,13,1,81.7,8.49,19.25,33.67,13.61
IM Vaghela,34,731,639,36,417,67,4,121.8,5.24,17.75,57.05,20.31
B White,38,1219,1488,36,505,18,4,203.2,7.32,41.33,41.43,33.86
V Araa,34,719,581,36,361,12,3,119.8,4.85,16.14,50.21,19.97
ML Cummins,21,2404,1587,36,1658,21,38,400.7,3.96,44.08,68.97,66.78
R Tewatia,52,845,1117,36,270,21,2,140.8,7.93,31.03,31.95,23.47
Khaled Ahmed,20,2715,1696,36,1925,3,19,452.5,3.75,47.11,70.9,75.42
Maryam Omar,32,642,533,36,363,25,8,107.0,4.98,14.81,56.54,17.83
D Ravu,36,972,991,36,504,35,16,162.0,6.12,27.53,51.85,27.0
A Chandel,33,682,550,36,386,21,8,113.7,4.84,15.28,56.6,18.94
Abu Jayed,16,2103,1301,36,1528,16,7,350.5,3.71,36.14,72.66,58.42
DM Bess,12,2503,1257,36,1868,0,1,417.2,3.01,34.92,74.63,69.53
SS Weerakkody,54,1338,1088,36,792,43,0,223.0,4.88,30.22,59.19,37.17
FR Davies,34,893,869,36,481,38,2,148.8,5.84,24.14,53.86,24.81
BCJ Cutting,41,820,1163,35,279,22,1,136.7,8.51,33.23,34.02,23.43
AM Hardie,32,782,900,35,395,21,1,130.3,6.91,25.71,50.51,22.34
S Nampiina,20,351,297,35,195,28,6,58.5,5.08,8.49,55.56,10.03
Harpreet Brar,47,836,1122,35,287,14,1,139.3,8.05,32.06,34.33,23.89
MM Letsoalo,43,1161,826,35,731,17,3,193.5,4.27,23.6,62.96,33.17
H Rathod,19,391,429,35,140,10,0,65.2,6.58,12.26,35.81,11.17
DJ Mitchell,68,1419,1285,35,792,35,5,236.5,5.43,36.71,55.81,40.54
M de Lange,22,1001,1047,35,567,32,6,166.8,6.28,29.91,56.64,28.6
HDJ Siegers,34,578,549,35,310,33,0,96.3,5.7,15.69,53.63,16.51
MH Ushanga,30,577,458,35,306,18,0,96.2,4.76,13.09,53.03,16.49
SA Ahmad,29,553,535,35,262,12,1,92.2,5.8,15.29,47.38,15.8
Mohameed Taiwo,43,725,802,35,366,26,7,120.8,6.64,22.91,50.48,20.71
Ayan Khan,59,1425,1326,35,741,40,0,237.5,5.58,37.89,52.0,40.71
VP Thamotharam,45,740,964,35,291,62,3,123.3,7.82,27.54,39.32,21.14
Imran Haider,26,952,934,35,467,22,3,158.7,5.89,26.69,49.05,27.2
M Ashwin,44,873,1182,35,298,25,3,145.5,8.12,33.77,34.14,24.94
JM Bird,9,1953,1063,35,1508,1,19,325.5,3.27,30.37,77.21,55.8
NK Ariani,21,405,310,35,232,13,3,67.5,4.59,8.86,57.28,11.57
SR Thompson,37,1016,1033,35,548,54,14,169.3,6.1,29.51,53.94,29.03
FL Mackay,29,900,797,35,417,5,4,150.0,5.31,22.77,46.33,25.71
SR Patil,24,625,675,35,295,15,1,104.2,6.48,19.29,47.2,17.86
Joshua Asia,23,430,343,34,208,4,4,71.7,4.79,10.09,48.37,12.65
K Hinds,26,547,528,34,302,14,1,91.2,5.79,15.53,55.21,16.09
Khaled Mahmud,31,1960,1438,34,1212,34,21,326.7,4.4,42.29,61.84,57.65
MM Baig,23,389,500,34,176,24,2,64.8,7.71,14.71,45.24,11.44
JT Brassell,35,898,1025,34,448,34,9,149.7,6.85,30.15,49.89,26.41
Ateeq Iqbal,37,663,688,34,329,12,1,110.5,6.23,20.24,49.62,19.5
S Muthusamy,18,1296,972,34,806,4,8,216.0,4.5,28.59,62.19,38.12
Aliya Riaz,61,1266,1382,34,579,71,4,211.0,6.55,40.65,45.73,37.24
A Dcosta,25,532,504,34,277,23,3,88.7,5.68,14.82,52.07,15.65
BB Sran,32,838,1088,34,376,48,5,139.7,7.79,32.0,44.87,24.65
L Bruce,37,686,922,34,276,52,0,114.3,8.06,27.12,40.23,20.18
A Salomao,30,637,570,34,372,56,12,106.2,5.37,16.76,58.4,18.74
CM Gough,34,614,521,34,340,43,5,102.3,5.09,15.32,55.37,18.06
RN ten Doeschate,31,899,921,34,448,36,4,149.8,6.15,27.09,49.83,26.44
Nazmul Hossain,29,1321,1117,34,802,21,5,220.2,5.07,32.85,60.71,38.85
J Jarvis,26,807,811,34,433,32,6,134.5,6.03,23.85,53.66,23.74
N Shangase,38,954,949,34,432,10,1,159.0,5.97,27.91,45.28,28.06
NK Yadav,23,549,659,34,279,42,4,91.5,7.2,19.38,50.82,16.15
FA Sargent,32,1099,1130,34,457,25,2,183.2,6.17,33.24,41.58,32.32
Imran Khan (2),13,1707,1034,33,1253,3,7,284.5,3.63,31.33,73.4,51.73
SZ Vayani,31,614,711,33,284,10,9,102.3,6.95,21.55,46.25,18.61
L Bull,24,413,306,33,231,12,2,68.8,4.45,9.27,55.93,12.52
K Amuge,20,380,279,33,241,10,1,63.3,4.41,8.45,63.42,11.52
Aysha,36,619,662,33,293,61,9,103.2,6.42,20.06,47.33,18.76
AAP Rivero,23,471,428,33,230,19,2,78.5,5.45,12.97,48.83,14.27
B Mavuta,26,1387,1123,33,764,32,1,231.2,4.86,34.03,55.08,42.03
P Koech,29,474,621,33,233,35,4,79.0,7.86,18.82,49.16,14.36
HRA Rainey,40,714,684,33,381,55,4,119.0,5.75,20.73,53.36,21.64
Amarpal Kaur,18,358,265,33,198,6,0,59.7,4.44,8.03,55.31,10.85
EU Kejarukua,37,734,582,33,405,27,4,122.3,4.76,17.64,55.18,22.24
Mohammad Nabi,52,1003,1249,33,362,11,1,167.2,7.47,37.85,36.09,30.39
A Kirschbaum,29,591,571,33,305,27,2,98.5,5.8,17.3,51.61,17.91
SL Quintyne,28,680,577,33,316,17,2,113.3,5.09,17.48,46.47,20.61
DAS Gunaratne,41,1150,1064,33,499,16,5,191.7,5.55,32.24,43.39,34.85
K Goud,27,1068,1070,33,612,42,2,178.0,6.01,32.42,57.3,32.36
V Zimonjic,29,594,784,33,290,32,5,99.0,7.92,23.76,48.82,18.0
G Kodali,44,890,892,33,484,56,3,148.3,6.01,27.03,54.38,26.97
TD Smartt,37,946,753,33,549,22,35,157.7,4.78,22.82,58.03,28.67
Rahmatullah Mangal,22,416,487,33,204,29,0,69.3,7.02,14.76,49.04,12.61
MC Sorensen,26,723,796,33,366,25,6,120.5,6.61,24.12,50.62,21.91
SF Jerome,29,555,395,32,307,18,0,92.5,4.27,12.34,55.32,17.34
A Mokgotlhe,48,752,670,32,440,79,12,125.3,5.35,20.94,58.51,23.5
Abdullah Akbarjan,21,428,492,32,150,12,0,71.3,6.9,15.38,35.05,13.38
DT Hondo,32,1346,1186,32,784,47,10,224.3,5.29,37.06,58.25,42.06
MH Yardy,40,1549,1353,32,707,23,1,258.2,5.24,42.28,45.64,48.41
K Arua,21,440,344,32,232,15,4,73.3,4.69,10.75,52.73,13.75
MI Khagoitsa,22,456,330,32,305,16,0,76.0,4.34,10.31,66.89,14.25
Aamer Yamin,38,758,1044,32,311,30,6,126.3,8.26,32.62,41.03,23.69
MA Baig,19,351,297,32,194,5,0,58.5,5.08,9.28,55.27,10.97
HS Baidwan,23,931,893,32,506,22,1,155.2,5.76,27.91,54.35,29.09
Waqar Ali,13,296,242,32,162,17,2,49.3,4.91,7.56,54.73,9.25
Haroon Arshad,33,513,743,32,215,32,11,85.5,8.69,23.22,41.91,16.03
EJB Miles,25,528,558,32,221,10,0,88.0,6.34,17.44,41.86,16.5
Karanbir Singh,25,352,501,32,137,22,0,58.7,8.54,15.66,38.92,11.0
AR Adams,21,886,838,32,528,26,2,147.7,5.67,26.19,59.59,27.69
K Piet,28,528,596,32,253,3,2,88.0,6.77,18.62,47.92,16.5
R Samson,24,445,398,32,243,29,3,74.2,5.37,12.44,54.61,13.91
R Sakurano-Thomas,33,482,561,32,245,23,1,80.3,6.98,17.53,50.83,15.06
Arshad Iqbal,27,559,838,32,198,15,5,93.2,8.99,26.19,35.42,17.47
Ibrahim Hassan,38,667,847,32,317,28,8,111.2,7.62,26.47,47.53,20.84
Adnan Idrees,28,491,631,32,186,9,0,81.8,7.71,19.72,37.88,15.34
T Zangmo,32,642,530,32,319,22,3,107.0,4.95,16.56,49.69,20.06
Waqar Zalmai,28,520,749,32,210,34,1,86.7,8.64,23.41,40.38,16.25
JE Ronalds,20,417,314,32,233,24,8,69.5,4.52,9.81,55.88,13.03
Tapash Baisya,30,1782,1569,32,1102,34,27,297.0,5.28,49.03,61.84,55.69
EM Bermingham,29,941,786,32,527,32,0,156.8,5.01,24.56,56.0,29.41
AF Ifill,26,513,540,32,256,12,1,85.5,6.32,16.88,49.9,16.03
S Kananji,27,468,379,32,326,72,3,78.0,4.86,11.84,69.66,14.62
P Jayawickrama,15,1598,951,32,1108,4,1,266.3,3.57,29.72,69.34,49.94
D Suzuki,40,502,605,32,224,31,2,83.7,7.23,18.91,44.62,15.69
AR Caddick,13,1155,793,32,824,15,15,192.5,4.12,24.78,71.34,36.09
LJ Myott,21,447,460,32,192,3,0,74.5,6.17,14.38,42.95,13.97
J Srinath,17,1028,660,32,717,23,5,171.3,3.85,20.62,69.75,32.12
Ilenia Sims,23,450,448,32,181,11,6,75.0,5.97,14.0,40.22,14.06
G Dempsey,37,1018,977,32,541,63,8,169.7,5.76,30.53,53.14,31.81
LK O'Reilly,27,615,599,32,304,46,4,102.5,5.84,18.72,49.43,19.22
BA Pai,34,688,785,32,339,14,1,114.7,6.85,24.53,49.27,21.5
AR Puri,36,666,885,31,250,18,0,111.0,7.97,28.55,37.54,21.48
Ruchitha Venkatesh,43,765,655,31,408,44,3,127.5,5.14,21.13,53.33,24.68
DR Sams,36,747,1183,31,265,47,3,124.5,9.5,38.16,35.48,24.1
A Singh,23,474,639,31,200,12,1,79.0,8.09,20.61,42.19,15.29
E Toguchi-Quinn,25,464,385,31,256,15,5,77.3,4.98,12.42,55.17,14.97
J Kariko,22,534,482,31,259,8,1,89.0,5.42,15.55,48.5,17.23
A Gbla,23,381,434,31,172,17,1,63.5,6.83,14.0,45.14,12.29
Waqas Maqsood,21,434,641,31,142,19,2,72.3,8.86,20.68,32.72,14.0
O Bell,29,702,587,31,408,10,0,117.0,5.02,18.94,58.12,22.65
Bilal Muhammad,22,509,586,31,247,39,5,84.8,6.91,18.9,48.53,16.42
K Joshi,42,648,578,31,304,23,1,108.0,5.35,18.65,46.91,20.9
JJ van der Wath,20,774,916,31,354,16,7,129.0,7.1,29.55,45.74,24.97
AJ McKay,22,1148,977,31,711,47,2,191.3,5.11,31.52,61.93,37.03
GA Priandana,34,421,517,31,181,16,0,70.2,7.37,16.68,42.99,13.58
L Mabhero,39,952,817,31,488,16,0,158.7,5.15,26.35,51.26,30.71
WW Hinds,23,984,739,31,558,14,4,164.0,4.51,23.84,56.71,31.74
Panna Ghosh,34,755,637,31,448,14,1,125.8,5.06,20.55,59.34,24.35
Haseeb Amjad,16,395,438,31,206,16,3,65.8,6.65,14.13,52.15,12.74
MV Pavlovic,20,399,467,31,175,13,1,66.5,7.02,15.06,43.86,12.87
RK Kleinveldt,19,1268,1022,31,833,35,26,211.3,4.84,32.97,65.69,40.9
A Morris,24,523,515,31,261,6,0,87.2,5.91,16.61,49.9,16.87
Sufyan Mehmood,29,609,719,31,239,11,1,101.5,7.08,23.19,39.24,19.65
A Hartley,27,1112,832,31,625,16,0,185.3,4.49,26.84,56.21,35.87
Mosaddek Hossain,61,1418,1342,31,639,16,2,236.3,5.68,43.29,45.06,45.74
DMW Rawlins,34,637,670,31,320,18,1,106.2,6.31,21.61,50.24,20.55
Mohammad Ashraful,64,1463,1257,31,753,11,1,243.8,5.16,40.55,51.47,47.19
M Upadhayay,16,336,262,30,201,13,0,56.0,4.68,8.73,59.82,11.2
R Shimwamana,32,546,336,30,353,30,3,91.0,3.69,11.2,64.65,18.2
SF Tiai,22,482,588,30,180,5,2,80.3,7.32,19.6,37.34,16.07
Ibrahim Rizan,31,560,662,30,234,13,0,93.3,7.09,22.07,41.79,18.67
Jay Odedra,33,1032,804,30,607,17,0,172.0,4.67,26.8,58.82,34.4
CL Cairns,27,1355,1030,30,829,15,15,225.8,4.56,34.33,61.18,45.17
IJ Harvey,21,915,713,30,527,12,2,152.5,4.68,23.77,57.6,30.5
Priyada Murali,35,563,566,30,251,43,12,93.8,6.03,18.87,44.58,18.77
Muhammad Wafiq,36,661,854,30,290,32,10,110.2,7.75,28.47,43.87,22.03
Vijaykumar Vyshak,23,480,829,30,138,27,3,80.0,10.36,27.63,28.75,16.0
Pratik Singh Bais,26,492,446,30,277,17,0,82.0,5.44,14.87,56.3,16.4
SS Kang,21,622,532,30,301,8,1,103.7,5.13,17.73,48.39,20.73
D Klein,23,531,550,30,279,36,3,88.5,6.21,18.33,52.54,17.7
S Georgota,23,481,449,30,238,41,15,80.2,5.6,14.97,49.48,16.03
Tuba Hassan,41,851,929,30,388,17,0,141.8,6.55,30.97,45.59,28.37
CM Greechan,20,455,283,30,278,10,0,75.8,3.73,9.43,61.1,15.17
Anas Khan,19,351,371,30,153,8,0,58.5,6.34,12.37,43.59,11.7
HA Varaiya,27,900,794,30,466,17,0,150.0,5.29,26.47,51.78,30.0
JA Burrows,22,392,512,30,159,15,3,65.3,7.84,17.07,40.56,13.07
ND Laegsgaard,24,459,451,30,237,8,0,76.5,5.9,15.03,51.63,15.3
MB Tambe,25,487,588,30,191,21,5,81.2,7.24,19.6,39.22,16.23
Ghulam Fatima,20,883,709,30,443,16,2,147.2,4.82,23.63,50.17,29.43
T Wangchuk,33,588,731,30,277,27,7,98.0,7.46,24.37,47.11,19.6
C Udekwe,24,455,453,30,259,45,4,75.8,5.97,15.1,56.92,15.17
KT Maphaka,26,817,1093,30,391,49,8,136.2,8.03,36.43,47.86,27.23
J Shaju,20,400,521,30,170,39,2,66.7,7.82,17.37,42.5,13.33
Habib Khan,21,447,540,30,208,40,1,74.5,7.25,18.0,46.53,14.9
RG Sharma,91,1394,1334,30,590,15,0,232.3,5.74,44.47,42.32,46.47
S Conteh,23,407,393,30,213,18,1,67.8,5.79,13.1,52.33,13.57
KC Brathwaite,64,2964,1736,30,1825,4,3,494.0,3.51,57.87,61.57,98.8
CAH Stevenson,21,766,771,29,415,37,1,127.7,6.04,26.59,54.18,26.41
F Chipare,32,693,744,29,349,65,5,115.5,6.44,25.66,50.36,23.9
B Ito-Davis,19,316,232,29,188,1,0,52.7,4.41,8.0,59.49,10.9
Shafina Mahesh,34,603,619,29,328,46,10,100.5,6.16,21.34,54.39,20.79
MJ Mason,24,1138,997,29,684,22,19,189.7,5.26,34.38,60.11,39.24
GA Elwiss,30,1089,712,29,709,17,3,181.5,3.92,24.55,65.11,37.55
SC Kuggeleijn,24,811,928,29,421,25,2,135.2,6.87,32.0,51.91,27.97
Waqas Ahmad,15,349,417,29,152,10,4,58.2,7.17,14.38,43.55,12.03
Adil Butt,19,397,528,29,194,28,1,66.2,7.98,18.21,48.87,13.69
M Syrioti,24,518,492,29,280,72,10,86.3,5.7,16.97,54.05,17.86
SM Ervine,21,961,857,29,521,14,7,160.2,5.35,29.55,54.21,33.14
IG Holland,19,748,584,29,434,14,0,124.7,4.68,20.14,58.02,25.79
Fawad Ahmed,27,665,844,29,221,5,0,110.8,7.62,29.1,33.23,22.93
JD Ryder,46,1105,1005,29,621,15,6,184.2,5.46,34.66,56.2,38.1
Ashwin Vinod,22,439,542,29,219,33,0,73.2,7.41,18.69,49.89,15.14
Sanjida Akter Meghla,25,539,456,29,274,7,0,89.8,5.08,15.72,50.83,18.59
Shivam Sharma,21,564,569,29,270,9,0,94.0,6.05,19.62,47.87,19.45
Sasha Azmi,23,494,376,29,276,19,1,82.3,4.57,12.97,55.87,17.03
K Juma,17,376,374,29,204,14,3,62.7,5.97,12.9,54.26,12.97
JT Ball,24,1604,1443,29,928,35,3,267.3,5.4,49.76,57.86,55.31
AB Kaur,36,916,1009,29,455,41,0,152.7,6.61,34.79,49.67,31.59
KADA Kanchana,51,1042,1117,29,490,56,3,173.7,6.43,38.52,47.02,35.93
TAM Siriwardana,38,1146,1005,29,591,10,0,191.0,5.26,34.66,51.57,39.52
A Makri,25,486,499,29,262,87,20,81.0,6.16,17.21,53.91,16.76
Hussain Talat,42,515,784,29,156,25,6,85.8,9.13,27.03,30.29,17.76
P Malav,21,434,562,29,157,12,0,72.3,7.77,19.38,36.18,14.97
Yasir Arafat,24,1217,1105,29,722,19,12,202.8,5.45,38.1,59.33,41.97
HMD Rasangika,28,453,528,29,186,22,20,75.5,6.99,18.21,41.06,15.62
W Nalisa,22,463,568,29,181,29,2,77.2,7.36,19.59,39.09,15.97
A Kamboj,22,521,702,29,237,12,10,86.8,8.08,24.21,45.49,17.97
AA Rahayu,27,401,388,29,213,32,0,66.8,5.81,13.38,53.12,13.83
R Dhawan,40,839,1125,29,286,34,3,139.8,8.05,38.79,34.09,28.93
Robiul Islam,13,2037,1172,29,1475,20,38,339.5,3.45,40.41,72.41,70.24
L Moises,23,411,279,29,252,13,1,68.5,4.07,9.62,61.31,14.17
N Niranjana,20,788,556,29,524,19,0,131.3,4.23,19.17,66.5,27.17
A Wellington,20,996,683,29,603,14,0,166.0,4.11,23.55,60.54,34.34
R Oa,19,368,294,28,197,13,1,61.3,4.79,10.5,53.53,13.14
Nik Nur Atiela,25,367,321,28,179,26,1,61.2,5.25,11.46,48.77,13.11
KP Pietersen,83,1903,1560,28,1051,20,0,317.2,4.92,55.71,55.23,67.96
PV Tambe,33,660,866,28,215,14,0,110.0,7.87,30.93,32.58,23.57
DEM Carter,30,690,585,28,390,26,2,115.0,5.09,20.89,56.52,24.64
E Kubwimana,23,398,629,28,160,28,0,66.3,9.48,22.46,40.2,14.21
Mujeeb Ur Rahman,31,710,1011,28,252,26,0,118.3,8.54,36.11,35.49,25.36
G Bakiweyem,32,569,650,28,279,38,11,94.8,6.85,23.21,49.03,20.32
ZL Win,26,530,382,28,351,33,2,88.3,4.32,13.64,66.23,18.93
N Madziva,21,640,763,28,293,40,5,106.7,7.15,27.25,45.78,22.86
JJ Huo,17,311,438,28,134,16,2,51.8,8.45,15.64,43.09,11.11
T Tshose,30,496,615,28,219,13,1,82.7,7.44,21.96,44.15,17.71
SA Mohandas,26,522,685,28,250,32,0,87.0,7.87,24.46,47.89,18.64
GB Brent,25,1145,953,28,706,39,0,190.8,4.99,34.04,61.66,40.89
G Ngegba,18,404,361,28,207,4,4,67.3,5.36,12.89,51.24,14.43
M Labuschagne,56,1705,1313,28,963,10,12,284.2,4.62,46.89,56.48,60.89
Asif Afridi,22,643,616,28,342,4,1,107.2,5.75,22.0,53.19,22.96
Yash Thakur,21,447,782,28,149,28,4,74.5,10.5,27.93,33.33,15.96
J Rasu,23,448,565,28,203,19,3,74.7,7.57,20.18,45.31,16.0
V Baskaran,31,575,713,28,237,14,0,95.8,7.44,25.46,41.22,20.54
JP Greaves,25,1793,1328,28,1178,24,5,298.8,4.44,47.43,65.7,64.04
Mohammad Kamran,19,429,366,28,260,21,2,71.5,5.12,13.07,60.61,15.32
H Lakov,26,542,767,28,248,48,3,90.3,8.49,27.39,45.76,19.36
KM Jadhav,41,1145,1005,28,521,28,0,190.8,5.27,35.89,45.5,40.89
H Osinde,21,751,646,28,500,58,2,125.2,5.16,23.07,66.58,26.82
HA Chohan,24,450,476,28,231,23,0,75.0,6.35,17.0,51.33,16.07
Kashif Daud,33,885,779,28,494,22,1,147.5,5.28,27.82,55.82,31.61
L Phiri,36,698,652,28,340,36,0,116.3,5.6,23.29,48.71,24.93
S Vashisht,23,440,491,28,234,35,1,73.3,6.7,17.54,53.18,15.71
D Sabir,20,349,346,28,152,2,0,58.2,5.95,12.36,43.55,12.46
DG Blampied,33,561,646,28,219,9,2,93.5,6.91,23.07,39.04,20.04
Hisham Sheikh,29,571,686,28,223,18,1,95.2,7.21,24.5,39.05,20.39
Mohammad Ilyas,26,459,725,28,175,18,1,76.5,9.48,25.89,38.13,16.39
Aminata Kamara,32,595,540,28,348,29,3,99.2,5.45,19.29,58.49,21.25
J Baguma,18,349,392,28,195,13,0,58.2,6.74,14.0,55.87,12.46
FG Kemp,25,463,572,28,220,33,1,77.2,7.41,20.43,47.52,16.54
Anjar Tadarus,37,507,632,28,210,21,0,84.5,7.48,22.57,41.42,18.11
CJ Metcalfe,26,731,637,28,409,17,4,121.8,5.23,22.75,55.95,26.11
CS Fraser,38,756,873,27,383,80,0,126.0,6.93,32.33,50.66,28.0
DS Lehmann,27,983,670,27,574,5,0,163.8,4.09,24.81,58.39,36.41
PKD Chase,20,781,1027,27,380,39,11,130.2,7.89,38.04,48.66,28.93
RRS Cornwall,9,2500,1227,27,1832,0,0,416.7,2.94,45.44,73.28,92.59
Festus Benn,20,375,406,27,167,2,0,62.5,6.5,15.04,44.53,13.89
Aiman Anwer,40,898,978,27,413,27,2,149.7,6.53,36.22,45.99,33.26
TG Norris,18,504,391,27,321,26,0,84.0,4.65,14.48,63.69,18.67
W Peatfield,16,336,319,27,180,17,0,56.0,5.7,11.81,53.57,12.44
M Madara,26,786,727,27,424,53,9,131.0,5.55,26.93,53.94,29.11
Sajid Liaqat,16,311,493,27,131,14,2,51.8,9.51,18.26,42.12,11.52
S Bau,50,960,884,27,482,8,3,160.0,5.52,32.74,50.21,35.56
TS Chisoro,24,1420,997,27,872,18,1,236.7,4.21,36.93,61.41,52.59
M Zondeki,14,1027,779,27,688,23,19,171.2,4.55,28.85,66.99,38.04
EB Ringera,24,451,538,27,208,13,2,75.2,7.16,19.93,46.12,16.7
R Coker,29,565,550,27,275,12,1,94.2,5.84,20.37,48.67,20.93
N Deonarine,32,1736,1115,27,1056,6,1,289.3,3.85,41.3,60.83,64.3
Hunain Shah,20,369,565,27,146,18,2,61.5,9.19,20.93,39.57,13.67
Suyash Sharma,35,738,1087,27,251,16,1,123.0,8.84,40.26,34.01,27.33
GM Muthui,23,415,498,27,221,20,1,69.2,7.2,18.44,53.25,15.37
Kartik Tyagi,28,619,1015,27,226,34,11,103.2,9.84,37.59,36.51,22.93
OP Stone,16,1052,893,27,659,12,2,175.3,5.09,33.07,62.64,38.96
L Sipamla,21,883,914,27,502,13,8,147.2,6.21,33.85,56.85,32.7
T Gwandu,25,701,846,27,337,17,9,116.8,7.24,31.33,48.07,25.96
PHT Kaushal,8,1726,1167,27,1057,0,31,287.7,4.06,43.22,61.24,63.93
VM Nyauchi,21,1856,1215,27,1304,29,6,309.3,3.93,45.0,70.26,68.74
PT Collins,13,1541,987,27,1062,14,56,256.8,3.84,36.56,68.92,57.07
Shariz Ahmad,30,760,823,27,331,6,0,126.7,6.5,30.48,43.55,28.15
A Wright,25,520,459,27,250,8,1,86.7,5.3,17.0,48.08,19.26
CN Ackermann,35,933,825,27,490,10,1,155.5,5.31,30.56,52.52,34.56
Mohammed Nadeem,24,516,556,27,214,5,0,86.0,6.47,20.59,41.47,19.11
Yasir Mohammad,19,508,559,27,229,4,1,84.7,6.6,20.7,45.08,18.81
Huzaifa Mohammed,23,521,550,27,252,9,0,86.8,6.33,20.37,48.37,19.3
Akash Madhwal,17,359,598,26,112,17,7,59.8,9.99,23.0,31.2,13.81
DP Vaidya,22,505,440,26,256,20,0,84.2,5.23,16.92,50.69,19.42
Sameen Gul,23,493,727,26,203,21,1,82.2,8.85,27.96,41.18,18.96
M Magagula,22,360,532,26,154,36,2,60.0,8.87,20.46,42.78,13.85
J Yadav,28,1311,984,26,799,7,12,218.5,4.5,37.85,60.95,50.42
Muhammad Jabir,25,483,709,26,183,38,14,80.5,8.81,27.27,37.89,18.58
Mohammad Ghazanfar,25,482,544,26,190,9,2,80.3,6.77,20.92,39.42,18.54
Kabir Ali,13,849,788,26,500,11,20,141.5,5.57,30.31,58.89,32.65
Lucas Rossi,17,349,301,26,182,7,1,58.2,5.17,11.58,52.15,13.42
Shahbaz Ahmed,50,764,1111,26,241,16,2,127.3,8.73,42.73,31.54,29.38
Junaid Siddique (2),17,534,505,26,290,11,1,89.0,5.67,19.42,54.31,20.54
Jaspreet Singh,24,405,489,26,169,14,1,67.5,7.24,18.81,41.73,15.58
PF Gallagher,16,377,387,26,158,9,0,62.8,6.16,14.88,41.91,14.5
Muhammad Asim,28,479,576,26,191,6,1,79.8,7.22,22.15,39.87,18.42
AM Kamara,35,671,553,26,395,23,2,111.8,4.94,21.27,58.87,25.81
Vinu Kumar,30,471,430,26,252,40,3,78.5,5.48,16.54,53.5,18.12
Muhammad Musa,25,673,930,26,293,14,9,112.2,8.29,35.77,43.54,25.88
Umm-e-Hani,23,940,780,26,468,17,0,156.7,4.98,30.0,49.79,36.15
D Koralalage,15,326,220,26,231,74,11,54.3,4.05,8.46,70.86,12.54
Zaker Taqawi,13,268,300,26,119,7,1,44.7,6.72,11.54,44.4,10.31
N Dutta,29,690,684,26,292,19,5,115.0,5.95,26.31,42.32,26.54
Khalid Zahid,25,519,627,26,238,37,4,86.5,7.25,24.12,45.86,19.96
B Fernando,26,631,806,26,258,25,4,105.2,7.66,31.0,40.89,24.27
Z Burgess,27,513,515,26,288,35,2,85.5,6.02,19.81,56.14,19.73
S Dunukedeniya,13,253,187,26,165,59,13,42.2,4.43,7.19,65.22,9.73
Basil Thampi,25,522,862,26,163,17,1,87.0,9.91,33.15,31.23,20.08
K Mirpuri,27,548,744,26,232,11,3,91.3,8.15,28.62,42.34,21.08
Raza Iqbal,23,450,430,26,196,1,0,75.0,5.73,16.54,43.56,17.31
Usman Khalid,28,517,520,26,250,6,5,86.2,6.03,20.0,48.36,19.88
C Overton,15,1781,1080,26,1265,15,1,296.8,3.64,41.54,71.03,68.5
Haris Sohail,33,1236,899,26,679,7,0,206.0,4.36,34.58,54.94,47.54
Asif Ali,37,477,522,26,194,7,0,79.5,6.57,20.08,40.67,18.35
S Loubser,27,890,643,26,498,16,0,148.3,4.33,24.73,55.96,34.23
KIC Asalanka,52,979,917,26,459,10,0,163.2,5.62,35.27,46.88,37.65
Milad Momend,13,275,396,26,112,21,0,45.8,8.64,15.23,40.73,10.58
U Shantu,13,276,298,26,161,19,2,46.0,6.48,11.46,58.33,10.62
V Mansale,23,430,428,26,238,58,10,71.7,5.97,16.46,55.35,16.54
V Ganesan,29,468,457,26,208,7,0,78.0,5.86,17.58,44.44,18.0
Arshad Khan,28,660,855,26,294,35,2,110.0,7.77,32.88,44.55,25.38
DNT Zoysa,20,840,707,26,526,24,18,140.0,5.05,27.19,62.62,32.31
Utkarsh Jain,22,457,435,25,224,5,0,76.2,5.71,17.4,49.02,18.28
Bilawal Bhatti,28,1153,1188,25,620,23,11,192.2,6.18,47.52,53.77,46.12
Nithish Kumar Reddy,37,931,1040,25,450,21,5,155.2,6.7,41.6,48.34,37.24
Hassan Khan,40,670,879,25,222,11,2,111.7,7.87,35.16,33.13,26.8
Naveed Ahmed,26,493,608,25,199,22,1,82.2,7.4,24.32,40.37,19.72
Atif Mehmood,23,452,417,25,257,18,3,75.3,5.54,16.68,56.86,18.08
IMHC Joyce,38,910,817,25,480,42,7,151.7,5.39,32.68,52.75,36.4
NMP Suwandewi,25,503,329,25,337,27,6,83.8,3.92,13.16,67.0,20.12
B Arora,35,600,779,25,236,34,4,100.0,7.79,31.16,39.33,24.0
A Dercksen,45,850,953,25,436,72,5,141.7,6.73,38.12,51.29,34.0
ASF Sirah,20,378,457,25,158,26,0,63.0,7.25,18.28,41.8,15.12
KS Leverock,22,414,469,25,202,22,2,69.0,6.8,18.76,48.79,16.56
MK Villiers,19,344,365,25,150,5,0,57.3,6.37,14.6,43.6,13.76
Ahmadullah Shinwari,27,483,576,25,243,33,2,80.5,7.16,23.04,50.31,19.32
K Sinclair,17,1053,834,25,550,8,12,175.5,4.75,33.36,52.23,42.12
J Nyirankundineza,22,407,352,25,233,15,1,67.8,5.19,14.08,57.25,16.28
J Lewis,14,926,597,25,651,10,12,154.3,3.87,23.88,70.3,37.04
J Gunasekar,21,386,334,25,180,2,2,64.3,5.19,13.36,46.63,15.44
CD de Lange,12,402,343,25,201,4,0,67.0,5.12,13.72,50.0,16.08
S Solman,27,487,463,25,273,36,1,81.2,5.7,18.52,56.06,19.48
Tanwir Afzal,28,819,769,25,487,9,3,136.5,5.63,30.76,59.46,32.76
LV Boas,24,321,270,25,200,38,2,53.5,5.05,10.8,62.31,12.84
E Kamara,25,453,407,25,252,41,3,75.5,5.39,16.28,55.63,18.12
Gaurav Tiwari,22,456,500,25,227,12,1,76.0,6.58,20.0,49.78,18.24
Amar Sharma,31,608,863,25,228,50,5,101.3,8.52,34.52,37.5,24.32
JL Hunter,26,629,524,25,374,18,2,104.8,5.0,20.96,59.46,25.16
MG Neser,10,1025,732,25,700,4,3,170.8,4.28,29.28,68.29,41.0
GC Smith,55,1749,1417,25,933,34,7,291.5,4.86,56.68,53.34,69.96
R Musamali,32,488,473,25,243,33,0,81.3,5.82,18.92,49.8,19.52
Ali Raza,14,308,485,25,118,11,7,51.3,9.45,19.4,38.31,12.32
A Nanda,25,492,656,25,225,38,0,82.0,8.0,26.24,45.73,19.68
Mehran Khan,31,502,634,25,216,21,4,83.7,7.58,25.36,43.03,20.08
Raaz Mohammad,21,386,459,25,153,13,0,64.3,7.13,18.36,39.64,15.44
TJ Vlaeminck,26,704,622,25,445,55,8,117.3,5.3,24.88,63.21,28.16
Ada Bhasin,28,488,379,25,311,40,1,81.3,4.66,15.16,63.73,19.52
R Kalimuthu,15,317,435,25,141,16,4,52.8,8.23,17.4,44.48,12.68
MJG Rippon,19,490,491,25,227,6,0,81.7,6.01,19.64,46.33,19.6
RJ Trott,18,466,464,25,196,4,0,77.7,5.97,18.56,42.06,18.64
R Hashu,13,213,273,25,98,9,2,35.5,7.69,10.92,46.01,8.52
CJPF Kalugamage,21,408,484,25,161,10,1,68.0,7.12,19.36,39.46,16.32
Sonam,25,480,488,25,271,73,9,80.0,6.1,19.52,56.46,19.2
Muhammad Moiz,16,290,408,25,131,22,0,48.3,8.44,16.32,45.17,11.6
LC Sthalekar,22,1664,738,25,1262,8,0,277.3,2.66,29.52,75.84,66.56
MK Thakur,21,444,450,25,217,23,9,74.0,6.08,18.0,48.87,17.76
L Piety,16,256,196,25,147,14,2,42.7,4.59,7.84,57.42,10.24
VRV Singh,25,1148,1093,25,673,9,48,191.3,5.71,43.72,58.62,45.92
AC Botha,18,692,514,25,386,4,2,115.3,4.46,20.56,55.78,27.68
RK Paudel,31,598,518,25,298,9,0,99.7,5.2,20.72,49.83,23.92
A Dalzell,28,673,681,24,373,56,4,112.2,6.07,28.38,55.42,28.04
I Chathurani,13,297,165,24,196,35,6,49.5,3.33,6.88,65.99,12.38
M Valner,16,337,246,24,204,49,14,56.2,4.38,10.25,60.53,14.04
DK Shetty,25,394,449,24,206,33,1,65.7,6.84,18.71,52.28,16.42
S Dhaniram,13,585,440,24,324,3,0,97.5,4.51,18.33,55.38,24.38
LE Kaushalya,45,806,748,24,447,29,0,134.3,5.57,31.17,55.46,33.58
Meghna Singh,27,960,824,24,594,33,1,160.0,5.15,34.33,61.88,40.0
P Kumbhare,18,367,285,24,226,7,0,61.2,4.66,11.88,61.58,15.29
P Mapotsane,21,299,299,24,173,45,5,49.8,6.0,12.46,57.86,12.46
Mohammad Irfan (4),20,387,603,24,143,6,9,64.5,9.35,25.12,36.95,16.12
LL Htun,24,394,314,24,212,30,4,65.7,4.78,13.08,53.81,16.42
P Maziya,15,325,268,24,189,22,1,54.2,4.95,11.17,58.15,13.54
LS Barkania,18,348,283,24,194,11,0,58.0,4.88,11.79,55.75,14.5
H Carlyon,29,552,505,24,285,9,0,92.0,5.49,21.04,51.63,23.0
B Khumalo,27,461,585,24,205,24,13,76.8,7.61,24.38,44.47,19.21
J Nyumbu,21,1495,1156,24,867,18,0,249.2,4.64,48.17,57.99,62.29
HL Ferling,26,909,652,24,609,63,2,151.5,4.3,27.17,67.0,37.88
J Ramanandi,20,514,539,24,188,12,0,85.7,6.29,22.46,36.58,21.42
Iqbal Hussain,8,185,201,24,83,4,0,30.8,6.52,8.38,44.86,7.71
C Bull,24,478,423,24,271,23,3,79.7,5.31,17.62,56.69,19.92
MA Nyabela,20,419,440,24,227,63,8,69.8,6.3,18.33,54.18,17.46
OE Taylor,11,241,262,24,111,5,1,40.2,6.52,10.92,46.06,10.04
HV Mandhyan,17,394,481,24,180,17,0,65.7,7.32,20.04,45.69,16.42
Waseem Yaqoob,13,241,328,24,100,5,1,40.2,8.17,13.67,41.49,10.04
Ihsanullah,17,386,520,24,164,24,8,64.3,8.08,21.67,42.49,16.08
B Regmi,17,373,378,24,157,7,0,62.2,6.08,15.75,42.09,15.54
Fanyan Mughal,24,463,586,24,213,36,3,77.2,7.59,24.42,46.0,19.29
TD Astle,18,1015,738,24,621,4,0,169.2,4.36,30.75,61.18,42.29
Q Joseph,27,706,616,24,349,16,0,117.7,5.24,25.67,49.43,29.42
LH Rodrigues,17,373,354,24,215,33,1,62.2,5.69,14.75,57.64,15.54
Elias Sunny,12,1145,782,24,715,3,0,190.8,4.1,32.58,62.45,47.71
Saud Munir,15,310,339,24,124,7,0,51.7,6.56,14.12,40.0,12.92
AS Rajpoot,29,539,844,24,213,28,10,89.8,9.4,35.17,39.52,22.46
D Birrell,15,360,396,24,199,23,5,60.0,6.6,16.5,55.28,15.0
MJ Swepson,15,1202,838,24,730,11,2,200.3,4.18,34.92,60.73,50.08
SAN Maypriani,24,429,265,24,283,23,0,71.5,3.71,11.04,65.97,17.88
KD Shah,32,549,625,24,230,1,1,91.5,6.83,26.04,41.89,22.88
Shoaib Rafiq,18,344,274,24,217,17,1,57.3,4.78,11.42,63.08,14.33
WK McCallan,20,722,563,24,378,10,0,120.3,4.68,23.46,52.35,30.08
Rameen Shamim,27,958,819,24,481,11,0,159.7,5.13,34.12,50.21,39.92
Najjam Shahzad,23,388,463,23,178,39,8,64.7,7.16,20.13,45.88,16.87
R Ntozakhe,30,1041,803,23,597,27,3,173.5,4.63,34.91,57.35,45.26
B Masaba,23,362,338,23,159,6,0,60.3,5.6,14.7,43.92,15.74
C Forshaw,13,241,335,23,95,3,1,40.2,8.34,14.57,39.42,10.48
HER Tyler,18,349,538,23,131,23,4,58.2,9.25,23.39,37.54,15.17
HF Gurney,21,681,751,23,326,29,4,113.5,6.62,32.65,47.87,29.61
S Godara,17,335,377,23,196,20,2,55.8,6.75,16.39,58.51,14.57
M Vumiliya,19,343,270,23,200,29,1,57.2,4.72,11.74,58.31,14.91
S Gooch,15,295,368,23,134,14,1,49.2,7.48,16.0,45.42,12.83
S Bhari,18,549,431,23,313,5,1,91.5,4.71,18.74,57.01,23.87
C Sakariya,22,521,718,23,194,32,7,86.8,8.27,31.22,37.24,22.65
P Agboya,18,340,218,23,224,13,0,56.7,3.85,9.48,65.88,14.78
C Raack,24,500,422,23,254,14,8,83.3,5.06,18.35,50.8,21.74
H Lin Aung,20,330,394,23,153,16,0,55.0,7.16,17.13,46.36,14.35
S Pradhan,25,432,495,23,188,13,1,72.0,6.88,21.52,43.52,18.78
NJ Astle,35,1031,667,23,670,3,0,171.8,3.88,29.0,64.99,44.83
M Dale-Bradley,18,378,422,23,157,15,0,63.0,6.7,18.35,41.53,16.43
E Anyipo,32,536,475,23,334,41,0,89.3,5.32,20.65,62.31,23.3
Akif Raja,24,567,615,23,300,21,3,94.5,6.51,26.74,52.91,24.65
Ahmed Daniyal,19,411,608,23,159,23,1,68.5,8.88,26.43,38.69,17.87
A Neill,13,529,470,23,312,21,2,88.2,5.33,20.43,58.98,23.0
Jaskaran Singh,22,488,640,23,235,48,19,81.3,7.87,27.83,48.16,21.22
GP Tom,31,598,485,23,356,26,10,99.7,4.87,21.09,59.53,26.0
C Viljoen,14,255,253,23,116,12,2,42.5,5.95,11.0,45.49,11.09
DA Blignaut,21,275,345,23,112,22,1,45.8,7.53,15.0,40.73,11.96
V Shankar,37,604,747,23,235,30,7,100.7,7.42,32.48,38.91,26.26
K Gowtham,36,636,876,23,241,13,0,106.0,8.26,38.09,37.89,27.65
RJ Gleeson,18,387,539,23,153,17,3,64.5,8.36,23.43,39.53,16.83
CS Nascimento,20,348,285,23,186,15,2,58.0,4.91,12.39,53.45,15.13
K Fletcher,19,385,445,23,194,24,1,64.2,6.94,19.35,50.39,16.74
CT Mumba,19,999,896,23,631,16,2,166.5,5.38,38.96,63.16,43.43
K Senamontree,23,362,416,23,185,9,1,60.3,6.9,18.09,51.1,15.74
G Stewart,19,433,512,23,189,17,3,72.2,7.09,22.26,43.65,18.83
Abbas Ghani,17,248,385,23,100,31,1,41.3,9.31,16.74,40.32,10.78
VC Drakes,14,1076,714,23,707,3,21,179.3,3.98,31.04,65.71,46.78
K Ota,24,336,338,23,166,37,3,56.0,6.04,14.7,49.4,14.61
EC Bargna,20,407,370,23,249,41,5,67.8,5.45,16.09,61.18,17.7
K Gore,21,571,423,23,348,8,1,95.2,4.44,18.39,60.95,24.83
TW Hartley,6,1568,865,23,1113,0,4,261.3,3.31,37.61,70.98,68.17
SSB Magala,15,510,666,23,211,22,12,85.0,7.84,28.96,41.37,22.17
SK Awiah,15,273,297,23,110,6,2,45.5,6.53,12.91,40.29,11.87
T Murphy,7,1160,632,23,836,0,3,193.3,3.27,27.48,72.07,50.43
AB McDonald,14,921,593,23,654,2,3,153.5,3.86,25.78,71.01,40.04
MS Beresford,23,379,394,23,206,63,10,63.2,6.24,17.13,54.35,16.48
AC Mushangwe,12,265,138,23,178,1,0,44.2,3.12,6.0,67.17,11.52
L Chipanga,21,423,264,23,287,42,3,70.5,3.74,11.48,67.85,18.39
LA McBride,20,428,417,23,177,13,0,71.3,5.85,18.13,41.36,18.61
Pyae Phyo Wai,25,400,457,23,189,20,3,66.7,6.86,19.87,47.25,17.39
Noman Amjad,29,558,709,23,263,36,4,93.0,7.62,30.83,47.13,24.26
A Capsey,34,672,608,23,320,23,2,112.0,5.43,26.43,47.62,29.22
P Cuinica,22,449,424,22,276,75,1,74.8,5.67,19.27,61.47,20.41
MM Penfold,26,741,699,22,413,63,6,123.5,5.66,31.77,55.74,33.68
JJ Davidson,14,529,586,22,244,15,1,88.2,6.65,26.64,46.12,24.05
N Gwanzura,20,361,370,22,184,15,1,60.2,6.15,16.82,50.97,16.41
MPP San,22,372,312,22,202,35,0,62.0,5.03,14.18,54.3,16.91
Gayan Munaweera,18,343,472,22,135,13,7,57.2,8.26,21.45,39.36,15.59
Shafali Verma,31,426,401,22,186,14,0,71.0,5.65,18.23,43.66,19.36
Shah Abrar Hussain,23,440,564,22,160,13,1,73.3,7.69,25.64,36.36,20.0
M Sarenac,23,357,530,22,150,39,5,59.5,8.91,24.09,42.02,16.23
Anwar Rahman,17,326,333,22,148,5,1,54.3,6.13,15.14,45.4,14.82
EL Bartram,28,422,453,22,225,52,1,70.3,6.44,20.59,53.32,19.18
Wahidullah Sahak,17,257,360,22,113,15,2,42.8,8.4,16.36,43.97,11.68
R Ova,16,304,219,22,183,19,2,50.7,4.32,9.95,60.2,13.82
U Peace,23,440,320,22,263,10,2,73.3,4.36,14.55,59.77,20.0
D Abeyrathna,20,322,380,22,139,6,0,53.7,7.08,17.27,43.17,14.64
Jubair Hossain,9,844,649,22,492,0,3,140.7,4.61,29.5,58.29,38.36
RR Sarwan,35,1105,889,22,593,17,1,184.2,4.83,40.41,53.67,50.23
SC Getkate,21,458,500,22,211,10,2,76.3,6.55,22.73,46.07,20.82
Z James,39,753,746,22,383,19,2,125.5,5.94,33.91,50.86,34.23
T Taylor,18,332,404,22,155,21,1,55.3,7.3,18.36,46.69,15.09
K Santokie,14,293,377,22,130,9,0,48.8,7.72,17.14,44.37,13.32
A Shahzad,14,698,633,22,406,31,1,116.3,5.44,28.77,58.17,31.73
SY Win,15,252,194,22,130,17,0,42.0,4.62,8.82,51.59,11.45
K Thuchila,19,393,360,22,222,11,0,65.5,5.5,16.36,56.49,17.86
Azmatullah Omarzai,21,428,713,22,150,19,0,71.3,10.0,32.41,35.05,19.45
B Biza,29,579,552,22,269,17,1,96.5,5.72,25.09,46.46,26.32
Bipul Sharma,28,426,581,22,139,10,0,71.0,8.18,26.41,32.63,19.36
TI Gajanayake,25,467,506,22,216,29,2,77.8,6.5,23.0,46.25,21.23
Zeerak Chughtai,17,270,399,22,91,18,3,45.0,8.87,18.14,33.7,12.27
S Venkataraman,11,233,164,22,147,12,0,38.8,4.22,7.45,63.09,10.59
S Wickramasekara,19,329,411,22,135,13,0,54.8,7.5,18.68,41.03,14.95
GA Lamb,21,907,698,22,513,19,0,151.2,4.62,31.73,56.56,41.23
Fayaz Khan,18,326,430,22,138,14,2,54.3,7.91,19.55,42.33,14.82
Irfan Hafejee,15,311,357,22,148,15,5,51.8,6.89,16.23,47.59,14.14
Fariha Trisna,28,612,686,22,315,21,0,102.0,6.73,31.18,51.47,27.82
Maahi Madhavan,17,337,330,22,180,5,1,56.2,5.88,15.0,53.41,15.32
HAM Shah,13,227,249,22,102,6,0,37.8,6.58,11.32,44.93,10.32
Muhammad Rohid,17,457,539,22,218,13,1,76.2,7.08,24.5,47.7,20.77
A Karmacharya,20,294,226,22,167,14,1,49.0,4.61,10.27,56.8,13.36
M Vervitsioti,24,395,438,22,197,65,11,65.8,6.65,19.91,49.87,17.95
T Perera,19,320,461,22,135,20,8,53.3,8.64,20.95,42.19,14.55
VY Mahesh,17,346,511,22,127,13,7,57.7,8.86,23.23,36.71,15.73
Zaheer Zahiri,16,336,410,22,160,27,1,56.0,7.32,18.64,47.62,15.27
Amad Butt,22,418,689,22,130,15,2,69.7,9.89,31.32,31.1,19.0
Nonoha Yasumoto,22,405,292,22,259,31,3,67.5,4.33,13.27,63.95,18.41
NK Aneesh Kumar,26,518,592,22,237,7,0,86.3,6.86,26.91,45.75,23.55
Xu Qian,21,465,273,22,309,13,0,77.5,3.52,12.41,66.45,21.14
A Hlubi,23,837,883,22,478,25,9,139.5,6.33,40.14,57.11,38.05
I van der Woning,30,469,529,21,260,45,6,78.2,6.77,25.19,55.44,22.33
Zeefa Jilani,21,351,304,21,171,17,2,58.5,5.2,14.48,48.72,16.71
TJG Pringle,26,619,688,21,250,4,0,103.2,6.67,32.76,40.39,29.48
OD Hald,21,333,399,21,163,15,0,55.5,7.19,19.0,48.95,15.86
J Butler,16,250,320,21,98,17,1,41.7,7.68,15.24,39.2,11.9
Waji Ul Hassan,24,367,475,21,135,10,1,61.2,7.77,22.62,36.78,17.48
NM Odhiambo,27,451,580,21,180,24,1,75.2,7.72,27.62,39.91,21.48
Junaid Siddiqui,28,744,648,21,359,14,1,124.0,5.23,30.86,48.25,35.43
SH Johnson,21,506,728,21,231,25,2,84.3,8.63,34.67,45.65,24.1
PK Matautaava,17,336,336,21,162,17,0,56.0,6.0,16.0,48.21,16.0
Viktoria Frey,15,320,337,21,189,101,17,53.3,6.32,16.05,59.06,15.24
AA Gajic,15,291,388,21,125,12,2,48.5,8.0,18.48,42.96,13.86
RMAM Avery,17,193,164,21,106,19,0,32.2,5.1,7.81,54.92,9.19
L Maritz,24,484,531,21,234,27,11,80.7,6.58,25.29,48.35,23.05
D Robson,13,312,320,21,162,12,1,52.0,6.15,15.24,51.92,14.86
IT Guha,8,803,372,21,627,8,16,133.8,2.78,17.71,78.08,38.24
IECM Wong,21,616,628,21,351,23,4,102.7,6.12,29.9,56.98,29.33
Thuya Aung,20,358,363,21,172,11,0,59.7,6.08,17.29,48.04,17.05
Anureet Singh,22,419,636,21,152,11,7,69.8,9.11,30.29,36.28,19.95
Zon Lin,22,322,275,21,212,51,3,53.7,5.12,13.1,65.84,15.33
JJ Krejza,10,1168,912,21,665,6,0,194.7,4.68,43.43,56.93,55.62
JK Kamande,21,748,681,21,372,25,1,124.7,5.46,32.43,49.73,35.62
Amir Farooq,18,368,496,21,156,15,9,61.3,8.09,23.62,42.39,17.52
Anshuman Rath,19,475,401,21,253,5,3,79.2,5.07,19.1,53.26,22.62
Prince Yadav,15,336,500,21,126,20,0,56.0,8.93,23.81,37.5,16.0
MO Jones,20,535,516,21,280,21,4,89.2,5.79,24.57,52.34,25.48
Taranjit Singh,15,299,349,21,122,21,2,49.8,7.0,16.62,40.8,14.24
JM Davison,17,654,556,21,318,13,0,109.0,5.1,26.48,48.62,31.14
Zuhaib Zubair,23,471,555,21,189,6,3,78.5,7.07,26.43,40.13,22.43
Bilal Asif,9,1319,561,21,975,1,1,219.8,2.55,26.71,73.92,62.81
XSD Smith,14,289,240,21,154,5,1,48.2,4.98,11.43,53.29,13.76
I Wardlaw,13,628,639,21,358,19,0,104.7,6.11,30.43,57.01,29.9
M Shahbaz Butt,15,330,312,21,162,7,1,55.0,5.67,14.86,49.09,15.71
HN Ya France,36,883,748,21,502,20,0,147.2,5.08,35.62,56.85,42.05
Mirab Razwan,16,344,335,21,164,36,9,57.3,5.84,15.95,47.67,16.38
R Padunglerd,26,355,353,21,183,14,7,59.2,5.97,16.81,51.55,16.9
M Yunusu Issa,22,326,393,21,155,11,2,54.3,7.23,18.71,47.55,15.52
M Yanagida,21,357,281,21,178,17,18,59.5,4.72,13.38,49.86,17.0
D Foerster,27,393,302,21,226,28,3,65.5,4.61,14.38,57.51,18.71
ROC Dunka,24,436,598,21,194,32,4,72.7,8.23,28.48,44.5,20.76
E Mathew,20,344,469,21,135,16,3,57.3,8.18,22.33,39.24,16.38
F Stoman,17,356,393,21,177,24,2,59.3,6.62,18.71,49.72,16.95
Ali Masood,15,254,371,21,109,22,2,42.3,8.76,17.67,42.91,12.1
SP Jones,10,1068,764,21,720,14,8,178.0,4.29,36.38,67.42,50.86
SS Pathirana,23,861,843,21,372,13,1,143.5,5.87,40.14,43.21,41.0
T Rossi,21,352,431,21,186,32,2,58.7,7.35,20.52,52.84,16.76
Mukesh Choudhary,20,394,633,21,169,22,1,65.7,9.64,30.14,42.89,18.76
Shashikant Laxman,15,301,279,21,159,8,0,50.2,5.56,13.29,52.82,14.33
Suhrawadi Shuvo,19,1068,736,21,624,8,2,178.0,4.13,35.05,58.43,50.86
GK Berg,15,295,326,21,149,6,1,49.2,6.63,15.52,50.51,14.05
MJ Ansell,20,424,398,21,231,9,1,70.7,5.63,18.95,54.48,20.19
Alok Kapali,32,950,796,21,482,11,0,158.3,5.03,37.9,50.74,45.24
Nadeem Khan,13,397,363,21,194,1,1,66.2,5.49,17.29,48.87,18.9
Karri Gullem Keen,15,323,304,21,180,32,3,53.8,5.65,14.48,55.73,15.38
NR Johns-Wickberg,16,334,365,21,177,17,1,55.7,6.56,17.38,52.99,15.9
F Mutua,17,235,301,21,99,16,4,39.2,7.69,14.33,42.13,11.19
D Lohia,21,349,309,21,181,14,3,58.2,5.31,14.71,51.86,16.62
S Mosweu,24,370,349,21,210,30,0,61.7,5.66,16.62,56.76,17.62
J Tuffin,17,360,396,21,184,13,0,60.0,6.6,18.86,51.11,17.14
F Odhiambo,26,374,315,21,209,11,2,62.3,5.05,15.0,55.88,17.81
R Choden,17,299,259,21,162,18,0,49.8,5.2,12.33,54.18,14.24
PE Kulume,23,353,315,21,197,25,2,58.8,5.35,15.0,55.81,16.81
Mohammad Asghar,20,364,470,21,144,3,0,60.7,7.75,22.38,39.56,17.33
Luqman Butt,31,518,652,21,249,23,0,86.3,7.55,31.05,48.07,24.67
A Martel,22,386,429,21,154,6,1,64.3,6.67,20.43,39.9,18.38
RL Johnson,9,556,299,20,408,12,3,92.7,3.23,14.95,73.38,27.8
ACF Stokes,16,318,320,20,153,8,0,53.0,6.04,16.0,48.11,15.9
L Qiao,13,264,150,20,177,16,0,44.0,3.41,7.5,67.05,13.2
A Venkatesh,11,194,217,20,85,5,0,32.3,6.71,10.85,43.81,9.7
N Tanner,16,258,329,20,110,14,2,43.0,7.65,16.45,42.64,12.9
BJ Hodge,26,330,406,20,122,5,0,55.0,7.38,20.3,36.97,16.5
JJC Lawson,7,783,645,20,512,11,14,130.5,4.94,32.25,65.39,39.15
Sania Khan,17,350,339,20,179,13,0,58.3,5.81,16.95,51.14,17.5
Sangita Rai,15,249,202,20,119,4,0,41.5,4.87,10.1,47.79,12.45
Tashi Phuntsho,14,252,221,20,156,14,0,42.0,5.26,11.05,61.9,12.6
B Phelenyane,18,387,441,20,202,61,13,64.5,6.84,22.05,52.2,19.35
Amir Hayat,13,534,498,20,294,20,1,89.0,5.6,24.9,55.06,26.7
JG Bethell,24,629,682,20,294,15,0,104.8,6.51,34.1,46.74,31.45
JM Kemp,36,702,589,20,383,23,2,117.0,5.03,29.45,54.56,35.1
D Mohammed,7,872,595,20,550,3,0,145.3,4.09,29.75,63.07,43.6
A Mithun,25,1202,1160,20,716,27,14,200.3,5.79,58.0,59.57,60.1
NND de Silva,33,560,515,20,301,33,1,93.3,5.52,25.75,53.75,28.0
Zafar Gohar,18,530,618,20,246,16,0,88.3,7.0,30.9,46.42,26.5
F Akankwasa,18,318,329,20,142,4,2,53.0,6.21,16.45,44.65,15.9
J Suchith,21,420,604,20,142,14,0,70.0,8.63,30.2,33.81,21.0
NA Greenwood,20,348,349,20,144,5,0,58.0,6.02,17.45,41.38,17.4
O Lefaga,12,248,185,20,172,19,8,41.3,4.48,9.25,69.35,12.4
Sultan Ahmed (2),21,450,425,20,234,10,0,75.0,5.67,21.25,52.0,22.5
A Fujikawa,19,361,334,20,177,26,1,60.2,5.55,16.7,49.03,18.05
KS Bagabena,33,481,561,20,234,31,2,80.2,7.0,28.05,48.65,24.05
D Johnson,20,336,463,20,135,18,0,56.0,8.27,23.15,40.18,16.8
Khurram Chohan,13,542,495,20,310,9,5,90.3,5.48,24.75,57.2,27.1
TR Sadhu,20,584,563,20,338,22,0,97.3,5.78,28.15,57.88,29.2
FO Kibasu,18,267,274,20,113,6,1,44.5,6.16,13.7,42.32,13.35
KS Lokuarachchi,16,696,551,20,355,9,0,116.0,4.75,27.55,51.01,34.8
PM Liyanagamage,18,529,675,20,230,38,2,88.2,7.66,33.75,43.48,26.45
Farhad Reza,35,967,1055,20,468,19,7,161.2,6.55,52.75,48.4,48.35
CJ Langford,16,301,327,20,157,19,1,50.2,6.52,16.35,52.16,15.05
S Wetoto,11,193,177,20,89,5,0,32.2,5.5,8.85,46.11,9.65
S Walaza,26,450,406,20,249,21,1,75.0,5.41,20.3,55.33,22.5
P Sabu,10,209,195,20,124,33,2,34.8,5.6,9.75,59.33,10.45
T Iosefo,13,241,208,20,130,14,4,40.2,5.18,10.4,53.94,12.05
S Nisansala,20,559,503,20,255,12,1,93.2,5.4,25.15,45.62,27.95
YS Blagg,11,188,157,20,136,48,4,31.3,5.01,7.85,72.34,9.4
A Merritt,19,381,426,20,171,29,3,63.5,6.71,21.3,44.88,19.05
NE Farrant,18,480,482,20,272,18,0,80.0,6.02,24.1,56.67,24.0
Ubaid Shah,19,358,594,20,147,10,3,59.7,9.96,29.7,41.06,17.9
KM Dabengwa,29,1109,922,20,596,16,1,184.8,4.99,46.1,53.74,55.45
A Shahi,17,303,393,20,128,28,3,50.5,7.78,19.65,42.24,15.15
G Wetherall,16,318,324,20,151,31,6,53.0,6.11,16.2,47.48,15.9
Tanvir Ahmed (1),7,780,515,20,555,5,19,130.0,3.96,25.75,71.15,39.0
K Fubler,13,269,206,20,149,4,0,44.8,4.59,10.3,55.39,13.45
CL White,32,946,826,20,500,23,1,157.7,5.24,41.3,52.85,47.3
RJ Kirtley,7,967,563,20,707,8,8,161.2,3.49,28.15,73.11,48.35
A Reyes,19,258,354,20,107,20,3,43.0,8.23,17.7,41.47,12.9
S MacMahon,27,644,583,20,333,43,2,107.3,5.43,29.15,51.71,32.2
PLS Gamage,14,1533,983,20,1039,10,19,255.5,3.85,49.15,67.78,76.65
H Venkataram,12,260,339,20,109,22,1,43.3,7.82,16.95,41.92,13.0
C Pengkumta,25,384,471,20,173,28,0,64.0,7.36,23.55,45.05,19.2
Azyan Farhath,14,225,226,20,108,4,2,37.5,6.03,11.3,48.0,11.25
NM Salonen,14,288,347,20,145,22,1,48.0,7.23,17.35,50.35,14.4
A Dhabe,14,318,342,20,148,3,0,53.0,6.45,17.1,46.54,15.9
W Moutswi,19,353,251,20,221,46,5,58.8,4.27,12.55,62.61,17.65
A Stocks,14,281,230,20,130,16,3,46.8,4.91,11.5,46.26,14.05
IC Pandey,24,464,609,19,223,5,2,77.3,7.88,32.05,48.06,24.42
Sameera Khan,25,362,369,19,177,33,2,60.3,6.12,19.42,48.9,19.05
Abdul Naser Baluch,13,275,330,19,138,27,0,45.8,7.2,17.37,50.18,14.47
Umer Khan,15,306,400,19,113,8,0,51.0,7.84,21.05,36.93,16.11
B Laughlin,20,524,708,19,207,16,1,87.3,8.11,37.26,39.5,27.58
J Evans,9,199,225,19,89,8,1,33.2,6.78,11.84,44.72,10.47
A Ashish Reddy,20,264,400,19,83,6,2,44.0,9.09,21.05,31.44,13.89
L Denny,13,276,350,19,122,12,1,46.0,7.61,18.42,44.2,14.53
DAM Louis,12,229,294,19,79,5,1,38.2,7.7,15.47,34.5,12.05
NB Mahwire,14,1007,785,19,668,32,27,167.8,4.68,41.32,66.34,53.0
A Galan,14,280,212,19,146,10,1,46.7,4.54,11.16,52.14,14.74
Yasar Haroon,16,312,315,19,152,10,0,52.0,6.06,16.58,48.72,16.42
DC Smith,24,395,534,19,155,20,2,65.8,8.11,28.11,39.24,20.79
DJ Hooda,47,618,746,19,222,17,0,103.0,7.24,39.26,35.92,32.53
Delawar Khan,21,336,418,19,147,10,5,56.0,7.46,22.0,43.75,17.68
M Hundal,11,215,199,19,102,2,5,35.8,5.55,10.47,47.44,11.32
SM Nash,17,309,408,19,136,15,2,51.5,7.92,21.47,44.01,16.26
MWR Stokes,27,437,526,19,171,4,0,72.8,7.22,27.68,39.13,23.0
Gurpratap Singh,10,212,235,19,106,8,8,35.3,6.65,12.37,50.0,11.16
H Bharadwaj,12,270,236,19,123,8,0,45.0,5.24,12.42,45.56,14.21
S Sharma,14,426,305,19,288,17,0,71.0,4.3,16.05,67.61,22.42
CB Roposo,14,253,281,19,113,6,3,42.2,6.66,14.79,44.66,13.32
Ammar Khalid,11,355,328,19,204,12,1,59.2,5.54,17.26,57.46,18.68
Shah Faisal,15,397,484,19,208,17,1,66.2,7.31,25.47,52.39,20.89
D Marks,17,364,549,19,138,26,2,60.7,9.05,28.89,37.91,19.16
R Parag,40,448,653,19,122,16,1,74.7,8.75,34.37,27.23,23.58
R Nehonde,18,298,354,19,123,14,0,49.7,7.13,18.63,41.28,15.68
B Niaz,13,204,222,19,90,4,0,34.0,6.53,11.68,44.12,10.74
Muhammad Saqlain,13,231,320,19,109,36,2,38.5,8.31,16.84,47.19,12.16
E Kabwere,10,200,163,19,128,24,1,33.3,4.89,8.58,64.0,10.53
Akhil Anil,19,332,370,19,147,20,0,55.3,6.69,19.47,44.28,17.47
D Visser,14,276,354,19,101,5,0,46.0,7.7,18.63,36.59,14.53
Jahandad Khan,24,376,662,19,128,9,4,62.7,10.56,34.84,34.04,19.79
Jakob Gul,11,262,322,19,103,14,4,43.7,7.37,16.95,39.31,13.79
Atif-Ur-Rehman,16,320,308,19,182,19,2,53.3,5.78,16.21,56.88,16.84
R Mangal,17,248,342,19,91,11,1,41.3,8.27,18.0,36.69,13.05
S Kushretha,11,252,274,19,122,4,0,42.0,6.52,14.42,48.41,13.26
B Kgosiemang,22,364,475,19,166,11,1,60.7,7.83,25.0,45.6,19.16
SEA Ruck,14,524,407,19,341,18,1,87.3,4.66,21.42,65.08,27.58
K Chigora,17,454,514,19,248,66,8,75.7,6.79,27.05,54.63,23.89
KM Chingaipe,15,282,257,19,173,26,2,47.0,5.47,13.53,61.35,14.84
Meghna Rajan,10,208,90,19,156,11,1,34.7,2.6,4.74,75.0,10.95
L Karlsson,14,245,253,19,121,6,0,40.8,6.2,13.32,49.39,12.89
N Nojic,10,226,172,18,139,26,3,37.7,4.57,9.56,61.5,12.56
A Krishna,14,261,384,18,91,2,1,43.5,8.83,21.33,34.87,14.5
Asad Ali Rehemtulla,15,281,417,18,114,16,1,46.8,8.9,23.17,40.57,15.61
JAR Blain,12,445,359,18,284,13,3,74.2,4.84,19.94,63.82,24.72
BM Halliday,30,416,410,18,188,12,4,69.3,5.91,22.78,45.19,23.11
A Bester,9,168,168,18,96,13,0,28.0,6.0,9.33,57.14,9.33
C Wijesinghe,10,230,170,18,158,53,8,38.3,4.43,9.44,68.7,12.78
FA Cossa,16,318,388,18,131,13,0,53.0,7.32,21.56,41.19,17.67
D Panda,11,209,260,18,85,8,0,34.8,7.46,14.44,40.67,11.61
M Jele,19,280,401,18,140,42,4,46.7,8.59,22.28,50.0,15.56
AG Wharf,12,557,403,18,348,5,21,92.8,4.34,22.39,62.48,30.94
AL Mundundo,18,281,236,18,163,39,6,46.8,5.04,13.11,58.01,15.61
O Matsolo,16,294,327,18,163,39,6,49.0,6.67,18.17,55.44,16.33
V Kohli,100,1250,1344,18,468,16,10,208.3,6.45,74.67,37.44,69.44
Akhil Kumar,17,385,409,18,189,15,2,64.2,6.37,22.72,49.09,21.39
R Baaleri,12,218,263,18,94,1,0,36.3,7.24,14.61,43.12,12.11
TL Chivanga,14,1022,928,18,631,24,22,170.3,5.45,51.56,61.74,56.78
D Elgar,38,1133,757,18,696,1,1,188.8,4.01,42.06,61.43,62.94
J Ajiambo,16,289,220,18,163,16,4,48.2,4.57,12.22,56.4,16.06
Cai Yuzhi,13,194,184,18,97,15,3,32.3,5.69,10.22,50.0,10.78
KS Airee,13,322,340,18,161,18,3,53.7,6.34,18.89,50.0,17.89
S Immadi,29,771,579,18,430,13,0,128.5,4.51,32.17,55.77,42.83
EAS Ferrary,11,212,164,18,147,24,5,35.3,4.64,9.11,69.34,11.78
A Ashokan,18,342,441,18,135,21,0,57.0,7.74,24.5,39.47,19.0
BM Wheeler,12,439,537,18,235,20,2,73.2,7.34,29.83,53.53,24.39
TBM de Leede,11,467,413,18,268,17,0,77.8,5.31,22.94,57.39,25.94
Abhishek Sharma,55,531,798,18,150,10,1,88.5,9.02,44.33,28.25,29.5
G Singh,17,361,333,18,195,6,0,60.2,5.53,18.5,54.02,20.06
Abdul Samad,20,265,285,18,144,4,0,44.2,6.45,15.83,54.34,14.72
Mohammad Shahzad (2),16,344,383,18,154,5,0,57.3,6.68,21.28,44.77,19.11
TS Roland-Jones,5,578,371,18,433,1,0,96.3,3.85,20.61,74.91,32.11
BG Illing,17,658,594,18,404,51,4,109.7,5.42,33.0,61.4,36.56
M Joshi,19,645,511,18,417,15,1,107.5,4.75,28.39,64.65,35.83
S Dhadwal,20,315,304,18,162,30,2,52.5,5.79,16.89,51.43,17.5
M Taylor,23,468,550,18,236,23,1,78.0,7.05,30.56,50.43,26.0
L Erdenebulgan,12,256,430,18,90,24,4,42.7,10.08,23.89,35.16,14.22
Joginder Sharma,21,416,614,18,148,15,7,69.3,8.86,34.11,35.58,23.11
JWM Dalrymple,26,871,726,18,431,29,1,145.2,5.0,40.33,49.48,48.39
AK Gokoel,13,264,278,18,119,6,0,44.0,6.32,15.44,45.08,14.67
Sheraz Sheikh,18,247,314,18,97,8,0,41.2,7.63,17.44,39.27,13.72
C Chatonzwa,19,445,459,18,219,6,1,74.2,6.19,25.5,49.21,24.72
PW Borren,35,833,853,18,343,12,1,138.8,6.14,47.39,41.18,46.28
Sher Sahak,15,209,247,18,99,14,3,34.8,7.09,13.72,47.37,11.61
ZL Thoon,12,256,158,18,156,24,1,42.7,3.7,8.78,60.94,14.22
Karuna Bhandari,14,254,131,18,169,2,2,42.3,3.09,7.28,66.54,14.11
Murid Ekrami,17,343,405,18,159,11,2,57.2,7.08,22.5,46.36,19.06
SA Panayan,20,362,433,18,144,25,1,60.3,7.18,24.06,39.78,20.11
KC Thompson,16,334,202,18,208,13,0,55.7,3.63,11.22,62.28,18.56
Mohammad Aadil Alam,15,399,319,18,221,9,3,66.5,4.8,17.72,55.39,22.17
AS van Beuge,17,391,365,18,192,6,0,65.2,5.6,20.28,49.1,21.72
SFS Cheema,14,189,268,18,84,19,3,31.5,8.51,14.89,44.44,10.5
SA Campbelle,22,482,435,18,235,36,1,80.3,5.41,24.17,48.76,26.78
VD Adewoye,21,290,394,18,103,11,3,48.3,8.15,21.89,35.52,16.11
ZB Lion-Cachet,19,369,379,18,168,6,1,61.5,6.16,21.06,45.53,20.5
Faheem Nazir,15,244,311,18,123,14,0,40.7,7.65,17.28,50.41,13.56
DS Rathi,19,458,661,17,135,11,2,76.3,8.66,38.88,29.48,26.94
KAD Hurdle,9,470,400,17,288,25,32,78.3,5.11,23.53,61.28,27.65
A Dhingra,14,243,343,17,84,12,0,40.5,8.47,20.18,34.57,14.29
W Ngowhuad,12,195,323,17,84,10,2,32.5,9.94,19.0,43.08,11.47
Samiullah Rahmani,12,196,229,17,77,4,3,32.7,7.01,13.47,39.29,11.53
Nyeing Cham Soe,15,215,303,17,96,25,0,35.8,8.46,17.82,44.65,12.65
I Muhawenimana,25,435,376,17,273,51,9,72.5,5.19,22.12,62.76,25.59
V Phiri,11,204,179,17,106,12,1,34.0,5.26,10.53,51.96,12.0
K Kubota,15,212,182,17,126,19,0,35.3,5.15,10.71,59.43,12.47
K Kato-Stafford,12,154,129,17,92,16,2,25.7,5.03,7.59,59.74,9.06
G Mallett,9,169,148,17,77,11,1,28.2,5.25,8.71,45.56,9.94
T Trajkovic,7,144,128,17,90,30,6,24.0,5.33,7.53,62.5,8.47
PHKD Mendis,41,643,745,17,262,13,1,107.2,6.95,43.82,40.75,37.82
A Natubhai Ahir,18,341,305,17,177,7,0,56.8,5.37,17.94,51.91,20.06
SS Grimmond,22,427,411,17,191,17,2,71.2,5.78,24.18,44.73,25.12
EC Rainsford,24,1076,872,17,679,31,15,179.3,4.86,51.29,63.1,63.29
HAM Samuddika,21,612,514,17,301,16,0,102.0,5.04,30.24,49.18,36.0
Zain Ahmad,11,210,231,17,90,4,0,35.0,6.6,13.59,42.86,12.35
Ziaur Rahman,18,605,478,17,362,6,2,100.8,4.74,28.12,59.83,35.59
A Chenthamara,10,185,222,17,88,9,1,30.8,7.2,13.06,47.57,10.88
YA Abdulla,13,252,355,17,115,15,1,42.0,8.45,20.88,45.63,14.82
C Perry,15,305,315,17,166,31,0,50.8,6.2,18.53,54.43,17.94
O Ranedoumoun,16,289,243,17,163,29,1,48.2,5.04,14.29,56.4,17.0
R Bakum,14,205,270,17,91,13,0,34.2,7.9,15.88,44.39,12.06
Muhammad Arfan,12,238,260,17,89,11,0,39.7,6.55,15.29,37.39,14.0
Muhammad Farooq,16,336,401,17,151,12,0,56.0,7.16,23.59,44.94,19.76
Mominul Haque,51,1063,763,17,570,1,0,177.2,4.31,44.88,53.62,62.53
P Shetty,24,462,481,17,254,59,0,77.0,6.25,28.29,54.98,27.18
S Kato,22,431,370,17,240,30,3,71.8,5.15,21.76,55.68,25.35
D Vihanga,9,504,395,17,267,7,0,84.0,4.7,23.24,52.98,29.65
Mujeeb-ur-Rehman,21,362,434,17,155,5,2,60.3,7.19,25.53,42.82,21.29
Tanvir Islam,13,510,459,17,263,2,0,85.0,5.4,27.0,51.57,30.0
Aftab Hussain,10,228,252,17,94,13,0,38.0,6.63,14.82,41.23,13.41
HB Shipley,12,465,504,17,232,22,0,77.5,6.5,29.65,49.89,27.35
Robert Raina,11,145,146,17,72,8,1,24.2,6.04,8.59,49.66,8.53
J Singye,23,382,440,17,156,12,0,63.7,6.91,25.88,40.84,22.47
Rizwan Cheema,21,637,631,17,301,4,2,106.2,5.94,37.12,47.25,37.47
MD Dai,17,660,508,17,364,11,0,110.0,4.62,29.88,55.15,38.82
HL Tau,20,363,340,17,172,8,3,60.5,5.62,20.0,47.38,21.35
Fazalhaq Farooqi,18,393,625,17,140,18,0,65.5,9.54,36.76,35.62,23.12
A Savvani,22,401,411,17,187,44,6,66.8,6.15,24.18,46.63,23.59
A Zimunu,22,592,591,17,339,61,3,98.7,5.99,34.76,57.26,34.82
L Shafeeg,19,320,443,17,130,14,0,53.3,8.31,26.06,40.62,18.82
Han Lili,9,200,120,17,110,5,2,33.3,3.6,7.06,55.0,11.76
Shahid Nazir,5,864,509,17,643,0,18,144.0,3.53,29.94,74.42,50.82
N Benjamin,18,274,230,17,148,9,1,45.7,5.04,13.53,54.01,16.12
LR Shukla,27,316,458,17,117,10,2,52.7,8.7,26.94,37.03,18.59
AL Stephen,15,280,356,17,117,12,3,46.7,7.63,20.94,41.79,16.47
DC Stovell,15,260,293,17,109,6,1,43.3,6.76,17.24,41.92,15.29
Ashwani Kumar,10,185,336,17,59,11,2,30.8,10.9,19.76,31.89,10.88
M Gaur,23,508,478,17,292,34,2,84.7,5.65,28.12,57.48,29.88
Asif Shaikh,14,297,327,17,127,3,1,49.5,6.61,19.24,42.76,17.47
M Dixit,20,341,436,17,119,17,0,56.8,7.67,25.65,34.9,20.06
Ilyas Ahmed,16,302,393,17,144,22,2,50.3,7.81,23.12,47.68,17.76
RG Aga,17,373,344,17,191,9,3,62.2,5.53,20.24,51.21,21.94
S Nsubuga,15,254,297,17,115,3,1,42.3,7.02,17.47,45.28,14.94
A Turkmen,15,325,388,17,147,25,1,54.2,7.16,22.82,45.23,19.12
WJ Cope,17,302,391,17,131,20,2,50.3,7.77,23.0,43.38,17.76
H Agarwal,18,331,328,17,172,28,1,55.2,5.95,19.29,51.96,19.47
C Munro,44,832,796,17,388,13,0,138.7,5.74,46.82,46.63,48.94
DAL Paramitha,17,312,222,17,207,24,6,52.0,4.27,13.06,66.35,18.35
Y Cariah,16,633,670,17,304,2,1,105.5,6.35,39.41,48.03,37.24
SN Swamy,8,180,207,17,77,6,0,30.0,6.9,12.18,42.78,10.59
MN Waller,34,1056,762,17,570,10,0,176.0,4.33,44.82,53.98,62.12
H Dhavina,23,436,406,17,211,8,6,72.7,5.59,23.88,48.39,25.65
A Vessik,13,261,209,17,177,62,5,43.5,4.8,12.29,67.82,15.35
L Ostergaard,13,266,232,17,142,19,2,44.3,5.23,13.65,53.38,15.65
Rasikh Salam,18,329,549,17,103,14,3,54.8,10.01,32.29,31.31,19.35
BG Lister,16,461,577,17,194,18,0,76.8,7.51,33.94,42.08,27.12
Hassnain Shah,14,465,516,17,221,18,1,77.5,6.66,30.35,47.53,27.35
Zeeshan Kukikhel,12,237,344,17,104,20,0,39.5,8.71,20.24,43.88,13.94
DR Hooper,17,330,388,17,128,11,1,55.0,7.05,22.82,38.79,19.41
Nazmul Islam,14,549,478,16,300,6,0,91.5,5.22,29.88,54.64,34.31
Riya Sharma,26,493,462,16,241,22,3,82.2,5.62,28.88,48.88,30.81
A Dirannehelage,12,264,152,16,193,55,3,44.0,3.45,9.5,73.11,16.5
I Waqavakatoga,9,180,152,16,102,15,0,30.0,5.07,9.5,56.67,11.25
S Thapa,11,193,190,16,103,18,1,32.2,5.91,11.88,53.37,12.06
P Khadka,29,558,508,16,300,11,0,93.0,5.46,31.75,53.76,34.88
U Aryaman Sunil,22,409,635,16,154,19,7,68.2,9.32,39.69,37.65,25.56
Jaswinder Singh,15,220,296,16,85,15,0,36.7,8.07,18.5,38.64,13.75
C Sosa,14,291,237,16,169,31,9,48.5,4.89,14.81,58.08,18.19
CK Jasmat,20,394,460,16,183,21,0,65.7,7.01,28.75,46.45,24.62
Dilbar Hussain,12,231,321,16,75,7,6,38.5,8.34,20.06,32.47,14.44
E Guehoada,15,294,244,16,151,13,1,49.0,4.98,15.25,51.36,18.38
Muhammed Imran,7,228,232,16,128,11,3,38.0,6.11,14.5,56.14,14.25
GM Harris,16,408,303,16,215,7,0,68.0,4.46,18.94,52.7,25.5
Alina Aslam,16,351,320,16,198,50,4,58.5,5.47,20.0,56.41,21.94
JS Pooranakaran,25,445,496,16,230,65,20,74.2,6.69,31.0,51.69,27.81
Lucky Ali,13,234,203,16,129,11,0,39.0,5.21,12.69,55.13,14.62
Surya Anand,26,445,451,16,221,6,0,74.2,6.08,28.19,49.66,27.81
Saber Zakhil,18,268,345,16,113,15,2,44.7,7.72,21.56,42.16,16.75
CE McConchie,26,492,604,16,195,8,0,82.0,7.37,37.75,39.63,30.75
AF Aoina,13,217,211,16,118,29,4,36.2,5.83,13.19,54.38,13.56
AJ Ireland,13,642,612,16,368,32,7,107.0,5.72,38.25,57.32,40.12
A Husain,15,267,301,16,105,19,3,44.5,6.76,18.81,39.33,16.69
AM Ellis,17,542,539,16,273,14,2,90.3,5.97,33.69,50.37,33.88
RM Dorji,20,297,418,16,100,13,1,49.5,8.44,26.12,33.67,18.56
AC Thomas,15,317,416,16,133,10,2,52.8,7.87,26.0,41.96,19.81
WER Somerville,6,1466,749,16,1067,0,0,244.3,3.07,46.81,72.78,91.62
NP Dalgaard,13,309,237,16,162,21,3,51.5,4.6,14.81,52.43,19.31
F Damiao Couana,17,325,400,16,174,26,7,54.2,7.38,25.0,53.54,20.31
MPM Pathirannehelage,10,203,142,16,128,22,1,33.8,4.2,8.88,63.05,12.69
Ehsan Adil,15,848,709,16,546,14,5,141.3,5.02,44.31,64.39,53.0
A Vaidya,15,232,204,16,144,50,7,38.7,5.28,12.75,62.07,14.5
MK Amusa,14,270,184,16,156,12,0,45.0,4.09,11.5,57.78,16.88
WK Lai,15,237,217,16,118,22,4,39.5,5.49,13.56,49.79,14.81
Muhammad Salman,16,318,341,16,147,2,0,53.0,6.43,21.31,46.23,19.88
Soyeb Pendi,9,199,207,16,104,10,1,33.2,6.24,12.94,52.26,12.44
S Maduranga,14,228,300,16,100,13,1,38.0,7.89,18.75,43.86,14.25
R Edwards,10,198,199,16,85,14,0,33.0,6.03,12.44,42.93,12.38
Syed Maisam Ali,8,141,145,16,64,9,2,23.5,6.17,9.06,45.39,8.81
Zaki Ul Hassan,9,185,254,16,84,5,0,30.8,8.24,15.88,45.41,11.56
J Bulele,12,243,281,16,109,9,1,40.5,6.94,17.56,44.86,15.19
Fiza,11,173,150,16,83,15,1,28.8,5.2,9.38,47.98,10.81
J Drysdale,15,330,407,16,164,14,0,55.0,7.4,25.44,49.7,20.62
J Hicks,11,221,154,16,122,14,0,36.8,4.18,9.62,55.2,13.81
RJ Nicol,32,479,514,16,215,14,0,79.8,6.44,32.12,44.89,29.94
NJ Pius,20,259,211,16,148,18,0,43.2,4.89,13.19,57.14,16.19
K Peddrick,19,302,328,16,149,48,3,50.3,6.52,20.5,49.34,18.88
R Immadi,17,369,404,16,191,69,6,61.5,6.57,25.25,51.76,23.06
Rachel Delaney,21,487,446,16,237,27,3,81.2,5.49,27.88,48.67,30.44
G Sultana,20,719,563,16,414,10,0,119.8,4.7,35.19,57.58,44.94
KK Lin Thu,20,330,333,16,185,30,0,55.0,6.05,20.81,56.06,20.62
Meet Bhavsar,18,243,288,16,97,2,1,40.5,7.11,18.0,39.92,15.19
PSRK Sudarshan,14,294,397,16,124,10,0,49.0,8.1,24.81,42.18,18.38
Parveen Kumar,17,525,417,16,309,8,0,87.5,4.77,26.06,58.86,32.81
TK Patel,11,306,267,16,177,2,0,51.0,5.24,16.69,57.84,19.12
Faisal Akram,13,341,380,16,145,4,0,56.8,6.69,23.75,42.52,21.31
O Mondlane,15,279,190,16,164,25,13,46.5,4.09,11.88,58.78,17.44
AIV Benatar,10,190,156,16,125,28,11,31.7,4.93,9.75,65.79,11.88
Danyal Raja,20,354,528,16,184,47,0,59.0,8.95,33.0,51.98,22.12
A Fillie,12,195,181,16,121,42,0,32.5,5.57,11.31,62.05,12.19
KR Sen,13,273,433,16,105,15,2,45.5,9.52,27.06,38.46,17.06
Umair Qasim,20,345,438,16,159,20,1,57.5,7.62,27.38,46.09,21.56
Ehsan Nawaz,15,451,443,16,257,14,6,75.2,5.89,27.69,56.98,28.19
Priya Mishra,9,406,402,16,208,6,0,67.7,5.94,25.12,51.23,25.38
A Das,12,329,275,16,167,3,0,54.8,5.02,17.19,50.76,20.56
R Siriwardena,7,129,213,15,46,13,0,21.5,9.91,14.2,35.66,8.6
Nizakat Khan,19,305,287,15,138,7,0,50.8,5.65,19.13,45.25,20.33
M Short,8,168,115,15,118,31,0,28.0,4.11,7.67,70.24,11.2
P Chilongia,11,166,122,15,104,17,4,27.7,4.41,8.13,62.65,11.07
JAM Henri,15,295,404,15,136,19,1,49.2,8.22,26.93,46.1,19.67
JB Reva,13,319,317,15,148,1,1,53.2,5.96,21.13,46.39,21.27
JB Abega,13,222,290,15,109,19,1,37.0,7.84,19.33,49.1,14.8
P Agrawal,11,253,204,15,138,12,1,42.2,4.84,13.6,54.55,16.87
DGAPD Wiswi,16,161,168,15,72,9,4,26.8,6.26,11.2,44.72,10.73
I Edwards,13,247,271,15,130,30,1,41.2,6.58,18.07,52.63,16.47
Arif Yaqoob,9,180,234,15,61,3,0,30.0,7.8,15.6,33.89,12.0
M Levitt,19,546,505,15,281,4,0,91.0,5.55,33.67,51.47,36.4
DT Doram,14,300,392,15,113,0,0,50.0,7.84,26.13,37.67,20.0
A Mare,19,314,300,15,179,33,2,52.3,5.73,20.0,57.01,20.93
MD Gunathilaka,39,723,645,15,335,8,0,120.5,5.35,43.0,46.33,48.2
Junaid Aziz,13,140,198,15,49,7,2,23.3,8.49,13.2,35.0,9.33
Mohammed Irshad,10,149,212,15,50,13,2,24.8,8.54,14.13,33.56,9.93
S Snater,14,292,464,15,89,7,4,48.7,9.53,30.93,30.48,19.47
DE Bernard,18,766,631,15,446,34,10,127.7,4.94,42.07,58.22,51.07
Fazil Rahman,6,132,165,15,67,5,1,22.0,7.5,11.0,50.76,8.8
AN Ahmed,17,349,515,15,131,13,5,58.2,8.85,34.33,37.54,23.27
Abdullah Mahmood,13,208,224,15,77,3,0,34.7,6.46,14.93,37.02,13.87
Mohammad Atif,10,230,193,15,134,12,0,38.3,5.03,12.87,58.26,15.33
ATS Silva,16,318,267,15,188,18,0,53.0,5.04,17.8,59.12,21.2
MJ North,14,1278,625,15,941,1,2,213.0,2.93,41.67,73.63,85.2
Syeda Aroob Shah,19,456,455,15,205,6,1,76.0,5.99,30.33,44.96,30.4
S Matsikenyeri,29,684,582,15,291,19,0,114.0,5.11,38.8,42.54,45.6
A Thorpe,13,236,238,15,124,34,10,39.3,6.05,15.87,52.54,15.73
TT Maposa,18,312,476,15,112,21,4,52.0,9.15,31.73,35.9,20.8
Zara Mohammad,9,190,200,15,119,68,4,31.7,6.32,13.33,62.63,12.67
Abul Farhad,11,208,292,15,92,12,7,34.7,8.42,19.47,44.23,13.87
NK Tiwari,15,295,330,15,126,8,2,49.2,6.71,22.0,42.71,19.67
J Kowa,14,278,213,15,191,41,0,46.3,4.6,14.2,68.71,18.53
G Candiru,15,337,324,15,131,21,1,56.2,5.77,21.6,38.87,22.47
TH Semau,14,211,173,15,123,24,2,35.2,4.92,11.53,58.29,14.07
K Nestor,19,319,477,15,142,25,2,53.2,8.97,31.8,44.51,21.27
Mushfiqur Rahman,18,1143,851,15,775,9,5,190.5,4.47,56.73,67.8,76.2
M Gogev,16,288,450,15,110,18,1,48.0,9.38,30.0,38.19,19.2
CJ Dala,14,361,514,15,154,21,1,60.2,8.54,34.27,42.66,24.07
M Artur,13,166,125,15,105,9,1,27.7,4.52,8.33,63.25,11.07
T Chopra,13,186,166,15,92,8,0,31.0,5.35,11.07,49.46,12.4
LS Baker,12,831,609,15,540,10,3,138.5,4.4,40.6,64.98,55.4
A Nathwani,15,294,367,15,126,10,0,49.0,7.49,24.47,42.86,19.6
E Marx,19,524,563,15,295,53,0,87.3,6.45,37.53,56.3,34.93
E Mbofana,12,374,352,15,194,30,2,62.3,5.65,23.47,51.87,24.93
A Paul,12,217,318,15,73,11,1,36.2,8.79,21.2,33.64,14.47
E Karimi,11,204,219,15,91,5,0,34.0,6.44,14.6,44.61,13.6
PM Pushpakumara,6,974,632,15,608,0,0,162.3,3.89,42.13,62.42,64.93
S Horley,12,253,222,15,141,10,0,42.2,5.26,14.8,55.73,16.87
S Kanankege,25,382,365,15,192,29,10,63.7,5.73,24.33,50.26,25.47
SJ Srivastava,14,283,444,15,106,23,1,47.2,9.41,29.6,37.46,18.87
L Bonner,7,167,128,15,95,4,0,27.8,4.6,8.53,56.89,11.13
Ezgi Nur Kilic,11,208,210,15,124,27,4,34.7,6.06,14.0,59.62,13.87
F Behardien,37,731,721,15,292,15,1,121.8,5.92,48.07,39.95,48.73
M Dlamini,18,371,415,15,186,63,27,61.8,6.71,27.67,50.13,24.73
RDB Ahir,14,252,294,15,111,5,1,42.0,7.0,19.6,44.05,16.8
DK Anefie,19,338,357,15,165,28,2,56.3,6.34,23.8,48.82,22.53
ML Castillo,9,186,200,15,84,9,0,31.0,6.45,13.33,45.16,12.4
S Burdekin,9,168,213,15,67,9,2,28.0,7.61,14.2,39.88,11.2
EL Arlott,10,263,284,15,143,15,1,43.8,6.48,18.93,54.37,17.53
B Mpedi,13,202,196,15,109,20,6,33.7,5.82,13.07,53.96,13.47
D Hemalatha,18,340,325,15,165,3,0,56.7,5.74,21.67,48.53,22.67
Kainat Imtiaz,22,547,596,15,245,27,1,91.2,6.54,39.73,44.79,36.47
RO Mazumba,12,192,176,15,118,38,2,32.0,5.5,11.73,61.46,12.8
RR Seth,17,264,230,15,159,24,1,44.0,5.23,15.33,60.23,17.6
SM Katich,14,721,445,15,493,0,0,120.2,3.7,29.67,68.38,48.07
Hamid Mahmood,15,279,242,15,131,4,0,46.5,5.2,16.13,46.95,18.6
RML Taylor,16,533,546,15,272,20,0,88.8,6.15,36.4,51.03,35.53
A Wanjira,17,322,298,15,189,27,7,53.7,5.55,19.87,58.7,21.47
MPGT Ketiyage,17,292,368,15,127,24,0,48.7,7.56,24.53,43.49,19.47
SR Thadani,19,277,277,15,149,14,0,46.2,6.0,18.47,53.79,18.47
C Chukwuonye,9,141,106,15,85,17,3,23.5,4.51,7.07,60.28,9.4
M Mwangi,13,170,135,15,96,6,0,28.3,4.76,9.0,56.47,11.33
D Wotu,15,294,352,15,115,8,3,49.0,7.18,23.47,39.12,19.6
Qanita Jalil,30,600,460,15,375,34,0,100.0,4.6,30.67,62.5,40.0
R Chaudhary,19,359,289,15,183,17,1,59.8,4.83,19.27,50.97,23.93
I Mutoni,11,200,173,15,130,11,2,33.3,5.19,11.53,65.0,13.33
ID Blackwell,18,954,640,15,557,6,0,159.0,4.03,42.67,58.39,63.6
Salman Nazar,7,150,158,15,81,3,0,25.0,6.32,10.53,54.0,10.0
M Syahadat Ramli,10,131,136,15,53,2,0,21.8,6.23,9.07,40.46,8.73
M McColl,19,219,205,15,111,7,2,36.5,5.62,13.67,50.68,14.6
A Andriani,7,157,93,15,102,5,1,26.2,3.55,6.2,64.97,10.47
A Adekunle,16,301,221,15,167,13,1,50.2,4.41,14.73,55.48,20.07
Karanveer Singh,9,204,323,14,66,9,0,34.0,9.5,23.07,32.35,14.57
AM Healey,13,259,183,14,155,20,1,43.2,4.24,13.07,59.85,18.5
P Gheewala,14,244,345,14,100,23,4,40.7,8.48,24.64,40.98,17.43
SM Sharma,15,456,479,14,232,5,0,76.0,6.3,34.21,50.88,32.57
Kamran Khan,9,167,248,14,71,10,1,27.8,8.91,17.71,42.51,11.93
KO Meth,12,754,582,14,467,17,0,125.7,4.63,41.57,61.94,53.86
Y Fourie,14,331,275,14,188,19,1,55.2,4.98,19.64,56.8,23.64
IKO Aboagye,7,156,119,14,82,0,0,26.0,4.58,8.5,52.56,11.14
Shahreeennawab,18,299,358,14,121,19,4,49.8,7.18,25.57,40.47,21.36
BN Toube,13,217,316,14,97,13,3,36.2,8.74,22.57,44.7,15.5
Wu Juan,9,193,112,14,122,5,1,32.2,3.48,8.0,63.21,13.79
Manjural Islam Rana,16,671,486,14,395,11,1,111.8,4.35,34.71,58.87,47.93
S Fouché,12,342,323,14,160,4,0,57.0,5.67,23.07,46.78,24.43
KL Gordon,6,334,217,14,226,2,0,55.7,3.9,15.5,67.66,23.86
SHA Rance,9,268,358,14,108,6,1,44.7,8.01,25.57,40.3,19.14
Tejwinder Singh,10,216,222,14,110,18,1,36.0,6.17,15.86,50.93,15.43
CG Williams,22,434,388,14,209,7,2,72.3,5.36,27.71,48.16,31.0
MA Aponso,12,483,460,14,246,8,0,80.5,5.71,32.86,50.93,34.5
Aamir Lal,9,192,208,14,90,7,0,32.0,6.5,14.86,46.88,13.71
PK Mohanarangam,7,137,82,14,81,0,1,22.8,3.59,5.86,59.12,9.79
N M'shangwe,11,1103,764,14,683,9,1,183.8,4.16,54.57,61.92,78.79
N Nuntarach,17,200,251,14,78,22,3,33.3,7.53,17.93,39.0,14.29
Imran Ameer,18,369,429,14,155,8,0,61.5,6.98,30.64,42.01,26.36
Aarif Sheikh,43,984,837,14,515,18,1,164.0,5.1,59.79,52.34,70.29
Ghulam Mudassar,11,227,394,14,60,18,1,37.8,10.41,28.14,26.43,16.21
Waseeq Ahmed,12,246,292,14,89,5,0,41.0,7.12,20.86,36.18,17.57
AS Roy,17,257,368,14,88,19,0,42.8,8.59,26.29,34.24,18.36
PR Adams,5,946,534,14,691,3,1,157.7,3.39,38.14,73.04,67.57
S Desungnoen,25,331,395,14,106,13,0,55.2,7.16,28.21,32.02,23.64
MT Jacob,13,225,237,14,125,42,3,37.5,6.32,16.93,55.56,16.07
F Pessima,11,201,136,14,126,10,0,33.5,4.06,9.71,62.69,14.36
M Choamba,20,269,243,14,128,6,0,44.8,5.42,17.36,47.58,19.21
Z Groenewald,13,318,277,14,178,6,0,53.0,5.23,19.79,55.97,22.71
CD McMillan,22,557,466,14,291,1,1,92.8,5.02,33.29,52.24,39.79
R Ankad,10,199,163,14,113,8,1,33.2,4.91,11.64,56.78,14.21
V Nigam,17,281,444,14,87,8,5,46.8,9.48,31.71,30.96,20.07
Vishil Patel,13,228,274,14,100,5,0,38.0,7.21,19.57,43.86,16.29
Musawar Shah,9,186,215,14,83,2,0,31.0,6.94,15.36,44.62,13.29
GJ Batty,12,1484,865,14,979,3,0,247.3,3.5,61.79,65.97,106.0
M Ozturk,11,255,343,14,89,12,4,42.5,8.07,24.5,34.9,18.21
R Limema,15,285,349,14,128,48,11,47.5,7.35,24.93,44.91,20.36
S di Bartolomeo,7,147,129,14,78,2,0,24.5,5.27,9.21,53.06,10.5
A Phillip,11,1025,881,14,625,14,8,170.8,5.16,62.93,60.98,73.21
S Asha,8,244,221,14,111,3,0,40.7,5.43,15.79,45.49,17.43
L Anyait,14,307,202,14,183,10,0,51.2,3.95,14.43,59.61,21.93
AC Douglas,11,177,184,14,81,7,1,29.5,6.24,13.14,45.76,12.64
HHC Gunaratne,12,350,328,14,191,13,0,58.3,5.62,23.43,54.57,25.0
C Magaia,8,127,138,14,72,26,1,21.2,6.52,9.86,56.69,9.07
P Molkenboer,16,247,185,14,130,7,1,41.2,4.49,13.21,52.63,17.64
R Clarke,14,584,417,14,368,19,6,97.3,4.28,29.79,63.01,41.71
OAC Banks,5,979,572,14,698,2,0,163.2,3.51,40.86,71.3,69.93
Asif Bevinje,9,185,239,14,98,17,0,30.8,7.75,17.07,52.97,13.21
MR Swart,20,396,393,14,185,6,0,66.0,5.95,28.07,46.72,28.29
Abdur Rauf,7,675,507,14,440,4,10,112.5,4.51,36.21,65.19,48.21
PA de Silva,13,565,487,14,268,7,0,94.2,5.17,34.79,47.43,40.36
A Martin,10,462,320,14,254,3,0,77.0,4.16,22.86,54.98,33.0
Abdullah Rana,8,133,186,14,48,4,1,22.2,8.39,13.29,36.09,9.5
MP Yadav,10,220,331,14,101,11,3,36.7,9.03,23.64,45.91,15.71
L Gregory,20,372,501,14,139,5,5,62.0,8.08,35.79,37.37,26.57
Irfan Ahmed,9,277,289,14,151,10,1,46.2,6.26,20.64,54.51,19.79
Muhammad Burhan,11,210,258,14,91,12,0,35.0,7.37,18.43,43.33,15.0
Jonte Smith,8,151,156,14,76,9,1,25.2,6.2,11.14,50.33,10.79
CL Fitzpatrick,3,737,251,14,611,3,0,122.8,2.04,17.93,82.9,52.64
NJ Browne,18,407,400,14,217,19,3,67.8,5.9,28.57,53.32,29.07
NH Berejo,11,196,142,14,117,9,2,32.7,4.35,10.14,59.69,14.0
LL Dimba,16,324,266,14,174,11,1,54.0,4.93,19.0,53.7,23.14
V Mitari,12,202,227,14,104,22,4,33.7,6.74,16.21,51.49,14.43
D Wangmo,13,230,197,14,112,8,2,38.3,5.14,14.07,48.7,16.43
Uswa Syed,11,211,173,14,126,14,2,35.2,4.92,12.36,59.72,15.07
RMMP Rathnayake,6,702,428,14,501,0,7,117.0,3.66,30.57,71.37,50.14
Ashwini Balaji,16,320,352,14,184,57,7,53.3,6.6,25.14,57.5,22.86
Ansh Patel,9,204,202,14,110,6,0,34.0,5.94,14.43,53.92,14.57
N Krishna,12,178,264,13,65,9,0,29.7,8.9,20.31,36.52,13.69
Qadeer Ahmed,17,533,568,13,278,8,11,88.8,6.39,43.69,52.16,41.0
C Cassell,8,305,345,13,151,7,1,50.8,6.79,26.54,49.51,23.46
Shahil Momin,15,301,326,13,120,9,1,50.2,6.5,25.08,39.87,23.15
JA Fitzgerald,21,355,608,13,135,51,4,59.2,10.28,46.77,38.03,27.31
S Nitschke,11,874,380,13,670,8,0,145.7,2.61,29.23,76.66,67.23
GH O'Brien,10,251,246,13,146,13,2,41.8,5.88,18.92,58.17,19.31
LR Doolan,10,300,277,13,139,10,0,50.0,5.54,21.31,46.33,23.08
Muhammad Murad,11,210,282,13,89,11,4,35.0,8.06,21.69,42.38,16.15
GG Alta,11,204,338,13,63,22,1,34.0,9.94,26.0,30.88,15.69
Wang Huiying,14,248,230,13,128,19,1,41.3,5.56,17.69,51.61,19.08
C Dickson,14,303,342,13,132,2,4,50.5,6.77,26.31,43.56,23.31
MFD Douma,11,211,161,13,138,14,1,35.2,4.58,12.38,65.4,16.23
Zain Muzaffar,7,152,184,13,73,9,0,25.3,7.26,14.15,48.03,11.69
C Prasad,6,151,110,13,83,9,1,25.2,4.37,8.46,54.97,11.62
Fawad Alam,21,566,523,13,236,4,0,94.3,5.54,40.23,41.7,43.54
Harsh Dubey,10,180,292,13,55,6,0,30.0,9.73,22.46,30.56,13.85
D Mongia,13,506,424,13,258,3,6,84.3,5.03,32.62,50.99,38.92
Iftikhar Kankhel,10,180,273,13,79,13,1,30.0,9.1,21.0,43.89,13.85
S Ostergaard,8,150,165,13,76,31,6,25.0,6.6,12.69,50.67,11.54
K Pierre,20,936,836,13,505,15,0,156.0,5.36,64.31,53.95,72.0
ECB Moore,16,203,228,13,84,13,0,33.8,6.74,17.54,41.38,15.62
MW Parkinson,12,421,451,13,193,8,0,70.2,6.43,34.69,45.84,32.38
M Cope,8,178,268,13,59,3,0,29.7,9.03,20.62,33.15,13.69
AA Paradkar,9,276,317,13,136,3,0,46.0,6.89,24.38,49.28,21.23
NN Banner,8,174,210,13,74,7,0,29.0,7.24,16.15,42.53,13.38
SF Mire,22,545,570,13,267,23,2,90.8,6.28,43.85,48.99,41.92
SH Obed,12,180,206,13,62,0,0,30.0,6.87,15.85,34.44,13.85
Arslan Amjad,11,136,250,13,40,19,2,22.7,11.03,19.23,29.41,10.46
Raza Hasan,13,318,340,13,155,7,0,53.0,6.42,26.15,48.74,24.46
B Tlali,12,257,174,13,165,23,2,42.8,4.06,13.38,64.2,19.77
BA Bhatt,15,297,408,13,98,6,1,49.5,8.24,31.38,33.0,22.85
D Tucker,22,723,680,13,369,8,2,120.5,5.64,52.31,51.04,55.62
N Peter,14,283,406,13,102,12,1,47.2,8.61,31.23,36.04,21.77
M Desmond,8,180,150,13,100,14,0,30.0,5.0,11.54,55.56,13.85
TB Sole,13,504,402,13,268,12,0,84.0,4.79,30.92,53.17,38.77
T Muzarabani,13,384,413,13,205,8,1,64.0,6.45,31.77,53.39,29.54
RDM Leverock,13,631,470,13,365,0,0,105.2,4.47,36.15,57.84,48.54
HT Tector,30,565,591,13,241,20,1,94.2,6.28,45.46,42.65,43.46
Paing Danu,16,272,343,13,130,31,1,45.3,7.57,26.38,47.79,20.92
Nary Thapa,6,135,80,13,87,6,0,22.5,3.56,6.15,64.44,10.38
Pankaj Singh,20,794,817,13,465,13,2,132.3,6.17,62.85,58.56,61.08
Shahrukh Quddus,11,236,350,13,101,18,2,39.3,8.9,26.92,42.8,18.15
NT Rajendran,8,186,203,13,82,4,0,31.0,6.55,15.62,44.09,14.31
TMA Leslie,13,235,231,13,142,29,3,39.2,5.9,17.77,60.43,18.08
S Gill,15,308,316,13,173,13,0,51.3,6.16,24.31,56.17,23.69
P Florin,10,114,130,13,45,11,1,19.0,6.84,10.0,39.47,8.77
F Tanguy,12,261,225,13,124,15,7,43.5,5.17,17.31,47.51,20.08
RL Grundy,13,390,358,13,195,10,0,65.0,5.51,27.54,50.0,30.0
H Celik,8,165,144,13,95,13,12,27.5,5.24,11.08,57.58,12.69
Ma Ruike,14,254,213,13,157,38,1,42.3,5.03,16.38,61.81,19.54
BMA Mbida,18,327,362,13,173,61,8,54.5,6.64,27.85,52.91,25.15
Haider Butt,16,147,197,13,53,8,1,24.5,8.04,15.15,36.05,11.31
L Jie,9,203,124,13,111,3,0,33.8,3.67,9.54,54.68,15.62
Jannatul Ferdus,8,289,259,13,153,5,1,48.2,5.38,19.92,52.94,22.23
TJ Draca,11,212,263,13,108,14,2,35.3,7.44,20.23,50.94,16.31
M Parinitha,5,109,84,13,73,33,1,18.2,4.62,6.46,66.97,8.38
GC Viljoen,12,344,472,13,153,14,2,57.3,8.23,36.31,44.48,26.46
R Klein,15,627,541,13,348,12,0,104.5,5.18,41.62,55.5,48.23
A Limdawala,22,305,379,13,140,9,1,50.8,7.46,29.15,45.9,23.46
Muhammad Siddiqui,11,235,322,13,107,21,1,39.2,8.22,24.77,45.53,18.08
T Kamungozi,14,745,579,13,405,3,1,124.2,4.66,44.54,54.36,57.31
U Bhatti,13,537,390,13,379,10,6,89.5,4.36,30.0,70.58,41.31
T Jamtsho,20,230,330,13,109,40,4,38.3,8.61,25.38,47.39,17.69
Jayasooriya,14,254,241,13,128,22,2,42.3,5.69,18.54,50.39,19.54
PC Connell,8,253,274,13,136,9,1,42.2,6.5,21.08,53.75,19.46
Atif Kamal,9,156,183,13,70,3,0,26.0,7.04,14.08,44.87,12.0
E Beukes,14,244,322,13,77,10,1,40.7,7.92,24.77,31.56,18.77
Saqlain Mushtaq,7,898,582,13,600,0,27,149.7,3.89,44.77,66.82,69.08
A Prashar,11,195,207,13,103,20,1,32.5,6.37,15.92,52.82,15.0
Ayaz Dadabhai,9,174,172,13,73,6,0,29.0,5.93,13.23,41.95,13.38
C White,7,521,340,13,350,0,5,86.8,3.92,26.15,67.18,40.08
Irfan Safi,8,147,246,13,63,16,1,24.5,10.04,18.92,42.86,11.31
Izaz Ali,11,181,295,13,89,23,1,30.2,9.78,22.69,49.17,13.92
Sumaiya Siddiqi,16,420,321,13,254,15,0,70.0,4.59,24.69,60.48,32.31
P Thongsa,14,166,189,13,72,4,1,27.7,6.83,14.54,43.37,12.77
K Kavindi,18,323,379,13,159,22,3,53.8,7.04,29.15,49.23,24.85
Mohammad Talha,7,884,660,13,579,7,22,147.3,4.48,50.77,65.5,68.0
O Keitsemang,15,226,264,13,115,42,6,37.7,7.01,20.31,50.88,17.38
L Barnett,14,325,218,13,196,4,1,54.2,4.02,16.77,60.31,25.0
Vikramjit Singh,22,348,430,13,157,11,3,58.0,7.41,33.08,45.11,26.77
Afif Hossain,31,297,368,13,121,7,0,49.5,7.43,28.31,40.74,22.85
JM Iradukunda,10,196,248,12,85,15,3,32.7,7.59,20.67,43.37,16.33
KJ Ferrary,7,140,151,12,63,2,0,23.3,6.47,12.58,45.0,11.67
Khadija Khalil,13,178,223,12,79,29,4,29.7,7.52,18.58,44.38,14.83
Kawsar Khan,6,145,138,12,80,7,1,24.2,5.71,11.5,55.17,12.08
T Sangha,11,342,449,12,110,3,0,57.0,7.88,37.42,32.16,28.5
RO Hinds,9,1260,711,12,833,2,8,210.0,3.39,59.25,66.11,105.0
E Ungerman,12,170,175,12,99,17,2,28.3,6.18,14.58,58.24,14.17
S Sarthak,6,112,123,12,50,0,0,18.7,6.59,10.25,44.64,9.33
JC Darji,5,101,69,12,65,3,0,16.8,4.1,5.75,64.36,8.42
LI Haoye,7,169,119,12,94,14,1,28.2,4.22,9.92,55.62,14.08
D Tekyildirim,5,87,80,12,53,18,3,14.5,5.52,6.67,60.92,7.25
DB Loic,13,213,229,12,119,32,0,35.5,6.45,19.08,55.87,17.75
Ziaurahman Shinwari,8,133,168,12,54,7,2,22.2,7.58,14.0,40.6,11.08
Sami Ullah,8,145,194,12,70,15,1,24.2,8.03,16.17,48.28,12.08
Mahbubul Alam,8,594,493,12,404,15,1,99.0,4.98,41.08,68.01,49.5
AM Guruge,9,267,264,12,154,4,0,44.5,5.93,22.0,57.68,22.25
AM Ghazanfar,8,173,287,12,54,3,0,28.8,9.95,23.92,31.21,14.42
P Malemikia,12,242,176,12,153,15,1,40.3,4.36,14.67,63.22,20.17
KN Peiris,3,789,527,12,485,0,0,131.5,4.01,43.92,61.47,65.75
Owais Ahmed,15,300,338,12,111,5,0,50.0,6.76,28.17,37.0,25.0
KK Donovan,14,319,243,12,228,41,7,53.2,4.57,20.25,71.47,26.58
Bilal Masud,10,159,189,12,72,12,2,26.5,7.13,15.75,45.28,13.25
Arafat Minhas,15,261,348,12,102,1,3,43.5,8.0,29.0,39.08,21.75
Mansoor Shah,8,144,217,12,64,8,1,24.0,9.04,18.08,44.44,12.0
Wasim Akram,5,298,216,12,193,16,14,49.7,4.35,18.0,64.77,24.83
IDM Latin,11,169,268,12,55,3,2,28.2,9.51,22.33,32.54,14.08
C Bah,21,358,405,12,160,16,1,59.7,6.79,33.75,44.69,29.83
Ntombizonke MKhatshwa,8,176,200,12,94,17,2,29.3,6.82,16.67,53.41,14.67
Nilansh Keswani,14,311,349,12,131,7,0,51.8,6.73,29.08,42.12,25.92
SMK Waththage,13,258,342,12,116,28,0,43.0,7.95,28.5,44.96,21.5
Damini Ramesh,13,200,177,12,126,41,4,33.3,5.31,14.75,63.0,16.67
AR White,17,349,271,12,158,4,0,58.2,4.66,22.58,45.27,29.08
AN Davidson-Richards,12,312,287,12,179,13,0,52.0,5.52,23.92,57.37,26.0
A Kalasi,11,224,182,12,104,3,2,37.3,4.88,15.17,46.43,18.67
DV Varghese,22,271,456,12,100,35,5,45.2,10.1,38.0,36.9,22.58
Mohammad Khan Rafah,7,114,166,12,42,2,0,19.0,8.74,13.83,36.84,9.5
CT Mutombodzi,16,527,512,12,253,9,0,87.8,5.83,42.67,48.01,43.92
PDRL Perera,15,583,583,12,337,19,1,97.2,6.0,48.58,57.8,48.58
MADI Hemantha,11,334,410,12,118,4,2,55.7,7.37,34.17,35.33,27.83
Azhar Ali,47,1156,922,12,575,6,1,192.7,4.79,76.83,49.74,96.33
A Turay,5,83,93,12,35,5,0,13.8,6.72,7.75,42.17,6.92
JT Smuts,21,469,517,12,171,2,0,78.2,6.61,43.08,36.46,39.08
Alifiya Sayed,16,298,282,12,163,20,4,49.7,5.68,23.5,54.7,24.83
D Nanayakkara,21,307,342,12,113,11,9,51.2,6.68,28.5,36.81,25.58
AG Murtaza,12,264,322,12,106,5,0,44.0,7.32,26.83,40.15,22.0
S Choden,16,226,236,12,95,12,2,37.7,6.27,19.67,42.04,18.83
ZT Kyaw,18,230,226,12,129,33,2,38.3,5.9,18.83,56.09,19.17
GW Flower,17,606,459,12,275,7,1,101.0,4.54,38.25,45.38,50.5
E Duffy,11,191,189,12,101,15,2,31.8,5.94,15.75,52.88,15.92
Luis Hermida,10,174,193,12,92,11,0,29.0,6.66,16.08,52.87,14.5
A Kheterpal,16,334,424,12,130,24,2,55.7,7.62,35.33,38.92,27.83
Simarjeet Singh,14,242,411,12,107,14,2,40.3,10.19,34.25,44.21,20.17
Saqib Zulfiqar,16,354,387,12,153,8,0,59.0,6.56,32.25,43.22,29.5
A Mene-Ejegi,11,227,275,12,120,27,1,37.8,7.27,22.92,52.86,18.92
K Reyneke,14,230,229,12,106,9,2,38.3,5.97,19.08,46.09,19.17
K Motlanka,11,138,163,12,61,3,0,23.0,7.09,13.58,44.2,11.5
JM Watkin,11,276,241,12,145,5,0,46.0,5.24,20.08,52.54,23.0
CJ Green,16,305,358,12,113,3,0,50.8,7.04,29.83,37.05,25.42
Rafiullah,20,266,419,12,98,27,2,44.3,9.45,34.92,36.84,22.17
T Legaabile,13,231,209,12,132,26,6,38.5,5.43,17.42,57.14,19.25
K Kartikeya,16,282,412,12,90,8,0,47.0,8.77,34.33,31.91,23.5
SACA King,26,485,446,12,265,36,0,80.8,5.52,37.17,54.64,40.42
O Isiyaku,8,155,170,12,81,8,1,25.8,6.58,14.17,52.26,12.92
B Etim,11,243,235,12,123,15,0,40.5,5.8,19.58,50.62,20.25
S Matijevic,8,138,127,12,69,24,5,23.0,5.52,10.58,50.0,11.5
L Klusener,11,469,403,12,244,7,11,78.2,5.16,33.58,52.03,39.08
MJ Guptill,27,545,413,12,323,6,2,90.8,4.55,34.42,59.27,45.42
A Perera,9,125,98,12,74,4,1,20.8,4.7,8.17,59.2,10.42
R Athapaththu,6,147,199,12,57,12,3,24.5,8.12,16.58,38.78,12.25
LN Onyango,12,312,325,12,169,2,1,52.0,6.25,27.08,54.17,26.0
CM Wright,9,336,279,12,207,12,0,56.0,4.98,23.25,61.61,28.0
GC Galanis,10,209,227,12,98,8,0,34.8,6.52,18.92,46.89,17.42
Ronitkumar Ahir,3,72,30,12,47,1,0,12.0,2.5,2.5,65.28,6.0
J Sanele,12,254,210,12,142,8,3,42.3,4.96,17.5,55.91,21.17
NJ Shaw,6,659,284,12,501,2,2,109.8,2.59,23.67,76.02,54.92
V Pratap Singh,9,204,300,12,75,7,0,34.0,8.82,25.0,36.76,17.0
Steven Ryan Taylor,15,370,306,12,224,7,0,61.7,4.96,25.5,60.54,30.83
S Vijayakumar,9,168,205,12,72,0,0,28.0,7.32,17.08,42.86,14.0
YP Molina,5,114,62,12,91,22,2,19.0,3.26,5.17,79.82,9.5
Aziz Mohammad,10,206,276,12,76,12,2,34.3,8.04,23.0,36.89,17.17
A Munisar,18,482,409,12,241,11,2,80.3,5.09,34.08,50.0,40.17
Ashiqullah Said,8,174,159,12,103,9,0,29.0,5.48,13.25,59.2,14.5
Ali Hasan,10,200,222,12,93,6,2,33.3,6.66,18.5,46.5,16.67
Javeria Khan,16,331,309,12,163,11,0,55.2,5.6,25.75,49.24,27.58
A Rangaswamy,8,144,156,12,92,10,2,24.0,6.5,13.0,63.89,12.0
H Klazinge,7,111,130,12,49,7,3,18.5,7.03,10.83,44.14,9.25
Ngawang Thinley,8,129,165,12,57,4,0,21.5,7.67,13.75,44.19,10.75
A Bishnoi,12,210,318,12,96,25,7,35.0,9.09,26.5,45.71,17.5
A Brown-Carrera,10,190,158,12,120,37,4,31.7,4.99,13.17,63.16,15.83
A Bosch,21,440,425,12,217,4,2,73.3,5.8,35.42,49.32,36.67
Ankit Sharma,21,367,453,12,139,8,0,61.2,7.41,37.75,37.87,30.58
Hasan Murad,3,477,226,12,366,0,0,79.5,2.84,18.83,76.73,39.75
DG Weakley,12,245,287,12,131,10,0,40.8,7.03,23.92,53.47,20.42
DKD Warnakulasuriya,9,156,169,12,66,5,0,26.0,6.5,14.08,42.31,13.0
I Alumo,13,237,205,12,140,12,0,39.5,5.19,17.08,59.07,19.75
Waqas Barkat,22,296,407,12,102,10,0,49.3,8.25,33.92,34.46,24.67
I Shukla,14,189,219,12,96,37,2,31.5,6.95,18.25,50.79,15.75
BP Martin,5,1525,654,12,1232,0,7,254.2,2.57,54.5,80.79,127.08
T Salcedo,3,74,45,11,57,18,3,12.3,3.65,4.09,77.03,6.73
V Ateak,10,202,207,11,85,4,1,33.7,6.15,18.82,42.08,18.36
I Bist,14,248,244,11,120,16,7,41.3,5.9,22.18,48.39,22.55
BJ Webster,7,495,274,11,351,0,8,82.5,3.32,24.91,70.91,45.0
Bashir Shah,8,168,161,11,88,3,0,28.0,5.75,14.64,52.38,15.27
DL Graham,16,238,251,11,115,19,6,39.7,6.33,22.82,48.32,21.64
RAP Nissanka,9,389,305,11,263,22,10,64.8,4.7,27.73,67.61,35.36
JKD Andreano,15,320,302,11,171,34,0,53.3,5.66,27.45,53.44,29.09
A Akhigbe,13,224,190,11,139,11,0,37.3,5.09,17.27,62.05,20.36
M Phiase,14,138,112,11,93,31,7,23.0,4.87,10.18,67.39,12.55
Zawar Farid,14,309,350,11,141,7,0,51.5,6.8,31.82,45.63,28.09
TD Chaoana,16,286,339,11,131,18,0,47.7,7.11,30.82,45.8,26.0
Nestor Dhamba,9,324,222,11,174,2,0,54.0,4.11,20.18,53.7,29.45
I Goordial-John,12,244,199,11,124,8,0,40.7,4.89,18.09,50.82,22.18
T Ramabitsa,9,192,211,11,93,39,6,32.0,6.59,19.18,48.44,17.45
JV Chand,10,186,208,11,71,2,0,31.0,6.71,18.91,38.17,16.91
RK Kiseto,11,210,255,11,107,4,0,35.0,7.29,23.18,50.95,19.09
AB Kamara,14,187,217,11,93,5,1,31.2,6.96,19.73,49.73,17.0
ABY Smith,13,274,255,11,116,12,4,45.7,5.58,23.18,42.34,24.91
SR McAnanama-Brereton,10,154,190,11,82,30,4,25.7,7.4,17.27,53.25,14.0
MM Dekeling,13,180,187,11,68,7,1,30.0,6.23,17.0,37.78,16.36
H Mumford,11,194,164,11,111,30,14,32.3,5.07,14.91,57.22,17.64
A Rameshan,6,136,157,11,69,14,4,22.7,6.93,14.27,50.74,12.36
Ali Nawaz,9,133,247,11,40,11,1,22.2,11.14,22.45,30.08,12.09
T Granger,8,193,156,11,119,18,1,32.2,4.85,14.18,61.66,17.55
V Masekesa,4,573,472,11,323,0,1,95.5,4.94,42.91,56.37,52.09
Ronald Ebanks,6,144,124,11,73,6,0,24.0,5.17,11.27,50.69,13.09
J Sebanja,8,166,204,11,87,6,4,27.7,7.37,18.55,52.41,15.09
Ajay Kumar,5,245,191,11,154,7,0,40.8,4.68,17.36,62.86,22.27
S Mukuddem,6,259,241,11,147,13,1,43.2,5.58,21.91,56.76,23.55
J Horrocks,13,212,309,11,79,7,2,35.3,8.75,28.09,37.26,19.27
Rajin Saleh,17,482,389,11,247,9,5,80.3,4.84,35.36,51.24,43.82
Ahmed Wardak,8,155,169,11,56,3,0,25.8,6.54,15.36,36.13,14.09
Lalit Yadav,19,289,430,11,86,5,1,48.2,8.93,39.09,29.76,26.27
LN McCarthy,14,463,350,11,278,18,1,77.2,4.54,31.82,60.04,42.09
MEK Hussey,39,836,567,11,521,15,3,139.3,4.07,51.55,62.32,76.0
N Salekar,12,228,272,11,106,12,0,38.0,7.16,24.73,46.49,20.73
JR Barry,11,165,242,11,74,6,2,27.5,8.8,22.0,44.85,15.0
JR Lennox,6,312,234,11,159,2,0,52.0,4.5,21.27,50.96,28.36
JM Vujinovich,12,225,288,11,96,9,0,37.5,7.68,26.18,42.67,20.45
Waqar Younis,6,505,394,11,339,6,6,84.2,4.68,35.82,67.13,45.91
C Henery,9,147,140,11,72,20,5,24.5,5.71,12.73,48.98,13.36
A Meyenborg,13,217,212,11,125,20,7,36.2,5.86,19.27,57.6,19.73
CM Akachukwu,15,206,264,11,79,10,0,34.3,7.69,24.0,38.35,18.73
CS MacLeod,45,871,819,11,436,44,5,145.2,5.64,74.45,50.06,79.18
L Little,22,491,574,11,224,38,4,81.8,7.01,52.18,45.62,44.64
J Efosa,8,176,171,11,94,13,2,29.3,5.83,15.55,53.41,16.0
S Kizito,17,308,251,11,166,14,2,51.3,4.89,22.82,53.9,28.0
Abdul Wahid,9,158,238,11,60,11,2,26.3,9.04,21.64,37.97,14.36
K Namchaikul,10,161,156,11,79,6,0,26.8,5.81,14.18,49.07,14.64
D Muhumuza,15,204,244,11,72,5,0,34.0,7.18,22.18,35.29,18.55
NM Mokhachane,8,174,256,11,81,64,6,29.0,8.83,23.27,46.55,15.82
Shantanu Kaveri,13,189,171,11,95,4,2,31.5,5.43,15.55,50.26,17.18
SZ Thakor,13,493,475,11,274,18,2,82.2,5.78,43.18,55.58,44.82
Younis Khan,36,833,603,11,508,9,11,138.8,4.34,54.82,60.98,75.73
R Castillo,10,151,180,11,69,18,1,25.2,7.15,16.36,45.7,13.73
Tashi Dorji,12,187,203,11,92,3,5,31.2,6.51,18.45,49.2,17.0
Gagandeep Singh,21,354,550,11,148,32,6,59.0,9.32,50.0,41.81,32.18
Garret Banner,11,234,293,11,108,9,0,39.0,7.51,26.64,46.15,21.27
O Muzondo,5,108,93,11,61,4,0,18.0,5.17,8.45,56.48,9.82
Bilal Ahmad Mir,8,137,195,11,57,1,0,22.8,8.54,17.73,41.61,12.45
S Jegannathan,9,150,157,11,81,5,0,25.0,6.28,14.27,54.0,13.64
MTMMJ Ave,10,166,191,11,65,6,5,27.7,6.9,17.36,39.16,15.09
MW Short,29,445,573,11,164,16,0,74.2,7.73,52.09,36.85,40.45
MSN Ekani,14,227,254,11,122,29,0,37.8,6.71,23.09,53.74,20.64
Mohammad Imran,15,306,482,11,110,13,3,51.0,9.45,43.82,35.95,27.82
CPPM Sadun,16,269,307,11,105,12,2,44.8,6.85,27.91,39.03,24.45
Siow Tzin Yee,6,110,74,11,65,3,2,18.3,4.04,6.73,59.09,10.0
W Liengprasert,11,135,106,11,64,4,1,22.5,4.71,9.64,47.41,12.27
Imran Khalid,11,169,202,11,70,6,0,28.2,7.17,18.36,41.42,15.36
Arif Ullah,7,153,205,11,64,10,0,25.5,8.04,18.64,41.83,13.91
N Rana,28,234,336,11,75,7,0,39.0,8.62,30.55,32.05,21.27
MKDI Amerasinghe,8,534,447,11,312,7,0,89.0,5.02,40.64,58.43,48.55
LC Le Tissier,7,144,141,11,57,6,0,24.0,5.88,12.82,39.58,13.09
LC Pearson,1,350,111,11,300,0,2,58.3,1.9,10.09,85.71,31.82
SI Bara,6,138,41,11,118,11,0,23.0,1.78,3.73,85.51,12.55
V Buruka,9,219,190,11,123,10,6,36.5,5.21,17.27,56.16,19.91
RD de Sousa,10,222,142,11,154,7,1,37.0,3.84,12.91,69.37,20.18
DJ Turkich,9,180,139,11,102,2,0,30.0,4.63,12.64,56.67,16.36
Saud Shakeel,22,228,283,11,66,2,0,38.0,7.45,25.73,28.95,20.73
F Eseigbe,14,290,220,11,147,10,2,48.3,4.55,20.0,50.69,26.36
B Pondani,14,231,270,11,124,21,1,38.5,7.01,24.55,53.68,21.0
Shuvagata Hom,12,924,614,11,572,2,0,154.0,3.99,55.82,61.9,84.0
APC Kilowan,5,218,86,11,180,12,0,36.3,2.37,7.82,82.57,19.82
RN Lewis,11,516,412,11,265,3,5,86.0,4.79,37.45,51.36,46.91
KP Appanna,13,216,291,11,70,6,0,36.0,8.08,26.45,32.41,19.64
Khadija Imtiaz,12,178,194,11,69,14,2,29.7,6.54,17.64,38.76,16.18
A Yon,7,120,143,11,47,7,0,20.0,7.15,13.0,39.17,10.91
S Sarandeva,12,216,270,11,93,40,12,36.0,7.5,24.55,43.06,19.64
JL Denly,21,576,442,11,343,3,0,96.0,4.6,40.18,59.55,52.36
GT Taylor,9,152,233,11,62,5,2,25.3,9.2,21.18,40.79,13.82
Aminul Islam Biplob,7,138,176,11,37,1,0,23.0,7.65,16.0,26.81,12.55
DPS Tyagi,9,177,232,11,85,17,3,29.5,7.86,21.09,48.02,16.09
M Kpaka,14,198,206,11,89,4,0,33.0,6.24,18.73,44.95,18.0
A Chandila,12,234,245,11,105,0,0,39.0,6.28,22.27,44.87,21.27
M Ochieng,9,180,133,11,113,14,0,30.0,4.43,12.09,62.78,16.36
DR Gibson,18,279,341,11,118,9,3,46.5,7.33,31.0,42.29,25.36
M Mavunga,11,229,218,10,127,6,0,38.2,5.71,21.8,55.46,22.9
Zinaida Jeremiah,7,126,110,10,59,4,0,21.0,5.24,11.0,46.83,12.6
MD Rae,2,392,237,10,303,2,0,65.3,3.63,23.7,77.3,39.2
S Kambalapalli,7,162,101,10,100,7,0,27.0,3.74,10.1,61.73,16.2
G Ishimwe,12,191,186,10,104,11,1,31.8,5.84,18.6,54.45,19.1
SA Sathiya,10,210,167,10,104,10,0,35.0,4.77,16.7,49.52,21.0
Mohammad Umar,10,210,331,10,74,2,1,35.0,9.46,33.1,35.24,21.0
P Timong,3,60,35,10,42,6,0,10.0,3.5,3.5,70.0,6.0
Anand Rajan,8,150,206,10,62,12,1,25.0,8.24,20.6,41.33,15.0
N Mabila,16,276,316,10,135,63,6,46.0,6.87,31.6,48.91,27.6
JKC Claxton,14,303,438,10,121,35,3,50.5,8.67,43.8,39.93,30.3
JG Kimaro,9,152,145,10,77,14,2,25.3,5.72,14.5,50.66,15.2
JJ Nyambo,10,182,219,10,84,8,0,30.3,7.22,21.9,46.15,18.2
CI Manidom,8,137,135,10,75,10,2,22.8,5.91,13.5,54.74,13.7
N Choden,10,150,108,10,77,9,0,25.0,4.32,10.8,51.33,15.0
G Chohan,16,216,356,10,83,18,2,36.0,9.89,35.6,38.43,21.6
Saqlain Arshad,11,132,158,10,49,0,0,22.0,7.18,15.8,37.12,13.2
MP Vaughan,27,788,605,10,397,3,8,131.3,4.61,60.5,50.38,78.8
Kim Daeyeon,9,144,197,10,54,2,0,24.0,8.21,19.7,37.5,14.4
Mohamed Mahfooz,10,186,220,10,76,1,0,31.0,7.1,22.0,40.86,18.6
Mohammad Basit,6,133,175,10,60,4,0,22.2,7.89,17.5,45.11,13.3
KB Ahir,9,150,196,10,77,9,0,25.0,7.84,19.6,51.33,15.0
Amandeep Singh,12,198,245,10,81,3,0,33.0,7.42,24.5,40.91,19.8
Nimish Lathief,15,229,310,10,80,9,0,38.2,8.12,31.0,34.93,22.9
Shunan Ali,9,157,175,10,70,5,1,26.2,6.69,17.5,44.59,15.7
SM Tupou,5,114,123,10,51,7,0,19.0,6.47,12.3,44.74,11.4
TK Lal,7,168,173,10,73,6,0,28.0,6.18,17.3,43.45,16.8
L Taylor,13,248,197,10,125,14,2,41.3,4.77,19.7,50.4,24.8
RM Hira,13,254,339,10,84,8,0,42.3,8.01,33.9,33.07,25.4
Pratis GC,12,294,343,10,126,10,0,49.0,7.0,34.3,42.86,29.4
Prashant Shukla,4,85,59,10,56,4,1,14.2,4.16,5.9,65.88,8.5
WD Balaji Rao,7,354,330,10,166,3,0,59.0,5.59,33.0,46.89,35.4
TS Omary,9,168,123,10,94,3,0,28.0,4.39,12.3,55.95,16.8
C Lokuge,8,166,129,10,97,26,15,27.7,4.66,12.9,58.43,16.6
AA Navicha,6,111,147,10,45,13,0,18.5,7.95,14.7,40.54,11.1
L Siaka,19,290,256,10,136,6,2,48.3,5.3,25.6,46.9,29.0
L Shetty,12,188,219,10,93,12,2,31.3,6.99,21.9,49.47,18.8
S Sola,12,221,286,10,85,5,0,36.8,7.76,28.6,38.46,22.1
E Niyomugabo,11,159,200,10,59,5,1,26.5,7.55,20.0,37.11,15.9
A Sharma,14,492,345,10,328,11,0,82.0,4.21,34.5,66.67,49.2
H Graham,6,139,173,10,64,1,1,23.2,7.47,17.3,46.04,13.9
Anjali Chand,3,43,4,10,40,1,0,7.2,0.56,0.4,93.02,4.3
JM Holland,4,960,581,10,646,0,0,160.0,3.63,58.1,67.29,96.0
C Waiswa,6,114,145,10,51,6,0,19.0,7.63,14.5,44.74,11.4
MW Jones,6,181,246,10,81,10,1,30.2,8.15,24.6,44.75,18.1
Zahid Ali,9,216,286,10,86,15,0,36.0,7.94,28.6,39.81,21.6
MT Waqanisau,8,165,145,10,91,23,3,27.5,5.27,14.5,55.15,16.5
Khalid Niazi,6,97,124,10,37,3,0,16.2,7.67,12.4,38.14,9.7
Kuldeep Gurjar,9,127,198,10,44,8,0,21.2,9.35,19.8,34.65,12.7
SG Whittingham,7,272,271,10,149,18,3,45.3,5.98,27.1,54.78,27.2
S Ingabire,8,138,122,10,63,4,0,23.0,5.3,12.2,45.65,13.8
Ilyas Ataullah,12,198,290,10,64,7,1,33.0,8.79,29.0,32.32,19.8
J Martins,5,91,126,10,33,0,1,15.2,8.31,12.6,36.26,9.1
N Zimonjic,13,143,284,10,42,20,2,23.8,11.92,28.4,29.37,14.3
T Mulepati,8,114,75,10,70,16,0,19.0,3.95,7.5,61.4,11.4
TMM Newton,12,391,301,10,231,21,1,65.2,4.62,30.1,59.08,39.1
Codi Yusuf,3,345,208,10,241,5,3,57.5,3.62,20.8,69.86,34.5
SM Warnakulasuriya,8,135,188,10,73,15,3,22.5,8.36,18.8,54.07,13.5
M Khojbariya,12,223,246,10,100,0,1,37.2,6.62,24.6,44.84,22.3
YP Dayal,13,246,288,10,108,5,0,41.0,7.02,28.8,43.9,24.6
E Gouge,14,220,199,10,98,16,0,36.7,5.43,19.9,44.55,22.0
L Nyarko,8,148,107,10,90,2,0,24.7,4.34,10.7,60.81,14.8
CS Delport,14,193,295,10,48,7,2,32.2,9.17,29.5,24.87,19.3
T Makusha,16,494,460,10,286,49,3,82.3,5.59,46.0,57.89,49.4
G Ayan,11,191,216,10,101,42,5,31.8,6.79,21.6,52.88,19.1
PJ Wiseman,4,1092,615,10,821,3,0,182.0,3.38,61.5,75.18,109.2
Sajad Ahmadzai,11,194,250,10,83,18,2,32.3,7.73,25.0,42.78,19.4
Saghir Khan,6,128,179,10,37,6,2,21.3,8.39,17.9,28.91,12.8
NA Karnik,8,158,239,10,63,7,0,26.3,9.08,23.9,39.87,15.8
Jagrat Dubey,6,129,119,10,68,15,3,21.5,5.53,11.9,52.71,12.9
GH Lewis,16,447,459,10,189,15,4,74.5,6.16,45.9,42.28,44.7
Ali Sheikh,6,132,141,10,50,0,0,22.0,6.41,14.1,37.88,13.2
S Tyagi,19,390,471,10,206,12,4,65.0,7.25,47.1,52.82,39.0
S Tino,8,168,125,10,91,9,0,28.0,4.46,12.5,54.17,16.8
JRMVB Sanjaya,8,175,257,10,59,8,2,29.2,8.81,25.7,33.71,17.5
C Ostergaard,11,194,179,10,105,25,2,32.3,5.54,17.9,54.12,19.4
JQK Moala,6,121,121,10,76,9,1,20.2,6.0,12.1,62.81,12.1
Muzahir Raza,10,210,209,10,126,12,0,35.0,5.97,20.9,60.0,21.0
Omar Hayat,6,96,123,10,36,0,0,16.0,7.69,12.3,37.5,9.6
E Schiferli,13,471,445,10,257,10,3,78.5,5.67,44.5,54.56,47.1
SA Akenji,7,128,141,10,62,24,3,21.3,6.61,14.1,48.44,12.8
Jobayer Hossen,8,150,185,10,65,10,0,25.0,7.4,18.5,43.33,15.0
Afida Afthab,19,264,216,10,140,15,3,44.0,4.91,21.6,53.03,26.4
Subashis Roy,5,814,521,10,574,6,5,135.7,3.84,52.1,70.52,81.4
U Iftikhar,10,189,123,10,111,6,3,31.5,3.9,12.3,58.73,18.9
MP Bicknell,2,560,289,10,445,0,2,93.3,3.1,28.9,79.46,56.0
AB de Villiers,14,396,313,10,232,10,0,66.0,4.74,31.3,58.59,39.6
AB Slebsager,10,183,239,10,91,36,9,30.5,7.84,23.9,49.73,18.3
L Keny,7,72,46,10,48,4,0,12.0,3.83,4.6,66.67,7.2
WAE Burton,14,210,327,10,86,23,1,35.0,9.34,32.7,40.95,21.0
D Langford-Smith,10,461,362,10,292,28,5,76.8,4.71,36.2,63.34,46.1
F Khaliq,8,144,149,10,81,4,0,24.0,6.21,14.9,56.25,14.4
DK Dahyabhai Ahir,7,132,113,10,70,0,0,22.0,5.14,11.3,53.03,13.2
BDH Stevens,10,158,189,10,67,7,0,26.3,7.18,18.9,42.41,15.8
J Proctor,11,201,215,10,103,7,1,33.5,6.42,21.5,51.24,20.1
JA Clarkson,10,175,190,10,72,8,1,29.2,6.51,19.0,41.14,17.5
GDR Eranga,8,170,192,10,82,14,2,28.3,6.78,19.2,48.24,17.0
G Setshwane,7,151,93,10,95,5,1,25.2,3.7,9.3,62.91,15.1
K Dangol,10,119,92,10,67,6,1,19.8,4.64,9.2,56.3,11.9
K Christie,11,226,298,10,91,7,4,37.7,7.91,29.8,40.27,22.6
K Cawte,11,188,233,10,76,6,1,31.3,7.44,23.3,40.43,18.8
Muhammad Ismail,7,106,195,10,37,9,1,17.7,11.04,19.5,34.91,10.6
Avishka Iroshan,8,104,165,10,36,4,0,17.3,9.52,16.5,34.62,10.4
TA Lavia,11,199,130,10,105,2,0,33.2,3.92,13.0,52.76,19.9
RSM Lili'i,5,111,68,10,68,1,0,18.5,3.68,6.8,61.26,11.1
CZ Harris,17,598,404,10,358,4,3,99.7,4.05,40.4,59.87,59.8
AR Leo,9,151,196,10,60,9,1,25.2,7.79,19.6,39.74,15.1
D Ganesh,8,180,190,10,89,9,0,30.0,6.33,19.0,49.44,18.0
Ibtisam Sheikh,8,144,179,10,47,1,0,24.0,7.46,17.9,32.64,14.4
Jaweed Sadran,13,205,291,10,81,13,2,34.2,8.52,29.1,39.51,20.5
J Syed Mohammad,11,192,286,10,50,4,0,32.0,8.94,28.6,26.04,19.2
E Liddell,2,480,133,10,411,2,0,80.0,1.66,13.3,85.62,48.0
E Kusuda-Nairn,13,200,198,10,107,33,1,33.3,5.94,19.8,53.5,20.0
H Lin Oo,13,156,228,10,66,17,0,26.0,8.77,22.8,42.31,15.6
M Strano,7,150,158,10,56,0,0,25.0,6.32,15.8,37.33,15.0
M Hayward,2,299,221,10,215,1,1,49.8,4.43,22.1,71.91,29.9
BJ Arnel,6,1009,583,10,786,1,2,168.2,3.47,58.3,77.9,100.9
BP Adapaka,11,224,274,10,87,10,1,37.3,7.34,27.4,38.84,22.4
Kanchan Rana,10,172,158,10,91,22,4,28.7,5.51,15.8,52.91,17.2
N Chabula,7,138,132,10,65,20,0,23.0,5.74,13.2,47.1,13.8
SK Ravuri,9,157,142,10,79,9,1,26.2,5.43,14.2,50.32,15.7
Pargat Singh,12,228,234,10,108,2,1,38.0,6.16,23.4,47.37,22.8
Naina Saju,9,158,146,10,76,29,8,26.3,5.54,14.6,48.1,15.8
Hazrat Bilal,7,270,225,10,170,10,0,45.0,5.0,22.5,62.96,27.0
RA Reifer,13,530,380,10,326,7,3,88.3,4.3,38.0,61.51,53.0
DM Gondaria,9,161,170,10,72,5,0,26.8,6.34,17.0,44.72,16.1
Saniyah Zia,9,165,129,10,104,16,3,27.5,4.69,12.9,63.03,16.5
Sandeep Goud,23,293,390,9,107,11,4,48.8,7.99,43.33,36.52,32.56
RA Abolarin,8,151,144,9,90,13,1,25.2,5.72,16.0,59.6,16.78
M Heingo,9,199,290,9,84,9,0,33.2,8.74,32.22,42.21,22.11
Wasim Ali,18,251,298,9,92,5,2,41.8,7.12,33.11,36.65,27.89
Kamran Ahmadzai,8,113,154,9,55,6,0,18.8,8.18,17.11,48.67,12.56
AJ Turner,15,240,251,9,111,11,0,40.0,6.28,27.89,46.25,26.67
SM Harwood,7,192,248,9,83,12,0,32.0,7.75,27.56,43.23,21.33
JL Tutty,8,182,188,9,102,16,2,30.3,6.2,20.89,56.04,20.22
KV Vakuruivalu,9,165,157,9,110,47,4,27.5,5.71,17.44,66.67,18.33
T Ritawa,7,96,134,9,40,2,0,16.0,8.38,14.89,41.67,10.67
I Chuma,11,176,184,9,91,22,1,29.3,6.27,20.44,51.7,19.56
T Abdulquadri,6,139,124,9,83,12,2,23.2,5.35,13.78,59.71,15.44
T Araliya,10,153,180,9,63,24,7,25.5,7.06,20.0,41.18,17.0
H Deol,15,201,222,9,78,6,3,33.5,6.63,24.67,38.81,22.33
Geovanis Uwase,12,169,152,9,101,15,1,28.2,5.4,16.89,59.76,18.78
M Siddharth,9,189,285,9,60,4,3,31.5,9.05,31.67,31.75,21.0
A Alexander,8,100,105,9,52,8,1,16.7,6.3,11.67,52.0,11.11
RC Irani,10,473,370,9,257,2,0,78.8,4.69,41.11,54.33,52.56
R Telemachus,6,276,296,9,140,12,12,46.0,6.43,32.89,50.72,30.67
Jai Sinh,3,66,84,9,31,3,0,11.0,7.64,9.33,46.97,7.33
A Pusthay,7,101,130,9,39,5,1,16.8,7.72,14.44,38.61,11.22
MGSM Fernando,6,144,123,9,65,4,0,24.0,5.12,13.67,45.14,16.0
R Powell,30,406,542,9,121,11,3,67.7,8.01,60.22,29.8,45.11
Waheed Ahmed,18,306,321,9,118,8,0,51.0,6.29,35.67,38.56,34.0
Akhil Arjunan,12,227,274,9,92,6,0,37.8,7.24,30.44,40.53,25.22
Javid Patel,10,217,236,9,88,13,1,36.2,6.53,26.22,40.55,24.11
B Shetty,10,221,227,9,103,14,0,36.8,6.16,25.22,46.61,24.56
AS Hansra,18,366,379,9,146,7,0,61.0,6.21,42.11,39.89,40.67
C Connolly,15,336,390,9,141,4,0,56.0,6.96,43.33,41.96,37.33
S Dabholkatr,9,172,141,9,109,51,4,28.7,4.92,15.67,63.37,19.11
M Chabula,7,140,152,9,55,18,4,23.3,6.51,16.89,39.29,15.56
Akash Singh,10,205,326,9,73,3,0,34.2,9.54,36.22,35.61,22.78
G Shukla,13,252,220,9,151,35,4,42.0,5.24,24.44,59.92,28.0
S Ravikumar,12,217,228,9,103,10,1,36.2,6.3,25.33,47.47,24.11
AK Bangura,12,145,182,9,67,14,2,24.2,7.53,20.22,46.21,16.11
Sakib Hussain,6,132,203,9,44,13,0,22.0,9.23,22.56,33.33,14.67
NSK Mehta,8,187,205,9,82,6,1,31.2,6.58,22.78,43.85,20.78
NT Gireesh,10,133,190,9,56,18,1,22.2,8.57,21.11,42.11,14.78
GES Sullivan,8,169,130,9,104,4,1,28.2,4.62,14.44,61.54,18.78
Asif Javed,5,102,80,9,55,5,0,17.0,4.71,8.89,53.92,11.33
Aslan Jafri,7,138,177,9,49,0,0,23.0,7.7,19.67,35.51,15.33
S Mtae,8,84,75,9,44,3,0,14.0,5.36,8.33,52.38,9.33
Rameesha Shahid,17,241,293,9,112,15,10,40.2,7.29,32.56,46.47,26.78
Tanveer Ahmed,10,286,303,9,147,8,0,47.7,6.36,33.67,51.4,31.78
W Behr,6,108,108,9,57,1,0,18.0,6.0,12.0,52.78,12.0
J Mulder,4,132,91,9,71,4,0,22.0,4.14,10.11,53.79,14.67
J Jojo,10,198,208,9,94,6,0,33.0,6.3,23.11,47.47,22.0
GR Codrington,6,306,267,9,148,1,0,51.0,5.24,29.67,48.37,34.0
P Parameswaran,8,155,226,9,66,4,1,25.8,8.75,25.11,42.58,17.22
S Vaz,5,96,110,9,45,6,0,16.0,6.88,12.22,46.88,10.67
YS To,7,132,114,9,47,7,0,22.0,5.18,12.67,35.61,14.67
S Williams,15,249,301,9,110,6,3,41.5,7.25,33.44,44.18,27.67
R Avery,8,156,185,9,61,5,0,26.0,7.12,20.56,39.1,17.33
J Kila,17,341,302,9,188,6,10,56.8,5.31,33.56,55.13,37.89
VR Iyer,14,167,248,9,46,3,1,27.8,8.91,27.56,27.54,18.56
Z Kamara,11,217,163,9,141,21,0,36.2,4.51,18.11,64.98,24.11
Aakash Chand,5,139,167,9,55,8,1,23.2,7.21,18.56,39.57,15.44
SR Rocket,11,182,246,9,66,10,2,30.3,8.11,27.33,36.26,20.22
LMP Simmons,22,412,427,9,172,10,3,68.7,6.22,47.44,41.75,45.78
NH Patel,8,270,161,9,166,5,0,45.0,3.58,17.89,61.48,30.0
M Vivekanandan,10,210,362,9,59,15,0,35.0,10.34,40.22,28.1,23.33
SKS Gill,15,216,280,9,80,7,1,36.0,7.78,31.11,37.04,24.0
KTH Ratnayake,2,605,393,9,365,3,1,100.8,3.9,43.67,60.33,67.22
D Dewald,8,174,192,9,72,4,0,29.0,6.62,21.33,41.38,19.33
Mehboob Ali,10,193,291,9,85,16,1,32.2,9.05,32.33,44.04,21.44
I Mugisha,13,192,232,9,87,3,0,32.0,7.25,25.78,45.31,21.33
IJL Trott,38,892,587,9,572,1,1,148.7,3.95,65.22,64.13,99.11
Xiuli Jin,3,54,38,9,27,4,0,9.0,4.22,4.22,50.0,6.0
P Sarraf,18,412,345,9,217,4,0,68.7,5.02,38.33,52.67,45.78
P Subrayen,6,490,335,9,290,0,0,81.7,4.1,37.22,59.18,54.44
GP Meade,11,183,189,9,69,7,1,30.5,6.2,21.0,37.7,20.33
Shaik Basha,9,90,154,9,30,5,0,15.0,10.27,17.11,33.33,10.0
Shahid Mahmood,11,217,333,9,84,6,1,36.2,9.21,37.0,38.71,24.11
RV Scholes,5,112,75,9,69,7,0,18.7,4.02,8.33,61.61,12.44
Azam Khalil,9,186,181,9,97,3,0,31.0,5.84,20.11,52.15,20.67
Aftab Kayani,6,90,101,9,50,8,0,15.0,6.73,11.22,55.56,10.0
Mohammed Qasim,5,144,105,9,82,4,0,24.0,4.38,11.67,56.94,16.0
Reehana Khan,7,106,83,9,64,11,4,17.7,4.7,9.22,60.38,11.78
Shagharai Sefat,4,98,115,9,38,5,2,16.3,7.04,12.78,38.78,10.89
Gurpreet Singh,9,163,182,9,77,4,1,27.2,6.7,20.22,47.24,18.11
ML Lewis,7,275,314,9,121,2,2,45.8,6.85,34.89,44.0,30.56
R Dhakal,11,304,370,9,137,10,4,50.7,7.3,41.11,45.07,33.78
Qais Ahmad,6,138,248,9,38,7,0,23.0,10.78,27.56,27.54,15.33
K Inakale,21,232,253,9,129,28,7,38.7,6.54,28.11,55.6,25.78
Wang Meng,8,156,92,9,96,1,0,26.0,3.54,10.22,61.54,17.33
Sabbir Rahman,33,500,514,9,200,3,1,83.3,6.17,57.11,40.0,55.56
Sabnam Rai,13,239,226,9,140,10,0,39.8,5.67,25.11,58.58,26.56
Adnan Mirza,11,181,242,9,66,2,1,30.2,8.02,26.89,36.46,20.11
AC Voges,27,383,366,9,160,8,0,63.8,5.73,40.67,41.78,42.56
Prachi Kumari,11,177,184,9,73,13,3,29.5,6.24,20.44,41.24,19.67
M Ariokot,14,190,180,9,124,16,1,31.7,5.68,20.0,65.26,21.11
Lovedeep Singh,8,153,173,9,84,12,3,25.5,6.78,19.22,54.9,17.0
NM Meepage,8,264,227,9,146,1,0,44.0,5.16,25.22,55.3,29.33
RR Sharan,13,221,263,9,93,4,0,36.8,7.14,29.22,42.08,24.56
RP Arnold,20,381,367,9,154,7,1,63.5,5.78,40.78,40.42,42.33
AM Nayar,20,248,340,9,78,11,1,41.3,8.23,37.78,31.45,27.56
TL Cutler,11,216,291,9,89,4,0,36.0,8.08,32.33,41.2,24.0
TLW Cooper,22,401,400,9,182,4,0,66.8,5.99,44.44,45.39,44.56
M Faheem,7,121,141,9,65,12,1,20.2,6.99,15.67,53.72,13.44
Harry Johnson,10,191,285,9,72,16,2,31.8,8.95,31.67,37.7,21.22
M Vandrasi,8,144,177,9,46,5,0,24.0,7.38,19.67,31.94,16.0
D Rawat,8,138,170,9,55,6,0,23.0,7.39,18.89,39.86,15.33
Ameel Mauroof,17,202,288,9,68,6,0,33.7,8.55,32.0,33.66,22.44
KDC Clarke,4,187,228,9,74,4,1,31.2,7.32,25.33,39.57,20.78
SR Bhudia,15,190,184,9,85,8,0,31.7,5.81,20.44,44.74,21.11
F Samanyika,16,232,252,9,111,18,0,38.7,6.52,28.0,47.84,25.78
C Chatphaisan,10,133,142,9,65,9,1,22.2,6.41,15.78,48.87,14.78
B Bhadriraju,6,114,95,9,46,3,0,19.0,5.0,10.56,40.35,12.67
Saranya Kotha,7,82,59,9,61,26,4,13.7,4.32,6.56,74.39,9.11
MA Suji,11,518,355,9,356,4,2,86.3,4.11,39.44,68.73,57.56
M Aboagye,12,193,236,9,81,7,1,32.2,7.34,26.22,41.97,21.44
G Oliveira,12,170,178,9,78,9,2,28.3,6.28,19.78,45.88,18.89
T Cheki,8,124,135,9,54,13,1,20.7,6.53,15.0,43.55,13.78
Amir Butt,8,129,172,9,38,5,0,21.5,8.0,19.11,29.46,14.33
S Sigaiwasa,12,178,157,9,85,13,4,29.7,5.29,17.44,47.75,19.78
JD Nel,11,355,329,9,207,9,1,59.2,5.56,36.56,58.31,39.44
Sylvia Usabyimana,12,169,153,9,90,15,1,28.2,5.43,17.0,53.25,18.78
LA Simango,9,149,174,9,72,8,5,24.8,7.01,19.33,48.32,16.56
ST Frohnmayer,15,248,259,9,122,35,2,41.3,6.27,28.78,49.19,27.56
Tian Sen Qun,9,180,194,9,98,11,1,30.0,6.47,21.56,54.44,20.0
A Vailoa,6,99,101,9,63,11,3,16.5,6.12,11.22,63.64,11.0
PA Hitchcock,8,314,301,9,177,9,14,52.3,5.75,33.44,56.37,34.89
K Vislapuu,16,240,357,9,93,11,1,40.0,8.93,39.67,38.75,26.67
PE Kruger,7,118,181,9,30,9,2,19.7,9.2,20.11,25.42,13.11
Ragne Hallik,9,168,181,9,83,26,12,28.0,6.46,20.11,49.4,18.67
RV Hawkins,10,218,156,9,114,9,1,36.3,4.29,17.33,52.29,24.22
Yusuf Ebrahim,13,129,203,9,50,5,0,21.5,9.44,22.56,38.76,14.33
Chan Sau Har,5,88,74,9,35,1,4,14.7,5.05,8.22,39.77,9.78
Chare Smith,9,170,196,9,101,22,1,28.3,6.92,21.78,59.41,18.89
NM Ambo,8,126,99,9,76,11,0,21.0,4.71,11.0,60.32,14.0
A Augastin,8,128,115,9,77,4,0,21.3,5.39,12.78,60.16,14.22
M Mani,6,186,189,9,76,9,0,31.0,6.1,21.0,40.86,20.67
DV Macome,6,108,138,8,52,6,0,18.0,7.67,17.25,48.15,13.5
I Kamara,6,91,79,8,43,0,0,15.2,5.21,9.88,47.25,11.38
A Bierwisch,6,96,68,8,69,8,4,16.0,4.25,8.5,71.88,12.0
H Deshan,8,108,140,8,47,0,0,18.0,7.78,17.5,43.52,13.5
T Amarmend,10,182,282,8,56,20,6,30.3,9.3,35.25,30.77,22.75
Humaira Tasneem,6,65,68,8,30,2,0,10.8,6.28,8.5,46.15,8.12
Noah Mead,11,163,243,8,56,4,1,27.2,8.94,30.38,34.36,20.38
Baz Aybui,8,120,140,8,45,5,0,20.0,7.0,17.5,37.5,15.0
BAD Manenti,12,264,337,8,105,9,0,44.0,7.66,42.12,39.77,33.0
Karma Dorji,15,183,228,8,76,13,2,30.5,7.48,28.5,41.53,22.88
Kamrul Islam Rabbi,7,753,516,8,516,5,3,125.5,4.11,64.5,68.53,94.12
Kamran Wahid,4,85,126,8,27,2,1,14.2,8.89,15.75,31.76,10.62
Zeeshan Ansari,10,204,334,8,48,5,1,34.0,9.82,41.75,23.53,25.5
VM Vaghela,3,60,41,8,33,1,0,10.0,4.1,5.12,55.0,7.5
Yves Cyusa,11,186,204,8,79,6,0,31.0,6.58,25.5,42.47,23.25
Yudhvir Singh,9,139,257,8,56,6,1,23.2,11.09,32.12,40.29,17.38
Dolar Mahmud,7,213,259,8,109,10,3,35.5,7.3,32.38,51.17,26.62
Dhananjay Rao,8,132,157,8,66,15,0,22.0,7.14,19.62,50.0,16.5
SD Parry,7,210,232,8,93,2,0,35.0,6.63,29.0,44.29,26.25
SC Kumari,8,102,63,8,75,5,0,17.0,3.71,7.88,73.53,12.75
Abdul Waheed,13,132,161,8,52,5,0,22.0,7.32,20.12,39.39,16.5
Mohammad Tauqir,10,372,326,8,181,5,1,62.0,5.26,40.75,48.66,46.5
G Snyman,5,297,293,8,152,17,9,49.5,5.92,36.62,51.18,37.12
C Bwanali,12,154,134,8,74,6,2,25.7,5.22,16.75,48.05,19.25
A Khan,10,324,287,8,201,10,14,54.0,5.31,35.88,62.04,40.5
O Erdenebaatar,14,233,240,8,105,30,9,38.8,6.18,30.0,45.06,29.12
B Mejaro,5,121,139,8,48,4,1,20.2,6.89,17.38,39.67,15.12
NR Kumar,13,222,234,8,95,1,0,37.0,6.32,29.25,42.79,27.75
AV Lalcheta,13,312,325,8,164,1,0,52.0,6.25,40.62,52.56,39.0
Abdullah Jasat,7,138,179,8,63,9,0,23.0,7.78,22.38,45.65,17.25
B Dugic,10,133,242,8,45,12,1,22.2,10.92,30.25,33.83,16.62
B Doggett,2,292,228,8,181,0,2,48.7,4.68,28.5,61.99,36.5
S Kolcunova,13,282,349,8,123,73,18,47.0,7.43,43.62,43.62,35.25
AE Paraam,9,186,276,8,65,2,0,31.0,8.9,34.5,34.95,23.25
AAhan Achar,9,156,155,8,61,0,0,26.0,5.96,19.38,39.1,19.5
DC Drakes,13,306,379,8,144,20,0,51.0,7.43,47.38,47.06,38.25
Syed Aqeel Israr,9,154,156,8,69,9,1,25.7,6.08,19.5,44.81,19.25
OGL Bascome,6,85,101,8,29,4,0,14.2,7.13,12.62,34.12,10.62
K Jaikaran,6,84,97,8,44,6,0,14.0,6.93,12.12,52.38,10.5
Aftab Ahmed,26,652,565,8,322,11,0,108.7,5.2,70.62,49.39,81.5
Abubacarr Kuyateh,8,150,211,8,69,15,0,25.0,8.44,26.38,46.0,18.75
K Mahekdeep,9,142,129,8,69,11,2,23.7,5.45,16.12,48.59,17.75
G Mckeon,10,160,182,8,70,8,1,26.7,6.82,22.75,43.75,20.0
AJ Kenealy,17,377,384,8,201,23,5,62.8,6.11,48.0,53.32,47.12
Khin Aye,14,169,261,8,70,16,1,28.2,9.27,32.62,41.42,21.12
SG Satghare,4,262,169,8,186,10,0,43.7,3.87,21.12,70.99,32.75
SK Lahiri,3,54,64,8,29,2,0,9.0,7.11,8.0,53.7,6.75
NR Kirton,14,186,204,8,79,2,0,31.0,6.58,25.5,42.47,23.25
HDPK Dharmasena,9,686,436,8,428,3,0,114.3,3.81,54.5,62.39,85.75
NJ Amongin,6,127,70,8,82,3,0,21.2,3.31,8.75,64.57,15.88
E Kallous,10,141,160,8,49,19,10,23.5,6.81,20.0,34.75,17.62
MEC de Fouw,5,184,144,8,110,6,0,30.7,4.7,18.0,59.78,23.0
R Airee,6,96,95,8,32,7,0,16.0,5.94,11.88,33.33,12.0
A Mohamed,11,172,158,8,83,11,0,28.7,5.51,19.75,48.26,21.5
S Bhardwaj,9,104,90,8,63,25,3,17.3,5.19,11.25,60.58,13.0
Mohamed Turay,10,137,168,8,47,1,2,22.8,7.36,21.0,34.31,17.12
Aaron Jones,21,313,335,8,143,4,0,52.2,6.42,41.88,45.69,39.12
Z Mali,13,269,269,8,134,7,2,44.8,6.0,33.62,49.81,33.62
AW Hawkins-Kay,9,132,168,8,54,3,0,22.0,7.64,21.0,40.91,16.5
KC Cariappa,11,218,349,8,62,6,2,36.3,9.61,43.62,28.44,27.25
PR Surve,15,183,248,8,66,1,0,30.5,8.13,31.0,36.07,22.88
M Enkhzul,9,158,204,8,61,34,2,26.3,7.75,25.5,38.61,19.75
M Idambo,8,180,118,8,107,7,0,30.0,3.93,14.75,59.44,22.5
Roheed Akhtar,11,222,234,8,95,8,0,37.0,6.32,29.25,42.79,27.75
Rameez Khan,6,114,144,8,46,8,0,19.0,7.58,18.0,40.35,14.25
Ramandeep Singh,7,76,137,8,18,13,0,12.7,10.82,17.12,23.68,9.5
Shivang Kumar,8,156,241,8,44,1,0,26.0,9.27,30.12,28.21,19.5
GC Tonge,7,502,368,8,301,5,12,83.7,4.4,46.0,59.96,62.75
S Waqas Ahmed,8,138,156,8,52,6,0,23.0,6.78,19.5,37.68,17.25
M Chadha,5,97,150,8,34,0,1,16.2,9.28,18.75,35.05,12.12
RR Emrit,7,207,300,8,80,5,3,34.5,8.7,37.5,38.65,25.88
RS Quyn,15,327,299,8,167,10,0,54.5,5.49,37.38,51.07,40.88
SJ Hughes-Pinan,7,164,111,8,103,3,0,27.3,4.06,13.88,62.8,20.5
S Gokhale,11,156,147,8,84,13,0,26.0,5.65,18.38,53.85,19.5
Muhammad Tanveer,16,215,305,8,65,4,0,35.8,8.51,38.12,30.23,26.88
Jamshid Nasiri,7,114,107,8,55,2,0,19.0,5.63,13.38,48.25,14.25
Ali Yalmaz,7,102,161,8,32,7,0,17.0,9.47,20.12,31.37,12.75
CJ Boyce,7,138,152,8,48,0,0,23.0,6.61,19.0,34.78,17.25
Waheeda Akhtar,7,152,195,8,74,5,2,25.3,7.7,24.38,48.68,19.0
Sheikh Rasik,10,174,191,8,71,4,0,29.0,6.59,23.88,40.8,21.75
A Levaci,6,93,102,8,53,12,3,15.5,6.58,12.75,56.99,11.62
LK Hamilton,4,204,145,8,142,0,0,34.0,4.26,18.12,69.61,25.5
J Stanigze,6,100,127,8,38,6,0,16.7,7.62,15.88,38.0,12.5
RJ van Vuuren,5,302,306,8,165,5,2,50.3,6.08,38.25,54.64,37.75
TH David,17,212,345,8,66,7,0,35.3,9.76,43.12,31.13,26.5
Suraiya Azmin,7,111,94,8,76,7,1,18.5,5.08,11.75,68.47,13.88
MP Ainsworth,12,158,217,8,65,10,8,26.3,8.24,27.12,41.14,19.75
AA Chavan,13,248,339,8,110,7,0,41.3,8.2,42.38,44.35,31.0
L Jones,6,167,137,8,101,16,0,27.8,4.92,17.12,60.48,20.88
Sajjida Shah,3,178,88,8,124,0,2,29.7,2.97,11.0,69.66,22.25
D Medagoda,9,150,156,8,90,48,3,25.0,6.24,19.5,60.0,18.75
AK Gonerara,10,148,167,8,78,21,4,24.7,6.77,20.88,52.7,18.5
SM Benade,7,190,120,8,138,17,0,31.7,3.79,15.0,72.63,23.75
T Musekiwa,5,109,105,8,49,4,1,18.2,5.78,13.12,44.95,13.62
AN Lascu,7,128,196,8,50,3,2,21.3,9.19,24.5,39.06,16.0
R Satheesan,17,210,319,8,77,23,1,35.0,9.11,39.88,36.67,26.25
Sadamali Bhakshala,19,334,400,8,147,33,0,55.7,7.19,50.0,44.01,41.75
S Ravoka,5,120,128,8,54,2,0,20.0,6.4,16.0,45.0,15.0
N Robertson-Jack,5,82,91,8,43,4,0,13.7,6.66,11.38,52.44,10.25
CJ Dias,10,161,156,8,78,19,0,26.8,5.81,19.5,48.45,20.12
S Tosic,12,144,260,8,51,2,0,24.0,10.83,32.5,35.42,18.0
YYM Jakda,7,114,165,8,43,10,1,19.0,8.68,20.62,37.72,14.25
N Brand,1,234,174,8,134,2,0,39.0,4.46,21.75,57.26,29.25
P Pushparajan,8,116,145,8,50,2,0,19.3,7.5,18.12,43.1,14.5
P Bhart,9,180,186,8,82,10,0,30.0,6.2,23.25,45.56,22.5
P Bhandari,9,153,180,8,86,44,4,25.5,7.06,22.5,56.21,19.12
Yair Nagavkar,7,154,165,8,64,4,0,25.7,6.43,20.62,41.56,19.25
Marcelle Hanekom,8,128,181,8,42,13,2,21.3,8.48,22.62,32.81,16.0
SKDT Madusanka,9,108,172,8,42,3,0,18.0,9.56,21.5,38.89,13.5
AM Zepeda,15,326,308,8,171,47,8,54.3,5.67,38.5,52.45,40.75
AA Noffke,4,123,129,8,60,2,0,20.5,6.29,16.12,48.78,15.38
A Simelane,10,164,273,8,40,6,2,27.3,9.99,34.12,24.39,20.5
JS Ndanu,18,232,231,8,119,24,0,38.7,5.97,28.88,51.29,29.0
JN Mohammed,18,452,355,8,223,2,0,75.3,4.71,44.38,49.34,56.5
R Dhar,9,344,232,8,230,5,1,57.3,4.05,29.0,66.86,43.0
E Ndubudem,7,138,127,8,69,7,0,23.0,5.52,15.88,50.0,17.25
Zaid Ahmad,7,109,142,8,50,10,1,18.2,7.82,17.75,45.87,13.62
Riyaa Bhasin,6,74,63,8,48,9,2,12.3,5.11,7.88,64.86,9.25
H Khogiyani,11,200,247,8,80,7,2,33.3,7.41,30.88,40.0,25.0
Aryan Lakra,15,360,331,8,188,4,0,60.0,5.52,41.38,52.22,45.0
Toqeer Ahmad,6,118,137,8,54,8,0,19.7,6.97,17.12,45.76,14.75
JM Apio,5,66,50,8,44,6,0,11.0,4.55,6.25,66.67,8.25
Regina Khan,7,151,143,8,81,3,1,25.2,5.68,17.88,53.64,18.88
O Davidson,9,228,220,8,107,2,0,38.0,5.79,27.5,46.93,28.5
S Gajnabi,18,261,288,8,107,6,0,43.5,6.62,36.0,41.0,32.62
TM Macalou,9,109,135,8,47,1,2,18.2,7.43,16.88,43.12,13.62
D Golechha,9,199,116,8,145,29,2,33.2,3.5,14.5,72.86,24.88
DC Delany,7,147,200,8,52,9,0,24.5,8.16,25.0,35.37,18.38
Shohely Akhter,8,132,113,8,57,1,0,22.0,5.14,14.12,43.18,16.5
MJM Kavana,6,88,100,8,36,1,1,14.7,6.82,12.5,40.91,11.0
L Wahmowe,3,60,58,8,30,10,0,10.0,5.8,7.25,50.0,7.5
JO Adedeji,13,204,223,8,83,1,0,34.0,6.56,27.88,40.69,25.5
JK Mukhiya,9,132,154,8,59,5,0,22.0,7.0,19.25,44.7,16.5
S Sandeep Warrier,11,188,280,8,83,7,2,31.3,8.94,35.0,44.15,23.5
LF Muller,8,90,113,8,46,8,0,15.0,7.53,14.12,51.11,11.25
SS Shukla,7,114,97,8,50,0,0,19.0,5.11,12.12,43.86,14.25
D Wabwire,7,130,157,8,69,6,3,21.7,7.25,19.62,53.08,16.25
GRD Munasinghe,4,96,112,8,44,4,0,16.0,7.0,14.0,45.83,12.0
N Caruana,7,94,55,8,69,22,4,15.7,3.51,6.88,73.4,11.75
JL Aras,14,252,232,8,153,27,0,42.0,5.52,29.0,60.71,31.5
PP Hinge,4,98,199,8,35,5,2,16.3,12.18,24.88,35.71,12.25
ZP Ikiua,12,234,236,8,106,9,1,39.0,6.05,29.5,45.3,29.25
SK Springer,7,174,226,8,71,9,0,29.0,7.79,28.25,40.8,21.75
Kabir Berlia,6,115,162,8,46,1,0,19.2,8.45,20.25,40.0,14.38
Manjural Islam,7,566,374,8,412,14,1,94.3,3.96,46.75,72.79,70.75
A Conteh,5,110,114,8,45,6,2,18.3,6.22,14.25,40.91,13.75
Zeeshan Goraya,9,144,223,8,77,7,0,24.0,9.29,27.88,53.47,18.0
S Channa,7,143,136,7,80,11,5,23.8,5.71,19.43,55.94,20.43
Hilva Noor,5,55,16,7,50,9,0,9.2,1.75,2.29,90.91,7.86
I Asif,5,69,90,7,22,4,1,11.5,7.83,12.86,31.88,9.86
Nazwan Ismail,6,104,189,7,27,8,0,17.3,10.9,27.0,25.96,14.86
M Kadyan,9,156,236,7,71,26,0,26.0,9.08,33.71,45.51,22.29
Zohaib Sarwar,9,135,199,7,44,9,2,22.5,8.84,28.43,32.59,19.29
R Ugarkar,3,115,85,7,81,6,0,19.2,4.43,12.14,70.43,16.43
R Rohmalia,2,38,9,7,35,5,0,6.3,1.42,1.29,92.11,5.43
Zulqarnain Haider,5,78,77,7,44,0,0,13.0,5.92,11.0,56.41,11.14
I Muntean,6,125,136,7,62,31,5,20.8,6.53,19.43,49.6,17.86
F de Wet,2,436,189,7,341,1,10,72.7,2.6,27.0,78.21,62.29
RN Patel,7,50,53,7,23,0,0,8.3,6.36,7.57,46.0,7.14
T Sandaruwan,4,91,132,7,36,2,1,15.2,8.7,18.86,39.56,13.0
TL Suman,11,152,198,7,44,0,2,25.3,7.82,28.29,28.95,21.71
SMA Priyanjan,14,265,236,7,117,5,0,44.2,5.34,33.71,44.15,37.86
KM Asif,7,135,232,7,46,8,2,22.5,10.31,33.14,34.07,19.29
AM Salvi,7,150,205,7,61,6,0,25.0,8.2,29.29,40.67,21.43
AP Devcich,17,409,412,7,173,12,1,68.2,6.04,58.86,42.3,58.43
M Gouws,9,158,243,7,60,9,0,26.3,9.23,34.71,37.97,22.57
KL George,7,153,188,7,73,14,0,25.5,7.37,26.86,47.71,21.86
SL Munroe,13,308,281,7,173,26,0,51.3,5.47,40.14,56.17,44.0
F Hand,13,304,396,7,137,13,2,50.7,7.82,56.57,45.07,43.43
Pan Ei Phyu,10,136,124,7,68,9,0,22.7,5.47,17.71,50.0,19.43
D Dawa,5,84,107,7,34,8,0,14.0,7.64,15.29,40.48,12.0
RR Joshi,8,191,261,7,73,12,1,31.8,8.2,37.29,38.22,27.29
RR Raje,10,140,214,7,41,4,1,23.3,9.17,30.57,29.29,20.0
PRP Boissevain,9,268,390,7,94,5,1,44.7,8.73,55.71,35.07,38.29
Nanthita Boonsukham,7,145,119,7,81,6,2,24.2,4.92,17.0,55.86,20.71
Sachin Kumar,9,136,210,7,37,6,4,22.7,9.26,30.0,27.21,19.43
DR Briggs,7,168,243,7,64,6,0,28.0,8.68,34.71,38.1,24.0
S Gasteratos,3,53,55,7,31,9,0,8.8,6.23,7.86,58.49,7.57
S Gimhani,7,109,127,7,52,4,1,18.2,6.99,18.14,47.71,15.57
Brijesh Sharma,7,138,215,7,43,10,1,23.0,9.35,30.71,31.16,19.71
V Jatinder Kumar,9,180,236,7,79,3,0,30.0,7.87,33.71,43.89,25.71
O Amarjargal,12,173,178,7,74,28,2,28.8,6.17,25.43,42.77,24.71
Shahid Aziz,6,72,104,7,24,5,0,12.0,8.67,14.86,33.33,10.29
V Dhaniram,6,132,93,7,76,1,0,22.0,4.23,13.29,57.58,18.86
SH Lewis,3,299,233,7,176,4,0,49.8,4.68,33.29,58.86,42.71
MV Matsau,8,93,157,7,27,6,1,15.5,10.13,22.43,29.03,13.29
SP Gauchan,6,138,127,7,76,1,0,23.0,5.52,18.14,55.07,19.71
K Srandeva,13,215,281,7,99,52,17,35.8,7.84,40.14,46.05,30.71
S Chaudhary,9,131,190,7,68,21,1,21.8,8.7,27.14,51.91,18.71
S Crowie,6,105,97,7,56,0,0,17.5,5.54,13.86,53.33,15.0
M Jobarteh,8,142,250,7,70,34,1,23.7,10.56,35.71,49.3,20.29
IR Bell,11,194,156,7,110,0,9,32.3,4.82,22.29,56.7,27.71
Y Jasti,6,106,101,7,56,6,0,17.7,5.72,14.43,52.83,15.14
B Shotorova,9,158,193,7,77,52,9,26.3,7.33,27.57,48.73,22.57
B Siddharth,8,282,221,7,174,9,0,47.0,4.7,31.57,61.7,40.29
HL Harji,9,150,194,7,61,6,0,25.0,7.76,27.71,40.67,21.43
HH Aung,8,138,104,7,76,12,0,23.0,4.52,14.86,55.07,19.71
Sidhant Singh,8,138,219,7,38,12,0,23.0,9.52,31.29,27.54,19.71
DVD Madampage,7,132,197,7,60,10,0,22.0,8.95,28.14,45.45,18.86
M Biu,11,215,225,7,96,9,1,35.8,6.28,32.14,44.65,30.71
Nouman Sarwar,6,96,144,7,38,4,0,16.0,9.0,20.57,39.58,13.71
O Kirsten,5,192,150,7,124,8,0,32.0,4.69,21.43,64.58,27.43
AG Weligamage,10,187,333,7,77,25,1,31.2,10.68,47.57,41.18,26.71
ZXM Vukusic,7,130,193,7,61,6,1,21.7,8.91,27.57,46.92,18.57
F Copley,4,81,46,7,50,4,0,13.5,3.41,6.57,61.73,11.57
Vaishnavi Sharma,6,139,155,7,49,2,1,23.2,6.69,22.14,35.25,19.86
PKM Mahawattage,10,179,170,7,88,8,1,29.8,5.7,24.29,49.16,25.57
Chaudhary Akram,6,85,107,7,27,1,1,14.2,7.55,15.29,31.76,12.14
CP Tremain,4,240,257,7,112,9,0,40.0,6.42,36.71,46.67,34.29
Urooj Mumtaz,2,65,70,7,27,2,0,10.8,6.46,10.0,41.54,9.29
MBS Jonkman,5,158,131,7,98,5,1,26.3,4.97,18.71,62.03,22.57
MD Bates,5,150,161,7,74,1,0,25.0,6.44,23.0,49.33,21.43
Imran Yousaf,6,120,129,7,63,4,0,20.0,6.45,18.43,52.5,17.14
Inshaf Farook,5,102,93,7,50,9,0,17.0,5.47,13.29,49.02,14.57
B Akhil,13,189,246,7,64,4,1,31.5,7.81,35.14,33.86,27.0
Swapnil Singh,14,163,241,7,39,2,1,27.2,8.87,34.43,23.93,23.29
Rabbjyot Rajput,10,126,103,7,72,5,0,21.0,4.9,14.71,57.14,18.0
P Taylor,4,84,115,7,25,1,0,14.0,8.21,16.43,29.76,12.0
PA Desai,5,199,147,7,123,1,1,33.2,4.43,21.0,61.81,28.43
Zahid Shah,2,120,103,7,60,8,0,20.0,5.15,14.71,50.0,17.14
Adam Senn,12,242,253,7,122,5,2,40.3,6.27,36.14,50.41,34.57
SE Rutherford,14,185,285,7,57,15,1,30.8,9.24,40.71,30.81,26.43
Saad Masood,10,225,318,7,64,10,3,37.5,8.48,45.43,28.44,32.14
A Mesarovic,7,148,129,7,82,22,8,24.7,5.23,18.43,55.41,21.14
A Mongar,7,86,84,7,39,2,0,14.3,5.86,12.0,45.35,12.29
LS Simelane,7,134,226,7,39,38,2,22.3,10.12,32.29,29.1,19.14
M Ansari,6,138,203,7,55,6,0,23.0,8.83,29.0,39.86,19.71
Luca Petre,9,107,187,7,42,24,0,17.8,10.49,26.71,39.25,15.29
J Danikula,5,114,156,7,54,4,0,19.0,8.21,22.29,47.37,16.29
J Dzulfikar,7,101,73,7,67,6,0,16.8,4.34,10.43,66.34,14.43
J Blades,9,244,357,7,103,20,5,40.7,8.78,51.0,42.21,34.86
NM Sheikh,8,157,99,7,100,6,1,26.2,3.78,14.14,63.69,22.43
J Glasgow,15,274,287,7,142,14,1,45.7,6.28,41.0,51.82,39.14
G Venkateswaran,9,146,239,7,47,1,0,24.3,9.82,34.14,32.19,20.86
G Madanayake,8,126,112,7,73,32,5,21.0,5.33,16.0,57.94,18.0
D Mullen,6,123,154,7,54,4,0,20.5,7.51,22.0,43.9,17.57
ED Silva,7,96,125,7,39,6,0,16.0,7.81,17.86,40.62,13.71
R Abdulrasak,7,128,85,7,83,2,0,21.3,3.98,12.14,64.84,18.29
Rakibul Hasan,7,126,149,7,48,1,0,21.0,7.1,21.29,38.1,18.0
PC Valthaty,10,151,207,7,46,2,0,25.2,8.23,29.57,30.46,21.57
NKD Murtiari,5,97,21,7,88,4,1,16.2,1.3,3.0,90.72,13.86
C Tchale,10,174,262,7,63,13,0,29.0,9.03,37.43,36.21,24.86
H Satheedevi,8,123,200,7,47,11,3,20.5,9.76,28.57,38.21,17.57
OA Shah,12,226,215,7,89,6,3,37.7,5.71,30.71,39.38,32.29
S Austin,5,78,82,7,37,8,0,13.0,6.31,11.71,47.44,11.14
E Jabarkhel,8,187,252,7,83,15,3,31.2,8.09,36.0,44.39,26.71
DA Marillier,9,360,269,7,182,9,0,60.0,4.48,38.43,50.56,51.43
B Geeves,5,163,205,7,73,2,5,27.2,7.55,29.29,44.79,23.29
Joyleen Kaur,7,137,136,7,67,6,0,22.8,5.96,19.43,48.91,19.57
SB Martinez,5,113,78,7,85,23,6,18.8,4.14,11.14,75.22,16.14
Ahmed Baladraf,4,78,84,7,35,0,0,13.0,6.46,12.0,44.87,11.14
GD Drummond,10,278,297,7,139,6,3,46.3,6.41,42.43,50.0,39.71
MO Odumbe,8,360,307,7,169,4,0,60.0,5.12,43.86,46.94,51.43
T Kahamker,3,60,70,7,27,5,0,10.0,7.0,10.0,45.0,8.57
A Ndiraya,7,69,42,7,34,1,0,11.5,3.65,6.0,49.28,9.86
R Malhotra,10,150,154,7,65,9,0,25.0,6.16,22.0,43.33,21.43
W Kokaua,4,61,106,7,21,7,1,10.2,10.43,15.14,34.43,8.71
OJ Webster,5,115,132,7,50,2,1,19.2,6.89,18.86,43.48,16.43
V Mahajan,11,198,172,7,105,8,0,33.0,5.21,24.57,53.03,28.29
Y Venugopal Rao,20,216,338,7,60,6,0,36.0,9.39,48.29,27.78,30.86
P Cabebula,5,99,116,7,47,11,0,16.5,7.03,16.57,47.47,14.14
S Sugaya-Slater,10,149,199,7,59,13,0,24.8,8.01,28.43,39.6,21.29
L Ramjit,6,108,81,7,61,3,0,18.0,4.5,11.57,56.48,15.43
D Ramani,6,126,183,7,55,18,0,21.0,8.71,26.14,43.65,18.0
D Ruynekova,9,138,172,7,59,38,10,23.0,7.48,24.57,42.75,19.71
D Saxena,7,108,103,7,59,8,0,18.0,5.72,14.71,54.63,15.43
Tauqeer Hussain,4,51,56,7,21,1,0,8.5,6.59,8.0,41.18,7.29
Amal Jacob,10,186,247,7,68,19,0,31.0,7.97,35.29,36.56,26.57
CC van Slobbe,5,105,91,7,51,8,0,17.5,5.2,13.0,48.57,15.0
H Chamto,12,198,175,7,94,12,0,33.0,5.3,25.0,47.47,28.29
E Kuncova,14,253,301,7,106,49,7,42.2,7.14,43.0,41.9,36.14
Shubham Ranjane,7,192,172,7,100,10,0,32.0,5.38,24.57,52.08,27.43
LK Bennett,5,108,98,7,54,10,0,18.0,5.44,14.0,50.0,15.43
S Pillai,11,227,238,7,121,17,0,37.8,6.29,34.0,53.3,32.43
S Miyaji,10,212,191,7,98,1,0,35.3,5.41,27.29,46.23,30.29
Aslam Bera,9,168,212,7,66,5,1,28.0,7.57,30.29,39.29,24.0
Arun Yadav,6,78,110,7,37,2,0,13.0,8.46,15.71,47.44,11.14
L Sormus,8,181,174,7,81,17,25,30.2,5.77,24.86,44.75,25.86
LA Goncalves,4,74,61,7,46,5,2,12.3,4.95,8.71,62.16,10.57
JL Martel,3,66,61,7,30,2,0,11.0,5.55,8.71,45.45,9.43
Guido Angeletti,5,94,97,7,46,8,0,15.7,6.19,13.86,48.94,13.43
GS Sequeira,3,70,55,7,40,4,0,11.7,4.71,7.86,57.14,10.0
JO Ngoche,12,423,337,7,249,7,0,70.5,4.78,48.14,58.87,60.43
GM Ewing,8,606,402,7,366,3,1,101.0,3.98,57.43,60.4,86.57
P Amarnath,6,132,241,7,34,0,0,22.0,10.95,34.43,25.76,18.86
C Murrombe,6,112,154,7,33,10,1,18.7,8.25,22.0,29.46,16.0
E Prokic,9,133,144,7,53,23,15,22.2,6.5,20.57,39.85,19.0
Shahab Alam,8,138,223,7,49,1,0,23.0,9.7,31.86,35.51,19.71
Amoluk Singh,10,126,136,7,62,5,0,21.0,6.48,19.43,49.21,18.0
JF Kloppenburg,4,189,138,7,96,3,1,31.5,4.38,19.71,50.79,27.0
N Mutasa,4,72,46,7,50,5,0,12.0,3.83,6.57,69.44,10.29
P Dakainivanua,5,120,113,7,54,1,0,20.0,5.65,16.14,45.0,17.14
Ritik Tomar,13,186,272,7,66,15,0,31.0,8.77,38.86,35.48,26.57
Andre Jarju,8,145,248,7,46,12,1,24.2,10.26,35.43,31.72,20.71
R Shukla,7,123,217,7,44,7,3,20.5,10.59,31.0,35.77,17.57
R Smith,7,108,137,7,40,7,0,18.0,7.61,19.57,37.04,15.43
M Martinez,14,254,238,7,136,25,7,42.3,5.62,34.0,53.54,36.29
PW Gunaratne,7,279,288,7,148,7,0,46.5,6.19,41.14,53.05,39.86
Kamran Shazad,5,155,183,7,76,3,1,25.8,7.08,26.14,49.03,22.14
Malyun Yusuf,4,67,57,7,43,17,1,11.2,5.1,8.14,64.18,9.57
Ma Qiancheng,8,149,180,7,75,14,0,24.8,7.25,25.71,50.34,21.29
Parvez Rasool,13,282,365,7,93,3,0,47.0,7.77,52.14,32.98,40.29
BJ Bennett,22,441,420,7,240,4,1,73.5,5.71,60.0,54.42,63.0
DLS van Bunge,9,165,196,7,77,3,0,27.5,7.13,28.0,46.67,23.57
BK Stroud,12,216,214,7,119,5,0,36.0,5.94,30.57,55.09,30.86
Baseer Khan,6,126,160,7,51,8,0,21.0,7.62,22.86,40.48,18.0
S Dhakal,13,349,311,7,168,2,0,58.2,5.35,44.43,48.14,49.86
IC Simao,9,193,249,7,77,6,1,32.2,7.74,35.57,39.9,27.57
BS Stephenson,7,147,176,7,73,7,3,24.5,7.18,25.14,49.66,21.0
M Robinson,3,60,56,6,26,8,1,10.0,5.6,9.33,43.33,10.0
A Athanaze,9,291,167,6,183,1,3,48.5,3.44,27.83,62.89,48.5
S Elmsjoo,4,66,63,6,30,10,0,11.0,5.73,10.5,45.45,11.0
Nitesh Hooda,4,60,45,6,38,2,0,10.0,4.5,7.5,63.33,10.0
Nishita Akter Nishi,7,295,208,6,177,2,1,49.2,4.23,34.67,60.0,49.17
Hassan Mehmood,4,74,101,6,31,4,1,12.3,8.19,16.83,41.89,12.33
Bashar Khan,4,76,52,6,46,1,1,12.7,4.11,8.67,60.53,12.67
Baljit Singh,7,120,118,6,56,4,0,20.0,5.9,19.67,46.67,20.0
Navdeep Saini,6,122,204,6,47,5,2,20.3,10.03,34.0,38.52,20.33
BL Morgan,5,579,223,6,482,1,0,96.5,2.31,37.17,83.25,96.5
Niv Nagavkar,8,162,194,6,77,8,0,27.0,7.19,32.33,47.53,27.0
Phoup Srey Pheak,7,118,114,6,74,27,3,19.7,5.8,19.0,62.71,19.67
Kamal Soukhiya,6,132,198,6,58,24,0,22.0,9.0,33.0,43.94,22.0
AJ Finch,29,351,361,6,142,4,0,58.5,6.17,60.17,40.46,58.5
Zeeshan Ali,5,90,121,6,46,9,0,15.0,8.07,20.17,51.11,15.0
M Trajkovi,7,113,94,6,65,29,5,18.8,4.99,15.67,57.52,18.83
Santiago Duggan,7,120,102,6,66,10,0,20.0,5.1,17.0,55.0,20.0
Anasim Khan,5,109,145,6,38,2,1,18.2,7.98,24.17,34.86,18.17
N Kakor,9,134,154,6,65,16,2,22.3,6.9,25.67,48.51,22.33
Shafat Ali Syed,6,84,113,6,38,12,0,14.0,8.07,18.83,45.24,14.0
N Pooran,7,173,174,6,67,5,4,28.8,6.03,29.0,38.73,28.83
LJ Payas,7,104,102,6,51,24,6,17.3,5.88,17.0,49.04,17.33
LJ Burger,6,331,300,6,170,5,1,55.2,5.44,50.0,51.36,55.17
LAR Bommareddy,8,136,144,6,70,23,4,22.7,6.35,24.0,51.47,22.67
MK Tiwary,12,174,233,6,73,7,0,29.0,8.03,38.83,41.95,29.0
D Unhale,8,164,124,6,100,12,2,27.3,4.54,20.67,60.98,27.33
JI Rodrigues,9,104,76,6,59,3,0,17.3,4.38,12.67,56.73,17.33
S Simpson,2,50,47,6,25,1,2,8.3,5.64,7.83,50.0,8.33
GSNFG Jayasuriya,21,413,472,6,149,3,0,68.8,6.86,78.67,36.08,68.83
S Sadarangani,10,173,190,6,78,24,2,28.8,6.59,31.67,45.09,28.83
S Rukmal,12,234,284,6,118,16,0,39.0,7.28,47.33,50.43,39.0
N Tyagi,7,120,167,6,46,11,0,20.0,8.35,27.83,38.33,20.0
N Tokizawa,6,113,83,6,71,14,0,18.8,4.41,13.83,62.83,18.83
N Sitompul,3,70,44,6,44,8,0,11.7,3.77,7.33,62.86,11.67
S Narwal,6,106,203,6,38,7,0,17.7,11.49,33.83,35.85,17.67
EJ Tice,10,229,279,6,76,14,1,38.2,7.31,46.5,33.19,38.17
R Drake,13,161,279,6,66,18,5,26.8,10.4,46.5,40.99,26.83
C van der Westhuizen,3,114,47,6,90,3,0,19.0,2.47,7.83,78.95,19.0
H Hiri,10,126,127,6,54,1,0,21.0,6.05,21.17,42.86,21.0
Gurkeerat Singh,9,138,166,6,48,4,0,23.0,7.22,27.67,34.78,23.0
JI de Villiers,12,259,323,6,108,6,1,43.2,7.48,53.83,41.7,43.17
E Waithaka,7,145,112,6,84,9,1,24.2,4.63,18.67,57.93,24.17
EJ Villani,11,210,220,6,96,18,0,35.0,6.29,36.67,45.71,35.0
MK Anafie,6,90,107,6,48,3,0,15.0,7.13,17.83,53.33,15.0
L Mamba,13,266,300,6,136,55,9,44.3,6.77,50.0,51.13,44.33
JK Vifah,7,101,115,6,44,11,0,16.8,6.83,19.17,43.56,16.83
JM Muirhead,5,90,111,6,31,3,0,15.0,7.4,18.5,34.44,15.0
Anique Uddin,7,78,101,6,35,2,0,13.0,7.77,16.83,44.87,13.0
N Liyanage,5,90,102,6,38,23,0,15.0,6.8,17.0,42.22,15.0
Aslam Mohammad,7,132,155,6,70,11,0,22.0,7.05,25.83,53.03,22.0
DE Burgess,8,101,132,6,42,2,0,16.8,7.84,22.0,41.58,16.83
RH Candy,5,216,189,6,124,12,0,36.0,5.25,31.5,57.41,36.0
MJ Owen,9,83,125,6,33,3,0,13.8,9.04,20.83,39.76,13.83
Sunzamul Islam,4,420,233,6,266,3,0,70.0,3.33,38.83,63.33,70.0
H Rashid,7,132,178,6,57,3,0,22.0,8.09,29.67,43.18,22.0
Sulaiman Ali,9,113,185,6,42,11,1,18.8,9.82,30.83,37.17,18.83
P Chabuta,4,73,69,6,37,13,1,12.2,5.67,11.5,50.68,12.17
WT Gavera,7,177,191,6,81,2,3,29.5,6.47,31.83,45.76,29.5
Ahsan Khan,10,128,235,6,51,13,2,21.3,11.02,39.17,39.84,21.33
Gaurav Mishra,12,198,244,6,85,18,0,33.0,7.39,40.67,42.93,33.0
Tariq Aziz,3,72,63,6,33,6,0,12.0,5.25,10.5,45.83,12.0
WF Stelling,4,190,117,6,133,3,4,31.7,3.69,19.5,70.0,31.67
S Stanikzay,9,192,224,6,86,10,0,32.0,7.0,37.33,44.79,32.0
P Pratt,4,74,69,6,44,8,2,12.3,5.59,11.5,59.46,12.33
Ashok Sharma,6,127,233,6,53,9,1,21.2,11.01,38.83,41.73,21.17
S Nair,6,132,122,6,64,8,0,22.0,5.55,20.33,48.48,22.0
C Sridev,4,78,110,6,24,5,0,13.0,8.46,18.33,30.77,13.0
Rhys Burinaga,3,49,58,6,21,0,0,8.2,7.1,9.67,42.86,8.17
OT Wallerson,6,105,85,6,60,6,3,17.5,4.86,14.17,57.14,17.5
Atif Rasheed,5,54,64,6,32,0,1,9.0,7.11,10.67,59.26,9.0
R Muriyalo,6,109,71,6,69,9,2,18.2,3.91,11.83,63.3,18.17
J Perman,7,115,141,6,49,9,1,19.2,7.36,23.5,42.61,19.17
J Yon,5,72,84,6,35,4,0,12.0,7.0,14.0,48.61,12.0
T Maruma,8,213,204,6,104,4,1,35.5,5.75,34.0,48.83,35.5
Adil Khan,5,85,122,6,42,11,1,14.2,8.61,20.33,49.41,14.17
GH Vihari,13,389,230,6,254,2,2,64.8,3.55,38.33,65.3,64.83
WT Mubayiwa,5,114,92,6,60,0,0,19.0,4.84,15.33,52.63,19.0
S Thuraisingam,5,184,162,6,114,7,0,30.7,5.28,27.0,61.96,30.67
Muhammad Shoaib Ahmed,5,109,109,6,50,6,1,18.2,6.0,18.17,45.87,18.17
WM Delgado,4,66,61,6,40,29,9,11.0,5.55,10.17,60.61,11.0
CM Edwards,10,316,198,6,217,2,2,52.7,3.76,33.0,68.67,52.67
Alam Nakash,9,127,147,6,53,4,0,21.2,6.94,24.5,41.73,21.17
SB Bangar,12,216,281,6,86,5,0,36.0,7.81,46.83,39.81,36.0
U Shahid,4,74,77,6,38,6,0,12.3,6.24,12.83,51.35,12.33
Ashfaq Ahmed,8,235,200,6,111,1,0,39.2,5.11,33.33,47.23,39.17
C Floyd,13,445,423,6,211,2,1,74.2,5.7,70.5,47.42,74.17
Wan Nor Zulaika,11,157,160,6,71,11,1,26.2,6.11,26.67,45.22,26.17
Suzan Turan,4,70,59,6,35,10,4,11.7,5.06,9.83,50.0,11.67
A Obulor,6,102,111,6,45,7,0,17.0,6.53,18.5,44.12,17.0
V Puthur,5,72,109,6,24,1,0,12.0,9.08,18.17,33.33,12.0
J Cutinho,4,48,60,6,25,2,0,8.0,7.5,10.0,52.08,8.0
RV Gomez,9,96,130,6,38,1,0,16.0,8.12,21.67,39.58,16.0
Soniya Dabir,4,96,67,6,60,3,0,16.0,4.19,11.17,62.5,16.0
S van Zyl,9,403,152,6,319,2,0,67.2,2.26,25.33,79.16,67.17
Emily Merrien,3,65,65,6,34,4,5,10.8,6.0,10.83,52.31,10.83
Elan Talker,7,120,153,6,58,4,0,20.0,7.65,25.5,48.33,20.0
Edward Fleming,5,108,113,6,44,0,0,18.0,6.28,18.83,40.74,18.0
L Cheatle,10,270,234,6,161,12,0,45.0,5.2,39.0,59.63,45.0
K Birkenstock,13,251,263,6,106,10,0,41.8,6.29,43.83,42.23,41.83
Mohammad Shahid,5,653,324,6,497,3,5,108.8,2.98,54.0,76.11,108.83
J Hurley,4,96,115,6,47,1,0,16.0,7.19,19.17,48.96,16.0
B Gaanamong,4,70,73,6,22,5,10,11.7,6.26,12.17,31.43,11.67
S Koppolu,10,165,276,6,57,16,0,27.5,10.04,46.0,34.55,27.5
J Dowling,7,100,125,6,45,7,4,16.7,7.5,20.83,45.0,16.67
Sabir Ali,7,154,167,6,90,7,4,25.7,6.51,27.83,58.44,25.67
SD Valjalo,5,90,134,6,42,3,0,15.0,8.93,22.33,46.67,15.0
Adeel Raja,7,281,288,6,128,0,1,46.8,6.15,48.0,45.55,46.83
Ahmad Khalid Ahmadzai,4,79,94,6,31,3,1,13.2,7.14,15.67,39.24,13.17
K Khejroliya,8,141,250,6,40,7,2,23.5,10.64,41.67,28.37,23.5
T Malinga,12,236,259,6,121,54,4,39.3,6.58,43.17,51.27,39.33
Pratika Rawal,12,210,191,6,101,2,1,35.0,5.46,31.83,48.1,35.0
Sohel Patel,5,91,89,6,44,3,1,15.2,5.87,14.83,48.35,15.17
L Hamilton,4,72,54,6,41,2,0,12.0,4.5,9.0,56.94,12.0
K Oala,8,145,119,6,73,7,1,24.2,4.92,19.83,50.34,24.17
Aditya Panwar,6,83,122,6,35,3,0,13.8,8.82,20.33,42.17,13.83
DDP D'Silva,5,187,121,6,124,7,1,31.2,3.88,20.17,66.31,31.17
S Kaushik,10,205,304,6,72,5,1,34.2,8.9,50.67,35.12,34.17
A Mansale,7,91,114,6,32,1,1,15.2,7.52,19.0,35.16,15.17
Sahil Chauhan,6,72,86,6,26,6,0,12.0,7.17,14.33,36.11,12.0
Izatullah Dawlatzai,7,146,155,6,70,4,1,24.3,6.37,25.83,47.95,24.33
J Buchanan,8,151,162,6,57,4,1,25.2,6.44,27.0,37.75,25.17
B Lewis,5,78,75,6,45,1,0,13.0,5.77,12.5,57.69,13.0
B Kasinja,8,144,100,6,83,6,0,24.0,4.17,16.67,57.64,24.0
J Albin,11,168,305,6,47,18,0,28.0,10.89,50.83,27.98,28.0
KA Knight,4,144,157,6,71,7,0,24.0,6.54,26.17,49.31,24.0
Mohammad Kashif,4,126,111,6,86,0,0,21.0,5.29,18.5,68.25,21.0
Abu Hider,11,228,333,6,98,8,0,38.0,8.76,55.5,42.98,38.0
Vichanath Singh,11,213,205,6,94,4,0,35.5,5.77,34.17,44.13,35.5
VS Malik,13,207,268,6,88,5,2,34.5,7.77,44.67,42.51,34.5
SP Krishnamurthi,9,130,100,6,62,0,0,21.7,4.62,16.67,47.69,21.67
KC Ramamoorthy,5,83,106,6,37,5,0,13.8,7.66,17.67,44.58,13.83
Abdul-Shakoor Rahimzei,7,100,99,6,47,3,1,16.7,5.94,16.5,47.0,16.67
SG Borthwick,4,156,169,6,66,0,0,26.0,6.5,28.17,42.31,26.0
O Kgeresi,7,88,59,6,57,12,4,14.7,4.02,9.83,64.77,14.67
Shahid Ahmadzai,7,318,213,6,201,3,0,53.0,4.02,35.5,63.21,53.0
S Jayasinghe,5,104,111,6,53,7,2,17.3,6.4,18.5,50.96,17.33
S Bist,11,193,181,6,109,19,1,32.2,5.63,30.17,56.48,32.17
O Lutbayar,12,195,355,6,48,13,5,32.5,10.92,59.17,24.62,32.5
Ibrahim Nashath,7,114,120,6,46,1,0,19.0,6.32,20.0,40.35,19.0
Imran Khan (1),6,137,208,6,30,3,1,22.8,9.11,34.67,21.9,22.83
Imran Ahmed Kaneez,7,123,133,6,73,11,0,20.5,6.49,22.17,59.35,20.5
M Faraz Akram,11,285,362,6,114,13,1,47.5,7.62,60.33,40.0,47.5
TA Copeland,3,648,233,6,541,1,0,108.0,2.16,38.83,83.49,108.0
HB Dickson,6,138,128,6,71,12,0,23.0,5.57,21.33,51.45,23.0
Bilal Tahir,6,74,76,6,25,1,0,12.3,6.16,12.67,33.78,12.33
Ibrar Ahmad,3,40,57,6,19,6,1,6.7,8.55,9.5,47.5,6.67
B Maes Loch,4,84,54,6,54,12,0,14.0,3.86,9.0,64.29,14.0
M Jevdjenovic,7,142,146,6,76,38,2,23.7,6.17,24.33,53.52,23.67
Saeed Waqar Ali,9,140,260,6,51,13,2,23.3,11.14,43.33,36.43,23.33
MA Algi,5,84,132,6,52,7,0,14.0,9.43,22.0,61.9,14.0
S Davizi,8,109,152,6,38,8,1,18.2,8.37,25.33,34.86,18.17
Chen Zhuo Yue,8,127,182,6,47,6,0,21.2,8.6,30.33,37.01,21.17
KT Sandher,4,210,172,6,113,3,0,35.0,4.91,28.67,53.81,35.0
KAR Hodge,10,372,312,6,202,1,0,62.0,5.03,52.0,54.3,62.0
RV Nascimento,5,84,86,6,39,4,0,14.0,6.14,14.33,46.43,14.0
MW Machan,12,294,304,6,105,4,0,49.0,6.2,50.67,35.71,49.0
Zabiullah Zahid,7,155,144,6,87,9,0,25.8,5.57,24.0,56.13,25.83
TM Faimalo,2,44,30,6,29,9,2,7.3,4.09,5.0,65.91,7.33
KH Sciver-Brunt,5,100,125,6,48,5,2,16.7,7.5,20.83,48.0,16.67
KE Ebrahim,8,144,132,6,75,2,0,24.0,5.5,22.0,52.08,24.0
Metty Fernandes,6,98,80,6,62,23,8,16.3,4.9,13.33,63.27,16.33
Aarti Priya,6,123,143,6,53,26,3,20.5,6.98,23.83,43.09,20.5
CR Pagydyala,3,30,20,6,17,4,0,5.0,4.0,3.33,56.67,5.0
M Gorases,6,60,78,6,22,4,0,10.0,7.8,13.0,36.67,10.0
M Kaukura,4,98,103,6,35,5,2,16.3,6.31,17.17,35.71,16.33
Shahzaib,5,90,78,6,54,7,0,15.0,5.2,13.0,60.0,15.0
A Kanukuntla,11,186,184,6,97,18,0,31.0,5.94,30.67,52.15,31.0
DK Pallekonda,8,114,204,6,35,9,0,19.0,10.74,34.0,30.7,19.0
R Sathish,14,139,233,6,31,5,0,23.2,10.06,38.83,22.3,23.17
F Song,4,53,32,6,31,4,0,8.8,3.62,5.33,58.49,8.83
PRCS Kumarihami,19,410,328,6,214,5,0,68.3,4.8,54.67,52.2,68.33
Mirza Ahmed,6,97,119,6,49,2,1,16.2,7.36,19.83,50.52,16.17
AS Mehmi,9,135,172,6,50,4,1,22.5,7.64,28.67,37.04,22.5
SK Dolawatte,8,126,99,6,56,0,0,21.0,4.71,16.5,44.44,21.0
SJ Patel,7,90,110,6,36,4,0,15.0,7.33,18.33,40.0,15.0
SL Pujare,2,120,46,6,91,2,0,20.0,2.3,7.67,75.83,20.0
TS Braat,5,85,136,6,31,4,1,14.2,9.6,22.67,36.47,14.17
DG Nalkande,6,85,150,6,24,4,1,14.2,10.59,25.0,28.24,14.17
Z Shurentsetseg,10,138,233,6,29,8,5,23.0,10.13,38.83,21.01,23.0
AO Suji,11,274,303,6,125,7,8,45.7,6.64,50.5,45.62,45.67
AM Patel,9,109,108,6,61,20,1,18.2,5.94,18.0,55.96,18.17
T Oyella,3,72,39,6,45,4,0,12.0,3.25,6.5,62.5,12.0
Kerry Fraser,5,91,95,6,31,15,1,15.2,6.26,15.83,34.07,15.17
RR Watson,7,168,147,6,86,1,0,28.0,5.25,24.5,51.19,28.0
S Haggo,8,90,86,6,42,10,0,15.0,5.73,14.33,46.67,15.0
A Codrington,5,181,169,6,112,6,1,30.2,5.6,28.17,61.88,30.17
M Ramafifi,8,144,130,6,87,15,1,24.0,5.42,21.67,60.42,24.0
R Sandeep,12,176,163,6,94,7,0,29.3,5.56,27.17,53.41,29.33
A Desai,4,69,85,6,26,4,3,11.5,7.39,14.17,37.68,11.5
M Musinguzi,6,77,85,6,32,2,0,12.8,6.62,14.17,41.56,12.83
I Elec,7,114,127,6,52,3,0,19.0,6.68,21.17,45.61,19.0
M Shehani,12,165,190,6,59,0,1,27.5,6.91,31.67,35.76,27.5
TCW Veillard,3,72,80,6,31,1,0,12.0,6.67,13.33,43.06,12.0
A Beggs,3,133,131,5,61,3,1,22.2,5.91,26.2,45.86,26.6
A Aitken-Drummond,6,83,65,5,46,1,1,13.8,4.7,13.0,55.42,16.6
P Manning,9,103,130,5,38,5,1,17.2,7.57,26.0,36.89,20.6
P Nedeljkovic,6,139,155,5,66,7,1,23.2,6.69,31.0,47.48,27.8
P Pustoslemsek,5,75,95,5,30,5,0,12.5,7.6,19.0,40.0,15.0
A Ilahi,4,96,91,5,44,16,0,16.0,5.69,18.2,45.83,19.2
A Kato-Stafford,4,84,58,5,52,4,0,14.0,4.14,11.6,61.9,16.8
TC Vine,7,103,143,5,39,3,1,17.2,8.33,28.6,37.86,20.6
M Ortiz,3,75,58,5,53,6,3,12.5,4.64,11.6,70.67,15.0
M Nguni,5,96,139,5,41,16,0,16.0,8.69,27.8,42.71,19.2
GA Rogers,5,178,190,5,91,2,2,29.7,6.4,38.0,51.12,35.6
GE Mathurin,3,61,69,5,29,1,1,10.2,6.79,13.8,47.54,12.2
Suabika Manivannan,10,145,179,5,75,11,2,24.2,7.41,35.8,51.72,29.0
P Vekaria,7,126,160,5,56,7,0,21.0,7.62,32.0,44.44,25.2
P Dimri,1,246,124,5,190,0,0,41.0,3.02,24.8,77.24,49.2
H Dhami,3,79,95,5,40,2,1,13.2,7.22,19.0,50.63,15.8
G Fatouros,3,54,67,5,25,6,0,9.0,7.44,13.4,46.3,10.8
VB Viyala,7,88,109,5,47,29,4,14.7,7.43,21.8,53.41,17.6
Omid Shafi Rahman,7,161,193,5,88,7,1,26.8,7.19,38.6,54.66,32.2
A Ndlovu,11,648,540,5,380,2,0,108.0,5.0,108.0,58.64,129.6
M Zwilling,4,55,58,5,28,9,1,9.2,6.33,11.6,50.91,11.0
A Maheshwari,7,114,193,5,38,5,1,19.0,10.16,38.6,33.33,22.8
A Lupascu,3,63,71,5,24,12,3,10.5,6.76,14.2,38.1,12.6
Sanwar Hossain,6,194,157,5,98,2,0,32.3,4.86,31.4,50.52,38.8
G Hoey,3,408,316,5,216,0,0,68.0,4.65,63.2,52.94,81.6
PD Blignaut,6,107,114,5,42,0,0,17.8,6.39,22.8,39.25,21.4
H Leko,6,139,114,5,76,25,2,23.2,4.92,22.8,54.68,27.8
Firas Hussain,6,79,115,5,25,2,1,13.2,8.73,23.0,31.65,15.8
Fazil Muhammad,5,85,103,5,31,2,2,14.2,7.27,20.6,36.47,17.0
Farial Zia Safdar,2,44,30,5,30,8,1,7.3,4.09,6.0,68.18,8.8
O Shields,2,254,186,5,180,10,2,42.3,4.39,37.2,70.87,50.8
V Nagpaul,5,102,106,5,43,2,0,17.0,6.24,21.2,42.16,20.4
PV Vuniwaqa,5,68,101,5,20,3,2,11.3,8.91,20.2,29.41,13.6
FN Walsh,2,49,86,5,19,1,1,8.2,10.53,17.2,38.78,9.8
Pooja Kumari,2,48,27,5,33,3,0,8.0,3.38,5.4,68.75,9.6
V Khanduri,4,72,100,5,26,5,0,12.0,8.33,20.0,36.11,14.4
Ethan D'Souza,4,48,53,5,19,0,1,8.0,6.62,10.6,39.58,9.6
Sok Srey Maov,6,110,122,5,64,29,2,18.3,6.65,24.4,58.18,22.0
A Suwanchonrathi,6,92,77,5,49,6,2,15.3,5.02,15.4,53.26,18.4
A Parima,3,62,85,5,27,4,2,10.3,8.23,17.0,43.55,12.4
Nur Nadihirah,9,143,123,5,80,6,5,23.8,5.16,24.6,55.94,28.6
HR Shokeen,13,206,320,5,82,7,2,34.3,9.32,64.0,39.81,41.2
Emma Patel,8,101,150,5,48,19,5,16.8,8.91,30.0,47.52,20.2
EFB Estrada,5,110,73,5,68,17,26,18.3,3.98,14.6,61.82,22.0
ECM Egodagamage,2,42,35,5,25,2,0,7.0,5.0,7.0,59.52,8.4
EK Hubbard,10,147,143,5,70,9,3,24.5,5.84,28.6,47.62,29.4
EH Hutchinson,10,270,204,5,170,7,0,45.0,4.53,40.8,62.96,54.0
R Frylinck,3,60,63,5,27,1,0,10.0,6.3,12.6,45.0,12.0
Nooruddin Mujadady,7,126,208,5,54,6,0,21.0,9.9,41.6,42.86,25.2
R Francis,6,97,119,5,49,4,1,16.2,7.36,23.8,50.52,19.4
R Endo,5,60,71,5,27,9,5,10.0,7.1,14.2,45.0,12.0
Zahid Zadran,6,131,174,5,62,5,1,21.8,7.97,34.8,47.33,26.2
TA Dudnath,5,85,88,5,43,10,1,14.2,6.21,17.6,50.59,17.0
M Fru,4,79,138,5,27,8,1,13.2,10.48,27.6,34.18,15.8
AA Jimoh,5,73,73,5,35,3,0,12.2,6.0,14.6,47.95,14.6
A Taylor,8,130,129,5,63,33,10,21.7,5.95,25.8,48.46,26.0
R Haiong,13,159,144,5,89,29,4,26.5,5.43,28.8,55.97,31.8
Nayab Razwan,3,26,21,5,15,7,0,4.3,4.85,4.2,57.69,5.2
W Hornero-Garcia,8,118,177,5,44,21,0,19.7,9.0,35.4,37.29,23.6
W Ginindza,7,126,204,5,48,26,14,21.0,9.71,40.8,38.1,25.2
R MacDonald-Gay,5,288,226,5,187,7,0,48.0,4.71,45.2,64.93,57.6
Dewald Pretorius,2,388,287,5,281,6,10,64.7,4.44,57.4,72.42,77.6
IS Sohi,2,91,79,5,52,3,1,15.2,5.21,15.8,57.14,18.2
Nabaa Naseem,3,73,110,5,26,2,1,12.2,9.04,22.0,35.62,14.6
I Tchakou,5,39,67,5,20,17,1,6.5,10.31,13.4,51.28,7.8
DV Devjani Mutreja,8,80,96,5,43,13,0,13.3,7.2,19.2,53.75,16.0
DSK Madushanka,3,68,90,5,37,6,0,11.3,7.94,18.0,54.41,13.6
Imtiaz Khan,4,72,107,5,25,4,0,12.0,8.92,21.4,34.72,14.4
Usman Arif,5,66,94,5,24,2,0,11.0,8.55,18.8,36.36,13.2
Ibrahim Jabarkhel,7,102,103,5,43,0,0,17.0,6.06,20.6,42.16,20.4
DO Leicher,12,174,228,5,72,8,0,29.0,7.86,45.6,41.38,34.8
AG Rao,5,90,82,5,45,4,0,15.0,5.47,16.4,50.0,18.0
AE Isesele,5,41,63,5,18,1,0,6.8,9.22,12.6,43.9,8.2
RD Atangana,6,96,84,5,52,5,0,16.0,5.25,16.8,54.17,19.2
DM Braat,5,156,119,5,96,11,0,26.0,4.58,23.8,61.54,31.2
DJM Short,16,222,292,5,66,1,0,37.0,7.89,58.4,29.73,44.4
J Batinibulu,4,93,124,5,31,2,0,15.5,8.0,24.8,33.33,18.6
RJ Hatchman,15,209,435,5,55,18,5,34.8,12.49,87.0,26.32,41.8
J Henry,6,82,119,5,23,2,0,13.7,8.71,23.8,28.05,16.4
Shoaib Ahmed,7,102,154,5,35,1,0,17.0,9.06,30.8,34.31,20.4
RL Haynes,9,205,132,5,141,2,1,34.2,3.86,26.4,68.78,41.0
NG Jones,5,162,91,5,101,2,0,27.0,3.37,18.2,62.35,32.4
J Lassayo,6,73,93,5,22,2,1,12.2,7.64,18.6,30.14,14.6
J Khadka,4,97,144,5,48,6,1,16.2,8.91,28.8,49.48,19.4
Lopamudra,14,200,208,5,105,16,6,33.3,6.24,41.6,52.5,40.0
Lata Mondal,22,307,297,5,157,16,1,51.2,5.8,59.4,51.14,61.4
M Badenhorst,5,66,104,5,20,5,0,11.0,9.45,20.8,30.3,13.2
Lujaina,3,42,36,5,22,3,0,7.0,5.14,7.2,52.38,8.4
D Nanda,3,55,33,5,40,7,1,9.2,3.6,6.6,72.73,11.0
D Murphy,10,116,123,5,62,30,4,19.3,6.36,24.6,53.45,23.2
J Winster,4,90,65,5,53,2,0,15.0,4.33,13.0,58.89,18.0
J Thomas,6,102,138,5,46,5,0,17.0,8.12,27.6,45.1,20.4
D Kansonkho,9,97,121,5,49,4,0,16.2,7.48,24.2,50.52,19.4
D Joseph,4,186,174,5,122,16,0,31.0,5.61,34.8,65.59,37.2
U Bayarjavkhlan,6,101,121,5,44,31,0,16.8,7.19,24.2,43.56,20.2
D Finau,7,84,138,5,30,3,0,14.0,9.86,27.6,35.71,16.8
D Ferreira,11,250,283,5,108,8,0,41.7,6.79,56.6,43.2,50.0
Thilina Silva,4,84,78,5,39,1,0,14.0,5.57,15.6,46.43,16.8
JE Titmuss,4,69,55,5,37,5,0,11.5,4.78,11.0,53.62,13.8
JAN Ngono,7,122,126,5,65,20,2,20.3,6.2,25.2,53.28,24.4
U Bhagwan,8,219,292,5,98,6,0,36.5,8.0,58.4,44.75,43.8
SK Reddy,4,85,61,5,55,10,1,14.2,4.31,12.2,64.71,17.0
AL Seddon,10,176,202,5,80,5,6,29.3,6.89,40.4,45.45,35.2
LO Telea,2,42,15,5,34,0,0,7.0,2.14,3.0,80.95,8.4
T Ariuntsetseg,9,167,162,5,81,24,5,27.8,5.82,32.4,48.5,33.4
N Hirani,3,54,60,5,23,0,0,9.0,6.67,12.0,42.59,10.8
N David,2,96,25,5,84,2,0,16.0,1.56,5.0,87.5,19.2
Rabia Mushtaq,3,61,74,5,29,5,1,10.2,7.28,14.8,47.54,12.2
N Advani,5,62,74,5,22,1,0,10.3,7.16,14.8,35.48,12.4
JM Willathgamuwa,11,213,196,5,112,7,1,35.5,5.52,39.2,52.58,42.6
Murat Yilmaz,6,77,108,5,24,4,0,12.8,8.42,21.6,31.17,15.4
CAJ Meschede,4,96,85,5,52,4,0,16.0,5.31,17.0,54.17,19.2
Riya Pradhan,5,90,85,5,45,1,0,15.0,5.67,17.0,50.0,18.0
Riaz Afridi,3,64,97,5,24,6,1,10.7,9.09,19.4,37.5,12.8
CA Keita,4,43,54,5,16,1,0,7.2,7.53,10.8,37.21,8.6
AP Dole,3,67,114,5,21,6,1,11.2,10.21,22.8,31.34,13.4
AN Toube,6,116,145,5,50,2,2,19.3,7.5,29.0,43.1,23.2
ZS Ansari,3,408,288,5,263,0,0,68.0,4.24,57.6,64.46,81.6
T Vanuarua,5,103,118,5,63,23,1,17.2,6.87,23.6,61.17,20.6
LK Newton,2,314,143,5,253,0,1,52.3,2.73,28.6,80.57,62.8
LR Morris,3,124,98,5,74,2,1,20.7,4.74,19.6,59.68,24.8
T Thorpe,9,96,95,5,50,6,0,16.0,5.94,19.0,52.08,19.2
Muhammad Saqib,5,100,158,5,37,4,0,16.7,9.48,31.6,37.0,20.0
Jaspal Singh,11,175,236,5,61,10,0,29.2,8.09,47.2,34.86,35.0
Shariq Munir,8,124,190,5,46,2,4,20.7,9.19,38.0,37.1,24.8
C Greenshields,3,48,58,5,16,5,0,8.0,7.25,11.6,33.33,9.6
Muhammad Fahim,9,150,197,5,68,6,0,25.0,7.88,39.4,45.33,30.0
K Babu,7,102,161,5,38,6,0,17.0,9.47,32.2,37.25,20.4
Shamma Ali,6,99,144,5,39,9,3,16.5,8.73,28.8,39.39,19.8
Shamim Hossain,13,181,179,5,69,0,0,30.2,5.93,35.8,38.12,36.2
Shakeel Zeb,3,64,81,5,28,3,1,10.7,7.59,16.2,43.75,12.8
Shaiman Anwar,7,117,136,5,52,0,0,19.5,6.97,27.2,44.44,23.4
TG Thamae,4,72,97,5,29,1,0,12.0,8.08,19.4,40.28,14.4
LM Sims,3,30,26,5,17,5,0,5.0,5.2,5.2,56.67,6.0
ML Nkala,10,291,315,5,138,20,1,48.5,6.49,63.0,47.42,58.2
Sejal Vinod,2,43,27,5,31,10,1,7.2,3.77,5.4,72.09,8.6
S Budhathoki,2,50,36,5,23,7,2,8.3,4.32,7.2,46.0,10.0
Bikram Sob,5,127,116,5,76,2,0,21.2,5.48,23.2,59.84,25.4
C Breteche,6,83,71,5,47,15,0,13.8,5.13,14.2,56.63,16.6
C Beckford,4,61,53,5,38,4,1,10.2,5.21,10.6,62.3,12.2
Bukhar Illikkal,10,168,197,5,59,3,0,28.0,7.04,39.4,35.12,33.6
K Gilham,3,72,87,5,38,4,0,12.0,7.25,17.4,52.78,14.4
S Chinawa,8,79,69,5,46,16,2,13.2,5.24,13.8,58.23,15.8
T Kolcunova,12,263,284,5,132,73,13,43.8,6.48,56.8,50.19,52.6
K Kamyuka,2,47,48,5,25,0,0,7.8,6.13,9.6,53.19,9.4
S Hanson,4,75,56,5,44,7,0,12.5,4.48,11.2,58.67,15.0
BRM Taylor,21,306,327,5,120,4,0,51.0,6.41,65.4,39.22,61.2
BK Majji,3,47,32,5,30,1,0,7.8,4.09,6.4,63.83,9.4
TS Waqavakatoga,9,138,168,5,54,0,0,23.0,7.3,33.6,39.13,27.6
TS Nethula,5,264,250,5,132,4,0,44.0,5.68,50.0,50.0,52.8
TZ Chataira,3,46,57,5,24,2,4,7.7,7.43,11.4,52.17,9.2
T Luka,2,42,38,5,26,7,0,7.0,5.43,7.6,61.9,8.4
BG Rogers,5,169,202,5,54,2,1,28.2,7.17,40.4,31.95,33.8
SC Meaker,4,161,186,5,83,10,0,26.8,6.93,37.2,51.55,32.2
Abdul Majid,6,122,120,5,57,6,2,20.3,5.9,24.0,46.72,24.4
LJ Woodcock,7,224,229,5,97,2,0,37.3,6.13,45.8,43.3,44.8
LI Salomone,5,102,128,5,51,2,0,17.0,7.53,25.6,50.0,20.4
Y Choden,5,43,48,5,19,7,0,7.2,6.7,9.6,44.19,8.6
BA Murphy,4,181,143,5,98,2,1,30.2,4.74,28.6,54.14,36.2
Mohammad Mohsin,5,96,108,5,37,0,0,16.0,6.75,21.6,38.54,19.2
Mohammad Khalil,4,298,242,5,171,9,2,49.7,4.87,48.4,57.38,59.6
TT Aung,7,48,55,5,25,2,2,8.0,6.88,11.0,52.08,9.6
S Ishaque,4,97,129,5,35,1,1,16.2,7.98,25.8,36.08,19.4
S Kharvi,6,36,62,5,16,2,0,6.0,10.33,12.4,44.44,7.2
KAB Hynam-Nyberg,6,114,170,5,37,11,6,19.0,8.95,34.0,32.46,22.8
KA Bazil,7,143,211,5,47,1,0,23.8,8.85,42.2,32.87,28.6
K Weeraratne,8,168,207,5,72,2,0,28.0,7.39,41.4,42.86,33.6
B Balala,18,215,320,5,86,14,3,35.8,8.93,64.0,40.0,43.0
SB Wagh,8,102,147,5,50,6,0,17.0,8.65,29.4,49.02,20.4
Abul Hasan,12,788,684,5,471,10,8,131.3,5.21,136.8,59.77,157.6
Abdullahi Ismail,4,84,96,5,43,8,0,14.0,6.86,19.2,51.19,16.8
L Polaki,5,90,101,5,53,26,3,15.0,6.73,20.2,58.89,18.0
L Visser,5,60,73,5,27,5,0,10.0,7.3,14.6,45.0,12.0
Adnan Razzaq,6,96,144,5,34,7,0,16.0,9.0,28.8,35.42,19.2
SD Ranawaka,5,100,114,5,39,14,3,16.7,6.84,22.8,39.0,20.0
B Leo,5,94,132,5,38,0,0,15.7,8.43,26.4,40.43,18.8
Mehran Mumtaz,6,120,141,5,42,3,0,20.0,7.05,28.2,35.0,24.0
Mehrab Hossain jnr,12,497,387,5,253,2,0,82.8,4.67,77.4,50.91,99.4
Mohamed Ishmath,8,157,191,5,65,7,1,26.2,7.3,38.2,41.4,31.4
S Ladda,9,139,225,5,49,2,1,23.2,9.71,45.0,35.25,27.8
Ahmed Aqeel,14,162,179,5,58,3,0,27.0,6.63,35.8,35.8,32.4
MLN Sissako,11,143,163,5,75,26,4,23.8,6.84,32.6,52.45,28.6
MP O'Dowd,22,235,312,5,107,11,0,39.2,7.97,62.4,45.53,47.0
L McCarthy,4,176,266,5,83,9,2,29.3,9.07,53.2,47.16,35.2
MMR Obili,8,144,178,5,59,6,0,24.0,7.42,35.6,40.97,28.8
SA Fritz,3,121,38,5,99,4,0,20.2,1.88,7.6,81.82,24.2
SA Engelbrecht,6,60,88,5,17,1,0,10.0,8.8,17.6,28.33,12.0
S Krisheta,3,57,54,5,26,8,2,9.5,5.68,10.8,45.61,11.4
Ayyaz Qureshi,4,80,114,5,29,2,0,13.3,8.55,22.8,36.25,16.0
Ayesha Zafar,5,78,93,5,30,4,0,13.0,7.15,18.6,38.46,15.6
S Kolcharam,7,120,149,5,55,13,2,20.0,7.45,29.8,45.83,24.0
S Meyenborg,3,43,39,5,24,5,1,7.2,5.44,7.8,55.81,8.6
KE Pike,4,240,128,5,177,1,0,40.0,3.2,25.6,73.75,48.0
Aziz Sualley,6,101,106,5,48,0,5,16.8,6.3,21.2,47.52,20.2
Awais Ikram,5,78,134,5,28,9,5,13.0,10.31,26.8,35.9,15.6
Avi Dixit,4,78,84,5,37,7,0,13.0,6.46,16.8,47.44,15.6
Aung Ko Ko,5,70,74,5,31,2,1,11.7,6.34,14.8,44.29,14.0
Matiullah Khan,6,129,190,5,51,6,3,21.5,8.84,38.0,39.53,25.8
S Murari,6,120,123,5,61,3,0,20.0,6.15,24.6,50.83,24.0
S Yildirim,3,40,23,5,26,2,0,6.7,3.45,4.6,65.0,8.0
L Ablish,3,42,76,5,11,3,0,7.0,10.86,15.2,26.19,8.4
L Holmgaard,5,78,65,5,44,16,6,13.0,5.0,13.0,56.41,15.6
Ali Hussain,10,144,227,5,54,7,0,24.0,9.46,45.4,37.5,28.8
Al Maseera Jahangir,5,74,35,5,51,2,1,12.3,2.84,7.0,68.92,14.8
Asad Rasheed,2,48,78,5,18,6,0,8.0,9.75,15.6,37.5,9.6
Asif Mehmood,2,30,53,5,7,0,0,5.0,10.6,10.6,23.33,6.0
S Ozkunduz,6,91,102,5,46,30,7,15.2,6.73,20.4,50.55,18.2
T Nightingale,13,162,195,5,64,12,0,27.0,7.22,39.0,39.51,32.4
KL Nagarkoti,11,180,287,5,52,5,0,30.0,9.57,57.4,28.89,36.0
Arjun Vinod,17,198,283,5,68,1,0,33.0,8.58,56.6,34.34,39.6
Maaz Sadaqat,5,72,70,5,32,2,0,12.0,5.83,14.0,44.44,14.4
S Ranade,4,50,42,5,22,8,2,8.3,5.04,8.4,44.0,10.0
Khusboo Kandpal,6,99,102,5,41,13,3,16.5,6.18,20.4,41.41,19.8
Ali Shafiq,4,77,93,5,35,1,2,12.8,7.25,18.6,45.45,15.4
Yash Singh,6,109,143,5,35,2,1,18.2,7.87,28.6,32.11,21.8
Maham Tariq,7,228,282,5,102,11,0,38.0,7.42,56.4,44.74,45.6
KS Gautam,10,398,426,5,194,6,3,66.3,6.42,85.2,48.74,79.6
KR Jha,6,54,81,5,22,4,0,9.0,9.0,16.2,40.74,10.8
Madhawa Basnayaka,4,68,99,5,25,6,2,11.3,8.74,19.8,36.76,13.6
Amina Kashif,6,88,120,5,34,27,4,14.7,8.18,24.0,38.64,17.6
A Beresford-Peirse,9,187,261,5,79,15,1,31.2,8.37,52.2,42.25,37.4
A Andrews,3,60,64,5,29,2,0,10.0,6.4,12.8,48.33,12.0
GM Ntambalika,5,75,96,5,40,4,3,12.5,7.68,19.2,53.33,15.0
V Vithanage,4,90,78,5,43,4,0,15.0,5.2,15.6,47.78,18.0
P Sharma,9,122,131,5,55,2,0,20.3,6.44,26.2,45.08,24.4
P Senjug,6,138,136,5,77,34,2,23.0,5.91,27.2,55.8,27.6
A Davidson-Soler,9,176,152,5,103,18,2,29.3,5.18,30.4,58.52,35.2
M Shumba,10,471,382,5,269,1,0,78.5,4.87,76.4,57.11,94.2
A Choudhary,5,102,144,5,42,6,1,17.0,8.47,28.8,41.18,20.4
GMK Jayaweera,3,21,33,4,11,0,1,3.5,9.43,8.25,52.38,5.25
A Badoni,8,41,64,4,9,0,0,6.8,9.37,16.0,21.95,10.25
A Ashok,4,121,148,4,43,1,0,20.2,7.34,37.0,35.54,30.25
M Mwamadi,4,62,76,4,22,4,0,10.3,7.35,19.0,35.48,15.5
P Kerai,4,54,75,4,19,0,0,9.0,8.33,18.75,35.19,13.5
V Sukumaran,8,133,112,4,75,3,1,22.2,5.05,28.0,56.39,33.25
V Sibanda,11,267,267,4,112,9,0,44.5,6.0,66.75,41.95,66.75
P Pirabakaran,3,36,48,4,17,4,0,6.0,8.0,12.0,47.22,9.0
Suhail Sattar,7,79,128,4,21,13,1,13.2,9.72,32.0,26.58,19.75
Khalander Mustafa,2,42,55,4,24,5,0,7.0,7.86,13.75,57.14,10.5
Khaibar Deldar,5,74,123,4,27,8,2,12.3,9.97,30.75,36.49,18.5
TKP Rajapaksha,6,96,138,4,31,8,0,16.0,8.62,34.5,32.29,24.0
Khurram Khan,5,168,195,4,49,2,0,28.0,6.96,48.75,29.17,42.0
S Sengupta,5,96,160,4,36,9,0,16.0,10.0,40.0,37.5,24.0
Zia-ul-Haq,3,48,70,4,24,2,0,8.0,8.75,17.5,50.0,12.0
GJ Whittall,5,135,121,4,75,2,0,22.5,5.38,30.25,55.56,33.75
G Toka,6,118,131,4,58,2,1,19.7,6.66,32.75,49.15,29.5
GS Sandhu,4,168,194,4,63,3,0,28.0,6.93,48.5,37.5,42.0
Gurjapneet Singh,6,109,168,4,35,4,0,18.2,9.25,42.0,32.11,27.25
G Goudie,4,90,89,4,38,1,0,15.0,5.93,22.25,42.22,22.5
G Mubiru,3,54,48,4,25,0,0,9.0,5.33,12.0,46.3,13.5
G Morales,3,61,44,4,48,12,1,10.2,4.33,11.0,78.69,15.25
VN Veetil,7,124,166,4,35,1,0,20.7,8.03,41.5,28.23,31.0
G Jafta,3,60,46,4,27,2,0,10.0,4.6,11.5,45.0,15.0
P Arrighi,3,72,88,4,33,2,0,12.0,7.33,22.0,45.83,18.0
H Khuttan,6,75,78,4,34,3,1,12.5,6.24,19.5,45.33,18.75
Shafiullah Zakhel,4,78,122,4,34,0,0,13.0,9.38,30.5,43.59,19.5
Kashif Khan,4,73,75,4,37,0,0,12.2,6.16,18.75,50.68,18.25
Mahewish Khan,2,42,31,4,26,1,0,7.0,4.43,7.75,61.9,10.5
Kamran Hussain,2,102,70,4,68,1,0,17.0,4.12,17.5,66.67,25.5
Kamal Raiz,3,61,50,4,35,0,1,10.2,4.92,12.5,57.38,15.25
Ankit Soni,6,109,145,4,38,3,0,18.2,7.98,36.25,34.86,27.25
Anjuli Ghalley,7,100,77,4,57,7,4,16.7,4.62,19.25,57.0,25.0
Osama Mahmood,5,96,112,4,51,7,0,16.0,7.0,28.0,53.12,24.0
G Ilarionova,10,153,221,4,68,42,10,25.5,8.67,55.25,44.44,38.25
M Tilau,2,42,49,4,19,3,0,7.0,7.0,12.25,45.24,10.5
M Kanno,6,97,85,4,51,6,1,16.2,5.26,21.25,52.58,24.25
M Grzinic,2,36,18,4,27,0,0,6.0,3.0,4.5,75.0,9.0
Sarandeep Singh,1,127,57,4,96,0,1,21.2,2.69,14.25,75.59,31.75
Saqib Anwar,4,73,89,4,37,4,1,12.2,7.32,22.25,50.68,18.25
Archara Supriya,5,53,48,4,23,3,2,8.8,5.43,12.0,43.4,13.25
S Tabuisulu,6,115,151,4,47,7,0,19.2,7.88,37.75,40.87,28.75
Yasir Mehmood,4,72,85,4,32,5,0,12.0,7.08,21.25,44.44,18.0
Amir Zaib,6,52,80,4,20,2,0,8.7,9.23,20.0,38.46,13.0
Ameer Saiyed,6,70,105,4,24,2,0,11.7,9.0,26.25,34.29,17.5
MT Chinouya,4,408,245,4,310,5,0,68.0,3.6,61.25,75.98,102.0
G Cengiz,9,108,142,4,42,14,6,18.0,7.89,35.5,38.89,27.0
Surinder Singh,5,85,139,4,27,7,1,14.2,9.81,34.75,31.76,21.25
H Patel,9,163,180,4,70,6,2,27.2,6.63,45.0,42.94,40.75
V Ravindran,2,40,21,4,24,0,0,6.7,3.15,5.25,60.0,10.0
FL Albanjari,2,20,8,4,14,1,0,3.3,2.4,2.0,70.0,5.0
Farzan Afzal,3,72,46,4,36,2,0,12.0,3.83,11.5,50.0,18.0
O Sam Arthur,6,73,90,4,31,7,1,12.2,7.4,22.5,42.47,18.25
H Roy,2,42,28,4,21,4,0,7.0,4.0,7.0,50.0,10.5
V Marghashayam,4,60,102,4,22,0,0,10.0,10.2,25.5,36.67,15.0
KR Frost,3,60,37,4,39,5,0,10.0,3.7,9.25,65.0,15.0
KR Ebanks,8,115,178,4,38,7,1,19.2,9.29,44.5,33.04,28.75
Arjun Tendulkar,5,74,117,4,33,9,1,12.3,9.49,29.25,44.59,18.5
Arish Ali,2,42,64,4,18,1,0,7.0,9.14,16.0,42.86,10.5
Yang Shen,4,73,56,4,47,9,1,12.2,4.6,14.0,64.38,18.25
Asad Mohammad,7,110,132,4,39,1,2,18.3,7.2,33.0,35.45,27.5
Mansoor Amjad,2,55,48,4,23,0,1,9.2,5.24,12.0,41.82,13.75
Manpreet Singh,13,211,299,4,74,6,1,35.2,8.5,74.75,35.07,52.75
Omar Rassol,9,116,223,4,40,8,8,19.3,11.53,55.75,34.48,29.0
Fakhar Zaman,15,201,182,4,96,0,0,33.5,5.43,45.5,47.76,50.25
Faisal Khan,10,96,157,4,33,2,0,16.0,9.81,39.25,34.38,24.0
FL Patel,7,96,124,4,50,13,0,16.0,7.75,31.0,52.08,24.0
FC Leydon-Davis,2,48,40,4,20,1,0,8.0,5.0,10.0,41.67,12.0
F Clarke,4,78,96,4,31,9,0,13.0,7.38,24.0,39.74,19.5
HJC Mol,4,116,106,4,56,2,0,19.3,5.48,26.5,48.28,29.0
Sohail Ahmed,9,116,155,4,46,2,0,19.3,8.02,38.75,39.66,29.0
Qudratullah Mir Afzail,6,95,100,4,52,6,0,15.8,6.32,25.0,54.74,23.75
L Dalbina,6,132,132,4,63,28,6,22.0,6.0,33.0,47.73,33.0
L Makgale,2,24,10,4,18,2,0,4.0,2.5,2.5,75.0,6.0
L Lamin,7,89,120,4,31,2,1,14.8,8.09,30.0,34.83,22.25
L Krvaric,6,129,103,4,74,22,3,21.5,4.79,25.75,57.36,32.25
Kyte Gullem Keen,3,49,45,4,31,10,1,8.2,5.51,11.25,63.27,12.25
Aleena Khan,12,175,211,4,65,7,3,29.2,7.23,52.75,37.14,43.75
Ahmed Hassan,2,48,49,4,28,4,0,8.0,6.12,12.25,58.33,12.0
Asif Iqbal,2,30,42,4,8,0,0,5.0,8.4,10.5,26.67,7.5
Mariam Hasan,2,42,23,4,22,3,0,7.0,3.29,5.75,52.38,10.5
Zain Ali,2,48,45,4,27,1,0,8.0,5.62,11.25,56.25,12.0
M Whelan,8,96,191,4,28,8,0,16.0,11.94,47.75,29.17,24.0
MA Parker,3,61,66,4,33,3,1,10.2,6.49,16.5,54.1,15.25
SYD Chan,6,105,97,4,58,16,3,17.5,5.54,24.25,55.24,26.25
ST Yalimaiwai,3,61,62,4,28,1,1,10.2,6.1,15.5,45.9,15.25
Nisha Ali,5,82,70,4,39,0,0,13.7,5.12,17.5,47.56,20.5
KJ Patel,5,109,113,4,43,1,0,18.2,6.22,28.25,39.45,27.25
YM Murrure,12,197,164,4,122,32,1,32.8,4.99,41.0,61.93,49.25
Azri Azhar,8,101,116,4,48,10,1,16.8,6.89,29.0,47.52,25.25
S Namusha,6,120,48,4,90,6,0,20.0,2.4,12.0,75.0,30.0
TR Gripper,5,237,200,4,136,1,0,39.5,5.06,50.0,57.38,59.25
Md Shuayeb,4,36,50,4,14,2,0,6.0,8.33,12.5,38.89,9.0
Mazharul Islam,6,83,98,4,31,0,0,13.8,7.08,24.5,37.35,20.75
S Nadigotla,4,62,71,4,28,4,0,10.3,6.87,17.75,45.16,15.5
O Bastin,6,116,106,4,47,9,2,19.3,5.48,26.5,40.52,29.0
Hamid Safi,5,42,76,4,15,1,2,7.0,10.86,19.0,35.71,10.5
EM Sampson,2,315,122,4,248,0,0,52.5,2.32,30.5,78.73,78.75
Elias Tilman,8,109,176,4,32,24,1,18.2,9.69,44.0,29.36,27.25
ET Williams,5,95,101,4,51,8,2,15.8,6.38,25.25,53.68,23.75
R Baruah,6,61,90,4,22,5,1,10.2,8.85,22.5,36.07,15.25
E Vukusic,4,98,73,4,66,5,2,16.3,4.47,18.25,67.35,24.5
Heal Theara,6,99,96,4,44,10,3,16.5,5.82,24.0,44.44,24.75
L Klokgieters,4,67,93,4,25,2,1,11.2,8.33,23.25,37.31,16.75
Aimal Khan,5,90,178,4,28,3,0,15.0,11.87,44.5,31.11,22.5
S Malwatta,3,27,29,4,14,2,0,4.5,6.44,7.25,51.85,6.75
KK Dobell,3,42,47,4,25,10,0,7.0,6.71,11.75,59.52,10.5
Hassan Khan Mohammad,5,91,124,4,39,9,1,15.2,8.18,31.0,42.86,22.75
Hala Azmat,4,60,56,4,30,2,0,10.0,5.6,14.0,50.0,15.0
Hadia Siddiqui,7,104,122,4,47,23,2,17.3,7.04,30.5,45.19,26.0
AC Septien,3,61,40,4,46,12,1,10.2,3.93,10.0,75.41,15.25
AC Cummins,4,186,181,4,101,17,6,31.0,5.84,45.25,54.3,46.5
T Yotharat,5,62,59,4,28,3,2,10.3,5.71,14.75,45.16,15.5
R Dhiman,4,68,86,4,30,6,2,11.3,7.59,21.5,44.12,17.0
E Ochieng,6,114,166,4,43,4,0,19.0,8.74,41.5,37.72,28.5
MM Mabathoana,6,105,189,4,21,19,15,17.5,10.8,47.25,20.0,26.25
L Vuadreu,1,24,25,4,11,6,0,4.0,6.25,6.25,45.83,6.0
L Martin,2,40,55,4,16,11,0,6.7,8.25,13.75,40.0,10.0
Merwais Shinwari,3,42,61,4,18,5,0,7.0,8.71,15.25,42.86,10.5
KD Mehta,2,42,43,4,21,1,0,7.0,6.14,10.75,50.0,10.5
KC D'Souza,5,86,84,4,42,6,2,14.3,5.86,21.0,48.84,21.5
Nawaf Ahmed,7,94,129,4,36,8,1,15.7,8.23,32.25,38.3,23.5
E Leie,2,36,49,4,12,1,0,6.0,8.17,12.25,33.33,9.0
E Richard,6,80,89,4,50,19,0,13.3,6.68,22.25,62.5,20.0
Virendra Kumar,4,61,74,4,34,1,1,10.2,7.28,18.5,55.74,15.25
Najeeb Amar,3,138,105,4,70,0,0,23.0,4.57,26.25,50.72,34.5
I Stewart,3,48,68,4,17,1,0,8.0,8.5,17.0,35.42,12.0
I Quee,2,30,19,4,17,3,0,5.0,3.8,4.75,56.67,7.5
R Mondol,5,78,128,4,33,1,0,13.0,9.85,32.0,42.31,19.5
R Khullar,6,71,87,4,36,18,1,11.8,7.35,21.75,50.7,17.75
E Frimpong,4,60,33,4,41,0,0,10.0,3.3,8.25,68.33,15.0
E Ernest,6,114,94,4,65,2,0,19.0,4.95,23.5,57.02,28.5
Dok Da Nit,3,55,60,4,27,12,1,9.2,6.55,15.0,49.09,13.75
I Uboh,6,78,112,4,23,2,0,13.0,8.62,28.0,29.49,19.5
K Samten,5,105,80,4,48,4,0,17.5,4.57,20.0,45.71,26.25
B Mahesh,5,85,117,4,42,11,1,14.2,8.26,29.25,49.41,21.25
Y Nagar,8,70,125,4,16,2,4,11.7,10.71,31.25,22.86,17.5
S Jeelany,4,33,27,4,17,5,0,5.5,4.91,6.75,51.52,8.25
Mohammad Asaduzzaman,7,138,177,4,50,11,0,23.0,7.7,44.25,36.23,34.5
Mohammad Amir Khan,9,145,244,4,42,2,1,24.2,10.1,61.0,28.97,36.25
B Jerkovic,5,55,100,4,11,2,1,9.2,10.91,25.0,20.0,13.75
B Maximo,3,66,81,4,28,19,6,11.0,7.36,20.25,42.42,16.5
Ahmed Safi Abdullah,3,48,69,4,18,0,0,8.0,8.62,17.25,37.5,12.0
IGTP Wiguna,7,97,130,4,44,3,1,16.2,8.04,32.5,45.36,24.25
DPMD Jayawardene,13,240,168,4,148,5,0,40.0,4.2,42.0,61.67,60.0
DP Vijaykumar,9,154,205,4,69,5,2,25.7,7.99,51.25,44.81,38.5
Imran Farhat,12,377,265,4,219,0,0,62.8,4.22,66.25,58.09,94.25
R Thapliyal,3,66,97,4,24,2,0,11.0,8.82,24.25,36.36,16.5
DP Michael,2,33,53,4,7,1,1,5.5,9.64,13.25,21.21,8.25
LD Madushanka,5,169,213,4,53,5,1,28.2,7.56,53.25,31.36,42.25
SDJJ Dima,4,84,121,4,25,0,0,14.0,8.64,30.25,29.76,21.0
AY Karim,4,140,69,4,97,1,0,23.3,2.96,17.25,69.29,35.0
BF Mailata,7,90,156,4,31,6,0,15.0,10.4,39.0,34.44,22.5
Mohammad Ahsan,3,54,94,4,14,1,0,9.0,10.44,23.5,25.93,13.5
Mohammad Imran (2),6,138,172,4,53,1,0,23.0,7.48,43.0,38.41,34.5
K Modise,2,30,41,4,13,0,0,5.0,8.2,10.25,43.33,7.5
K Sathish,4,60,74,4,18,1,0,10.0,7.4,18.5,30.0,15.0
Zafer Durmaz,6,66,83,4,25,3,0,11.0,7.55,20.75,37.88,16.5
M Corazon,5,60,29,4,38,5,0,10.0,2.9,7.25,63.33,15.0
M Chaudhary,2,48,37,4,29,3,0,8.0,4.62,9.25,60.42,12.0
SM Mayers,10,149,133,4,73,2,0,24.8,5.36,33.25,48.99,37.25
SPS Shikongo,6,72,78,4,31,2,0,12.0,6.5,19.5,43.06,18.0
AE Smith,3,108,51,4,88,7,0,18.0,2.83,12.75,81.48,27.0
DNA Ankrah,6,86,121,4,37,6,2,14.3,8.44,30.25,43.02,21.5
W Wotu,8,95,114,4,36,4,3,15.8,7.2,28.5,37.89,23.75
NS Dhaliwal,7,66,81,4,33,1,0,11.0,7.36,20.25,50.0,16.5
K Kapadia,10,102,82,4,62,6,0,17.0,4.82,20.5,60.78,25.5
S Dhawan,11,102,98,4,63,1,0,17.0,5.76,24.5,61.76,25.5
BL Kotze,5,260,282,4,111,6,2,43.3,6.51,70.5,42.69,65.0
K Macheka,2,41,60,4,23,2,2,6.8,8.78,15.0,56.1,10.25
K Lake,5,66,61,4,43,11,0,11.0,5.55,15.25,65.15,16.5
Z Hoque,7,126,127,4,65,0,0,21.0,6.05,31.75,51.59,31.5
Ismaila Tanba,5,60,99,4,23,3,0,10.0,9.9,24.75,38.33,15.0
Isa Zaroo,3,54,91,4,20,2,0,9.0,10.11,22.75,37.04,13.5
DJ Muthuswami,6,84,108,4,47,0,0,14.0,7.71,27.0,55.95,21.0
J Blackwood,18,472,290,4,304,0,0,78.7,3.69,72.5,64.41,118.0
J Daley,2,37,32,4,25,1,1,6.2,5.19,8.0,67.57,9.25
DC Thomas,2,106,77,4,71,3,3,17.7,4.36,19.25,66.98,26.5
DJ Malan,9,249,178,4,146,0,0,41.5,4.29,44.5,58.63,62.25
DA Warner,19,350,286,4,199,2,1,58.3,4.9,71.5,56.86,87.5
DA Payne,3,84,111,4,39,4,0,14.0,7.93,27.75,46.43,21.0
DF Jacobs,2,30,26,4,16,0,0,5.0,5.2,6.5,53.33,7.5
RJG Palmer,6,102,103,4,45,2,0,17.0,6.06,25.75,44.12,25.5
DB Lakhani,3,33,43,4,15,3,1,5.5,7.82,10.75,45.45,8.25
Shruti Yadav,6,102,127,4,40,8,0,17.0,7.47,31.75,39.22,25.5
J Kgang,4,53,42,4,34,6,0,8.8,4.75,10.5,64.15,13.25
Mohammed Alamgir,6,67,102,4,25,5,1,11.2,9.13,25.5,37.31,16.75
K Dorji,4,71,114,4,21,5,1,11.8,9.63,28.5,29.58,17.75
K Canavarci,8,130,158,4,58,27,4,21.7,7.29,39.5,44.62,32.5
Momin Qamar,4,72,114,4,21,1,0,12.0,9.5,28.5,29.17,18.0
Muhammad Kashif,5,77,121,4,28,1,0,12.8,9.43,30.25,36.36,19.25
S Bhanushali,3,48,57,4,20,2,0,8.0,7.12,14.25,41.67,12.0
S Banamali,5,95,153,4,33,5,0,15.8,9.66,38.25,34.74,23.75
Basir Ahamad,6,165,130,4,90,0,0,27.5,4.73,32.5,54.55,41.25
AS Luseno,2,64,58,4,40,4,4,10.7,5.44,14.5,62.5,16.0
MJ Tumukunde,6,81,72,4,38,9,0,13.5,5.33,18.0,46.91,20.25
MJ Saggers,1,116,66,4,90,0,1,19.3,3.41,16.5,77.59,29.0
S Borakambi,3,57,45,4,27,5,1,9.5,4.74,11.25,47.37,14.25
C Boyle,7,114,120,4,52,17,0,19.0,6.32,30.0,45.61,28.5
NKDP Putri,4,77,20,4,67,5,0,12.8,1.56,5.0,87.01,19.25
J Ghadiyali,4,59,56,4,31,1,0,9.8,5.69,14.0,52.54,14.75
D du Preez,2,43,56,4,18,0,1,7.2,7.81,14.0,41.86,10.75
D Wulandari,8,128,87,4,79,11,2,21.3,4.08,21.75,61.72,32.0
WA Mota,7,73,98,4,25,2,1,12.2,8.05,24.5,34.25,18.25
D Tanase,3,55,57,4,34,15,1,9.2,6.22,14.25,61.82,13.75
J Liyanage,18,364,343,4,164,15,0,60.7,5.65,85.75,45.05,91.0
J Kominkova,10,150,187,4,62,36,18,25.0,7.48,46.75,41.33,37.5
RK Singh,4,22,21,4,13,0,0,3.7,5.73,5.25,59.09,5.5
M Ayodhya,3,55,92,4,21,6,1,9.2,10.04,23.0,38.18,13.75
LW Potthoff,2,30,33,4,13,4,0,5.0,6.6,8.25,43.33,7.5
SL Kalis,3,63,47,4,32,5,3,10.5,4.48,11.75,50.79,15.75
AJ Redmond,5,110,97,4,64,1,3,18.3,5.29,24.25,58.18,27.5
RK Parwin,3,90,72,4,52,4,0,15.0,4.8,18.0,57.78,22.5
RM West,7,222,212,4,105,10,0,37.0,5.73,53.0,47.3,55.5
C Outerbridge,4,54,51,4,27,3,0,9.0,5.67,12.75,50.0,13.5
Muhammad Usman,7,119,133,4,52,4,0,19.8,6.71,33.25,43.7,29.75
Muhammad Shahdad,7,201,191,4,85,2,0,33.5,5.7,47.75,42.29,50.25
JW Chilia,8,170,181,4,79,3,0,28.3,6.39,45.25,46.47,42.5
Rudolph Fox,6,81,99,4,32,4,0,13.5,7.33,24.75,39.51,20.25
C Jennings,3,67,66,4,36,9,1,11.2,5.91,16.5,53.73,16.75
Tamoor Sajjad,6,125,155,4,45,1,0,20.8,7.44,38.75,36.0,31.25
Taher Muhammad,10,144,246,4,37,4,2,24.0,10.25,61.5,25.69,36.0
Jitin Singh,3,27,48,4,9,0,1,4.5,10.67,12.0,33.33,6.75
D Polpitiya,4,66,96,4,27,1,0,11.0,8.73,24.0,40.91,16.5
D Pavelic,2,48,41,4,22,7,6,8.0,5.12,10.25,45.83,12.0
NA Maiolo,4,97,92,4,46,2,1,16.2,5.69,23.0,47.42,24.25
J Wilson,5,93,170,4,32,4,0,15.5,10.97,42.5,34.41,23.25
J Matharu,7,156,196,4,65,7,0,26.0,7.54,49.0,41.67,39.0
RL Powell,10,228,223,4,107,9,0,38.0,5.87,55.75,46.93,57.0
RP Lefebvre,4,192,126,4,119,7,0,32.0,3.94,31.5,61.98,48.0
D Jansen,7,125,172,4,44,7,0,20.8,8.26,43.0,35.2,31.25
N Ndzeute,3,60,79,4,29,1,0,10.0,7.9,19.75,48.33,15.0
T Filer,2,26,26,4,10,0,0,4.3,6.0,6.5,38.46,6.5
Rohan Bhavesh Patel,4,66,83,4,23,1,0,11.0,7.55,20.75,34.85,16.5
AN Hyobeom,6,67,87,4,25,8,1,11.2,7.79,21.75,37.31,16.75
Sareer Shah,6,126,197,4,48,8,0,21.0,9.38,49.25,38.1,31.5
T Tumursukh,7,105,180,4,24,12,3,17.5,10.29,45.0,22.86,26.25
T Stubbs,8,61,125,4,17,1,1,10.2,12.3,31.25,27.87,15.25
Wang Qi,4,61,48,4,34,6,0,10.2,4.72,12.0,55.74,15.25
C Pavely,2,48,60,4,18,0,0,8.0,7.5,15.0,37.5,12.0
N Ncube,2,265,197,4,187,3,2,44.2,4.46,49.25,70.57,66.25
J van Heerden,2,43,58,4,15,3,1,7.2,8.09,14.5,34.88,10.75
RR Simmonds,2,30,40,4,12,2,0,5.0,8.0,10.0,40.0,7.5
D Forrester,6,41,76,4,10,2,1,6.8,11.12,19.0,24.39,10.25
Tilak Varma,14,139,152,4,61,2,0,23.2,6.56,38.0,43.88,34.75
JC Molina,2,37,20,4,30,3,1,6.2,3.24,5.0,81.08,9.25
JC Balt,12,188,212,4,77,5,0,31.3,6.77,53.0,40.96,47.0
Shashank Singh,6,60,91,4,15,2,0,10.0,9.1,22.75,25.0,15.0
CD Mboe,2,36,21,4,27,5,0,6.0,3.5,5.25,75.0,9.0
CA Numungu,1,24,8,4,21,1,0,4.0,2.0,2.0,87.5,6.0
C Roberts,4,37,60,4,16,1,1,6.2,9.73,15.0,43.24,9.25
C Smith,5,83,91,4,33,4,1,13.8,6.58,22.75,39.76,20.75
Muhammed Turkmen,4,60,76,4,29,7,0,10.0,7.6,19.0,48.33,15.0
JS Kundi,9,78,94,4,25,0,0,13.0,7.23,23.5,32.05,19.5
Jai Prakash Yadav,5,186,157,4,98,0,0,31.0,5.06,39.25,52.69,46.5
T Hanum,2,35,31,4,16,2,0,5.8,5.31,7.75,45.71,8.75
RS Higgins,3,158,128,4,71,0,0,26.3,4.86,32.0,44.94,39.5
LY Loch Srey,7,134,125,4,83,26,0,22.3,5.6,31.25,61.94,33.5
JM Mennie,3,288,223,4,183,2,0,48.0,4.65,55.75,63.54,72.0
WRS de Silva,1,148,65,4,120,2,4,24.7,2.64,16.25,81.08,37.0
CJ Gannon,3,55,68,4,21,2,1,9.2,7.42,17.0,38.18,13.75
Sheraz Sirwari,5,99,127,4,44,2,0,16.5,7.7,31.75,44.44,24.75
T Dlamini,11,179,221,4,85,55,6,29.8,7.41,55.25,47.49,44.75
Musaddiq Ahmed,5,95,128,4,22,4,5,15.8,8.08,32.0,23.16,23.75
CV Harrison,4,76,119,4,27,8,4,12.7,9.39,29.75,35.53,19.0
D Ajekun,7,73,89,4,27,1,0,12.2,7.32,22.25,36.99,18.25
T Basile,2,15,7,4,13,3,0,2.5,2.8,1.75,86.67,3.75
N Mamba,9,103,126,4,42,16,1,17.2,7.34,31.5,40.78,25.75
JD Bhatt,2,36,57,4,16,1,0,6.0,9.5,14.25,44.44,9.0
JH Stander,6,110,167,4,47,4,2,18.3,9.11,41.75,42.73,27.5
N Kayani,2,26,26,4,14,8,2,4.3,6.0,6.5,53.85,6.5
Chado Om,3,48,53,4,17,4,0,8.0,6.62,13.25,35.42,12.0
Raag Kapur,5,72,90,4,25,2,0,12.0,7.5,22.5,34.72,18.0
Rahim Khan,4,78,61,4,28,0,0,13.0,4.69,15.25,35.9,19.5
N Jagadish,5,85,84,4,49,13,1,14.2,5.93,21.0,57.65,21.25
N Davidovic,2,42,53,4,17,3,0,7.0,7.57,13.25,40.48,10.5
JL Ontong,6,229,230,4,130,1,2,38.2,6.03,57.5,56.77,57.25
JL Carter,12,136,162,4,46,7,0,22.7,7.15,40.5,33.82,34.0
JEA Doctora,5,45,65,4,15,3,1,7.5,8.67,16.25,33.33,11.25
JJ Tucker,13,350,323,4,182,4,2,58.3,5.54,80.75,52.0,87.5
CM McBride,10,186,152,4,105,13,0,31.0,4.9,38.0,56.45,46.5
CP Schofield,4,77,92,4,29,1,0,12.8,7.17,23.0,37.66,19.25
P Roy,4,76,79,4,37,0,0,12.7,6.24,19.75,48.68,19.0
M Prasanna,4,80,131,4,22,3,2,13.3,9.82,32.75,27.5,20.0
M Podosky,5,117,142,4,36,2,3,19.5,7.28,35.5,30.77,29.25
M Smit,5,144,139,4,58,7,0,24.0,5.79,34.75,40.28,36.0
Zong Yuechao,4,73,87,4,41,12,1,12.2,7.15,21.75,56.16,18.25
GHS Garton,6,117,193,4,39,5,3,19.5,9.9,48.25,33.33,29.25
Saeed Ahmed,3,60,100,4,16,3,0,10.0,10.0,25.0,26.67,15.0
A Kaul,3,35,31,4,14,0,0,5.8,5.31,7.75,40.0,8.75
TE Kane,4,207,170,4,130,2,1,34.5,4.93,42.5,62.8,51.75
Saif Hassan,13,163,147,4,75,4,0,27.2,5.41,36.75,46.01,40.75
G Wijekoon,3,66,101,4,15,2,0,11.0,9.18,25.25,22.73,16.5
A Busing-Volschenk,2,42,55,4,17,1,0,7.0,7.86,13.75,40.48,10.5
A Akurut,3,44,17,3,33,0,0,7.3,2.32,5.67,75.0,14.67
Sukhjinder Singh,4,78,71,3,38,0,0,13.0,5.46,23.67,48.72,26.0
Samader Shadab,3,48,86,3,19,7,0,8.0,10.75,28.67,39.58,16.0
A Dizija,4,62,129,3,21,5,1,10.3,12.48,43.0,33.87,20.67
Sajedul Islam,4,342,254,3,249,7,6,57.0,4.46,84.67,72.81,114.0
A Kanada,2,18,28,3,8,4,1,3.0,9.33,9.33,44.44,6.0
M Pascal,5,41,41,3,20,2,0,6.8,6.0,13.67,48.78,13.67
A Kontopirakis,8,103,111,3,49,13,1,17.2,6.47,37.0,47.57,34.33
A Kshirsagar,4,74,96,3,30,11,2,12.3,7.78,32.0,40.54,24.67
Sagar Pun,6,99,97,3,38,0,0,16.5,5.88,32.33,38.38,33.0
Zohaib Khan,8,139,201,3,52,4,1,23.2,8.68,67.0,37.41,46.33
A Cossa,6,64,83,3,28,5,2,10.7,7.78,27.67,43.75,21.33
A Chaudhary,5,79,105,3,33,2,1,13.2,7.97,35.0,41.77,26.33
M Raikes,6,59,140,3,19,5,0,9.8,14.24,46.67,32.2,19.67
Sanjay Kumar Ahir,7,72,82,3,36,8,0,12.0,6.83,27.33,50.0,24.0
Zumika Azmi,11,153,169,3,50,6,3,25.5,6.63,56.33,32.68,51.0
A Chaubey,4,79,133,3,35,10,0,13.2,10.1,44.33,44.3,26.33
GJ Rennie,3,84,65,3,40,6,0,14.0,4.64,21.67,47.62,28.0
PI Walter,5,66,111,3,15,2,0,11.0,10.09,37.0,22.73,22.0
Ghulam Abbas Butt,7,108,113,3,56,6,0,18.0,6.28,37.67,51.85,36.0
GS Dinusha,1,75,32,3,54,0,0,12.5,2.56,10.67,72.0,25.0
G Fontenla,3,92,65,3,63,10,1,15.3,4.24,21.67,68.48,30.67
Sulaimon Runsewe,3,27,37,3,8,1,0,4.5,8.22,12.33,29.63,9.0
P Buccimazza,3,67,64,3,34,1,1,11.2,5.73,21.33,50.75,22.33
Aqif Farooq,3,66,124,3,27,5,0,11.0,11.27,41.33,40.91,22.0
Yash Talati,1,24,8,3,20,2,0,4.0,2.0,2.67,83.33,8.0
Yash Raj Punja,2,48,66,3,16,0,0,8.0,8.25,22.0,33.33,16.0
Shafia Hassan,3,63,67,3,30,9,3,10.5,6.38,22.33,47.62,21.0
KY Wilfried,4,60,127,3,15,14,0,10.0,12.7,42.33,25.0,20.0
Mah Noor Amir,8,145,304,3,39,38,4,24.2,12.58,101.33,26.9,48.33
RS Hangargekar,2,37,60,3,14,6,1,6.2,9.73,20.0,37.84,12.33
Camila Valdes,4,78,136,3,17,5,6,13.0,10.46,45.33,21.79,26.0
Myat Thu Aung,3,18,29,3,7,3,0,3.0,9.67,9.67,38.89,6.0
Mustapha Yusuf,5,84,122,3,40,3,0,14.0,8.71,40.67,47.62,28.0
Tasmia Rubab,4,95,104,3,50,6,1,15.8,6.57,34.67,52.63,31.67
Tasaduq Hussain,3,54,66,3,25,5,0,9.0,7.33,22.0,46.3,18.0
JM Nthenya,4,58,46,3,34,2,0,9.7,4.76,15.33,58.62,19.33
Tayyab Abbas,3,36,52,3,12,5,0,6.0,8.67,17.33,33.33,12.0
WP Myburgh,5,66,85,3,18,1,0,11.0,7.73,28.33,27.27,22.0
JP Cabrera,5,78,75,3,29,3,0,13.0,5.77,25.0,37.18,26.0
JT Darrell,2,42,23,3,25,1,0,7.0,3.29,7.67,59.52,14.0
JMJ Lynn,1,24,22,3,10,2,0,4.0,5.5,7.33,41.67,8.0
D Ahir,3,66,78,3,22,2,0,11.0,7.09,26.0,33.33,22.0
N Mokoena,3,63,79,3,27,4,0,10.5,7.52,26.33,42.86,21.0
JE Pitcher,6,78,106,3,33,6,0,13.0,8.15,35.33,42.31,26.0
JD Newton,4,79,69,3,42,5,0,13.2,5.24,23.0,53.16,26.33
CG Osborne,2,24,33,3,6,0,0,4.0,8.25,11.0,25.0,8.0
C Zavoiu,6,42,68,3,15,8,1,7.0,9.71,22.67,35.71,14.0
Jaikumar Thakur,4,90,128,3,31,5,0,15.0,8.53,42.67,34.44,30.0
JWW Gardner,5,97,141,3,38,3,1,16.2,8.72,47.0,39.18,32.33
ZM Tribe,5,58,57,3,25,0,0,9.7,5.9,19.0,43.1,19.33
SM Dhanusri,7,86,70,3,52,5,3,14.3,4.88,23.33,60.47,28.67
AM Bacher,3,108,66,3,59,0,0,18.0,3.67,22.0,54.63,36.0
AL Watkins,3,60,65,3,21,3,0,10.0,6.5,21.67,35.0,20.0
AL Menaria,12,110,144,3,40,3,0,18.3,7.85,48.0,36.36,36.67
AJ Burger,5,96,104,3,38,2,0,16.0,6.5,34.67,39.58,32.0
MG Hunter,3,45,47,3,25,6,0,7.5,6.27,15.67,55.56,15.0
ME Violleau,12,130,177,3,36,13,4,21.7,8.17,59.0,27.69,43.33
LPC Silva,8,169,136,3,95,2,1,28.2,4.83,45.33,56.21,56.33
LP Kasturiarachchige,3,60,81,3,23,0,0,10.0,8.1,27.0,38.33,20.0
Lakshit Gupta,7,84,140,3,27,4,0,14.0,10.0,46.67,32.14,28.0
MI Tato,2,42,22,3,26,2,0,7.0,3.14,7.33,61.9,14.0
AM Rajpurohit,3,65,107,3,22,1,0,10.8,9.88,35.67,33.85,21.67
MI Shakim,3,48,41,3,26,5,0,8.0,5.12,13.67,54.17,16.0
Waleed Rana,3,42,59,3,10,1,2,7.0,8.43,19.67,23.81,14.0
C Pervez,3,42,50,3,24,1,0,7.0,7.14,16.67,57.14,14.0
JA Turner,4,102,134,3,55,5,0,17.0,7.88,44.67,53.92,34.0
J de Figueiredo,3,66,49,3,39,2,0,11.0,4.45,16.33,59.09,22.0
RO Hurley,3,186,130,3,102,0,6,31.0,4.19,43.33,54.84,62.0
RN Bhatia,9,344,337,3,176,4,0,57.3,5.88,112.33,51.16,114.67
RR Rossouw,6,61,62,3,22,1,0,10.2,6.1,20.67,36.07,20.33
Chayanisa Phengpaen,4,53,52,3,28,5,0,8.8,5.89,17.33,52.83,17.67
Tshering Choden,9,120,124,3,45,7,1,20.0,6.2,41.33,37.5,40.0
JC Hartenhof,2,100,75,3,62,5,0,16.7,4.5,25.0,62.0,33.33
RT Lyons,2,84,69,3,39,2,0,14.0,4.93,23.0,46.43,28.0
N Bidaisee,3,48,62,3,17,5,0,8.0,7.75,20.67,35.42,16.0
Razaullah,2,40,85,3,12,5,0,6.7,12.75,28.33,30.0,13.33
Raza-ur-Rehman,7,165,172,3,76,2,1,27.5,6.25,57.33,46.06,55.0
Waqar Khan,4,24,69,3,9,6,0,4.0,17.25,23.0,37.5,8.0
Shamsullah Ehsan,3,42,67,3,14,4,0,7.0,9.57,22.33,33.33,14.0
K Anjali Sarvani,6,132,196,3,57,6,0,22.0,8.91,65.33,43.18,44.0
Jiyeon Park,4,80,66,3,39,4,1,13.3,4.95,22.0,48.75,26.67
Muhammad Ansar,2,36,56,3,16,2,0,6.0,9.33,18.67,44.44,12.0
WK Bitis,4,78,118,3,28,2,0,13.0,9.08,39.33,35.9,26.0
NA de Groot,3,81,88,3,34,0,0,13.5,6.52,29.33,41.98,27.0
J Raubenheimer,1,24,24,3,14,1,0,4.0,6.0,8.0,58.33,8.0
RP Mitchell,4,96,148,3,36,8,0,16.0,9.25,49.33,37.5,32.0
D Gim,4,36,65,3,8,0,0,6.0,10.83,21.67,22.22,12.0
D Kegasitswe,3,73,156,3,20,6,1,12.2,12.82,52.0,27.4,24.33
D Kalvin,6,81,133,3,27,7,2,13.5,9.85,44.33,33.33,27.0
Rizwanullah,2,40,69,3,13,1,0,6.7,10.35,23.0,32.5,13.33
AR Valdez,6,114,149,3,41,14,0,19.0,7.84,49.67,35.96,38.0
Sarfaraj Patel,3,36,39,3,16,2,0,6.0,6.5,13.0,44.44,12.0
Z de Bruyn,2,162,68,3,124,0,0,27.0,2.52,22.67,76.54,54.0
D St Ange,4,66,68,3,30,0,0,11.0,6.18,22.67,45.45,22.0
US Hathinjar,2,30,45,3,13,5,0,5.0,9.0,15.0,43.33,10.0
NH Naureen,1,18,32,3,10,0,0,3.0,10.67,10.67,55.56,6.0
NH Ekanayake,3,60,60,3,26,3,1,10.0,6.0,20.0,43.33,20.0
J Logtenberg,2,36,18,3,23,0,0,6.0,3.0,6.0,63.89,12.0
RKJ Dawson,2,325,240,3,218,0,0,54.2,4.43,80.0,67.08,108.33
Lihara Ayeysekara,5,76,114,3,20,6,0,12.7,9.0,38.0,26.32,25.33
M Anyigo,1,15,5,3,12,1,0,2.5,2.0,1.67,80.0,5.0
LV Mandhate,2,30,33,3,13,7,0,5.0,6.6,11.0,43.33,10.0
LRPL Taylor,13,153,107,3,89,4,0,25.5,4.2,35.67,58.17,51.0
MGMCP Gunawardene,4,66,73,3,18,1,0,11.0,6.64,24.33,27.27,22.0
AJA Samuels,6,99,139,3,47,9,3,16.5,8.42,46.33,47.47,33.0
AJ Michael,3,46,52,3,22,0,0,7.7,6.78,17.33,47.83,15.33
Zahid Hussain,4,153,127,3,73,1,0,25.5,4.98,42.33,47.71,51.0
Mujibur Ali,9,214,194,3,98,3,1,35.7,5.44,64.67,45.79,71.33
Muhammet Kursat,3,30,39,3,20,5,0,5.0,7.8,13.0,66.67,10.0
Waseem Muhammad,15,138,224,3,44,6,3,23.0,9.74,74.67,31.88,46.0
Waqas Ali,2,29,36,3,10,0,1,4.8,7.45,12.0,34.48,9.67
Shaila Sharmin,7,132,125,3,52,8,0,22.0,5.68,41.67,39.39,44.0
S Campbell,2,162,112,3,116,4,0,27.0,4.15,37.33,71.6,54.0
AT Rayudu,9,122,128,3,53,2,1,20.3,6.3,42.67,43.44,40.67
AT Nidamanuru,2,30,38,3,10,0,0,5.0,7.6,12.67,33.33,10.0
AS Withanage,5,60,78,3,26,4,0,10.0,7.8,26.0,43.33,20.0
SJ Andrews,5,354,150,3,289,1,0,59.0,2.54,50.0,81.64,118.0
SK Gedara,3,43,68,3,17,8,0,7.2,9.49,22.67,39.53,14.33
SK Atai,11,138,146,3,52,3,0,23.0,6.35,48.67,37.68,46.0
TGJ Gruijters,5,72,76,3,38,1,0,12.0,6.33,25.33,52.78,24.0
ML Kostic,5,72,158,3,25,5,1,12.0,13.17,52.67,34.72,24.0
SJ Cameron,2,110,123,3,50,4,1,18.3,6.71,41.0,45.45,36.67
J Hull,1,102,95,3,61,2,0,17.0,5.59,31.67,59.8,34.0
J Hill,2,36,50,3,11,1,0,6.0,8.33,16.67,30.56,12.0
J Hayes,1,214,66,3,182,0,0,35.7,1.85,22.0,85.05,71.33
DJ Thornely,4,42,40,3,19,2,0,7.0,5.71,13.33,45.24,14.0
Syed Ali Gillani,3,54,81,3,19,4,0,9.0,9.0,27.0,35.19,18.0
J Baker,3,42,65,3,17,5,0,7.0,9.29,21.67,40.48,14.0
NM Carter,4,126,153,3,60,1,0,21.0,7.29,51.0,47.62,42.0
NL Ujawe,4,54,62,3,24,1,0,9.0,6.89,20.67,44.44,18.0
RA Austin,2,332,155,3,247,0,6,55.3,2.8,51.67,74.4,110.67
DCC Borden,4,78,95,3,28,4,0,13.0,7.31,31.67,35.9,26.0
DE Roache,1,18,23,3,10,3,0,3.0,7.67,7.67,55.56,6.0
Shorifa Khatun,11,162,214,3,66,4,0,27.0,7.93,71.33,40.74,54.0
NCK Liyanage,4,73,84,3,44,3,1,12.2,6.9,28.0,60.27,24.33
Mubasir Khan,13,129,194,3,39,1,0,21.5,9.02,64.67,30.23,43.0
K Burrows,1,12,22,3,6,0,0,2.0,11.0,7.33,50.0,4.0
Muhammad Faizan,3,42,72,3,15,1,0,7.0,10.29,24.0,35.71,14.0
Bakhtiar Tahiri,6,79,130,3,28,7,1,13.2,9.87,43.33,35.44,26.33
Bipin Kumar,8,167,234,3,64,5,5,27.8,8.41,78.0,38.32,55.67
Bilal Safdar,3,66,63,3,28,0,0,11.0,5.73,21.0,42.42,22.0
S Farooq,8,133,99,3,80,4,3,22.2,4.47,33.0,60.15,44.33
S Devasia,1,18,15,3,10,1,0,3.0,5.0,5.0,55.56,6.0
K Ogola,4,50,34,3,31,1,0,8.3,4.08,11.33,62.0,16.67
Mohammad Waheed,3,54,89,3,17,3,1,9.0,9.89,29.67,31.48,18.0
BF Smith,6,108,81,3,56,3,0,18.0,4.5,27.0,51.85,36.0
B van Zyl,2,48,36,3,31,2,0,8.0,4.5,12.0,64.58,16.0
ML Green,10,154,148,3,66,5,0,25.7,5.77,49.33,42.86,51.33
ML Bojang,5,96,81,3,51,4,0,16.0,5.06,27.0,53.12,32.0
Itibarshah Deedar,6,103,147,3,35,7,1,17.2,8.56,49.0,33.98,34.33
J Byrappa,5,54,66,3,19,4,0,9.0,7.33,22.0,35.19,18.0
J Broad,6,69,94,3,25,4,0,11.5,8.17,31.33,36.23,23.0
Umar Amin,6,174,87,3,126,2,0,29.0,3.0,29.0,72.41,58.0
Irfan Khan,1,30,51,3,8,4,0,5.0,10.2,17.0,26.67,10.0
Iqbal Hossain,2,30,31,3,9,1,0,5.0,6.2,10.33,30.0,10.0
DJ Reekers,4,138,133,3,87,5,0,23.0,5.78,44.33,63.04,46.0
DL Maddy,2,18,27,3,7,0,0,3.0,9.0,9.0,38.89,6.0
SJ Bruce,5,72,83,3,39,7,0,12.0,6.92,27.67,54.17,24.0
Aarnav Patel,3,42,54,3,22,2,0,7.0,7.71,18.0,52.38,14.0
AS Abioye,3,49,70,3,16,0,1,8.2,8.57,23.33,32.65,16.33
AV Lazarus,7,69,76,3,28,3,2,11.5,6.61,25.33,40.58,23.0
AUKDS Kalugala,3,42,51,3,19,3,0,7.0,7.29,17.0,45.24,14.0
B Verdon,1,13,3,3,11,1,1,2.2,1.38,1.0,84.62,4.33
K Sequiera,3,69,53,3,35,9,3,11.5,4.61,17.67,50.72,23.0
Zada Sher,6,78,113,3,27,3,0,13.0,8.69,37.67,34.62,26.0
M Abdulla,4,87,89,3,39,9,0,14.5,6.14,29.67,44.83,29.0
Luka Woods,5,101,104,3,42,1,0,16.8,6.18,34.67,41.58,33.67
M Charlie,2,30,28,3,12,1,0,5.0,5.6,9.33,40.0,10.0
MA Tsemane,8,140,181,3,59,26,2,23.3,7.76,60.33,42.14,46.67
ADP Diaz,2,25,21,3,19,10,1,4.2,5.04,7.0,76.0,8.33
ADL Stokoe,4,72,67,3,41,2,0,12.0,5.58,22.33,56.94,24.0
Mohsin Zaki,5,61,79,3,18,0,1,10.2,7.77,26.33,29.51,20.33
Mohammed Aslam,1,24,20,3,13,1,0,4.0,5.0,6.67,54.17,8.0
K Phillip,3,154,159,3,88,17,1,25.7,6.19,53.0,57.14,51.33
K Winda Prastini,2,48,48,3,16,4,0,8.0,6.0,16.0,33.33,16.0
B Ndipo,3,49,39,3,29,9,1,8.2,4.78,13.0,59.18,16.33
B Murtagh,3,60,52,3,37,11,1,10.0,5.2,17.33,61.67,20.0
Ahsan Hafeez,5,48,80,3,15,2,0,8.0,10.0,26.67,31.25,16.0
IK Cheema,3,65,76,3,33,21,11,10.8,7.02,25.33,50.77,21.67
DS Bajwa,9,118,155,3,52,5,4,19.7,7.88,51.67,44.07,39.33
DR Brown,5,162,208,3,68,5,0,27.0,7.7,69.33,41.98,54.0
NO Tindo,3,60,69,3,21,2,0,10.0,6.9,23.0,35.0,20.0
Imran Butt,2,42,72,3,18,7,0,7.0,10.29,24.0,42.86,14.0
Imran Arif,2,49,67,3,27,3,1,8.2,8.2,22.33,55.1,16.33
Ikbal Hossain,3,60,63,3,38,4,0,10.0,6.3,21.0,63.33,20.0
IY Mckeon,3,54,62,3,25,9,3,9.0,6.89,20.67,46.3,18.0
R de Swardt,2,270,125,3,200,1,0,45.0,2.78,41.67,74.07,90.0
Zaheer Maqsood,4,114,138,3,37,0,0,19.0,7.26,46.0,32.46,38.0
LHD Dilhara,3,124,101,3,68,2,4,20.7,4.89,33.67,54.84,41.33
Hina Hussain,1,25,21,3,16,3,1,4.2,5.04,7.0,64.0,8.33
V Balakrishnan,7,51,45,3,25,3,0,8.5,5.29,15.0,49.02,17.0
E Samson,2,30,36,3,11,2,0,5.0,7.2,12.0,36.67,10.0
Naveed Shahid,5,84,104,3,37,3,0,14.0,7.43,34.67,44.05,28.0
I Nandera,2,43,36,3,28,5,1,7.2,5.02,12.0,65.12,14.33
Natim Hassam,5,78,83,3,36,3,0,13.0,6.38,27.67,46.15,26.0
R Kumar,10,143,244,3,50,13,0,23.8,10.24,81.33,34.97,47.67
E Isaneez,3,58,53,3,31,0,2,9.7,5.48,17.67,53.45,19.33
E Eduard,2,36,31,3,20,1,0,6.0,5.17,10.33,55.56,12.0
R Parkin,4,66,94,3,33,11,0,11.0,8.55,31.33,50.0,22.0
R Ninan,2,36,65,3,8,0,0,6.0,10.83,21.67,22.22,12.0
Sinan Khan,3,42,69,3,17,5,0,7.0,9.86,23.0,40.48,14.0
DW Lawrence,8,260,147,3,191,0,2,43.3,3.39,49.0,73.46,86.67
I Suhun,7,94,132,3,27,15,4,15.7,8.43,44.0,28.72,31.33
S Kijiana,4,67,66,3,35,5,1,11.2,5.91,22.0,52.24,22.33
K Subramanian,1,24,27,3,9,1,0,4.0,6.75,9.0,37.5,8.0
AAH Bhikari,4,28,53,3,8,3,0,4.7,11.36,17.67,28.57,9.33
Adama Kamara,5,90,87,3,38,1,0,15.0,5.8,29.0,42.22,30.0
Abhinandan Singh,3,58,122,3,15,2,0,9.7,12.62,40.67,25.86,19.33
MM Siddique,3,42,34,3,25,5,0,7.0,4.86,11.33,59.52,14.0
SD Udal,3,378,215,3,250,0,0,63.0,3.41,71.67,66.14,126.0
B Keganne,4,60,78,3,25,0,0,10.0,7.8,26.0,41.67,20.0
S Kaneria,4,94,92,3,52,18,2,15.7,5.87,30.67,55.32,31.33
KE Broadmore,7,156,147,3,78,5,0,26.0,5.65,49.0,50.0,52.0
KD Jayawant,2,29,17,3,24,4,0,4.8,3.52,5.67,82.76,9.67
KC Hodsoll,2,48,48,3,25,0,0,8.0,6.0,16.0,52.08,16.0
Mohamed Khan,4,36,41,3,15,0,0,6.0,6.83,13.67,41.67,12.0
R Kanoh,5,96,73,3,59,4,0,16.0,4.56,24.33,61.46,32.0
Natalia Pervaiz,9,91,129,3,34,3,1,15.2,8.51,43.0,37.36,30.33
Nazril Rahman,8,96,164,3,26,4,0,16.0,10.25,54.67,27.08,32.0
Nazmul Huda,4,44,65,3,16,5,1,7.3,8.86,21.67,36.36,14.67
Huzaif Yousuf,4,59,109,3,21,11,1,9.8,11.08,36.33,35.59,19.67
L Sanogo,5,84,109,3,38,8,0,14.0,7.79,36.33,45.24,28.0
MNR Cooray,4,86,96,3,28,1,0,14.3,6.7,32.0,32.56,28.67
MS Chapman,6,66,76,3,24,1,0,11.0,6.91,25.33,36.36,22.0
MS Aulakh,3,54,85,3,23,8,0,9.0,9.44,28.33,42.59,18.0
SA Millanta,3,149,164,3,78,4,0,24.8,6.6,54.67,52.35,49.67
Aftab Ibrahim,3,43,61,3,14,0,1,7.2,8.51,20.33,32.56,14.33
B Casson,1,192,130,3,144,0,0,32.0,4.06,43.33,75.0,64.0
Mina Baek,2,49,45,3,20,2,1,8.2,5.51,15.0,40.82,16.33
KJ Young,3,73,94,3,27,0,0,12.2,7.73,31.33,36.99,24.33
M Breban,1,24,24,3,10,1,0,4.0,6.0,8.0,41.67,8.0
M Batnasan,1,28,42,3,9,4,4,4.7,9.0,14.0,32.14,9.33
M Fontaine,5,43,57,3,21,11,0,7.2,7.95,19.0,48.84,14.33
T Yangchen,5,54,62,3,30,2,0,9.0,6.89,20.67,55.56,18.0
MB van Schelven,2,42,37,3,25,0,0,7.0,5.29,12.33,59.52,14.0
SN Pradhan,1,23,30,3,9,1,0,3.8,7.83,10.0,39.13,7.67
A Uniyal,2,36,67,3,9,2,0,6.0,11.17,22.33,25.0,12.0
Mehak Thakur,4,28,17,3,16,2,0,4.7,3.64,5.67,57.14,9.33
TP Kanwar,6,204,153,3,120,4,0,34.0,4.5,51.0,58.82,68.0
S Naidu,7,128,152,3,55,4,2,21.3,7.12,50.67,42.97,42.67
S Mostary,16,152,178,3,62,2,1,25.3,7.03,59.33,40.79,50.67
S Vaia,5,114,97,3,63,7,0,19.0,5.11,32.33,55.26,38.0
O Chare,3,110,91,3,57,6,0,18.3,4.96,30.33,51.82,36.67
V Iriho,5,96,78,3,53,1,0,16.0,4.88,26.0,55.21,32.0
Hardeep Singh,4,77,117,3,31,6,0,12.8,9.12,39.0,40.26,25.67
Hamza Dar,9,73,104,3,28,5,1,12.2,8.55,34.67,38.36,24.33
Hammad Azam,11,181,208,3,70,3,0,30.2,6.9,69.33,38.67,60.33
Qasim Akram,4,47,58,3,18,1,0,7.8,7.4,19.33,38.3,15.67
EL Lamb,7,138,123,3,62,2,0,23.0,5.35,41.0,44.93,46.0
R Galgalikar,1,18,9,3,10,0,0,3.0,3.0,3.0,55.56,6.0
S Kamate,5,61,95,3,22,7,1,10.2,9.34,31.67,36.07,20.33
S Kucuksucu,3,64,62,3,33,15,4,10.7,5.81,20.67,51.56,21.33
Ajhar Alam,3,66,109,3,23,3,0,11.0,9.91,36.33,34.85,22.0
Asad Shafiq,16,353,215,3,209,3,1,58.8,3.65,71.67,59.21,117.67
Asrar Ahmed,3,66,117,3,32,2,0,11.0,10.64,39.0,48.48,22.0
Maria Ahsan,2,43,29,3,18,1,1,7.2,4.05,9.67,41.86,14.33
ST Eyyunni,5,87,80,3,35,3,2,14.5,5.52,26.67,40.23,29.0
Zahoor Ahmad,4,72,77,3,32,5,0,12.0,6.42,25.67,44.44,24.0
Zahir Khan,4,91,124,3,29,3,1,15.2,8.18,41.33,31.87,30.33
A Razmilic,7,76,167,3,15,10,2,12.7,13.18,55.67,19.74,25.33
M Yousaf,4,48,29,3,32,5,0,8.0,3.62,9.67,66.67,16.0
MA Beer,2,407,186,3,306,0,1,67.8,2.74,62.0,75.18,135.67
SW Currie,3,121,87,3,73,5,1,20.2,4.31,29.0,60.33,40.33
Sachin Baby,2,10,8,3,5,0,0,1.7,4.8,2.67,50.0,3.33
A Patel,2,60,73,3,34,6,0,10.0,7.3,24.33,56.67,20.0
Qasim Anwar,3,60,63,3,35,7,0,10.0,6.3,21.0,58.33,20.0
KJ Coetzer,6,186,148,3,92,1,0,31.0,4.77,49.33,49.46,62.0
S Magar,8,105,78,3,51,1,3,17.5,4.46,26.0,48.57,35.0
S Mabuza,7,114,178,3,31,22,18,19.0,9.37,59.33,27.19,38.0
Ashish Rana,2,30,29,3,14,2,0,5.0,5.8,9.67,46.67,10.0
Yang Yu Xuan,2,48,30,3,34,3,0,8.0,3.75,10.0,70.83,16.0
Manish Sharma,3,54,78,3,27,2,0,9.0,8.67,26.0,50.0,18.0
Mariska Kornet,4,86,102,3,28,3,2,14.3,7.12,34.0,32.56,28.67
S Rossi,4,90,115,3,35,4,0,15.0,7.67,38.33,38.89,30.0
Parvindar Kumar,6,84,118,3,29,2,0,14.0,8.43,39.33,34.52,28.0
Paras Singh,3,44,67,3,20,1,0,7.3,9.14,22.33,45.45,14.67
F Guirrugo,3,74,69,3,38,7,2,12.3,5.59,23.0,51.35,24.67
V Krishnamurthy,6,114,62,3,79,5,0,19.0,3.26,20.67,69.3,38.0
O Gholami,4,78,83,3,30,3,0,13.0,6.38,27.67,38.46,26.0
Esperanza Rubio,2,59,116,3,15,11,11,9.8,11.8,38.67,25.42,19.67
Sohail Ahmad,6,61,140,3,17,12,1,10.2,13.77,46.67,27.87,20.33
L Egging,1,35,23,3,27,6,0,5.8,3.94,7.67,77.14,11.67
Aishath Meesa Rameez,3,73,118,3,20,7,1,12.2,9.7,39.33,27.4,24.33
Ali Abdulla Popalzae,1,18,22,3,4,0,0,3.0,7.33,7.33,22.22,6.0
Ashi Chopla,6,108,123,3,60,29,7,18.0,6.83,41.0,55.56,36.0
MS Diawara,3,55,79,3,17,7,1,9.2,8.62,26.33,30.91,18.33
Khuzaima Tanveer,5,176,170,3,99,7,0,29.3,5.8,56.67,56.25,58.67
S Sriram,3,74,92,3,32,0,2,12.3,7.46,30.67,43.24,24.67
S Vats,5,102,173,3,35,9,0,17.0,10.18,57.67,34.31,34.0
S Vasilakis,4,62,76,3,29,2,2,10.3,7.35,25.33,46.77,20.67
Ali Waqar,5,96,135,3,29,7,0,16.0,8.44,45.0,30.21,32.0
PC McGeown,6,87,71,3,47,5,1,14.5,4.9,23.67,54.02,29.0
Obed Yosef,5,78,101,3,33,3,0,13.0,7.77,33.67,42.31,26.0
H Mbam,1,10,7,3,9,6,0,1.7,4.2,2.33,90.0,3.33
V Rathinasamy,3,36,37,3,19,5,0,6.0,6.17,12.33,52.78,12.0
PR Brown,6,120,192,3,33,5,0,20.0,9.6,64.0,27.5,40.0
Fakhrul Mohon,6,104,133,3,44,4,2,17.3,7.67,44.33,42.31,34.67
HDRL Thirimanne,9,188,145,3,98,4,0,31.3,4.63,48.33,52.13,62.67
T Munyonga,6,84,74,3,38,3,0,14.0,5.29,24.67,45.24,28.0
T Mpatane,4,54,78,3,21,6,0,9.0,8.67,26.0,38.89,18.0
Arsalan Ahmed,3,42,67,3,21,0,0,7.0,9.57,22.33,50.0,14.0
Seungmin Song,4,97,72,3,68,17,1,16.2,4.45,24.0,70.1,32.33
Ankit Dubey,2,30,23,3,18,3,0,5.0,4.6,7.67,60.0,10.0
T Shabani,4,66,32,3,46,3,0,11.0,2.91,10.67,69.7,22.0
H Eulenkamp,2,51,70,3,22,7,3,8.5,8.24,23.33,43.14,17.0
A Ostergaard,6,107,118,3,58,21,5,17.8,6.62,39.33,54.21,35.67
A Nagarajan,7,90,136,3,23,5,0,15.0,9.07,45.33,25.56,30.0
Sabikun Nahar Jesmin,2,48,45,3,24,2,0,8.0,5.62,15.0,50.0,16.0
M Kachingo,6,100,121,3,39,17,2,16.7,7.26,40.33,39.0,33.33
M Zhu,4,65,61,3,30,6,2,10.8,5.63,20.33,46.15,21.67
A McGrath,6,210,163,3,118,6,0,35.0,4.66,54.33,56.19,70.0
PD Hennessy,3,42,49,3,22,1,0,7.0,7.0,16.33,52.38,14.0
PC de Silva,8,270,257,3,122,3,0,45.0,5.71,85.67,45.19,90.0
S Ramautar,5,84,77,3,46,5,0,14.0,5.5,25.67,54.76,28.0
Amir Khan,2,26,17,3,16,1,0,4.3,3.92,5.67,61.54,8.67
MS Tshabalala,4,151,152,3,76,5,1,25.2,6.04,50.67,50.33,50.33
MS Graham,4,66,86,3,33,1,0,11.0,7.82,28.67,50.0,22.0
M Saastamoinen,6,74,88,3,32,15,2,12.3,7.14,29.33,43.24,24.67
P Modimo,2,36,58,3,20,17,0,6.0,9.67,19.33,55.56,12.0
P Murungi,5,66,76,3,28,1,0,11.0,6.91,25.33,42.42,22.0
M Salum,1,18,6,3,17,2,0,3.0,2.0,2.0,94.44,6.0
P Raho,2,18,20,3,5,0,0,3.0,6.67,6.67,27.78,6.0
P Kotoisuva,4,60,80,3,28,5,0,10.0,8.0,26.67,46.67,20.0
P Kaveao,5,71,72,3,29,7,3,11.8,6.08,24.0,40.85,23.67
V Shaw,4,43,41,3,18,2,0,7.2,5.72,13.67,41.86,14.33
A Donovan,11,126,149,3,59,2,0,21.0,7.1,49.67,46.83,42.0
GG Banner,2,36,59,3,17,4,0,6.0,9.83,19.67,47.22,12.0
G Quaicoe,2,42,57,3,16,5,0,7.0,8.14,19.0,38.1,14.0
Khalil Ahmed,3,61,99,3,21,2,1,10.2,9.74,33.0,34.43,20.33
Khalid Usman,4,90,116,3,32,2,0,15.0,7.73,38.67,35.56,30.0
S Selvaraj,5,109,119,3,46,1,1,18.2,6.55,39.67,42.2,36.33
S Thakur,4,72,108,3,27,3,0,12.0,9.0,36.0,37.5,24.0
S Talamarla,2,37,44,3,18,11,1,6.2,7.14,14.67,48.65,12.33
N Khumalo,4,79,122,3,23,11,2,13.2,9.27,40.67,29.11,26.33
N Pathan,5,46,81,3,18,4,0,7.7,10.57,27.0,39.13,15.33
RV Auora,7,121,125,3,68,10,7,20.2,6.2,41.67,56.2,40.33
T Dissanayake,7,147,128,3,92,22,3,24.5,5.22,42.67,62.59,49.0
JK Fuller,3,66,105,3,25,1,0,11.0,9.55,35.0,37.88,22.0
Rafiulah Alokozai,6,98,163,3,43,12,2,16.3,9.98,54.33,43.88,32.67
CN Nation,3,54,54,3,25,1,0,9.0,6.0,18.0,46.3,18.0
CL Hooper,4,200,166,3,93,2,1,33.3,4.98,55.33,46.5,66.67
N Asuramanage,10,126,152,3,52,13,0,21.0,7.24,50.67,41.27,42.0
N Al Khadeer,1,201,114,3,144,0,0,33.5,3.4,38.0,71.64,67.0
GLS Scrimshaw,1,58,67,3,22,2,6,9.7,6.93,22.33,37.93,19.33
V Zanko,5,41,56,3,18,3,1,6.8,8.2,18.67,43.9,13.67
P Sahu,5,105,152,3,27,2,0,17.5,8.69,50.67,25.71,35.0
A Gupta,4,67,99,3,25,4,1,11.2,8.87,33.0,37.31,22.33
Sai Hla Htwe,5,52,61,3,23,7,2,8.7,7.04,20.33,44.23,17.33
Samarth Shetty,3,30,36,3,9,0,0,5.0,7.2,12.0,30.0,10.0
M Spoors,1,12,5,2,8,0,0,2.0,2.5,2.5,66.67,6.0
M Stanikzai,9,109,168,2,39,5,1,18.2,9.25,84.0,35.78,54.5
M Smith,1,18,29,2,7,0,0,3.0,9.67,14.5,38.89,9.0
Sadat Said,1,18,17,2,6,1,0,3.0,5.67,8.5,33.33,9.0
M Stoman,1,15,16,2,8,2,0,2.5,6.4,8.0,53.33,7.5
A Iopu,3,18,22,2,6,2,0,3.0,7.33,11.0,33.33,9.0
GJP Kruger,4,166,177,2,89,10,4,27.7,6.4,88.5,53.61,83.0
GJ van Rensburg,5,42,55,2,13,2,0,7.0,7.86,27.5,30.95,21.0
Sandeep Nair,4,48,70,2,23,7,0,8.0,8.75,35.0,47.92,24.0
Sana Ullah,3,52,69,2,22,3,0,8.7,7.96,34.5,42.31,26.0
A Khullar,5,78,93,2,36,24,6,13.0,7.15,46.5,46.15,39.0
A Gulati,4,42,83,2,6,0,0,7.0,11.86,41.5,14.29,21.0
M Paryani,1,6,3,2,5,2,0,1.0,3.0,1.5,83.33,3.0
M Ogawa,6,53,69,2,20,6,2,8.8,7.81,34.5,37.74,26.5
M Landsman,1,24,12,2,17,1,0,4.0,3.0,6.0,70.83,12.0
M Kulfiwala,1,5,1,2,4,0,0,0.8,1.2,0.5,80.0,2.5
M Kornet,2,121,85,2,76,10,1,20.2,4.21,42.5,62.81,60.5
M Kearvell,4,54,82,2,24,15,1,9.0,9.11,41.0,44.44,27.0
Saarah Smith,2,24,40,2,4,2,0,4.0,10.0,20.0,16.67,12.0
Saran Aslam,3,42,48,2,22,2,0,7.0,6.86,24.0,52.38,21.0
A Manousis,3,42,51,2,14,2,0,7.0,7.29,25.5,33.33,21.0
M Jenkinson,2,36,51,2,11,1,0,6.0,8.5,25.5,30.56,18.0
MA Khote,2,30,52,2,6,0,0,5.0,10.4,26.0,20.0,15.0
MA Abbas,3,90,75,2,39,1,0,15.0,5.0,37.5,43.33,45.0
M van Lingen,12,94,103,2,38,2,0,15.7,6.57,51.5,40.43,47.0
P Suyal,5,100,154,2,39,7,4,16.7,9.24,77.0,39.0,50.0
P Gundecha,2,31,48,2,10,6,1,5.2,9.29,24.0,32.26,15.5
P Dubey,5,78,112,2,24,1,0,13.0,8.62,56.0,30.77,39.0
H Durham,1,58,48,2,35,4,0,9.7,4.97,24.0,60.34,29.0
H Dandapani,3,42,63,2,10,4,0,7.0,9.0,31.5,23.81,21.0
GW Aldridge,3,138,145,2,69,3,0,23.0,6.3,72.5,50.0,69.0
Gurdeep Singh,3,36,57,2,13,0,0,6.0,9.5,28.5,36.11,18.0
P Madhukar,2,42,48,2,18,1,0,7.0,6.86,24.0,42.86,21.0
P Kurup,1,16,10,2,8,1,0,2.7,3.75,5.0,50.0,8.0
SV Wiig,2,31,45,2,11,1,1,5.2,8.71,22.5,35.48,15.5
STRA de Silva,7,80,128,2,26,5,2,13.3,9.6,64.0,32.5,40.0
A Orfila,4,74,102,2,23,4,2,12.3,8.27,51.0,31.08,37.0
M Turay,3,36,31,2,23,8,1,6.0,5.17,15.5,63.89,18.0
P Alako,2,37,31,2,20,0,1,6.2,5.03,15.5,54.05,18.5
H Beresford-Peirse,3,56,94,2,22,3,2,9.3,10.07,47.0,39.29,28.0
H Kaushik,11,216,222,2,84,4,0,36.0,6.17,111.0,38.89,108.0
H Karunaratne,9,127,144,2,46,4,1,21.2,6.8,72.0,36.22,63.5
H Kala,1,90,49,2,54,0,0,15.0,3.27,24.5,60.0,45.0
A Tripathi,2,12,26,2,5,1,0,2.0,13.0,13.0,41.67,6.0
A Tector,5,151,170,2,84,6,1,25.2,6.75,85.0,55.63,75.5
A Prince,4,56,44,2,30,5,2,9.3,4.71,22.0,53.57,28.0
Zara Haider,1,13,15,2,6,2,1,2.2,6.92,7.5,46.15,6.5
M Vua,3,54,49,2,31,9,0,9.0,5.44,24.5,57.41,27.0
M Vijay,21,468,304,2,294,4,0,78.0,3.9,152.0,62.82,234.0
M Elikana,1,19,6,2,17,2,1,3.2,1.89,3.0,89.47,9.5
M Beardman,1,25,35,2,10,1,1,4.2,8.4,17.5,40.0,12.5
T Zotos,2,27,30,2,13,3,3,4.5,6.67,15.0,48.15,13.5
MBA Lamplough,8,132,121,2,70,13,0,22.0,5.5,60.5,53.03,66.0
Franz Bur,2,18,25,2,4,1,0,3.0,8.33,12.5,22.22,9.0
VRB Arachchige,4,54,84,2,15,2,0,9.0,9.33,42.0,27.78,27.0
Gong Yuting,5,65,49,2,35,7,5,10.8,4.52,24.5,53.85,32.5
PH Solanki,2,36,39,2,12,0,0,6.0,6.5,19.5,33.33,18.0
AC Brodin,2,31,31,2,20,10,1,5.2,6.0,15.5,64.52,15.5
SR Waugh,7,282,132,2,212,1,0,47.0,2.81,66.0,75.18,141.0
AA Hussein,2,37,55,2,13,3,1,6.2,8.92,27.5,35.14,18.5
A van der Merwe,3,126,79,2,76,0,0,21.0,3.76,39.5,60.32,63.0
ME Trescothick,10,283,239,2,156,5,1,47.2,5.07,119.5,55.12,141.5
ME Bessala,7,78,99,2,35,12,0,13.0,7.62,49.5,44.87,39.0
MD Garratt,3,47,64,2,14,2,0,7.8,8.17,32.0,29.79,23.5
AD Janakanthymala,2,67,47,2,38,0,1,11.2,4.21,23.5,56.72,33.5
AC Dawson,6,240,211,2,110,5,0,40.0,5.28,105.5,45.83,120.0
M Campopiano,3,43,43,2,19,0,0,7.2,6.0,21.5,44.19,21.5
Lily Lamb,3,42,58,2,23,11,0,7.0,8.29,29.0,54.76,21.0
Likitha Yadav,3,56,50,2,15,6,2,9.3,5.36,25.0,26.79,28.0
Latsha Haleemath,4,89,156,2,17,4,5,14.8,10.52,78.0,19.1,44.5
PR George,1,168,86,2,122,1,0,28.0,3.07,43.0,72.62,84.0
PPS Win,2,31,28,2,20,3,1,5.2,5.42,14.0,64.52,15.5
Fawad Ali,5,74,110,2,24,4,2,12.3,8.92,55.0,32.43,37.0
G Chilia,4,25,26,2,16,4,0,4.2,6.24,13.0,64.0,12.5
H Sawaneh,3,42,42,2,25,2,0,7.0,6.0,21.0,59.52,21.0
G Burrows,2,18,24,2,7,0,0,3.0,8.0,12.0,38.89,9.0
G Bruno,1,24,43,2,10,3,0,4.0,10.75,21.5,41.67,12.0
AK Kitchen,3,36,46,2,17,1,0,6.0,7.67,23.0,47.22,18.0
AF Mapu,11,118,115,2,72,20,4,19.7,5.85,57.5,61.02,59.0
Zahid Abbas,2,30,32,2,9,0,0,5.0,6.4,16.0,30.0,15.0
Ly Saomakara,2,50,54,2,28,3,2,8.3,6.48,27.0,56.0,25.0
Luo Shilin,6,114,146,2,45,3,0,19.0,7.68,73.0,39.47,57.0
SK Naidu,4,68,65,2,29,1,1,11.3,5.74,32.5,42.65,34.0
AK Peters,7,120,122,2,62,6,0,20.0,6.1,61.0,51.67,60.0
MEMO Scott-Hayward,6,148,157,2,74,13,4,24.7,6.36,78.5,50.0,74.0
LN Roche,3,138,157,2,53,4,0,23.0,6.83,78.5,38.41,69.0
MJ Fisher,2,97,100,2,62,2,2,16.2,6.19,50.0,63.92,48.5
Z Simpson,1,18,32,2,7,4,1,3.0,10.67,16.0,38.89,9.0
Z McLaughlin,3,43,55,2,24,0,0,7.2,7.67,27.5,55.81,21.5
PVSN Raju,2,24,54,2,4,5,0,4.0,13.5,27.0,16.67,12.0
F du Plessis,18,284,279,2,116,5,0,47.3,5.89,139.5,40.85,142.0
Fahad Alhashmi,3,104,106,2,52,12,0,17.3,6.12,53.0,50.0,52.0
Suman Ghimire,3,48,72,2,15,3,0,8.0,9.0,36.0,31.25,24.0
AM Samad,4,67,93,2,31,2,3,11.2,8.33,46.5,46.27,33.5
LK Ebsary,1,100,46,2,80,3,4,16.7,2.76,23.0,80.0,50.0
T Skordili,1,12,7,2,9,1,0,2.0,3.5,3.5,75.0,6.0
MJ Ross,4,48,63,2,17,1,0,8.0,7.88,31.5,35.42,24.0
SJ Elliott,2,166,75,2,126,1,1,27.7,2.71,37.5,75.9,83.0
AR Perez Rivero,1,18,20,2,7,1,0,3.0,6.67,10.0,38.89,9.0
Sedik Sahak,5,95,155,2,24,7,1,15.8,9.79,77.5,25.26,47.5
SKW Kelly,4,92,86,2,52,4,1,15.3,5.61,43.0,56.52,46.0
SKPD Ayu,1,12,3,2,9,0,0,2.0,1.5,1.5,75.0,6.0
SIR Dunkley,6,59,51,2,29,1,0,9.8,5.19,25.5,49.15,29.5
SHT Kandamby,9,174,175,2,67,3,0,29.0,6.03,87.5,38.51,87.0
SH Lawlor,2,31,46,2,10,6,1,5.2,8.9,23.0,32.26,15.5
AR Bisht,5,96,104,2,42,5,0,16.0,6.5,52.0,43.75,48.0
F Sisifo,3,38,55,2,15,9,2,6.3,8.68,27.5,39.47,19.0
F Najjumba,3,66,49,2,31,0,0,11.0,4.45,24.5,46.97,33.0
F Bangur,6,87,108,2,33,8,3,14.5,7.45,54.0,37.93,43.5
HP Rinke,5,96,114,2,47,1,0,16.0,7.12,57.0,48.96,48.0
V Kaverappa,1,24,36,2,11,0,0,4.0,9.0,18.0,45.83,12.0
O Omonkhobio,5,91,76,2,53,1,1,15.2,5.01,38.0,58.24,45.5
HDRS Silva,2,73,83,2,29,7,1,12.2,6.82,41.5,39.73,36.5
AS Taai,1,24,9,2,21,0,0,4.0,2.25,4.5,87.5,12.0
SJ Tsukigawa,1,48,20,2,34,0,0,8.0,2.5,10.0,70.83,24.0
MJ Suthar,4,48,94,2,17,2,0,8.0,11.75,47.0,35.42,24.0
TJ Stephenson,2,24,32,2,9,1,0,4.0,8.0,16.0,37.5,12.0
TJ Heggelman,1,42,34,2,21,0,0,7.0,4.86,17.0,50.0,21.0
LHB Harrington-Myers,2,24,26,2,11,3,0,4.0,6.5,13.0,45.83,12.0
TK Canning,2,84,64,2,53,0,0,14.0,4.57,32.0,63.1,42.0
O Duff,3,22,45,2,7,9,0,3.7,12.27,22.5,31.82,11.0
Sofia Mardones,4,64,103,2,23,9,8,10.7,9.66,51.5,35.94,32.0
Snigdha Paul,6,78,91,2,36,5,0,13.0,7.0,45.5,46.15,39.0
F Martin,3,32,35,2,14,10,4,5.3,6.56,17.5,43.75,16.0
F Effiong,1,12,2,2,11,1,0,2.0,1.0,1.0,91.67,6.0
FDM Karunaratne,17,328,228,2,206,0,0,54.7,4.17,114.0,62.8,164.0
FDM Devonshire,3,42,42,2,19,1,0,7.0,6.0,21.0,45.24,21.0
FC Muniz,3,60,56,2,24,1,0,10.0,5.6,28.0,40.0,30.0
LC Boylan,1,18,37,2,5,1,0,3.0,12.33,18.5,27.78,9.0
MKGCP Lakshitha,2,72,67,2,32,0,0,12.0,5.58,33.5,44.44,36.0
Abdullah Mohd Yousaf,3,40,62,2,8,4,1,6.7,9.3,31.0,20.0,20.0
SG Diaby,4,61,71,2,35,13,1,10.2,6.98,35.5,57.38,30.5
SE Aley,3,85,68,2,52,4,1,14.2,4.8,34.0,61.18,42.5
L Tastuki,3,72,52,2,45,4,0,12.0,4.33,26.0,62.5,36.0
Adnan Gondal,1,12,7,2,8,0,0,2.0,3.5,3.5,66.67,6.0
Emaan Ejaz,3,63,142,2,12,14,9,10.5,13.52,71.0,19.05,31.5
Elias Hasan,6,92,159,2,31,2,2,15.3,10.37,79.5,33.7,46.0
Ehsanul Haque,1,60,37,2,32,1,0,10.0,3.7,18.5,53.33,30.0
EF Faalupega,1,24,24,2,8,0,0,4.0,6.0,12.0,33.33,12.0
EE Corder,3,54,67,2,17,3,0,9.0,7.44,33.5,31.48,27.0
Edward Taylor,2,39,43,2,20,3,3,6.5,6.62,21.5,51.28,19.5
HK Badani,2,63,53,2,30,0,0,10.5,5.05,26.5,47.62,31.5
HJ Darlington,4,90,99,2,38,3,0,15.0,6.6,49.5,42.22,45.0
SD Chitnis,2,36,62,2,11,2,0,6.0,10.33,31.0,30.56,18.0
Abdul Bashir,4,74,118,2,33,4,2,12.3,9.57,59.0,44.59,37.0
LJ Leokaoke,3,54,55,2,21,0,0,9.0,6.11,27.5,38.89,27.0
SB Chamundaiah,3,52,54,2,18,5,4,8.7,6.23,27.0,34.62,26.0
SA Yadav,3,24,30,2,10,0,0,4.0,7.5,15.0,41.67,12.0
Ahmadschah Ahmadzai,1,12,24,2,4,0,0,2.0,12.0,12.0,33.33,6.0
Ahmad Raza,5,79,103,2,32,5,1,13.2,7.82,51.5,40.51,39.5
EHSN Silva,3,84,92,2,38,0,0,14.0,6.57,46.0,45.24,42.0
Noor Hayati Zakaria,7,133,151,2,51,11,1,22.2,6.81,75.5,38.35,66.5
Hayatullah Niazi,3,50,66,2,24,4,2,8.3,7.92,33.0,48.0,25.0
Hassan Nawaz,4,36,65,2,6,0,0,6.0,10.83,32.5,16.67,18.0
Hassan Nasir,3,60,58,2,31,3,0,10.0,5.8,29.0,51.67,30.0
Nilusha Waruwangodage,1,26,18,2,17,7,2,4.3,4.15,9.0,65.38,13.0
Nur Alya Batrisyia,3,32,34,2,10,1,2,5.3,6.38,17.0,31.25,16.0
Afzaal Haider,2,78,123,2,30,3,0,13.0,9.46,61.5,38.46,39.0
Abhijeet Ahuja,1,12,8,2,10,0,0,2.0,4.0,4.0,83.33,6.0
Abeera Waris,3,43,67,2,15,4,1,7.2,9.35,33.5,34.88,21.5
Abdullah Sheikh,4,74,79,2,29,2,2,12.3,6.41,39.5,39.19,37.0
MK Lomror,11,90,127,2,22,4,0,15.0,8.47,63.5,24.44,45.0
LA Musiani,5,59,78,2,23,4,0,9.8,7.93,39.0,38.98,29.5
MM Iqbal,2,60,62,2,26,0,0,10.0,6.2,31.0,43.33,30.0
MLG Silva,1,11,1,2,11,1,0,1.8,0.55,0.5,100.0,5.5
L Nou,2,42,39,2,19,0,0,7.0,5.57,19.5,45.24,21.0
L Monanthane,6,69,77,2,30,6,0,11.5,6.7,38.5,43.48,34.5
E Moiane,2,25,16,2,17,3,1,4.2,3.84,8.0,68.0,12.5
E Mmese,5,48,34,2,32,9,0,8.0,4.25,17.0,66.67,24.0
R Cunningham,2,27,62,2,5,4,1,4.5,13.78,31.0,18.52,13.5
R Kanai,4,55,50,2,26,5,1,9.2,5.45,25.0,47.27,27.5
R Johnson,2,19,34,2,8,2,1,3.2,10.74,17.0,42.11,9.5
Neeraj Mishra,6,102,164,2,40,10,0,17.0,9.65,82.0,39.22,51.0
Nazmul Hossain Shanto,19,237,216,2,110,3,1,39.5,5.47,108.0,46.41,118.5
Hyejin Park,4,36,42,2,18,16,0,6.0,7.0,21.0,50.0,18.0
EMDY Munaweera,5,60,93,2,15,4,0,10.0,9.3,46.5,25.0,30.0
S Vithayathil,1,18,8,2,13,0,0,3.0,2.67,4.0,72.22,9.0
Ahmer Bin Nisar,5,30,48,2,7,2,0,5.0,9.6,24.0,23.33,15.0
Ahmed Shehzad,12,170,178,2,59,0,1,28.3,6.28,89.0,34.71,85.0
L Lee,5,102,78,2,57,2,1,17.0,4.59,39.0,55.88,51.0
Kulwinderjeet Singh,1,5,7,2,4,0,0,0.8,8.4,3.5,80.0,2.5
E Konasova,4,63,76,2,20,14,15,10.5,7.24,38.0,31.75,31.5
E Robinson,2,36,59,2,6,2,0,6.0,9.83,29.5,16.67,18.0
W Barresi,4,40,63,2,16,0,0,6.7,9.45,31.5,40.0,20.0
Vishaul Singh,2,30,42,2,13,0,0,5.0,8.4,21.0,43.33,15.0
E Packard,6,108,144,2,48,5,0,18.0,8.0,72.0,44.44,54.0
L Greig,1,25,19,2,13,0,1,4.2,4.56,9.5,52.0,12.5
S Yenamandra,3,66,76,2,25,10,12,11.0,6.91,38.0,37.88,33.0
Alexandros Karvelas,3,73,90,2,30,1,1,12.2,7.4,45.0,41.1,36.5
Ajaz Patel,2,30,25,2,12,0,0,5.0,5.0,12.5,40.0,15.0
MM Lanning,5,103,67,2,68,5,1,17.2,3.9,33.5,66.02,51.5
Kiyo Fujikawa,5,74,62,2,29,4,2,12.3,5.03,31.0,39.19,37.0
MS Crane,3,338,257,2,189,0,2,56.3,4.56,128.5,55.92,169.0
Altaf Gill,3,42,59,2,11,1,0,7.0,8.43,29.5,26.19,21.0
Ye Ko Ko,1,24,29,2,9,1,0,4.0,7.25,14.5,37.5,12.0
S Sunday,2,18,14,2,9,0,0,3.0,4.67,7.0,50.0,9.0
S Vesawkar,3,66,63,2,27,0,0,11.0,5.73,31.5,40.91,33.0
Ali Rasool,6,74,132,2,25,2,2,12.3,10.7,66.0,33.78,37.0
Ali Majid,2,48,63,2,18,1,0,8.0,7.88,31.5,37.5,24.0
MR Montfort,1,18,27,2,8,3,0,3.0,9.0,13.5,44.44,9.0
TL Moreki,2,402,206,2,312,3,4,67.0,3.07,103.0,77.61,201.0
Kamran Ghulam,10,103,123,2,43,4,1,17.2,7.17,61.5,41.75,51.5
Kaung Htet Kyaw,6,78,104,2,38,8,0,13.0,8.0,52.0,48.72,39.0
I Rodriguez,2,25,29,2,18,8,1,4.2,6.96,14.5,72.0,12.5
V Atanasova,5,77,140,2,24,36,13,12.8,10.91,70.0,31.17,38.5
I Master,3,30,56,2,7,3,0,5.0,11.2,28.0,23.33,15.0
R Misra,4,44,26,2,29,4,0,7.3,3.55,13.0,65.91,22.0
R Mahajan,3,60,94,2,12,1,0,10.0,9.4,47.0,20.0,30.0
R Khasana,2,43,68,2,17,7,1,7.2,9.49,34.0,39.53,21.5
Deng Jinqi,3,51,67,2,20,0,0,8.5,7.88,33.5,39.22,25.5
Hwanhee Lee,1,6,6,2,3,0,0,1.0,6.0,3.0,50.0,3.0
Humna Bilal,2,33,53,2,10,0,1,5.5,9.64,26.5,30.3,16.5
Hiba Shamshad,4,66,52,2,35,2,0,11.0,4.73,26.0,53.03,33.0
V Barboza,4,61,80,2,30,15,1,10.2,7.87,40.0,49.18,30.5
Dharmendra Manani,1,18,26,2,8,5,0,3.0,8.67,13.0,44.44,9.0
Sikder Billah,3,34,37,2,11,0,0,5.7,6.53,18.5,32.35,17.0
Sikander Zulfiqar,5,42,56,2,14,0,0,7.0,8.0,28.0,33.33,21.0
IP Swaney,6,42,99,2,11,0,0,7.0,14.14,49.5,26.19,21.0
NT Nyamhuri,3,234,182,2,148,5,3,39.0,4.67,91.0,63.25,117.0
Nasir Aziz,4,180,169,2,86,0,0,30.0,5.63,84.5,47.78,90.0
Naseem Khan,5,54,85,2,23,2,0,9.0,9.44,42.5,42.59,27.0
S Samuels,9,131,162,2,73,16,4,21.8,7.42,81.0,55.73,65.5
S Tarawally,6,114,118,2,56,5,0,19.0,6.21,59.0,49.12,57.0
MT Diaby,2,15,17,2,8,1,0,2.5,6.8,8.5,53.33,7.5
Seri Chang,4,91,92,2,47,26,1,15.2,6.07,46.0,51.65,45.5
S Simic,5,61,52,2,29,12,6,10.2,5.11,26.0,47.54,30.5
Aminul Islam Chowdhury,1,18,15,2,8,1,0,3.0,5.0,7.5,44.44,9.0
Aminul Islam,3,50,62,2,15,2,0,8.3,7.44,31.0,30.0,25.0
Anik Ahmed,4,54,76,2,19,3,0,9.0,8.44,38.0,35.19,27.0
Angela Busa,6,71,98,2,38,15,1,11.8,8.28,49.0,53.52,35.5
Khan Arbaaz,2,19,20,2,8,3,1,3.2,6.32,10.0,42.11,9.5
Kuldeep Lal,3,30,52,2,8,0,0,5.0,10.4,26.0,26.67,15.0
KN Gabhane,1,18,29,2,7,0,0,3.0,9.67,14.5,38.89,9.0
Maira Khan,5,90,184,2,24,29,6,15.0,12.27,92.0,26.67,45.0
Marina Iqbal,6,78,97,2,30,2,0,13.0,7.46,48.5,38.46,39.0
Mariam Waseem,1,19,29,2,5,6,7,3.2,9.16,14.5,26.32,9.5
R Sewwandi,2,36,71,2,11,6,0,6.0,11.83,35.5,30.56,18.0
DS Gamage,2,30,36,2,17,10,0,5.0,7.2,18.0,56.67,15.0
Dechen Zangmo,1,24,10,2,15,0,0,4.0,2.5,5.0,62.5,12.0
Dayyaan Galiem,1,24,21,2,12,3,0,4.0,5.25,10.5,50.0,12.0
Davion Codner,4,43,63,2,13,2,1,7.2,8.79,31.5,30.23,21.5
Danish Jasnaik,4,72,121,2,19,0,0,12.0,10.08,60.5,26.39,36.0
Danish Aziz,8,77,109,2,26,0,0,12.8,8.49,54.5,33.77,38.5
DS Vlachopoulou,3,20,9,2,17,3,0,3.3,2.7,4.5,85.0,10.0
NMS Param,3,48,57,2,16,1,0,8.0,7.12,28.5,33.33,24.0
R Panchal,7,108,108,2,62,8,0,18.0,6.0,54.0,57.41,54.0
DR Mousley,6,84,122,2,33,2,0,14.0,8.71,61.0,39.29,42.0
W Sutherland,2,51,35,2,28,2,0,8.5,4.12,17.5,54.9,25.5
W Smith,1,24,39,2,8,2,0,4.0,9.75,19.5,33.33,12.0
S Saeed,3,42,54,2,20,0,0,7.0,7.71,27.0,47.62,21.0
Aphsal Ashraf,1,24,35,2,7,0,0,4.0,8.75,17.5,29.17,12.0
Shafiq Jan,2,36,58,2,13,0,0,6.0,9.67,29.0,36.11,18.0
Kashif Ali,1,65,41,2,39,0,5,10.8,3.78,20.5,60.0,32.5
T Ruma,2,42,30,2,28,3,0,7.0,4.29,15.0,66.67,21.0
Yahya Suhail,4,52,75,2,18,3,0,8.7,8.65,37.5,34.62,26.0
YS Samra,1,12,13,2,5,0,0,2.0,6.5,6.5,41.67,6.0
Asad Ali,6,205,153,2,138,6,1,34.2,4.48,76.5,67.32,102.5
Madeeha Zuberi,5,69,55,2,33,6,0,11.5,4.78,27.5,47.83,34.5
Maaz Khan,5,66,127,2,17,2,0,11.0,11.55,63.5,25.76,33.0
Malyun Hassan,3,44,32,2,27,7,2,7.3,4.36,16.0,61.36,22.0
KN Singh,4,60,78,2,25,3,0,10.0,7.8,39.0,41.67,30.0
KMA Aziz,5,66,121,2,24,10,0,11.0,11.0,60.5,36.36,33.0
Md Shafiqul Haque,1,18,26,2,5,0,0,3.0,8.67,13.0,27.78,9.0
Mayank Nagayach,7,150,192,2,56,3,0,25.0,7.68,96.0,37.33,75.0
Mayank Dagar,8,137,205,2,44,1,0,22.8,8.98,102.5,32.12,68.5
Inam-ul-Haq,3,60,82,2,24,0,0,10.0,8.2,41.0,40.0,30.0
RA Lewis,5,61,69,2,22,1,1,10.2,6.79,34.5,36.07,30.5
DJ Pattinson,1,182,96,2,130,0,1,30.3,3.16,48.0,71.43,91.0
DK Mathias,7,84,116,2,28,5,0,14.0,8.29,58.0,33.33,42.0
DK Butler,5,220,185,2,128,6,4,36.7,5.05,92.5,58.18,110.0
DJ Worrall,3,158,173,2,88,4,0,26.3,6.57,86.5,55.7,79.0
Ilyas Cetin,3,23,66,2,5,4,2,3.8,17.22,33.0,21.74,11.5
IL Parks,1,6,8,2,6,8,0,1.0,8.0,4.0,100.0,3.0
IW Budiarta,3,54,54,2,23,3,0,9.0,6.0,27.0,42.59,27.0
S Nunna,6,84,106,2,23,8,0,14.0,7.57,53.0,27.38,42.0
KM Leng,1,121,35,2,105,2,0,20.2,1.74,17.5,86.78,60.5
KJ McCartney,1,62,76,2,28,10,2,10.3,7.35,38.0,45.16,31.0
NM Cherriath,3,30,42,2,4,0,0,5.0,8.4,21.0,13.33,15.0
RD Pangestuti,8,91,75,2,54,12,1,15.2,4.95,37.5,59.34,45.5
DJ Cullen,4,202,137,2,115,5,1,33.7,4.07,68.5,56.93,101.0
DI Allan,5,44,67,2,12,1,0,7.3,9.14,33.5,27.27,22.0
DH Sharma,1,26,31,2,7,0,2,4.3,7.15,15.5,26.92,13.0
J Chirila,4,84,85,2,52,19,0,14.0,6.07,42.5,61.9,42.0
J Campbell,3,108,67,2,60,1,0,18.0,3.72,33.5,55.56,54.0
Iram Javed,9,74,96,2,31,10,1,12.3,7.78,48.0,41.89,37.0
Y Verma,4,96,98,2,46,11,0,16.0,6.12,49.0,47.92,48.0
S Lundell,2,26,33,2,13,2,2,4.3,7.62,16.5,50.0,13.0
TRR Sharfudheen,2,49,48,2,18,12,1,8.2,5.88,24.0,36.73,24.5
TOW Chu,4,38,43,2,11,1,2,6.3,6.79,21.5,28.95,19.0
Mohamed Coulibaly,4,43,77,2,18,8,2,7.2,10.74,38.5,41.86,21.5
Mobashar Ashraf,2,24,25,2,13,0,0,4.0,6.25,12.5,54.17,12.0
S Kakai,1,18,10,2,13,1,0,3.0,3.33,5.0,72.22,9.0
DB Kotze,6,282,258,2,124,3,0,47.0,5.49,129.0,43.97,141.0
Shoaib Khan,8,145,135,2,68,2,0,24.2,5.59,67.5,46.9,72.5
J Patraj,2,90,76,2,43,2,0,15.0,5.07,38.0,47.78,45.0
NJ Qaeze,1,12,15,2,7,2,0,2.0,7.5,7.5,58.33,6.0
J Intan,4,50,57,2,21,6,2,8.3,6.84,28.5,42.0,25.0
J Erdenesuvd,8,153,186,2,47,10,3,25.5,7.29,93.0,30.72,76.5
J Edmiston,2,24,39,2,12,21,0,4.0,9.75,19.5,50.0,12.0
S Lateh,3,49,65,2,25,5,1,8.2,7.96,32.5,51.02,24.5
S Lackay,1,24,59,2,4,0,0,4.0,14.75,29.5,16.67,12.0
KK Peters,1,120,70,2,97,0,0,20.0,3.5,35.0,80.83,60.0
K Sonavale,4,24,21,2,13,0,0,4.0,5.25,10.5,54.17,12.0
KADM Fernando,1,42,13,2,36,1,0,7.0,1.86,6.5,85.71,21.0
K Paskova,2,38,38,2,20,12,2,6.3,6.0,19.0,52.63,19.0
K Yadav,3,54,85,2,14,0,0,9.0,9.44,42.5,25.93,27.0
S Khadka,6,48,39,2,32,4,0,8.0,4.88,19.5,66.67,24.0
B George,6,76,132,2,23,8,1,12.7,10.42,66.0,30.26,38.0
B Mosoaboli,3,54,57,2,27,10,0,9.0,6.33,28.5,50.0,27.0
B Lekau,4,91,134,2,42,23,1,15.2,8.84,67.0,46.15,45.5
Memoona Riaz,2,31,22,2,18,5,1,5.2,4.26,11.0,58.06,15.5
K Moingoto,3,55,45,2,34,13,0,9.2,4.91,22.5,61.82,27.5
K Mendon,2,36,35,2,21,4,0,6.0,5.83,17.5,58.33,18.0
K Schultz,5,78,103,2,26,3,0,13.0,7.92,51.5,33.33,39.0
TT Samaraweera,8,96,62,2,61,0,0,16.0,3.88,31.0,63.54,48.0
BA Langston,3,138,70,2,104,0,0,23.0,3.04,35.0,75.36,69.0
D Svilicic,4,66,142,2,16,8,0,11.0,12.91,71.0,24.24,33.0
NE Bonner,11,202,161,2,102,0,11,33.7,4.78,80.5,50.5,101.0
NE Bolton,3,60,47,2,39,0,0,10.0,4.7,23.5,65.0,30.0
ND Doshi,4,56,79,2,24,1,0,9.3,8.46,39.5,42.86,28.0
DE Martel,4,74,67,2,35,0,0,12.3,5.43,33.5,47.3,37.0
DE Budge,9,158,134,2,77,3,1,26.3,5.09,67.0,48.73,79.0
RJ Pierre,6,72,116,2,24,4,0,12.0,9.67,58.0,33.33,36.0
S Jamil,5,52,84,2,18,2,0,8.7,9.69,42.0,34.62,26.0
S Hussein,3,68,69,2,40,6,1,11.3,6.09,34.5,58.82,34.0
K Mahato,2,78,77,2,44,7,0,13.0,5.92,38.5,56.41,39.0
TW Hamid,1,3,1,2,2,0,0,0.5,2.0,0.5,66.67,1.5
T Martin,2,32,50,2,10,4,2,5.3,9.38,25.0,31.25,16.0
T Makaya,3,54,54,2,23,1,0,9.0,6.0,27.0,42.59,27.0
RM Magare,5,96,116,2,33,6,0,16.0,7.25,58.0,34.38,48.0
D Kalyankrishna,3,48,88,2,11,2,0,8.0,11.0,44.0,22.92,24.0
RM Hill,1,12,9,2,5,1,0,2.0,4.5,4.5,41.67,6.0
N Simelane,3,40,50,2,18,8,4,6.7,7.5,25.0,45.0,20.0
J Prodehl,1,24,10,2,19,0,0,4.0,2.5,5.0,79.17,12.0
J Ulrik,1,24,14,2,15,2,0,4.0,3.5,7.0,62.5,12.0
Shahzeb Choudhry,2,42,34,2,25,3,0,7.0,4.86,17.0,59.52,21.0
B Yadav,8,55,89,2,21,6,0,9.2,9.71,44.5,38.18,27.5
B Wani,4,63,64,2,22,10,15,10.5,6.1,32.0,34.92,31.5
BE Fletcher,2,30,61,2,7,7,0,5.0,12.2,30.5,23.33,15.0
Mohammed Jamadar,5,96,91,2,44,5,0,16.0,5.69,45.5,45.83,48.0
Mohammed Faraazuddin,5,84,126,2,17,0,0,14.0,9.0,63.0,20.24,42.0
Mohammed Awais,5,79,132,2,34,7,1,13.2,10.03,66.0,43.04,39.5
S Devata,1,8,9,2,3,4,2,1.3,6.75,4.5,37.5,4.0
Babar Azam,7,90,46,2,62,0,0,15.0,3.07,23.0,68.89,45.0
D Brevis,3,53,58,2,28,0,0,8.8,6.57,29.0,52.83,26.5
N Ndouteng,1,24,58,2,5,0,0,4.0,14.5,29.0,20.83,12.0
N Naranbaatar,7,111,236,2,24,14,9,18.5,12.76,118.0,21.62,55.5
J Louw,3,85,104,2,40,6,1,14.2,7.34,52.0,47.06,42.5
RK Whelan,2,90,105,2,50,5,0,15.0,7.0,52.5,55.56,45.0
BR Dorey,4,163,147,2,105,6,1,27.2,5.41,73.5,64.42,81.5
BP Nash,10,481,257,2,327,0,0,80.2,3.21,128.5,67.98,240.5
BP Loots,5,185,227,2,75,3,1,30.8,7.36,113.5,40.54,92.5
BM Anusha,3,54,57,2,28,11,0,9.0,6.33,28.5,51.85,27.0
K Matigimu,1,129,128,2,76,0,0,21.5,5.95,64.0,58.91,64.5
Momina Riasat,1,48,38,2,33,2,0,8.0,4.75,19.0,68.75,24.0
S Cholasseri,3,66,90,2,29,7,2,11.0,8.18,45.0,43.94,33.0
Chinyenum George,2,26,28,2,12,0,0,4.3,6.46,14.0,46.15,13.0
D Foxcroft,4,117,103,2,57,0,0,19.5,5.28,51.5,48.72,58.5
D Dzimau,2,40,33,2,24,4,1,6.7,4.95,16.5,60.0,20.0
D Doyle-Calle,3,18,20,2,12,7,0,3.0,6.67,10.0,66.67,9.0
Tushar Imran,4,150,111,2,69,0,0,25.0,4.44,55.5,46.0,75.0
J Mubarak,10,90,87,2,41,0,0,15.0,5.8,43.5,45.56,45.0
Bhargav Narasimha,3,36,56,2,9,3,0,6.0,9.33,28.0,25.0,18.0
T Lhaden,3,48,43,2,23,3,0,8.0,5.38,21.5,47.92,24.0
T Koloi,3,62,91,2,25,14,2,10.3,8.81,45.5,40.32,31.0
T Kobeli,5,73,112,2,22,12,1,12.2,9.21,56.0,30.14,36.5
K Boniface,2,24,36,2,10,0,0,4.0,9.0,18.0,41.67,12.0
Junaid Sheikh,4,79,96,2,35,2,1,13.2,7.29,48.0,44.3,39.5
C Bevin,3,55,94,2,21,4,1,9.2,10.25,47.0,38.18,27.5
C Agafili,3,43,35,2,29,3,1,7.2,4.88,17.5,67.44,21.5
Mohammad Zahid,1,153,109,2,104,0,3,25.5,4.27,54.5,67.97,76.5
K Brock-Nielsen,4,78,114,2,19,12,6,13.0,8.77,57.0,24.36,39.0
Javeria Rauf,4,60,78,2,25,5,0,10.0,7.8,39.0,41.67,30.0
Jandu Hamoud,2,31,52,2,12,3,1,5.2,10.06,26.0,38.71,15.5
JA Rudolph,8,270,188,2,164,1,0,45.0,4.18,94.0,60.74,135.0
Sharif Asadullah,1,18,21,2,8,1,0,3.0,7.0,10.5,44.44,9.0
C Liebenberg,3,48,81,2,15,0,0,8.0,10.12,40.5,31.25,24.0
Waqar Abbasi,2,48,49,2,25,4,0,8.0,6.12,24.5,52.08,24.0
Shan Masood,9,145,93,2,99,0,1,24.2,3.85,46.5,68.28,72.5
Reon King,2,246,141,2,158,3,6,41.0,3.44,70.5,64.23,123.0
Walid Ghauri,5,53,73,2,20,3,0,8.8,8.26,36.5,37.74,26.5
S Arachchige,2,24,26,2,9,0,0,4.0,6.5,13.0,37.5,12.0
Rupesh Singh,3,60,100,2,22,5,0,10.0,10.0,50.0,36.67,30.0
Rumaisa Jawad Nasir,2,36,56,2,9,2,0,6.0,9.33,28.0,25.0,18.0
Muhammad Tahir,2,17,21,2,7,1,0,2.8,7.41,10.5,41.18,8.5
Rithika Sriram,3,67,72,2,23,16,1,11.2,6.45,36.0,34.33,33.5
C Wickramasinghe,7,98,123,2,42,3,0,16.3,7.53,61.5,42.86,49.0
C Nanda,3,48,58,2,14,2,0,8.0,7.25,29.0,29.17,24.0
JS Iggo,3,48,68,2,13,0,0,8.0,8.5,34.0,27.08,24.0
Mushtaq Ahmed,3,367,268,2,230,0,1,61.2,4.38,134.0,62.67,183.5
JS Malhotra,6,120,84,2,66,2,0,20.0,4.2,42.0,55.0,60.0
RW Staple,1,60,78,2,23,1,0,10.0,7.8,39.0,38.33,30.0
RV Viraj,3,30,64,2,7,1,0,5.0,12.8,32.0,23.33,15.0
JE Scott,3,54,57,2,31,2,0,9.0,6.33,28.5,57.41,27.0
JC Cullen,3,30,41,2,7,2,0,5.0,8.2,20.5,23.33,15.0
RSK Samson,1,12,14,2,6,0,0,2.0,7.0,7.0,50.0,6.0
JPR Scantlebury-Searles,3,42,89,2,7,3,0,7.0,12.71,44.5,16.67,21.0
Ravinderpal Singh,3,25,29,2,12,1,0,4.2,6.96,14.5,48.0,12.5
Raja Farzan,2,36,36,2,20,2,0,6.0,6.0,18.0,55.56,18.0
CJ Sayers,1,294,150,2,227,0,0,49.0,3.06,75.0,77.21,147.0
CJ Connor,2,342,69,2,313,0,0,57.0,1.21,34.5,91.52,171.0
T Chabila,8,114,139,2,63,15,0,19.0,7.32,69.5,55.26,57.0
T Britton,1,24,21,2,11,1,0,4.0,5.25,10.5,45.83,12.0
Rabia Sahan,2,25,24,2,13,8,1,4.2,5.76,12.0,52.0,12.5
CM Madsen,4,74,137,2,23,11,2,12.3,11.11,68.5,31.08,37.0
CK Tshuma,4,222,178,2,141,2,0,37.0,4.81,89.0,63.51,111.0
CK Kapugedera,14,293,284,2,122,7,0,48.8,5.82,142.0,41.64,146.5
CK Holder,2,176,140,2,117,2,2,29.3,4.77,70.0,66.48,88.0
N Ahir,7,93,157,2,35,4,3,15.5,10.13,78.5,37.63,46.5
Tarun Yadav,3,23,22,2,14,0,0,3.8,5.74,11.0,60.87,11.5
Tareq Aziz,1,50,35,2,34,3,2,8.3,4.2,17.5,68.0,25.0
Salvin Stanly,5,66,103,2,21,8,0,11.0,9.36,51.5,31.82,33.0
Salman Patel,3,43,78,2,13,4,0,7.2,10.88,39.0,30.23,21.5
Salman Fayyaz,3,38,61,2,12,2,0,6.3,9.63,30.5,31.58,19.0
A Bhattarai,1,18,13,2,10,1,0,3.0,4.33,6.5,55.56,9.0
M Ulmanova,2,34,39,2,20,11,4,5.7,6.88,19.5,58.82,17.0
M Turner,3,54,36,2,38,1,0,9.0,4.0,18.0,70.37,27.0
P Munorwei,3,42,49,2,22,2,0,7.0,7.0,24.5,52.38,21.0
P Masih,2,42,27,2,24,2,0,7.0,3.86,13.5,57.14,21.0
GK Davis,1,23,19,2,14,1,0,3.8,4.96,9.5,60.87,11.5
P Rathnayake,2,18,23,2,5,0,0,3.0,7.67,11.5,27.78,9.0
Zayneb Fazil,5,88,122,2,44,18,0,14.7,8.32,61.0,50.0,44.0
Zhang Xiangxue,4,48,46,2,27,7,0,8.0,5.75,23.0,56.25,24.0
M Sefati,2,12,15,1,6,3,0,2.0,7.5,15.0,50.0,12.0
A Le Ray,1,24,20,1,10,4,0,4.0,5.0,20.0,41.67,24.0
A Kuthalingham,2,30,24,1,14,1,0,5.0,4.8,24.0,46.67,30.0
P Jayeshbhai Patel,2,48,49,1,23,3,0,8.0,6.12,49.0,47.92,48.0
P Raghunath,3,35,30,1,19,2,5,5.8,5.14,30.0,54.29,35.0
Sukhkaran Sahi,3,33,54,1,6,1,0,5.5,9.82,54.0,18.18,33.0
GI Maiden,1,12,14,1,7,0,0,2.0,7.0,14.0,58.33,12.0
GH Worker,2,18,24,1,5,1,0,3.0,8.0,24.0,27.78,18.0
GR Napier,1,24,28,1,9,0,0,4.0,7.0,28.0,37.5,24.0
GEM Brealey,4,61,65,1,30,20,1,10.2,6.39,65.0,49.18,61.0
G Richardson,1,25,42,1,10,3,1,4.2,10.08,42.0,40.0,25.0
G Ribeiro,2,13,14,1,7,1,1,2.2,6.46,14.0,53.85,13.0
A Awasthi,2,24,75,1,3,3,0,4.0,18.75,75.0,12.5,24.0
A Balbirnie,1,24,31,1,10,0,0,4.0,7.75,31.0,41.67,24.0
Sani E Zehra,2,42,69,1,6,7,0,7.0,9.86,69.0,14.29,42.0
A Konhu,2,37,40,1,15,4,1,6.2,6.49,40.0,40.54,37.0
A Karn,1,24,31,1,5,0,0,4.0,7.75,31.0,20.83,24.0
Shayan Khan,1,12,21,1,3,1,0,2.0,10.5,21.0,25.0,12.0
Mustafa Atmaca,1,6,14,1,2,0,0,1.0,14.0,14.0,33.33,6.0
JJ Esmeijer,3,157,139,1,78,2,1,26.2,5.31,139.0,49.68,157.0
Raghav Dhawan,1,12,26,1,4,2,0,2.0,13.0,26.0,33.33,12.0
CMG Atkins,3,72,36,1,55,0,0,12.0,3.0,36.0,76.39,72.0
CS Terblanche,2,78,35,1,60,3,0,13.0,2.69,35.0,76.92,78.0
CKB Kulasekara,5,249,162,1,153,2,3,41.5,3.9,162.0,61.45,249.0
CK Hooper,2,67,89,1,34,5,0,11.2,7.97,89.0,50.75,67.0
JH Kiani,1,24,27,1,10,2,0,4.0,6.75,27.0,41.67,24.0
CR Smith,3,78,70,1,40,3,0,13.0,5.38,70.0,51.28,78.0
Charanjeet Singh,2,30,35,1,12,0,0,5.0,7.0,35.0,40.0,30.0
RS Gavaskar,3,78,82,1,23,1,0,13.0,6.31,82.0,29.49,78.0
Rabia Iqbal,1,13,17,1,4,1,1,2.2,7.85,17.0,30.77,13.0
M Sheriff,3,43,34,1,23,6,1,7.2,4.74,34.0,53.49,43.0
TCB Fernando,6,215,182,1,126,5,6,35.8,5.08,182.0,58.6,215.0
A Curavic,1,6,11,1,3,0,0,1.0,11.0,11.0,50.0,6.0
CG Campbell,1,18,43,1,8,5,0,3.0,14.33,43.0,44.44,18.0
CE Taylor,1,102,48,1,83,0,0,17.0,2.82,48.0,81.37,102.0
CD Barnwell,4,36,51,1,9,2,0,6.0,8.5,51.0,25.0,36.0
CC Blake,3,49,50,1,26,3,1,8.2,6.12,50.0,53.06,49.0
CA Reid,2,78,64,1,51,3,0,13.0,4.92,64.0,65.38,78.0
JN du Plooy,2,30,53,1,12,1,0,5.0,10.6,53.0,40.0,30.0
JL de Mey,2,42,67,1,15,2,0,7.0,9.57,67.0,35.71,42.0
Mustapha Suwareh,2,20,52,1,2,2,2,3.3,15.6,52.0,10.0,20.0
CP Rizwan,5,58,51,1,35,3,0,9.7,5.28,51.0,60.34,58.0
Raqibul Hasan,3,36,15,1,22,0,0,6.0,2.5,15.0,61.11,36.0
Raihan Hossain,3,50,67,1,16,3,2,8.3,8.04,67.0,32.0,50.0
Shivani Sati,2,9,14,1,1,4,0,1.5,9.33,14.0,11.11,9.0
WT Mashinge,2,30,59,1,10,5,0,5.0,11.8,59.0,33.33,30.0
WSLK Narayana,4,54,67,1,24,4,0,9.0,7.44,67.0,44.44,54.0
WS Jayantha,3,25,27,1,8,0,0,4.2,6.48,27.0,32.0,25.0
CJ Ana,3,55,68,1,36,16,1,9.2,7.42,68.0,65.45,55.0
JS Paris,2,96,93,1,47,2,0,16.0,5.81,93.0,48.96,96.0
Rahman Ademi,4,60,82,1,25,4,0,10.0,8.2,82.0,41.67,60.0
Rahimgul Naseri,4,66,94,1,25,0,0,11.0,8.55,94.0,37.88,66.0
Rahima Yahaya,1,12,12,1,5,4,0,2.0,6.0,12.0,41.67,12.0
Rahel Khan,2,24,30,1,8,0,0,4.0,7.5,30.0,33.33,24.0
Rahat Kazi,5,56,101,1,18,12,2,9.3,10.82,101.0,32.14,56.0
Raghu Sharma,2,48,60,1,12,0,0,8.0,7.5,60.0,25.0,48.0
N Gumaliyele,2,38,36,1,25,11,2,6.3,5.68,36.0,65.79,38.0
N D'souza,4,42,34,1,25,4,0,7.0,4.86,34.0,59.52,42.0
JL Louw,1,60,60,1,27,1,0,10.0,6.0,60.0,45.0,60.0
JD Baker,3,48,68,1,19,4,0,8.0,8.5,68.0,39.58,48.0
RT Ponting,11,156,93,1,109,2,0,26.0,3.58,93.0,69.87,156.0
JM Vince,6,66,51,1,39,1,0,11.0,4.64,51.0,59.09,66.0
Razmal Shigiwal,1,18,22,1,7,0,0,3.0,7.33,22.0,38.89,18.0
CH van Koolwijk,2,19,21,1,8,3,1,3.2,6.63,21.0,42.11,19.0
CH Abeyratne,4,60,87,1,23,7,0,10.0,8.7,87.0,38.33,60.0
Muhammad Shahzad,4,21,43,1,9,0,0,3.5,12.29,43.0,42.86,21.0
Muhammad Saleem,2,18,9,1,12,1,0,3.0,3.0,9.0,66.67,18.0
Raunaq Kapur,1,12,24,1,2,0,0,2.0,12.0,24.0,16.67,12.0
Rinitha Rajith,1,12,7,1,11,3,0,2.0,3.5,7.0,91.67,12.0
C Prathyusha,1,54,60,1,21,2,0,9.0,6.67,60.0,38.89,54.0
C Namugenyi,4,60,56,1,35,5,0,10.0,5.6,56.0,58.33,60.0
C Mutasa,7,92,128,1,40,7,2,15.3,8.35,128.0,43.48,92.0
C Munoz-Mills,1,6,3,1,4,1,0,1.0,3.0,3.0,66.67,6.0
C Sewsunker,4,79,166,1,24,29,1,13.2,12.61,166.0,30.38,79.0
Muhammad Zohaib,2,30,18,1,19,0,0,5.0,3.6,18.0,63.33,30.0
JS Henriksen,4,36,81,1,10,2,0,6.0,13.5,81.0,27.78,36.0
JS Ababu,2,78,75,1,49,3,0,13.0,5.77,75.0,62.82,78.0
Jaison Jerome,6,96,186,1,27,5,0,16.0,11.62,186.0,28.12,96.0
JW Wilson,2,78,116,1,31,0,0,13.0,8.92,116.0,39.74,78.0
Musheer Khan,1,12,27,1,1,0,0,2.0,13.5,27.0,8.33,12.0
JT Pooranakaran,5,62,120,1,18,5,2,10.3,11.61,120.0,29.03,62.0
Cynthia Konadu,1,24,31,1,9,1,0,4.0,7.75,31.0,37.5,24.0
C Kauripeke,1,18,0,1,18,0,0,3.0,0.0,0.0,100.0,18.0
C Gwilliam-Lopez,1,18,19,1,8,1,0,3.0,6.33,19.0,44.44,18.0
Waqar Salamkheil,2,42,92,1,9,0,0,7.0,13.14,92.0,21.43,42.0
Wania Malik,2,24,16,1,17,4,0,4.0,4.0,16.0,70.83,24.0
C Cirlig,2,44,63,1,17,10,2,7.3,8.59,63.0,38.64,44.0
C Cirino,2,31,37,1,13,2,1,5.2,7.16,37.0,41.94,31.0
Muhammad Fahad,4,72,98,1,27,0,0,12.0,8.17,98.0,37.5,72.0
T Hinds,2,26,58,1,8,5,0,4.3,13.38,58.0,30.77,26.0
T Henderson,3,60,72,1,27,0,0,10.0,7.2,72.0,45.0,60.0
T Elikana,4,55,73,1,19,4,2,9.2,7.96,73.0,34.55,55.0
Roopa Nagraj,2,30,26,1,19,3,0,5.0,5.2,26.0,63.33,30.0
Robiul Khan,1,18,26,1,8,2,0,3.0,8.67,26.0,44.44,18.0
Waleed Waqar,2,18,43,1,4,2,0,3.0,14.33,43.0,22.22,18.0
C Piparo,1,7,9,1,2,0,1,1.2,7.71,9.0,28.57,7.0
Muhammad Amin,2,30,44,1,12,5,0,5.0,8.8,44.0,40.0,30.0
Jatinder Singh,6,61,64,1,29,1,0,10.2,6.3,64.0,47.54,61.0
Munir Dar,2,108,90,1,47,0,0,18.0,5.0,90.0,43.52,108.0
RS Williams,1,12,18,1,3,1,0,2.0,9.0,18.0,25.0,12.0
RS Glen,5,48,69,1,13,1,0,8.0,8.62,69.0,27.08,48.0
RS Ghosh,1,18,24,1,6,0,0,3.0,8.0,24.0,33.33,18.0
CV Fernandes Torres,1,13,11,1,11,4,1,2.2,5.08,11.0,84.62,13.0
D Bourne,2,30,37,1,16,6,0,5.0,7.4,37.0,53.33,30.0
D Bhaskara,4,52,76,1,20,4,2,8.7,8.77,76.0,38.46,52.0
CR Suryawanshi,1,12,13,1,4,1,0,2.0,6.5,13.0,33.33,12.0
T Bavuma,6,135,91,1,87,0,2,22.5,4.04,91.0,64.44,135.0
N Master,1,24,31,1,7,1,0,4.0,7.75,31.0,29.17,24.0
N Magagula,3,46,74,1,10,5,10,7.7,9.65,74.0,21.74,46.0
JD Wildermuth,4,43,97,1,11,4,1,7.2,13.53,97.0,25.58,43.0
JA Stiglitz,6,121,173,1,35,12,5,20.2,8.58,173.0,28.93,121.0
JA Raval,2,84,34,1,58,0,0,14.0,2.43,34.0,69.05,84.0
JA Miranda,3,43,70,1,21,6,1,7.2,9.77,70.0,48.84,43.0
T Lafai,7,140,163,1,68,7,2,23.3,6.99,163.0,48.57,140.0
T Khabo,4,72,113,1,40,20,0,12.0,9.42,113.0,55.56,72.0
K Blair,1,60,32,1,46,5,0,10.0,3.2,32.0,76.67,60.0
K Govind,1,18,25,1,3,3,0,3.0,8.33,25.0,16.67,18.0
Tafseer Ali,3,24,37,1,5,0,0,4.0,9.25,37.0,20.83,24.0
Tabish Khan,1,156,73,1,129,0,0,26.0,2.81,73.0,82.69,156.0
Jalat Khan,1,18,38,1,6,0,0,3.0,12.67,38.0,33.33,18.0
Joseph Angara,1,48,52,1,20,1,0,8.0,6.5,52.0,41.67,48.0
Jitesh Patel,2,42,60,1,15,5,0,7.0,8.57,60.0,35.71,42.0
Jeon Myeong,1,13,18,1,5,0,1,2.2,8.31,18.0,38.46,13.0
Bilal Aftab,1,12,14,1,6,0,0,2.0,7.0,14.0,50.0,12.0
Mohammad Zeeshan,4,80,134,1,28,4,2,13.3,10.05,134.0,35.0,80.0
Mohammad Yousuf,1,1,0,1,1,0,0,0.2,0.0,0.0,100.0,1.0
Mudassir Iqbal,6,73,121,1,28,7,1,12.2,9.95,121.0,38.36,73.0
Mosharraf Hossain,4,150,124,1,74,3,0,25.0,4.96,124.0,49.33,150.0
Muhammad Naeem,1,18,15,1,7,1,0,3.0,5.0,15.0,38.89,18.0
K Marasini,3,24,35,1,7,1,0,4.0,8.75,35.0,29.17,24.0
S Biko,2,36,33,1,14,0,0,6.0,5.5,33.0,38.89,36.0
S Basharat,2,25,22,1,12,3,1,4.2,5.28,22.0,48.0,25.0
Basharat Hussain,4,66,104,1,14,3,0,11.0,9.45,104.0,21.21,66.0
D Dlamini,3,58,74,1,19,4,4,9.7,7.66,74.0,32.76,58.0
D Devnarain,8,117,127,1,55,4,3,19.5,6.51,127.0,47.01,117.0
RR Hendricks,6,71,113,1,23,1,0,11.8,9.55,113.0,32.39,71.0
Tripti Gore,3,34,63,1,9,9,6,5.7,11.12,63.0,26.47,34.0
Tharika Sewwandi,4,56,46,1,38,5,2,9.3,4.93,46.0,67.86,56.0
Tenjin Rabgey,3,30,26,1,18,3,0,5.0,5.2,26.0,60.0,30.0
J Rokoro,4,46,62,1,11,11,4,7.7,8.09,62.0,23.91,46.0
J Neill,3,218,189,1,126,6,2,36.3,5.2,189.0,57.8,218.0
RR Beaton,2,102,102,1,47,5,0,17.0,6.0,102.0,46.08,102.0
D Gamage,2,66,59,1,35,4,1,11.0,5.36,59.0,53.03,66.0
Baljinder Singh,1,18,29,1,6,0,0,3.0,9.67,29.0,33.33,18.0
S Chanderpaul,6,194,128,1,118,2,0,32.3,3.96,128.0,60.82,194.0
D Mogan,3,72,116,1,23,1,0,12.0,9.67,116.0,31.94,72.0
D Busingye,1,18,19,1,5,2,0,3.0,6.33,19.0,27.78,18.0
D Jamyansuren,1,25,60,1,3,2,1,4.2,14.4,60.0,12.0,25.0
D Igihozo,1,24,11,1,17,1,0,4.0,2.75,11.0,70.83,24.0
N Nankov,1,12,14,1,8,1,0,2.0,7.0,14.0,66.67,12.0
N Vare,2,12,20,1,3,0,0,2.0,10.0,20.0,25.0,12.0
N Toleva,10,95,154,1,28,27,18,15.8,9.73,154.0,29.47,95.0
JA Thompson,1,12,22,1,4,0,0,2.0,11.0,22.0,33.33,12.0
J Long,1,12,26,1,2,1,0,2.0,13.0,26.0,16.67,12.0
J Layne,2,234,166,1,158,4,0,39.0,4.26,166.0,67.52,234.0
RL Bhudia,4,92,101,1,52,2,0,15.3,6.59,101.0,56.52,92.0
BR Hampton,1,12,32,1,4,0,0,2.0,16.0,32.0,33.33,12.0
BO van Rooi,3,120,123,1,61,10,0,20.0,6.15,123.0,50.83,120.0
BKG Mendis,10,155,146,1,74,0,3,25.8,5.65,146.0,47.74,155.0
K Nima,1,18,22,1,5,0,0,3.0,7.33,22.0,27.78,18.0
T Mayes,2,78,78,1,51,1,0,13.0,6.0,78.0,65.38,78.0
RLB Rambukwella,2,39,46,1,12,0,0,6.5,7.08,46.0,30.77,39.0
NB Singh,2,24,18,1,16,1,0,4.0,4.5,18.0,66.67,24.0
UKPW Kumaranayaka,3,60,72,1,25,2,0,10.0,7.2,72.0,41.67,60.0
J Sonia,1,18,16,1,10,2,0,3.0,5.33,16.0,55.56,18.0
Syed Jawad Haider,1,18,30,1,7,2,0,3.0,10.0,30.0,38.89,18.0
Syed Faizan Tahir,1,6,8,1,3,0,0,1.0,8.0,8.0,50.0,6.0
Syed Amanullah,1,6,9,1,4,2,0,1.0,9.0,9.0,66.67,6.0
Shoaib Ali,1,24,23,1,11,1,0,4.0,5.75,23.0,45.83,24.0
D Staddon,2,19,18,1,12,4,1,3.2,5.68,18.0,63.16,19.0
BJ Bess,1,86,92,1,44,4,8,14.3,6.42,92.0,51.16,86.0
BB Seebaran,3,108,132,1,41,0,0,18.0,7.33,132.0,37.96,108.0
BB McCullum,7,182,110,1,119,1,1,30.3,3.63,110.0,65.38,182.0
BA Westdijk,3,138,176,1,66,8,0,23.0,7.65,176.0,47.83,138.0
K Tereza,3,64,83,1,16,7,4,10.7,7.78,83.0,25.0,64.0
Mohammad Hamza,2,42,80,1,14,3,0,7.0,11.43,80.0,33.33,42.0
K Nanno,3,30,30,1,13,5,0,5.0,6.0,30.0,43.33,30.0
WJ Malinda,4,54,66,1,25,4,0,9.0,7.33,66.0,46.3,54.0
RL Blake,4,47,67,1,22,7,1,7.8,8.55,67.0,46.81,47.0
Ugyen Dorji,3,42,58,1,19,9,0,7.0,8.29,58.0,45.24,42.0
RJ Ranpura,1,12,15,1,6,0,0,2.0,7.5,15.0,50.0,12.0
RJ Campbell,2,36,42,1,15,1,0,6.0,7.0,42.0,41.67,36.0
B Taylan,4,66,64,1,38,8,0,11.0,5.82,64.0,57.58,66.0
B Schuster,2,25,30,1,11,1,1,4.2,7.2,30.0,44.0,25.0
Y Potgieter,5,92,74,1,53,1,2,15.3,4.83,74.0,57.61,92.0
S Hongsi,2,18,35,1,5,2,0,3.0,11.67,35.0,27.78,18.0
S Hector,6,97,115,1,50,6,1,16.2,7.11,115.0,51.55,97.0
S Khurana,1,12,10,1,9,5,0,2.0,5.0,10.0,75.0,12.0
S Khatiwada,1,12,1,1,11,0,0,2.0,0.5,1.0,91.67,12.0
Mohammad Boota,2,18,24,1,8,0,0,3.0,8.0,24.0,44.44,18.0
Mohammad Amin,2,12,18,1,5,0,0,2.0,9.0,18.0,41.67,12.0
BAC Howell,1,21,34,1,6,0,0,3.5,9.71,34.0,28.57,21.0
D Nikolov,6,52,90,1,16,2,0,8.7,10.38,90.0,30.77,52.0
Matilda Fred,1,12,10,1,9,5,0,2.0,5.0,10.0,75.0,12.0
Maryyam Ashraf,1,24,19,1,11,1,0,4.0,4.75,19.0,45.83,24.0
Miriam Ehsun,1,18,23,1,9,5,0,3.0,7.67,23.0,50.0,18.0
KL Britt,1,84,40,1,62,2,0,14.0,2.86,40.0,73.81,84.0
KK Tillett,2,14,50,1,3,1,0,2.3,21.43,50.0,21.43,14.0
K Tari,1,22,27,1,13,2,4,3.7,7.36,27.0,59.09,22.0
KAC Wong,2,32,56,1,8,1,2,5.3,10.5,56.0,25.0,32.0
B Namuunzul,6,92,147,1,28,34,9,15.3,9.59,147.0,30.43,92.0
B Maphosa,6,84,118,1,37,8,3,14.0,8.43,118.0,44.05,84.0
B Akhilesh Reddy,4,96,85,1,50,1,0,16.0,5.31,85.0,52.08,96.0
B Karki,1,24,11,1,18,0,0,4.0,2.75,11.0,75.0,24.0
Mohamed Shiyam,3,24,63,1,3,2,0,4.0,15.75,63.0,12.5,24.0
D Soraine,2,53,38,1,29,2,0,8.8,4.3,38.0,54.72,53.0
D Samarawickrama,1,6,16,1,1,2,0,1.0,16.0,16.0,16.67,6.0
D Salunkhe,5,48,80,1,15,3,1,8.0,10.0,80.0,31.25,48.0
WJR Robertson,1,18,6,1,15,0,0,3.0,2.0,6.0,83.33,18.0
TP Allen,2,18,28,1,9,0,0,3.0,9.33,28.0,50.0,18.0
TO Thilappan,3,54,86,1,11,3,0,9.0,9.56,86.0,20.37,54.0
KA Heffernan,2,36,29,1,21,3,0,6.0,4.83,29.0,58.33,36.0
KDK Vithanage,6,189,154,1,107,1,3,31.5,4.89,154.0,56.61,189.0
Shujaat Rasool,2,17,15,1,9,1,0,2.8,5.29,15.0,52.94,17.0
D Uwizeye,1,12,6,1,9,3,0,2.0,3.0,6.0,75.0,12.0
DB Ravi Teja,2,18,28,1,4,0,0,3.0,9.33,28.0,22.22,18.0
Shohidul Islam,1,24,34,1,9,1,1,4.0,8.5,34.0,37.5,24.0
NJM Salima,2,19,12,1,13,2,1,3.2,3.79,12.0,68.42,19.0
J Jagroo,4,55,75,1,19,2,1,9.2,8.18,75.0,34.55,55.0
Surya Tamang,2,90,78,1,55,3,0,15.0,5.2,78.0,61.11,90.0
J George,5,86,117,1,32,6,2,14.3,8.16,117.0,37.21,86.0
J Fernando,4,60,94,1,22,3,0,10.0,9.4,94.0,36.67,60.0
S Kailath,3,64,98,1,18,8,4,10.7,9.19,98.0,28.12,64.0
S Mandhana,5,48,56,1,19,1,0,8.0,7.0,56.0,39.58,48.0
S Malla,2,30,42,1,10,0,0,5.0,8.4,42.0,33.33,30.0
KHRK Fernando,2,67,41,1,41,1,1,11.2,3.67,41.0,61.19,67.0
KH Abe,1,6,8,1,3,0,0,1.0,8.0,8.0,50.0,6.0
S Malikzai,1,18,20,1,9,0,0,3.0,6.67,20.0,50.0,18.0
J Dickinson,1,24,23,1,6,0,0,4.0,5.75,23.0,25.0,24.0
NKF Rada Rani,3,67,52,1,33,2,1,11.2,4.66,52.0,49.25,67.0
RG Somashekhar,3,30,31,1,15,7,0,5.0,6.2,31.0,50.0,30.0
RG More,2,35,63,1,5,2,0,5.8,10.8,63.0,14.29,35.0
RD Steede,2,80,54,1,52,4,2,13.3,4.05,54.0,65.0,80.0
RD Penalba,1,12,11,1,4,2,0,2.0,5.5,11.0,33.33,12.0
J Chialoufas,2,24,28,1,11,0,0,4.0,7.0,28.0,45.83,24.0
Umair Sharif,3,42,68,1,19,5,0,7.0,9.71,68.0,45.24,42.0
Y Saranonnakkun,1,18,22,1,6,1,0,3.0,7.33,22.0,33.33,18.0
Y Prithvi Raj,2,30,57,1,8,3,0,5.0,11.4,57.0,26.67,30.0
Awais Ahmad,1,14,20,1,6,1,2,2.3,8.57,20.0,42.86,14.0
Attia Diwan Ali,3,63,83,1,22,16,3,10.5,7.9,83.0,34.92,63.0
TP Sudhindra,3,71,137,1,19,3,1,11.8,11.58,137.0,26.76,71.0
DM Dupavillon,2,66,53,1,35,1,0,11.0,4.82,53.0,53.03,66.0
DG Brownlie,4,66,56,1,35,1,0,11.0,5.09,56.0,53.03,66.0
RA Birch,2,108,49,1,81,0,0,18.0,2.72,49.0,75.0,108.0
Sweeta Corda,2,13,25,1,7,5,1,2.2,11.54,25.0,53.85,13.0
Ihsanullah Wafa,2,12,16,1,4,0,0,2.0,8.0,16.0,33.33,12.0
Ibrahim Kursad Dalyan,3,49,67,1,20,2,1,8.2,8.2,67.0,40.82,49.0
Ashar Zaidi,2,48,59,1,10,0,0,8.0,7.38,59.0,20.83,48.0
Assad Mehmood,2,42,29,1,21,1,0,7.0,4.14,29.0,50.0,42.0
S Pakhrin,2,30,10,1,22,2,0,5.0,2.0,10.0,73.33,30.0
S Ogundipe,3,36,25,1,17,1,0,6.0,4.17,25.0,47.22,36.0
KL Rolton,2,120,58,1,98,0,0,20.0,2.9,58.0,81.67,120.0
KL Pulford,1,24,17,1,9,0,0,4.0,4.25,17.0,37.5,24.0
KP Walmsley,1,60,64,1,27,1,0,10.0,6.4,64.0,45.0,60.0
T Mufudza,2,102,75,1,52,1,0,17.0,4.41,75.0,50.98,102.0
T Mpandakwaya,2,27,35,1,10,0,3,4.5,7.78,35.0,37.04,27.0
KJ Harding,1,62,88,1,24,7,2,10.3,8.52,88.0,38.71,62.0
S Rengarajan,1,18,29,1,8,1,0,3.0,9.67,29.0,44.44,18.0
Ariful Haque,3,84,41,1,60,0,0,14.0,2.93,41.0,71.43,84.0
Kashif Bhatti,2,36,60,1,14,0,0,6.0,10.0,60.0,38.89,36.0
T Sarada,2,40,41,1,16,9,2,6.7,6.15,41.0,40.0,40.0
T Pullman,1,18,26,1,7,3,0,3.0,8.67,26.0,38.89,18.0
T Motlhabaphuti,2,19,22,1,8,1,1,3.2,6.95,22.0,42.11,19.0
T Mishra,1,6,8,1,3,0,0,1.0,8.0,8.0,50.0,6.0
S Sajana,6,59,80,1,23,0,1,9.8,8.14,80.0,38.98,59.0
Arshad Ali,2,96,101,1,36,0,0,16.0,6.31,101.0,37.5,96.0
Ashmal Hashmi,4,74,113,1,26,18,2,12.3,9.16,113.0,35.14,74.0
Ashir Qureshi,2,42,62,1,13,0,0,7.0,8.86,62.0,30.95,42.0
YS Chauhan,2,18,39,1,5,1,0,3.0,13.0,39.0,27.78,18.0
Mansi Parmar,2,29,35,1,10,5,1,4.8,7.24,35.0,34.48,29.0
KN Mirchandani,3,53,56,1,20,5,0,8.8,6.34,56.0,37.74,53.0
KMC Bandara,2,66,95,1,22,1,0,11.0,8.64,95.0,33.33,66.0
R Siwa,1,14,13,1,5,1,2,2.3,5.57,13.0,35.71,14.0
E Bosch,1,42,33,1,24,2,0,7.0,4.71,33.0,57.14,42.0
E Batkhuyag,2,23,38,1,5,2,0,3.8,9.91,38.0,21.74,23.0
W Mwayenga,2,72,86,1,35,2,0,12.0,7.17,86.0,48.61,72.0
W Matabwa,3,42,58,1,15,7,0,7.0,8.29,58.0,35.71,42.0
DR Martyn,7,258,170,1,168,0,0,43.0,3.95,170.0,65.12,258.0
R Uwimana,3,42,34,1,19,5,0,7.0,4.86,34.0,45.24,42.0
DP David,2,42,35,1,16,0,0,7.0,5.0,35.0,38.1,42.0
W Viraliliu,5,67,106,1,29,4,1,11.2,9.49,106.0,43.28,67.0
R Sutton,1,6,6,1,4,4,0,1.0,6.0,6.0,66.67,6.0
Irshad Mubbashar,2,12,22,1,3,0,0,2.0,11.0,22.0,25.0,12.0
IH Romaine,5,80,95,1,29,0,1,13.3,7.12,95.0,36.25,80.0
I Mwebaze,2,36,33,1,20,0,0,6.0,5.5,33.0,55.56,36.0
IC Porel,1,24,42,1,10,2,0,4.0,10.5,42.0,41.67,24.0
IA Nicolson,1,44,74,1,17,0,2,7.3,10.09,74.0,38.64,44.0
R Sheshadri,3,18,20,1,9,0,0,3.0,6.67,20.0,50.0,18.0
S Saenya,1,6,1,1,5,0,0,1.0,1.0,1.0,83.33,6.0
L Enoch,1,6,6,1,3,0,0,1.0,6.0,6.0,50.0,6.0
MS Dhoni,8,134,104,1,78,4,2,22.3,4.66,104.0,58.21,134.0
Komalpreet Grewal,1,26,38,1,8,2,2,4.3,8.77,38.0,30.77,26.0
Karan Singh,2,42,54,1,13,1,0,7.0,7.71,54.0,30.95,42.0
Amna Khan,3,66,122,1,11,10,6,11.0,11.09,122.0,16.67,66.0
Anskumar Ahir,2,35,37,1,17,2,1,5.8,6.34,37.0,48.57,35.0
Anoop Orsu,3,31,53,1,7,3,1,5.2,10.26,53.0,22.58,31.0
Ankush Singh,1,13,11,1,7,2,1,2.2,5.08,11.0,53.85,13.0
Amir Ali,4,48,58,1,19,1,0,8.0,7.25,58.0,39.58,48.0
MV Boucher,1,9,6,1,6,0,1,1.5,4.0,6.0,66.67,9.0
Krishna Chandran,6,228,250,1,95,2,0,38.0,6.58,250.0,41.67,228.0
KS Kasse,1,10,10,1,7,1,0,1.7,6.0,10.0,70.0,10.0
Dayal Joy,3,36,63,1,13,8,0,6.0,10.5,63.0,36.11,36.0
Ibrahim Rahimi,4,18,40,1,8,6,0,3.0,13.33,40.0,44.44,18.0
R Nil,3,48,60,1,11,1,0,8.0,7.5,60.0,22.92,48.0
Smruthi Radhakrishnan,3,72,86,1,31,3,1,12.0,7.17,86.0,43.06,72.0
R Pasipanodya,3,38,41,1,17,3,2,6.3,6.47,41.0,44.74,38.0
Nazakat Ali,2,18,17,1,12,1,0,3.0,5.67,17.0,66.67,18.0
E Bakiweyem,1,6,5,1,4,1,0,1.0,5.0,5.0,66.67,6.0
Simrah Mirza,3,51,85,1,7,7,9,8.5,10.0,85.0,13.73,51.0
Shukhtara Rahman,1,24,18,1,12,0,0,4.0,4.5,18.0,50.0,24.0
NT Paranavitana,6,102,86,1,61,0,0,17.0,5.06,86.0,59.8,102.0
Najwa Akram,2,31,59,1,9,7,1,5.2,11.42,59.0,29.03,31.0
Naiem Bameri,1,18,14,1,11,0,0,3.0,4.67,14.0,61.11,18.0
Navid Abdollahpour,1,18,26,1,11,2,0,3.0,8.67,26.0,61.11,18.0
Naveed Fakhr,1,24,32,1,10,1,0,4.0,8.0,32.0,41.67,24.0
I Bardis,1,7,12,1,2,1,1,1.2,10.29,12.0,28.57,7.0
S Thanikaithasan,6,70,91,1,26,0,0,11.7,7.8,91.0,37.14,70.0
Amit Uniyal,2,30,31,1,17,1,0,5.0,6.2,31.0,56.67,30.0
Amir Mangal,1,18,17,1,7,0,0,3.0,5.67,17.0,38.89,18.0
Amir Hamza,2,12,17,1,7,2,0,2.0,8.5,17.0,58.33,12.0
Amaya Rajapaksha,6,72,80,1,22,3,6,12.0,6.67,80.0,30.56,72.0
Alex Carthew,1,18,12,1,11,1,0,3.0,4.0,12.0,61.11,18.0
Akramullah Malikzada,2,12,22,1,3,0,0,2.0,11.0,22.0,25.0,12.0
Ahmed Faiz,5,43,44,1,21,3,0,7.2,6.14,44.0,48.84,43.0
Akeem Jordan,2,66,57,1,45,4,0,11.0,5.18,57.0,68.18,66.0
Kinley Bidha,2,48,46,1,20,1,0,8.0,5.75,46.0,41.67,48.0
Kim Rang,1,25,37,1,7,0,1,4.2,8.88,37.0,28.0,25.0
L Botha,1,18,19,1,8,0,0,3.0,6.33,19.0,44.44,18.0
L Bigula,2,38,37,1,16,2,2,6.3,5.84,37.0,42.11,38.0
S Stephen,6,108,121,1,49,1,0,18.0,6.72,121.0,45.37,108.0
Alice Davis,1,12,17,1,4,2,0,2.0,8.5,17.0,33.33,12.0
Ali Saleem,1,6,4,1,4,0,0,1.0,4.0,4.0,66.67,6.0
Kate Awuah,3,67,93,1,28,6,1,11.2,8.33,93.0,41.79,67.0
Kashif Siddique,1,2,1,1,1,0,0,0.3,3.0,1.0,50.0,2.0
Usman Rafiq,3,44,71,1,11,0,0,7.3,9.68,71.0,25.0,44.0
E Masuku,1,30,32,1,17,0,0,5.0,6.4,32.0,56.67,30.0
R Pavlickova,9,154,172,1,81,45,7,25.7,6.7,172.0,52.6,154.0
MR Dorgan,1,6,13,1,2,2,0,1.0,13.0,13.0,33.33,6.0
L Leemhuis,2,18,29,1,12,6,0,3.0,9.67,29.0,66.67,18.0
L Kooagile,1,12,6,1,9,1,0,2.0,3.0,6.0,75.0,12.0
R Gnanaraj,2,18,32,1,7,1,0,3.0,10.67,32.0,38.89,18.0
E Mapisa,1,12,14,1,6,7,0,2.0,7.0,14.0,50.0,12.0
E Katchay,1,18,23,1,9,0,0,3.0,7.67,23.0,50.0,18.0
E Sagoe,2,24,47,1,10,3,0,4.0,11.75,47.0,41.67,24.0
W Kevin,1,6,9,1,1,1,0,1.0,9.0,9.0,16.67,6.0
Vishal Sharma,2,18,38,1,4,4,0,3.0,12.67,38.0,22.22,18.0
Naman Dhir,5,52,76,1,11,1,0,8.7,8.77,76.0,21.15,52.0
Hasan Cakir,1,6,5,1,4,1,0,1.0,5.0,5.0,66.67,6.0
Harprit Singh,2,18,32,1,6,1,0,3.0,10.67,32.0,33.33,18.0
Haroon Shahid,1,18,31,1,6,1,0,3.0,10.33,31.0,33.33,18.0
R Dianish,2,18,23,1,3,0,0,3.0,7.67,23.0,16.67,18.0
L Gharasim,2,19,19,1,7,3,4,3.2,6.0,19.0,36.84,19.0
S Weerakoon,1,60,49,1,19,1,0,10.0,4.9,49.0,31.67,60.0
L Khotso,2,43,64,1,17,11,1,7.2,8.93,64.0,39.53,43.0
E Mulenga,4,43,62,1,18,9,1,7.2,8.65,62.0,41.86,43.0
R Kassim,4,30,26,1,15,1,0,5.0,5.2,26.0,50.0,30.0
R Hubbard,3,38,51,1,16,6,2,6.3,8.05,51.0,42.11,38.0
Qaiser Ali,2,84,55,1,54,5,0,14.0,3.93,55.0,64.29,84.0
R Chanda,3,50,84,1,10,6,2,8.3,10.08,84.0,20.0,50.0
R Bowers-Fleming,1,7,13,1,3,2,1,1.2,11.14,13.0,42.86,7.0
EA Burns,3,48,38,1,27,1,0,8.0,4.75,38.0,56.25,48.0
MO Bacarese,2,48,32,1,25,1,0,8.0,4.0,32.0,52.08,48.0
S Vidyut,1,12,22,1,5,1,0,2.0,11.0,22.0,41.67,12.0
SA Pradhan,2,36,56,1,18,1,0,6.0,9.33,56.0,50.0,36.0
Afif Khattak,1,18,25,1,9,1,0,3.0,8.33,25.0,50.0,18.0
Ahsan Ali,1,6,9,1,2,0,0,1.0,9.0,9.0,33.33,6.0
S von Berg,1,174,100,1,114,0,0,29.0,3.45,100.0,65.52,174.0
SB Odedra,1,163,51,1,135,0,1,27.2,1.88,51.0,82.82,163.0
SB Joshi,4,55,82,1,18,0,0,9.2,8.95,82.0,32.73,55.0
LJ Harper,1,230,84,1,188,0,2,38.3,2.19,84.0,81.74,230.0
Adhitya Shetty,1,60,56,1,29,0,0,10.0,5.6,56.0,48.33,60.0
E Walker,3,49,76,1,13,3,1,8.2,9.31,76.0,26.53,49.0
R Avdylaj,5,65,92,1,9,1,6,10.8,8.49,92.0,13.85,65.0
Noorkhan Ahmedi,1,12,13,1,6,1,0,2.0,6.5,13.0,50.0,12.0
Haris Karim,2,24,53,1,4,1,0,4.0,13.25,53.0,16.67,24.0
Hazrat Luqman,2,36,64,1,14,2,0,6.0,10.67,64.0,38.89,36.0
Hasibul Hossain,3,103,121,1,62,4,1,17.2,7.05,121.0,60.19,103.0
Harmeet Singh (2),1,24,34,1,12,1,0,4.0,8.5,34.0,50.0,24.0
O Batisani,1,8,4,1,6,2,2,1.3,3.0,4.0,75.0,8.0
V Jayant,4,49,78,1,13,2,2,8.2,9.55,78.0,26.53,49.0
Abhishek Anand,2,12,8,1,5,1,0,2.0,4.0,8.0,41.67,12.0
MMA Jonkman,1,24,21,1,15,2,0,4.0,5.25,21.0,62.5,24.0
MM Sarwar,1,12,15,1,8,0,0,2.0,7.5,15.0,66.67,12.0
LA Carseldine,1,6,6,1,4,1,0,1.0,6.0,6.0,66.67,6.0
L Wesley,1,4,3,1,4,3,0,0.7,4.5,3.0,100.0,4.0
L Maphane,2,8,15,1,1,0,1,1.3,11.25,15.0,12.5,8.0
HR Johnson,2,66,70,1,37,1,6,11.0,6.36,70.0,56.06,66.0
Emmanuella Nyaaba,1,25,26,1,7,4,1,4.2,6.24,26.0,28.0,25.0
EGS Kana,1,11,12,1,5,0,0,1.8,6.55,12.0,45.45,11.0
Ebrahim Naseri,1,6,11,1,3,0,0,1.0,11.0,11.0,50.0,6.0
EP Thompson,2,42,63,1,19,3,0,7.0,9.0,63.0,45.24,42.0
HL Baker,2,78,78,1,27,4,0,13.0,6.0,78.0,34.62,78.0
HK Olonga,2,50,33,1,34,1,8,8.3,3.96,33.0,68.0,50.0
HK Kukreja,2,24,51,1,3,1,0,4.0,12.75,51.0,12.5,24.0
SD Outerbridge,1,6,11,1,1,0,0,1.0,11.0,11.0,16.67,6.0
SD Bahadur,7,108,145,1,42,8,0,18.0,8.06,145.0,38.89,108.0
Abdul Salman Khan,2,30,37,1,13,2,0,5.0,7.4,37.0,43.33,30.0
Abdul Nasir,2,42,42,1,16,0,0,7.0,6.0,42.0,38.1,42.0
Absar Khan,1,6,8,1,1,0,0,1.0,8.0,8.0,16.67,6.0
Abraar Khan,1,12,10,1,5,0,0,2.0,5.0,10.0,41.67,12.0
Z Abbasi,2,24,16,1,14,1,0,4.0,4.0,16.0,58.33,24.0
O Touray,2,18,46,1,3,0,0,3.0,15.33,46.0,16.67,18.0
Preeti Bose,1,24,20,1,10,0,0,4.0,5.0,20.0,41.67,24.0
Prajna Jagdeesha,3,30,36,1,16,6,0,5.0,7.2,36.0,53.33,30.0
Poorvaja Jagdeesha,5,37,59,1,11,9,2,6.2,9.57,59.0,29.73,37.0
Sohaib Maqsood,6,67,62,1,31,1,1,11.2,5.55,62.0,46.27,67.0
Sofia Araya,1,14,25,1,2,0,9,2.3,10.71,25.0,14.29,14.0
Sneh Rana,2,60,68,1,31,1,0,10.0,6.8,68.0,51.67,60.0
R Agamiire,2,37,15,1,28,0,1,6.2,2.43,15.0,75.68,37.0
LC Romero,1,24,52,1,9,2,0,4.0,13.0,52.0,37.5,24.0
Yuanyuan Cai,3,36,36,1,20,8,0,6.0,6.0,36.0,55.56,36.0
SF Nhavotso,3,32,42,1,11,1,0,5.3,7.88,42.0,34.38,32.0
AZ Shah,2,30,53,1,13,1,0,5.0,10.6,53.0,43.33,30.0
AW Wambua,1,13,11,1,10,1,1,2.2,5.08,11.0,76.92,13.0
AW Mathieson,1,24,40,1,6,1,0,4.0,10.0,40.0,25.0,24.0
L Ward,1,6,4,1,2,0,0,1.0,4.0,4.0,33.33,6.0
L Vincent,3,24,24,1,16,0,0,4.0,6.0,24.0,66.67,24.0
F Choudary,2,18,32,1,6,0,0,3.0,10.67,32.0,33.33,18.0
O Isesele,4,60,105,1,13,2,0,10.0,10.5,105.0,21.67,60.0
HMHE Parsons,3,18,38,1,4,1,0,3.0,12.67,38.0,22.22,18.0
HC Overdijk,1,12,11,1,5,1,0,2.0,5.5,11.0,41.67,12.0
HC Brook,6,145,106,1,94,0,1,24.2,4.39,106.0,64.83,145.0
V Pulibanti,1,12,15,1,5,2,0,2.0,7.5,15.0,41.67,12.0
HA Daluwatta,6,42,71,1,15,16,5,7.0,10.14,71.0,35.71,42.0
AS Tanke,2,60,58,1,34,8,0,10.0,5.8,58.0,56.67,60.0
AS Jaggernauth,1,138,100,1,95,0,0,23.0,4.35,100.0,68.84,138.0
SJ Modani,3,18,8,1,11,0,0,3.0,2.67,8.0,61.11,18.0
MJ Tugaga,2,42,44,1,20,5,0,7.0,6.29,44.0,47.62,42.0
TJ Ramphoma,1,4,0,1,4,0,0,0.7,0.0,0.0,100.0,4.0
TJ Mahe,3,48,77,1,16,8,6,8.0,9.62,77.0,33.33,48.0
LI Meriwala,1,19,32,1,6,0,1,3.2,10.11,32.0,31.58,19.0
LG Moras,7,110,135,1,54,10,1,18.3,7.36,135.0,49.09,110.0
LE Milliken,1,48,37,1,32,1,0,8.0,4.62,37.0,66.67,48.0
LR Gaonkar,2,36,44,1,15,0,0,6.0,7.33,44.0,41.67,36.0
T Smith,2,18,21,1,6,1,0,3.0,7.0,21.0,33.33,18.0
T Singye,2,36,65,1,16,3,0,6.0,10.83,65.0,44.44,36.0
TJ Friend,4,52,69,1,21,5,1,8.7,7.96,69.0,40.38,52.0
MJ Mindley,2,57,56,1,35,1,3,9.5,5.89,56.0,61.4,57.0
SJ Cook,1,186,121,1,136,1,0,31.0,3.9,121.0,73.12,186.0
Serdar Burak Emir,4,56,123,1,13,4,2,9.3,13.18,123.0,23.21,56.0
AN Petersen,7,120,70,1,75,3,0,20.0,3.5,70.0,62.5,120.0
AN Cook,2,18,7,1,14,0,0,3.0,2.33,7.0,77.78,18.0
AR Shetty,2,41,60,1,16,12,2,6.8,8.78,60.0,39.02,41.0
AR Patwa,2,12,18,1,3,0,0,2.0,9.0,18.0,25.0,12.0
Saurabh Kumar,4,42,82,1,7,0,0,7.0,11.71,82.0,16.67,42.0
SKR Mallidi,2,18,35,1,8,2,0,3.0,11.67,35.0,44.44,18.0
AS Wikman,4,31,47,1,12,4,0,5.2,9.1,47.0,38.71,31.0
VVS Laxman,3,72,26,1,55,0,0,12.0,2.17,26.0,76.39,72.0
VS Solanki,5,81,80,1,40,3,0,13.5,5.93,80.0,49.38,81.0
Faisal Raza,3,24,39,1,7,1,0,4.0,9.75,39.0,29.17,24.0
Faisal Hossain,2,73,54,1,32,0,0,12.2,4.44,54.0,43.84,73.0
PM Sarvesh Kumar,2,30,42,1,11,1,0,5.0,8.4,42.0,36.67,30.0
F Zirahangaje,2,36,54,1,15,5,0,6.0,9.0,54.0,41.67,36.0
F Tunnicliffe,1,12,8,1,5,0,0,2.0,4.0,8.0,41.67,12.0
FY Fazal,2,12,20,1,1,0,0,2.0,10.0,20.0,8.33,12.0
PS Roberts,4,54,66,1,31,8,0,9.0,7.33,66.0,57.41,54.0
H Elder,2,31,33,1,18,5,1,5.2,6.39,33.0,58.06,31.0
H Pieterse,1,18,11,1,9,0,0,3.0,3.67,11.0,50.0,18.0
H Nguyen,4,54,76,1,23,16,4,9.0,8.44,76.0,42.59,54.0
PJC Hoffmann,5,192,177,1,120,4,0,32.0,5.53,177.0,62.5,192.0
AM Rahane,1,6,5,1,2,0,0,1.0,5.0,5.0,33.33,6.0
ZR Jaboneke,3,36,28,1,20,2,0,6.0,4.67,28.0,55.56,36.0
LM Gabriel,6,72,102,1,25,11,0,12.0,8.5,102.0,34.72,72.0
LKW Ezechiel,3,55,115,1,12,5,1,9.2,12.55,115.0,21.82,55.0
LK Sharma,1,18,29,1,7,0,0,3.0,9.67,29.0,38.89,18.0
M Ahono,1,6,13,1,2,5,0,1.0,13.0,13.0,33.33,6.0
T Shanmugam,3,36,38,1,21,2,0,6.0,6.33,38.0,58.33,36.0
SK Sonpethkar,1,27,33,1,8,2,3,4.5,7.33,33.0,29.63,27.0
SK Shetty,1,6,3,1,4,1,0,1.0,3.0,3.0,66.67,6.0
SM Dhakal,2,36,44,1,14,1,0,6.0,7.33,44.0,38.89,36.0
AL Mangue,2,37,73,1,8,5,2,6.2,11.84,73.0,21.62,37.0
AISD Kainoco,2,25,38,1,10,5,1,4.2,9.12,38.0,40.0,25.0
AK Muslar,1,24,36,1,7,1,0,4.0,9.0,36.0,29.17,24.0
MG Kariata,1,30,31,1,16,1,0,5.0,6.2,31.0,53.33,30.0
LP van Troost,3,42,82,1,15,1,0,7.0,11.71,82.0,35.71,42.0
LOB Cann,2,71,92,1,17,8,0,11.8,7.77,92.0,23.94,71.0
Laiba Nasrullah,5,91,132,1,31,8,1,15.2,8.7,132.0,34.07,91.0
ZK Shem,2,32,61,1,7,3,2,5.3,11.44,61.0,21.88,32.0
ZE Matsinhe,5,72,91,1,35,3,0,12.0,7.58,91.0,48.61,72.0
APS Sanchez,1,13,13,1,7,3,2,2.2,6.0,13.0,53.85,13.0
H Virdee,1,12,26,1,4,0,0,2.0,13.0,26.0,33.33,12.0
MIW van den Raad,4,25,36,1,10,7,1,4.2,8.64,36.0,40.0,25.0
Lemar Momand,6,78,79,1,43,6,0,13.0,6.08,79.0,55.13,78.0
Fazl-e-Akbar,1,244,163,1,176,0,0,40.7,4.01,163.0,72.13,244.0
Fayyaz Ahmed,3,120,100,1,62,0,0,20.0,5.0,100.0,51.67,120.0
Fatima Amir,4,43,44,1,29,9,1,7.2,6.14,44.0,67.44,43.0
Farhan Ahmed,2,30,38,1,8,0,0,5.0,7.6,38.0,26.67,30.0
H Singh,3,24,44,1,5,1,0,4.0,11.0,44.0,20.83,24.0
HE van der Dussen,1,6,3,1,3,0,0,1.0,3.0,3.0,50.0,6.0
P Hingorani,3,27,40,1,6,2,0,4.5,8.89,40.0,22.22,27.0
P Hatzoglou,1,24,36,1,11,2,0,4.0,9.0,36.0,45.83,24.0
PL Mommsen,2,48,51,1,26,5,0,8.0,6.38,51.0,54.17,48.0
LS Mulivai,2,44,36,1,28,2,2,7.3,4.91,36.0,63.64,44.0
SL Gomez,6,67,90,1,25,12,1,11.2,8.06,90.0,37.31,67.0
SMR Ruelas,2,30,22,1,15,6,6,5.0,4.4,22.0,50.0,30.0
SMHH Aung,1,6,17,1,1,1,0,1.0,17.0,17.0,16.67,6.0
AEMP Durayalage,1,24,28,1,13,7,0,4.0,7.0,28.0,54.17,24.0
SS Agarwal,1,24,42,1,7,0,0,4.0,10.5,42.0,29.17,24.0
AA Kazi,1,12,21,1,2,1,0,2.0,10.5,21.0,16.67,12.0
AA Jhunjhunwala,10,85,130,1,28,3,0,14.2,9.18,130.0,32.94,85.0
AA Donald,3,150,134,1,91,5,1,25.0,5.36,134.0,60.67,150.0
AB Mengoumou,2,31,70,1,7,2,1,5.2,13.55,70.0,22.58,31.0
AAM Eliane,3,54,78,1,17,9,0,9.0,8.67,78.0,31.48,54.0
M Chereches,2,43,61,1,19,7,7,7.2,8.51,61.0,44.19,43.0
ME Sanuth,3,60,61,1,34,1,0,10.0,6.1,61.0,56.67,60.0
ME Leoela,1,18,20,1,7,0,0,3.0,6.67,20.0,38.89,18.0
MD Fisher,1,162,75,1,127,0,0,27.0,2.78,75.0,78.4,162.0
AG Prince,5,108,51,1,74,2,0,18.0,2.83,51.0,68.52,108.0
SM Kavanagh,3,66,92,1,23,8,0,11.0,8.36,92.0,34.85,66.0
SP de Alwis,2,108,93,1,60,2,0,18.0,5.17,93.0,55.56,108.0
Zahid Khan,6,72,98,1,32,3,0,12.0,8.17,98.0,44.44,72.0
AC Gilchrist,1,1,0,1,1,0,0,0.2,0.0,0.0,100.0,1.0
M Brasier,2,29,56,1,7,6,0,4.8,11.59,56.0,24.14,29.0
M Walker,1,18,23,1,6,3,0,3.0,7.67,23.0,33.33,18.0
M Gill,2,24,15,1,16,4,0,4.0,3.75,15.0,66.67,24.0
M Gherasim,4,28,37,1,7,4,2,4.7,7.93,37.0,25.0,28.0
G Bloemen,3,67,73,1,38,16,1,11.2,6.54,73.0,56.72,67.0
G Axtell,2,42,42,1,22,2,0,7.0,6.0,42.0,52.38,42.0
Francesca Galan,1,2,3,1,2,3,0,0.3,9.0,3.0,100.0,2.0
PK Dimitri,2,50,89,1,15,5,2,8.3,10.68,89.0,30.0,50.0
Oliver Rowe,1,12,7,1,8,2,0,2.0,3.5,7.0,66.67,12.0
OS Dlamini,2,26,42,1,4,5,2,4.3,9.69,42.0,15.38,26.0
OJ Herrington,2,24,40,1,9,4,0,4.0,10.0,40.0,37.5,24.0
OJ Hairs,1,12,20,1,4,1,0,2.0,10.0,20.0,33.33,12.0
Sumit Singh,1,12,18,1,7,0,0,2.0,9.0,18.0,58.33,12.0
G Ford,5,76,91,1,39,14,1,12.7,7.18,91.0,51.32,76.0
G Fernando,2,18,33,1,6,2,0,3.0,11.0,33.0,33.33,18.0
G Essoun,1,25,40,1,11,5,1,4.2,9.6,40.0,44.0,25.0
M Altankhuyag,1,13,55,1,1,4,1,2.2,25.38,55.0,7.69,13.0
SS Mundhe,1,6,6,1,4,1,0,1.0,6.0,6.0,66.67,6.0
Zainullah Ihsan,2,42,76,1,9,0,0,7.0,10.86,76.0,21.43,42.0
G Newton,3,51,57,1,21,2,0,8.5,6.71,57.0,41.18,51.0
VE Tembo,3,37,83,1,9,4,1,6.2,13.46,83.0,24.32,37.0
G Johnson,3,48,52,1,21,0,0,8.0,6.5,52.0,43.75,48.0
G Ingabire,1,12,14,1,7,0,0,2.0,7.0,14.0,58.33,12.0
Sultan Ahmed,2,45,36,1,25,0,0,7.5,4.8,36.0,55.56,45.0
H Gori,1,12,22,1,6,1,0,2.0,11.0,22.0,50.0,12.0
GA Stuurman,2,186,165,1,122,3,0,31.0,5.32,165.0,65.59,186.0
Soung Seav,1,7,13,1,1,2,3,1.2,11.14,13.0,14.29,7.0
G Malla,2,18,18,1,10,1,0,3.0,6.0,18.0,55.56,18.0
G Kuthalingham,2,37,33,1,17,2,1,6.2,5.35,33.0,45.95,37.0
G Kansonkho,3,18,32,1,5,0,0,3.0,10.67,32.0,27.78,18.0
Zain Abbas,1,36,56,1,14,2,0,6.0,9.33,56.0,38.89,36.0
A Sathyan,1,12,16,1,6,4,0,2.0,8.0,16.0,50.0,12.0
M Zdravkova,3,46,38,1,22,9,5,7.7,4.96,38.0,47.83,46.0
P Gopalkrishnan,1,6,6,1,4,0,0,1.0,6.0,6.0,66.67,6.0
H Davids,2,12,13,1,5,1,0,2.0,6.5,13.0,41.67,12.0
Guillermo Aburto,2,25,28,1,14,3,1,4.2,6.72,28.0,56.0,25.0
P Chakraborty,1,12,1,1,11,0,0,2.0,0.5,1.0,91.67,12.0
V Thari Thari,1,20,47,1,2,3,2,3.3,14.1,47.0,10.0,20.0
V Subha,2,30,32,1,13,2,0,5.0,6.4,32.0,43.33,30.0
M van Jaarsveld,1,30,20,1,21,2,0,5.0,4.0,20.0,70.0,30.0
M du Preez,3,22,30,1,8,2,1,3.7,8.18,30.0,36.36,22.0
SV Collyer,1,229,24,1,212,0,1,38.2,0.63,24.0,92.58,229.0
Sabahat Rasheed,2,89,68,1,47,2,0,14.8,4.58,68.0,52.81,89.0
Sabah Nawab,1,24,24,1,10,2,0,4.0,6.0,24.0,41.67,24.0
M Malle,2,24,35,1,13,5,0,4.0,8.75,35.0,54.17,24.0
M Mabvuka,1,13,21,1,5,4,1,2.2,9.69,21.0,38.46,13.0
SSM Stanislaus,2,19,30,1,7,0,0,3.2,9.47,30.0,36.84,19.0
SSD Arachchige,2,42,28,1,18,0,0,7.0,4.0,28.0,42.86,42.0
SS Sarkar,2,25,34,1,4,0,0,4.2,8.16,34.0,16.0,25.0
A Kanwal,1,13,16,1,4,1,1,2.2,7.38,16.0,30.77,13.0
TC Mataora,5,54,71,1,20,5,0,9.0,7.89,71.0,37.04,54.0
M Noble,1,24,16,1,17,1,0,4.0,4.0,16.0,70.83,24.0
M Ndhambi,3,31,33,1,12,2,1,5.2,6.39,33.0,38.71,31.0
M Mete,1,18,11,1,10,2,0,3.0,3.67,11.0,55.56,18.0
M Leporoporo,1,6,8,1,2,0,0,1.0,8.0,8.0,33.33,6.0
M Kojo,2,30,44,1,14,7,0,5.0,8.8,44.0,46.67,30.0
M Kaswan,1,20,12,1,10,0,2,3.3,3.6,12.0,50.0,20.0
Saran Maliwan,1,25,27,1,14,0,1,4.2,6.48,27.0,56.0,25.0
A Mehmood,4,61,104,1,23,1,1,10.2,10.23,104.0,37.7,61.0
A Lyth,3,25,26,1,13,0,1,4.2,6.24,26.0,52.0,25.0
Sara Vivek,3,49,69,1,27,17,1,8.2,8.45,69.0,55.1,49.0
Saqib Khan,2,31,44,1,7,0,1,5.2,8.52,44.0,22.58,31.0
Saqib Ali,2,60,58,1,22,2,0,10.0,5.8,58.0,36.67,60.0
M Holmes,3,39,38,1,21,5,3,6.5,5.85,38.0,53.85,39.0
PA Wadenpohl,3,33,58,1,7,7,4,5.5,10.55,58.0,21.21,33.0
Zeshan Arif,2,18,39,1,2,0,0,3.0,13.0,39.0,11.11,18.0
A Bhargava,1,12,15,1,8,1,0,2.0,7.5,15.0,66.67,12.0
M Simpson-Parker,1,6,8,1,2,2,0,1.0,8.0,8.0,33.33,6.0
M Shiraz,2,54,48,1,34,0,0,9.0,5.33,48.0,62.96,54.0
M Shezi,1,36,8,1,29,1,0,6.0,1.33,8.0,80.56,36.0
Salman Butt,10,210,198,1,105,0,4,35.0,5.66,198.0,50.0,210.0
Sajid Khan Afridi,3,42,79,1,12,3,0,7.0,11.29,79.0,28.57,42.0
A Djorovic,6,70,149,1,18,11,0,11.7,12.77,149.0,25.71,70.0
A Denuwan,3,38,51,1,9,2,0,6.3,8.05,51.0,23.68,38.0
A Hewage,1,6,0,1,6,0,0,1.0,0.0,0.0,100.0,6.0
A Gunasekar,2,42,57,1,12,5,0,7.0,8.14,57.0,28.57,42.0
Saif Badar,1,12,15,1,5,1,0,2.0,7.5,15.0,41.67,12.0
M Pushpakumara,2,48,49,1,19,1,0,8.0,6.12,49.0,39.58,48.0
Zikria Islam,2,24,28,1,8,1,0,4.0,7.0,28.0,33.33,24.0
Saeed Anwar,1,24,15,1,13,0,0,4.0,3.75,15.0,54.17,24.0
A Johnson,4,54,50,1,25,0,0,9.0,5.56,50.0,46.3,54.0
A Chilia,3,60,53,1,31,5,0,10.0,5.3,53.0,51.67,60.0
A Charles,1,8,13,1,3,8,2,1.3,9.75,13.0,37.5,8.0
A Bidari,1,24,17,1,13,2,0,4.0,4.25,17.0,54.17,24.0
M Nanayakkara,1,24,40,1,7,2,0,4.0,10.0,40.0,29.17,24.0
M Matobole,1,13,21,1,6,4,1,2.2,9.69,21.0,46.15,13.0
TF van Woerkom,3,54,85,1,13,1,0,9.0,9.44,85.0,24.07,54.0
M Shahrukh Khan,3,18,29,1,5,0,0,3.0,9.67,29.0,27.78,18.0
A Ahmadhel,2,10,21,1,4,2,0,1.7,12.6,21.0,40.0,10.0
Zheng Lili,7,130,99,1,74,6,0,21.7,4.57,99.0,56.92,130.0
A Amado,2,12,20,1,8,6,0,2.0,10.0,20.0,66.67,12.0
A Alfonso,1,24,15,1,16,2,0,4.0,3.75,15.0,66.67,24.0
Zwe Htet Paing,2,12,30,1,1,0,0,2.0,15.0,30.0,8.33,12.0
Zhao Tianle,2,24,55,1,8,1,0,4.0,13.75,55.0,33.33,24.0
V Viyaskanth,4,84,118,1,28,0,0,14.0,8.43,118.0,33.33,84.0
Zeeshan Abbas,2,30,45,1,5,2,0,5.0,9.0,45.0,16.67,30.0
Zeeshan Zameer,3,27,47,1,8,4,0,4.5,10.44,47.0,29.63,27.0
A Bushell,1,6,7,0,2,0,0,1.0,7.0,7.0,33.33,6.0
A Aitken,3,42,40,0,12,2,0,7.0,5.71,40.0,28.57,42.0
Zou Kui,1,12,37,0,2,3,0,2.0,18.5,37.0,16.67,12.0
Zuber Sunasara,1,2,2,0,0,0,0,0.3,6.0,2.0,0.0,2.0
Zulqarnain Haider (2),1,18,8,0,13,2,0,3.0,2.67,8.0,72.22,18.0
San Nyo Htwe,1,6,5,0,5,1,0,1.0,5.0,5.0,83.33,6.0
Zahir Mohammed,1,6,23,0,1,1,0,1.0,23.0,23.0,16.67,6.0
A Trivedi,1,6,15,0,2,0,0,1.0,15.0,15.0,33.33,6.0
A Tagilala,1,18,21,0,5,3,0,3.0,7.0,21.0,27.78,18.0
A Stoilova,2,10,28,0,0,3,3,1.7,16.8,28.0,0.0,10.0
A Sokovagone,2,25,40,0,6,0,0,4.2,9.6,40.0,24.0,25.0
AA Moiane,1,6,10,0,4,2,0,1.0,10.0,10.0,66.67,6.0
AA Banner,1,12,17,0,1,0,0,2.0,8.5,17.0,8.33,12.0
AB Sharma,1,1,4,0,0,0,0,0.2,24.0,4.0,0.0,1.0
AB Martinez,4,61,58,0,33,21,12,10.2,5.7,58.0,54.1,61.0
AB Fudadin,1,30,11,0,24,0,0,5.0,2.2,11.0,80.0,30.0
AB Barath,1,6,4,0,3,0,0,1.0,4.0,4.0,50.0,6.0
AC Frame,1,21,26,0,11,1,0,3.5,7.43,26.0,52.38,21.0
AE Moe,1,6,7,0,2,1,0,1.0,7.0,7.0,33.33,6.0
ADS Fletcher,3,28,26,0,11,0,0,4.7,5.57,26.0,39.29,28.0
ADJ Pitcher,1,37,38,0,16,1,0,6.2,6.16,38.0,43.24,37.0
AD Nath,2,12,23,0,5,1,0,2.0,11.5,23.0,41.67,12.0
Sefu Athumani,1,1,6,0,0,0,0,0.2,36.0,6.0,0.0,1.0
Sazzad Hosen,1,12,22,0,2,0,0,2.0,11.0,22.0,16.67,12.0
Sarfraz Ahmed,2,16,21,0,7,0,0,2.7,7.88,21.0,43.75,16.0
SK Yadav,1,48,39,0,32,0,0,8.0,4.88,39.0,66.67,48.0
SK Rana,1,7,5,0,3,0,1,1.2,4.29,5.0,42.86,7.0
SM Ariyasinghage,1,7,16,0,1,1,1,1.2,13.71,16.0,14.29,7.0
SL Clephane,1,12,30,0,2,5,0,2.0,15.0,30.0,16.67,12.0
SN Khan,1,2,6,0,0,0,0,0.3,18.0,6.0,0.0,2.0
SM Warnapura,1,54,40,0,30,0,0,9.0,4.44,40.0,55.56,54.0
SPY Baron,1,7,11,0,0,4,1,1.2,9.43,11.0,0.0,7.0
SRMJJ Arachchilage,3,31,33,0,17,4,1,5.2,6.39,33.0,54.84,31.0
SS Upadhyay,1,54,59,0,17,0,0,9.0,6.56,59.0,31.48,54.0
SS Iyer,8,51,50,0,27,2,0,8.5,5.88,50.0,52.94,51.0
SV Bahutule,1,19,24,0,6,0,1,3.2,7.58,24.0,31.58,19.0
ST de Silva,1,6,10,0,2,0,0,1.0,10.0,10.0,33.33,6.0
Sabreen Zaki,3,30,44,0,13,5,0,5.0,8.8,44.0,43.33,30.0
S Raveendrakumar,1,14,18,0,4,1,2,2.3,7.71,18.0,28.57,14.0
Shadnan Khan,1,6,12,0,3,0,0,1.0,12.0,12.0,50.0,6.0
S Singh,1,6,8,0,2,0,0,1.0,8.0,8.0,33.33,6.0
S Sheridan,1,13,24,0,4,6,1,2.2,11.08,24.0,30.77,13.0
S Sandeepani,1,6,11,0,1,0,0,1.0,11.0,11.0,16.67,6.0
S Toffoletto,1,1,2,0,0,1,0,0.2,12.0,2.0,0.0,1.0
S Tobgay,1,24,50,0,6,0,0,4.0,12.5,50.0,25.0,24.0
S Weleilakeba,2,18,33,0,4,2,0,3.0,11.0,33.0,22.22,18.0
S Wankhade,2,24,55,0,9,7,0,4.0,13.75,55.0,37.5,24.0
S Vig,2,24,18,0,13,0,0,4.0,4.5,18.0,54.17,24.0
SA Dias,1,6,14,0,1,1,2,1.0,14.0,14.0,16.67,6.0
SC Cook,1,12,16,0,6,0,0,2.0,8.0,16.0,50.0,12.0
SA van Breda,2,18,23,0,8,0,0,3.0,7.67,23.0,44.44,18.0
SC Kerrigan,1,49,53,0,23,0,1,8.2,6.49,53.0,46.94,49.0
SF Burger,2,66,67,0,26,2,0,11.0,6.09,67.0,39.39,66.0
SK Burke,1,25,13,0,18,0,1,4.2,3.12,13.0,72.0,25.0
S Franklin,2,25,37,0,5,6,1,4.2,8.88,37.0,20.0,25.0
S Foster,5,36,61,0,11,0,0,6.0,10.17,61.0,30.56,36.0
Shahid Arshad,1,6,17,0,1,0,0,1.0,17.0,17.0,16.67,6.0
Shaheryar Butt,2,7,18,0,2,0,0,1.2,15.43,18.0,28.57,7.0
S Ivetic,2,6,5,0,4,2,0,1.0,5.0,5.0,66.67,6.0
S Hunter,3,42,40,0,19,0,0,7.0,5.71,40.0,45.24,42.0
S Khatri,2,34,58,0,11,8,4,5.7,10.24,58.0,32.35,34.0
S Kubheka,3,30,52,0,7,6,0,5.0,10.4,52.0,23.33,30.0
S Kruger,1,24,27,0,7,0,0,4.0,6.75,27.0,29.17,24.0
S Kollery,1,12,15,0,4,0,0,2.0,7.5,15.0,33.33,12.0
S Linden,1,14,23,0,4,1,2,2.3,9.86,23.0,28.57,14.0
S Midhun,1,12,29,0,4,1,0,2.0,14.5,29.0,33.33,12.0
S Ramakrishnan,2,24,46,0,6,4,0,4.0,11.5,46.0,25.0,24.0
S Pitabeddara,2,18,34,0,2,0,0,3.0,11.33,34.0,11.11,18.0
S Pattenden,4,34,48,0,10,14,4,5.7,8.47,48.0,29.41,34.0
S Rokuad,1,25,33,0,9,1,1,4.2,7.92,33.0,36.0,25.0
Roshni Ramesh,1,7,11,0,3,4,1,1.2,9.43,11.0,42.86,7.0
Shan Siddiqui,2,25,32,0,9,3,1,4.2,7.68,32.0,36.0,25.0
Shamsur Rahman,2,12,18,0,3,0,0,2.0,9.0,18.0,25.0,12.0
Shakerullah Safi,2,18,26,0,7,0,0,3.0,8.67,26.0,38.89,18.0
S Brunsgaard,2,15,26,0,7,6,3,2.5,10.4,26.0,46.67,15.0
S Bevin,1,8,15,0,0,2,6,1.3,11.25,15.0,0.0,8.0
S Baker,2,66,128,0,28,5,0,11.0,11.64,128.0,42.42,66.0
S Dadswell,1,6,8,0,1,0,0,1.0,8.0,8.0,16.67,6.0
S Clarke,1,6,15,0,2,1,0,1.0,15.0,15.0,33.33,6.0
S Chattergoon,1,42,30,0,18,0,0,7.0,4.29,30.0,42.86,42.0
S Chandnani,1,6,9,0,2,0,0,1.0,9.0,9.0,33.33,6.0
S Forbes,2,15,17,0,3,0,3,2.5,6.8,17.0,20.0,15.0
S Elayaperumal,1,6,11,0,1,0,0,1.0,11.0,11.0,16.67,6.0
S Dzimau,2,7,12,0,3,2,0,1.2,10.29,12.0,42.86,7.0
S Draunivudi,2,30,52,0,11,2,0,5.0,10.4,52.0,36.67,30.0
S Galabova,4,39,74,0,5,16,9,6.5,11.38,74.0,12.82,39.0
Ramanjot Singh,2,18,31,0,3,0,0,3.0,10.33,31.0,16.67,18.0
Ram Krishan,1,6,16,0,1,0,0,1.0,16.0,16.0,16.67,6.0
Shenjian Zheng,1,7,32,0,1,0,1,1.2,27.43,32.0,14.29,7.0
Shehzad Gul,2,44,80,0,13,1,2,7.3,10.91,80.0,29.55,44.0
Shathira Jakir,1,18,22,0,9,1,0,3.0,7.33,22.0,50.0,18.0
Ravinder Gill,1,12,19,0,6,0,0,2.0,9.5,19.0,50.0,12.0
Rashidatu Salia,2,30,46,0,10,3,0,5.0,9.2,46.0,33.33,30.0
Rashid Zia,2,59,75,0,29,0,0,9.8,7.63,75.0,49.15,59.0
Rithika Rajith,2,27,27,0,12,4,3,4.5,6.0,27.0,44.44,27.0
Rishitha Rajith,1,6,8,0,3,3,0,1.0,8.0,8.0,50.0,6.0
Rida Syeda,3,54,120,0,7,14,6,9.0,13.33,120.0,12.96,54.0
Rhyda Ofori,1,14,13,0,3,0,2,2.3,5.57,13.0,21.43,14.0
Rizwan Ahmed,1,24,26,0,7,2,0,4.0,6.5,26.0,29.17,24.0
Rizpha Bano,2,12,13,0,4,1,0,2.0,6.5,13.0,33.33,12.0
Riyaz Kajalwala,1,3,14,0,0,0,0,0.5,28.0,14.0,0.0,3.0
Rumeysa Alp,1,18,32,0,7,0,0,3.0,10.67,32.0,38.89,18.0
Shubman Gill,3,25,26,0,10,0,0,4.2,6.24,26.0,40.0,25.0
RL D'Souza,6,97,116,0,40,13,1,16.2,7.18,116.0,41.24,97.0
RK Willis,1,12,15,0,4,0,0,2.0,7.5,15.0,33.33,12.0
RK Raval,1,6,9,0,3,4,0,1.0,9.0,9.0,50.0,6.0
RM D'Souza,1,6,15,0,1,2,0,1.0,15.0,15.0,16.67,6.0
RR Saun,1,12,18,0,2,1,0,2.0,9.0,18.0,16.67,12.0
RR Bose,1,12,24,0,5,0,0,2.0,12.0,24.0,41.67,12.0
RR Bhatkal,1,12,35,0,0,0,0,2.0,17.5,35.0,0.0,12.0
RR Behera,1,6,5,0,1,0,0,1.0,5.0,5.0,16.67,6.0
RS Morton,3,37,32,0,24,2,1,6.2,5.19,32.0,64.86,37.0
RW Sims,1,18,21,0,8,0,0,3.0,7.0,21.0,44.44,18.0
RV Uthappa,1,2,0,0,2,0,0,0.3,0.0,0.0,100.0,2.0
RV Patel,1,18,22,0,5,2,0,3.0,7.33,22.0,27.78,18.0
Rafaqat Ali,1,7,25,0,0,2,1,1.2,21.43,25.0,0.0,7.0
Rashid Khan (2),1,24,19,0,14,3,0,4.0,4.75,19.0,58.33,24.0
Rameez Shahzad,2,30,34,0,13,4,0,5.0,6.8,34.0,43.33,30.0
R Pathan,1,12,24,0,2,0,0,2.0,12.0,24.0,16.67,12.0
R Olipa,1,6,8,0,4,1,0,1.0,8.0,8.0,66.67,6.0
Smriti Anand,2,19,21,0,7,0,1,3.2,6.63,21.0,36.84,19.0
Skhawat Ali,1,48,71,0,11,1,0,8.0,8.88,71.0,22.92,48.0
R Sanjay Yadav,1,12,23,0,6,2,0,2.0,11.5,23.0,50.0,12.0
R Rohan,1,6,7,0,3,1,0,1.0,7.0,7.0,50.0,6.0
RAJ Smith,2,41,72,0,15,1,0,6.8,10.54,72.0,36.59,41.0
RA Whiteley,1,18,45,0,2,3,0,3.0,15.0,45.0,11.11,18.0
RA Tripathi,1,6,12,0,0,0,0,1.0,12.0,12.0,0.0,6.0
RA Tappin,1,12,19,0,3,4,0,2.0,9.5,19.0,25.0,12.0
RA Shaikh,1,6,11,0,1,0,0,1.0,11.0,11.0,16.67,6.0
RGA Amah,1,12,19,0,4,2,0,2.0,9.5,19.0,33.33,12.0
RG Mukasa,2,42,41,0,20,0,0,7.0,5.86,41.0,47.62,42.0
RE Francis,2,30,30,0,17,2,0,5.0,6.0,30.0,56.67,30.0
RJ Quiney,2,150,30,0,132,1,0,25.0,1.2,30.0,88.0,150.0
RJ Ainsworth,1,6,14,0,3,1,0,1.0,14.0,14.0,50.0,6.0
Prasad Anish,4,29,53,0,6,2,0,4.8,10.97,53.0,20.69,29.0
Sohail Akhtar,1,1,0,0,1,0,0,0.2,0.0,0.0,100.0,1.0
Sohaibullah,1,18,26,0,5,1,0,3.0,8.67,26.0,27.78,18.0
Sobu George,1,6,19,0,1,0,0,1.0,19.0,19.0,16.67,6.0
Sneha Shankar,1,4,7,0,1,0,0,0.7,10.5,7.0,25.0,4.0
R Adotei,2,43,62,0,20,3,1,7.2,8.65,62.0,46.51,43.0
R Brar,1,24,45,0,5,2,0,4.0,11.25,45.0,20.83,24.0
R Aurora,1,12,8,0,5,0,0,2.0,4.0,8.0,41.67,12.0
R Dhami,1,7,10,0,1,1,1,1.2,8.57,10.0,14.29,7.0
R Kanojiya,1,25,31,0,6,0,1,4.2,7.44,31.0,24.0,25.0
R Kaia,2,180,165,0,94,0,0,30.0,5.5,165.0,52.22,180.0
R Jones,1,12,19,0,6,0,0,2.0,9.5,19.0,50.0,12.0
R Goyal,1,24,34,0,7,0,0,4.0,8.5,34.0,29.17,24.0
R Goodwin,1,12,21,0,5,2,0,2.0,10.5,21.0,41.67,12.0
R Mazumder,1,6,6,0,3,1,0,1.0,6.0,6.0,50.0,6.0
R Patten,2,18,34,0,4,1,0,3.0,11.33,34.0,22.22,18.0
P Ray Barman,1,24,56,0,2,0,0,4.0,14.0,56.0,8.33,24.0
Song Yangyang,2,18,29,0,6,2,0,3.0,9.67,29.0,33.33,18.0
PG Raut,1,18,17,0,5,0,0,3.0,5.67,17.0,27.78,18.0
PJK Mooney,2,54,57,0,21,0,3,9.0,6.33,57.0,38.89,54.0
PJ te Beest,1,19,23,0,5,2,1,3.2,7.26,23.0,26.32,19.0
PJ Malan,1,12,5,0,10,0,0,2.0,2.5,5.0,83.33,12.0
PR Veer,1,12,25,0,5,0,0,2.0,12.5,25.0,41.67,12.0
PWDM Badalge,3,35,47,0,12,2,0,5.8,8.06,47.0,34.29,35.0
PV Naringrekar,2,13,17,0,5,0,0,2.2,7.85,17.0,38.46,13.0
PUKK Arachchige,1,6,9,0,2,0,0,1.0,9.0,9.0,33.33,6.0
PS Masvaure,3,107,80,0,61,5,5,17.8,4.49,80.0,57.01,107.0
Pen Samon,1,11,19,0,4,1,1,1.8,10.36,19.0,36.36,11.0
Pech Pisa,2,12,17,0,6,3,0,2.0,8.5,17.0,50.0,12.0
PY Lavine,2,24,32,0,11,0,0,4.0,8.0,32.0,45.83,24.0
Purvi Kumari,2,14,27,0,3,2,2,2.3,11.57,27.0,21.43,14.0
Praveen Santhanakrishnan,1,7,5,0,5,2,1,1.2,4.29,5.0,71.43,7.0
OSB Tilley,1,6,10,0,2,0,1,1.0,10.0,10.0,33.33,6.0
OL Pitcher,1,6,7,0,1,0,0,1.0,7.0,7.0,16.67,6.0
OJR Groves,2,13,41,0,3,5,0,2.2,18.92,41.0,23.08,13.0
Sunny Gupta,1,18,47,0,0,1,0,3.0,15.67,47.0,0.0,18.0
Sumon Khan,1,12,20,0,3,0,0,2.0,10.0,20.0,25.0,12.0
Sumit Kumar,2,20,38,0,4,2,0,3.3,11.4,38.0,20.0,20.0
Sumayya Abdul,4,67,110,0,11,6,1,11.2,9.85,110.0,16.42,67.0
Osman Khan,1,6,20,0,0,0,0,1.0,20.0,20.0,0.0,6.0
P Ghosh,1,6,9,0,2,0,0,1.0,9.0,9.0,33.33,6.0
P Fernando,1,6,13,0,0,3,0,1.0,13.0,13.0,0.0,6.0
P Desungnoen,2,30,41,0,11,1,0,5.0,8.2,41.0,36.67,30.0
P Deol,1,24,31,0,8,0,0,4.0,7.75,31.0,33.33,24.0
P Prasanth,1,6,18,0,3,0,0,1.0,18.0,18.0,50.0,6.0
P Neighbour,1,28,45,0,8,7,4,4.7,9.64,45.0,28.57,28.0
P Silas,2,13,34,0,3,0,1,2.2,15.69,34.0,23.08,13.0
P Sapesa,2,30,36,0,14,0,0,5.0,7.2,36.0,46.67,30.0
Suryansh Shedge,1,19,40,0,1,0,1,3.2,12.63,40.0,5.26,19.0
Nader Zahadiafzal,1,18,15,0,9,0,0,3.0,5.0,15.0,50.0,18.0
Nabi Gul,1,5,4,0,1,0,0,0.8,4.8,4.0,20.0,5.0
NT Pascal,2,136,93,0,91,3,10,22.7,4.1,93.0,66.91,136.0
Naila Nazir,1,19,20,0,8,3,1,3.2,6.32,20.0,42.11,19.0
Nahida Khan,1,12,12,0,2,0,0,2.0,6.0,12.0,16.67,12.0
Navid Balouch,1,12,23,0,2,0,0,2.0,11.5,23.0,16.67,12.0
Naveena Shetty,2,12,12,0,1,0,0,2.0,6.0,12.0,8.33,12.0
Natalie Clarke,3,45,48,0,26,14,3,7.5,6.4,48.0,57.78,45.0
Niaz Ali,2,35,47,0,13,0,1,5.8,8.06,47.0,37.14,35.0
O Casasola,1,12,15,0,3,0,0,2.0,7.5,15.0,25.0,12.0
Nur Izzatul Syafiqa,1,6,11,0,0,2,0,1.0,11.0,11.0,0.0,6.0
Noorullah Sidiqi,1,6,20,0,1,1,0,1.0,20.0,20.0,16.67,6.0
OF Rios,1,8,9,0,5,3,2,1.3,6.75,9.0,62.5,8.0
Omid Mailk Khel,1,12,11,0,6,0,0,2.0,5.5,11.0,50.0,12.0
Omar Hussain,1,7,11,0,3,0,1,1.2,9.43,11.0,42.86,7.0
T Cross,1,12,9,0,5,1,0,2.0,4.5,9.0,41.67,12.0
T Chopel,1,12,29,0,4,1,0,2.0,14.5,29.0,33.33,12.0
T Calingin,1,7,15,0,2,3,1,1.2,12.86,15.0,28.57,7.0
T Bukenya,1,24,42,0,8,2,0,4.0,10.5,42.0,33.33,24.0
N Mugabe,1,12,14,0,4,0,0,2.0,7.0,14.0,33.33,12.0
N Joshi,1,6,4,0,4,2,0,1.0,4.0,4.0,66.67,6.0
N Thailappan,1,18,40,0,1,0,0,3.0,13.33,40.0,5.56,18.0
NAM McLean,1,36,44,0,20,1,0,6.0,7.33,44.0,55.56,36.0
NA Janes,1,6,12,0,2,0,0,1.0,12.0,12.0,33.33,6.0
NA Buley,1,72,43,0,48,0,0,12.0,3.58,43.0,66.67,72.0
N Wadhera,2,17,22,0,3,0,0,2.8,7.76,22.0,17.65,17.0
N Vichara,1,13,21,0,3,3,1,2.2,9.69,21.0,23.08,13.0
ND McKenzie,3,30,14,0,21,1,0,5.0,2.8,14.0,70.0,30.0
NK Crafton,1,6,2,0,5,1,0,1.0,2.0,2.0,83.33,6.0
NJ Rimmington,1,18,20,0,10,0,0,3.0,6.67,20.0,55.56,18.0
NJ Maddinson,2,36,28,0,22,0,0,6.0,4.67,28.0,61.11,36.0
T Kazanci,4,45,69,0,8,7,1,7.5,9.2,69.0,17.78,45.0
T Katunga,1,6,11,0,3,1,0,1.0,11.0,11.0,50.0,6.0
T Kalosin,1,12,16,0,2,2,0,2.0,8.0,16.0,16.67,12.0
T Hewa,2,18,24,0,13,7,0,3.0,8.0,24.0,72.22,18.0
Mustafa Omer,1,18,29,0,10,1,0,3.0,9.67,29.0,55.56,18.0
Mustafa Balkis,1,5,9,0,2,1,0,0.8,10.8,9.0,40.0,5.0
Musfirah Nur Ainaa,1,12,17,0,7,0,0,2.0,8.5,17.0,58.33,12.0
Musa Shaheen,1,6,10,0,1,0,0,1.0,10.0,10.0,16.67,6.0
Musa Ahmed,1,6,5,0,1,0,0,1.0,5.0,5.0,16.67,6.0
Murtaza Yamin,1,18,29,0,8,0,0,3.0,9.67,29.0,44.44,18.0
Murat Ipek,1,7,4,0,5,1,1,1.2,3.43,4.0,71.43,7.0
N Baneti,1,7,9,0,3,0,1,1.2,7.71,9.0,42.86,7.0
N Ihmeling,1,12,11,0,6,4,0,2.0,5.5,11.0,50.0,12.0
N Ifill,3,74,90,0,31,5,2,12.3,7.3,90.0,41.89,74.0
N Gnanapragasam,2,24,33,0,11,1,0,4.0,8.25,33.0,45.83,24.0
N Chaiwai,1,12,5,0,7,0,0,2.0,2.5,5.0,58.33,12.0
T Marumani,1,6,8,0,3,0,0,1.0,8.0,8.0,50.0,6.0
Mohit Rathee,1,12,29,0,3,0,0,2.0,14.5,29.0,25.0,12.0
Muhammad Ajmal,2,12,21,0,6,6,0,2.0,10.5,21.0,50.0,12.0
Muhammad Afis,1,6,18,0,2,0,0,1.0,18.0,18.0,33.33,6.0
Mubeen Tariq,1,12,32,0,3,2,0,2.0,16.0,32.0,25.0,12.0
Mrittunjoy Chowdhury,2,55,82,0,25,3,1,9.2,8.95,82.0,45.45,55.0
Mounica Chowdary,3,37,45,0,14,8,1,6.2,7.3,45.0,37.84,37.0
Moshiur Rahman,1,4,14,0,0,0,0,0.7,21.0,14.0,0.0,4.0
Monu Kumar,1,13,20,0,4,3,1,2.2,9.23,20.0,30.77,13.0
Mokbul Ahammed,2,24,25,0,10,0,0,4.0,6.25,25.0,41.67,24.0
Muhammad Akram,2,24,30,0,6,0,0,4.0,7.5,30.0,25.0,24.0
Muktar Ali,1,12,17,0,3,0,0,2.0,8.5,17.0,25.0,12.0
Muhammet Bicer,1,6,5,0,4,3,0,1.0,5.0,5.0,66.67,6.0
Muhammed Manga,1,9,20,0,4,2,1,1.5,13.33,20.0,44.44,9.0
Muhammad Zaghlool,1,12,20,0,3,0,0,2.0,10.0,20.0,25.0,12.0
Muhammad Younis,1,6,13,0,2,1,0,1.0,13.0,13.0,33.33,6.0
Maria Penna,1,13,17,0,4,5,1,2.2,7.85,17.0,30.77,13.0
T Parima,2,14,28,0,5,2,0,2.3,12.0,28.0,35.71,14.0
Masood Jayezeh,1,6,17,0,0,0,0,1.0,17.0,17.0,0.0,6.0
Mirab Sajjad,1,6,10,0,3,2,0,1.0,10.0,10.0,50.0,6.0
Mohamed Rishwan,1,12,22,0,3,2,0,2.0,11.0,22.0,25.0,12.0
Mohamed Miuvaan,2,24,32,0,10,1,0,4.0,8.0,32.0,41.67,24.0
Mohamed Arief,2,12,19,0,4,0,0,2.0,9.5,19.0,33.33,12.0
Moe Ei Phyu,2,11,24,0,1,0,4,1.8,13.09,24.0,9.09,11.0
Misbah-ul-Haq,1,24,30,0,7,0,0,4.0,7.5,30.0,29.17,24.0
Mohammad Azab,1,14,24,0,3,0,2,2.3,10.29,24.0,21.43,14.0
Mohammad Ayaz,1,12,29,0,7,1,0,2.0,14.5,29.0,58.33,12.0
Mohammad Ahnaff,1,6,15,0,2,0,0,1.0,15.0,15.0,33.33,6.0
Mohammad Mithun,1,12,12,0,6,1,0,2.0,6.0,12.0,50.0,12.0
Mohammad Irfan (5),2,32,68,0,3,1,0,5.3,12.75,68.0,9.38,32.0
Mohammad Taha,1,24,32,0,4,1,0,4.0,8.0,32.0,16.67,24.0
Mohammad Sharif,2,299,199,0,203,3,1,49.8,3.99,199.0,67.89,299.0
MT Renshaw,2,30,20,0,14,0,0,5.0,4.0,20.0,46.67,30.0
T Rajiv,1,6,16,0,0,0,0,1.0,16.0,16.0,0.0,6.0
T Piakura,1,3,9,0,1,3,0,0.5,18.0,9.0,33.33,3.0
Mahmad Data,2,11,21,0,2,0,0,1.8,11.45,21.0,18.18,11.0
Mah Noor,3,51,107,0,11,11,3,8.5,12.59,107.0,21.57,51.0
Maaha Naseer,1,18,30,0,4,0,0,3.0,10.0,30.0,22.22,18.0
Mandeep Singh,2,12,26,0,1,0,0,2.0,13.0,26.0,8.33,12.0
Manan Ali,4,30,44,0,9,1,0,5.0,8.8,44.0,30.0,30.0
Manal Malik,1,6,7,0,1,0,0,1.0,7.0,7.0,16.67,6.0
Maira Saleem,1,21,19,0,13,5,3,3.5,5.43,19.0,61.9,21.0
Mahmudul Hasan Joy,3,15,19,0,9,0,0,2.5,7.6,19.0,60.0,15.0
Mahmud Jasat,1,6,14,0,0,2,0,1.0,14.0,14.0,0.0,6.0
Martina Quinn,1,8,9,0,6,7,2,1.3,6.75,9.0,75.0,8.0
Marsya Qistina Binti,1,7,8,0,3,0,1,1.2,6.86,8.0,42.86,7.0
Marshall Ayub,2,60,53,0,26,0,0,10.0,5.3,53.0,43.33,60.0
Marica Taira,1,6,7,0,2,2,0,1.0,7.0,7.0,33.33,6.0
MJ Cosgrove,1,24,12,0,15,0,0,4.0,3.0,12.0,62.5,24.0
T Wang Ling,2,24,43,0,8,4,0,4.0,10.75,43.0,33.33,24.0
T Ulutuna,1,6,7,0,3,0,0,1.0,7.0,7.0,50.0,6.0
T Turan,1,5,4,0,2,0,0,0.8,4.8,4.0,40.0,5.0
T Taibu,3,48,62,0,16,1,0,8.0,7.75,62.0,33.33,48.0
MP Enright,1,12,18,0,4,0,0,2.0,9.0,18.0,33.33,12.0
MO Kain,2,34,55,0,11,0,0,5.7,9.71,55.0,32.35,34.0
MNK Fernando,1,12,22,0,1,0,0,2.0,11.0,22.0,8.33,12.0
MR Meshram,6,120,78,0,69,2,0,20.0,3.9,78.0,57.5,120.0
MT Herbert,1,18,15,0,13,0,0,3.0,5.0,15.0,72.22,18.0
MS Wade,4,31,28,0,16,1,1,5.2,5.42,28.0,51.61,31.0
MS Sinclair,1,18,1,0,17,0,0,3.0,0.33,1.0,94.44,18.0
MS Kashyap,1,18,30,0,9,0,0,3.0,10.0,30.0,50.0,18.0
Ma Luz Barcelona,1,6,10,0,3,5,0,1.0,10.0,10.0,50.0,6.0
MV Lehmann,2,13,16,0,7,2,1,2.2,7.38,16.0,53.85,13.0
MV Fare,1,7,12,0,2,5,1,1.2,10.29,12.0,28.57,7.0
MA Butcher,3,108,88,0,73,5,0,18.0,4.89,88.0,67.59,108.0
MA Agarwal,1,6,10,0,2,0,0,1.0,10.0,10.0,33.33,6.0
TAW Patterson,1,13,31,0,1,0,1,2.2,14.31,31.0,7.69,13.0
TA McGregor,1,72,10,0,66,0,0,12.0,0.83,10.0,91.67,72.0
TA Blundell,1,18,13,0,11,0,0,3.0,4.33,13.0,61.11,18.0
T Westley,1,24,12,0,18,0,0,4.0,3.0,12.0,75.0,24.0
MC Patel,2,80,54,0,53,2,0,13.3,4.05,54.0,66.25,80.0
MC Alex,3,52,86,0,11,5,3,8.7,9.92,86.0,21.15,52.0
MB Parmar,1,18,33,0,4,1,0,3.0,11.0,33.0,22.22,18.0
MDUS Jayasundera,1,43,45,0,15,0,1,7.2,6.28,45.0,34.88,43.0
MDT Kamini,1,30,31,0,9,1,0,5.0,6.2,31.0,30.0,30.0
MDJ Walker,1,30,27,0,12,0,0,5.0,5.4,27.0,40.0,30.0
MFI Assuncao,2,18,52,0,1,0,0,3.0,17.33,52.0,5.56,18.0
MF Manjate,1,6,11,0,3,0,0,1.0,11.0,11.0,50.0,6.0
MF Kendal,1,18,22,0,12,3,0,3.0,7.33,22.0,66.67,18.0
MJ Fourie,2,77,52,0,52,4,0,12.8,4.05,52.0,67.53,77.0
M Mpongwana,1,19,25,0,7,0,1,3.2,7.89,25.0,36.84,19.0
M Montgomery,1,18,21,0,4,0,0,3.0,7.0,21.0,22.22,18.0
M Modric,1,8,13,0,0,1,0,1.3,9.75,13.0,0.0,8.0
M Modise,2,12,17,0,2,3,0,2.0,8.5,17.0,16.67,12.0
M Methtananda,1,12,23,0,2,0,0,2.0,11.5,23.0,16.67,12.0
TG Gordon,1,3,1,0,3,1,0,0.5,2.0,1.0,100.0,3.0
TE Tucker,1,18,21,0,8,0,0,3.0,7.0,21.0,44.44,18.0
TC Bastiampillai,1,6,12,0,1,0,0,1.0,12.0,12.0,16.67,6.0
TB de Bruyn,4,103,74,0,68,0,1,17.2,4.31,74.0,66.02,103.0
M Ngoche,2,18,21,0,7,0,0,3.0,7.0,21.0,38.89,18.0
M Sedgwick,1,6,22,0,1,0,0,1.0,22.0,22.0,16.67,6.0
M Polimeri,1,6,8,0,0,0,0,1.0,8.0,8.0,0.0,6.0
M Uwase,1,6,11,0,1,0,0,1.0,11.0,11.0,16.67,6.0
M Tiwari,1,6,14,0,0,0,0,1.0,14.0,14.0,0.0,6.0
M Terblanche,1,12,0,0,12,0,0,2.0,0.0,0.0,100.0,12.0
MA Carberry,1,6,12,0,1,0,0,1.0,12.0,12.0,16.67,6.0
LM Christensen,1,6,10,0,2,2,0,1.0,10.0,10.0,33.33,6.0
LR Johnson,1,24,9,0,17,0,0,4.0,2.25,9.0,70.83,24.0
Liton Das,1,12,13,0,5,0,0,2.0,6.5,13.0,41.67,12.0
Lily Rani Biswas,2,12,14,0,4,1,0,2.0,7.0,14.0,33.33,12.0
Lee Kangmin,2,24,41,0,5,1,0,4.0,10.25,41.0,20.83,24.0
M Durdevac,2,31,28,0,14,4,1,5.2,5.42,28.0,45.16,31.0
M Jayphert,2,12,16,0,3,1,0,2.0,8.0,16.0,25.0,12.0
M Imimole,4,72,54,0,40,6,0,12.0,4.5,54.0,55.56,72.0
M Kaur,1,12,16,0,3,0,0,2.0,8.0,16.0,25.0,12.0
M Kasselman,1,6,11,0,1,0,0,1.0,11.0,11.0,16.67,6.0
M Manivannan,1,18,32,0,7,1,0,3.0,10.67,32.0,38.89,18.0
M Manhas,3,42,42,0,15,0,0,7.0,6.0,42.0,35.71,42.0
M Mangru,1,18,9,0,10,0,0,3.0,3.0,9.0,55.56,18.0
M Kyriacou,1,15,31,0,5,0,0,2.5,12.4,31.0,33.33,15.0
M Kristensen,2,18,24,0,5,0,0,3.0,8.0,24.0,27.78,18.0
M Mumford,1,9,12,0,6,8,3,1.5,8.0,12.0,66.67,9.0
TM Dowlin,1,6,3,0,3,0,0,1.0,3.0,3.0,50.0,6.0
Krish Bhagat,3,36,63,0,15,0,0,6.0,10.5,63.0,41.67,36.0
Komang Putra,2,12,21,0,5,2,0,2.0,10.5,21.0,41.67,12.0
Kinaanath Ismail,1,25,60,0,3,0,1,4.2,14.4,60.0,12.0,25.0
L Berthe,1,7,14,0,2,1,1,1.2,12.0,14.0,28.57,7.0
Kyshona A Knight,2,24,32,0,6,2,0,4.0,8.0,32.0,25.0,24.0
L Hornby-Wheeler,2,24,34,0,8,3,0,4.0,8.5,34.0,33.33,24.0
L Ntanzi,1,7,10,0,3,1,1,1.2,8.57,10.0,42.86,7.0
L Mophakedi,1,20,26,0,6,3,2,3.3,7.8,26.0,30.0,20.0
L Thobela,1,8,7,0,4,3,2,1.3,5.25,7.0,50.0,8.0
L Samani,1,6,7,0,2,2,0,1.0,7.0,7.0,33.33,6.0
L Rika,1,15,28,0,2,3,0,2.5,11.2,28.0,13.33,15.0
LA Dunbar,1,6,8,0,3,0,0,1.0,8.0,8.0,50.0,6.0
LD Chukkapalli-Llinares,2,31,27,0,15,1,1,5.2,5.23,27.0,48.39,31.0
LJ Poulton,2,36,33,0,16,1,0,6.0,5.5,33.0,44.44,36.0
LJ Hamilton,1,51,67,0,25,1,3,8.5,7.88,67.0,49.02,51.0
TP Ura,1,6,12,0,1,0,0,1.0,12.0,12.0,16.67,6.0
TO Carmichael,2,36,43,0,9,1,0,6.0,7.17,43.0,25.0,36.0
KOA Powell,1,6,0,0,6,0,0,1.0,0.0,0.0,100.0,6.0
KO Elliott,1,6,11,0,1,0,0,1.0,11.0,11.0,16.67,6.0
KNA Bandara,2,12,11,0,6,0,0,2.0,5.5,11.0,50.0,12.0
KN Chaddha,4,23,36,0,7,2,0,3.8,9.39,36.0,30.43,23.0
KS Ahuja,1,6,12,0,0,0,0,1.0,12.0,12.0,0.0,6.0
KRP Silva,1,12,19,0,5,0,0,2.0,9.5,19.0,41.67,12.0
KV Mehta,1,12,13,0,5,0,0,2.0,6.5,13.0,41.67,12.0
KU Carty,3,25,28,0,11,2,0,4.2,6.72,28.0,44.0,25.0
Karthik Jayaraj,1,18,24,0,6,3,0,3.0,8.0,24.0,33.33,18.0
Karim Janat,1,6,30,0,0,0,0,1.0,30.0,30.0,0.0,6.0
Kamran Khan (2),1,10,42,0,0,1,0,1.7,25.2,42.0,0.0,10.0
Kashif Abbas,1,6,12,0,1,0,0,1.0,12.0,12.0,16.67,6.0
Karweng NG,3,56,81,0,18,0,2,9.3,8.68,81.0,32.14,56.0
Karthik Pillai,2,30,48,0,6,3,0,5.0,9.6,48.0,20.0,30.0
K Kekez,1,13,29,0,2,0,1,2.2,13.38,29.0,15.38,13.0
TW Samuels,3,30,52,0,12,3,0,5.0,10.4,52.0,40.0,30.0
TW Dlamini,1,12,2,0,10,0,0,2.0,1.0,2.0,83.33,12.0
K Mtunduwatha,1,6,10,0,1,0,0,1.0,10.0,10.0,16.67,6.0
K Mishara,2,12,19,0,2,0,0,2.0,9.5,19.0,16.67,12.0
K Penjor,1,12,19,0,6,1,0,2.0,9.5,19.0,50.0,12.0
K Upadhyay,3,54,81,0,20,2,0,9.0,9.0,81.0,37.04,54.0
K Thomson,1,19,39,0,5,2,1,3.2,12.32,39.0,26.32,19.0
K Tesarikova,1,9,19,0,0,1,3,1.5,12.67,19.0,0.0,9.0
KB Patil,1,12,9,0,7,2,0,2.0,4.5,9.0,58.33,12.0
KA Edwards,1,26,19,0,13,1,2,4.3,4.38,19.0,50.0,26.0
KC Sangakkara,3,78,46,0,45,0,0,13.0,3.54,46.0,57.69,78.0
KH Prajapati,3,10,20,0,4,0,0,1.7,12.0,20.0,40.0,10.0
KED Carroll,1,6,8,0,4,0,0,1.0,8.0,8.0,66.67,6.0
KK Nair,2,12,11,0,4,0,0,2.0,5.5,11.0,33.33,12.0
KK Jennings,4,73,55,0,47,0,0,12.2,4.52,55.0,64.38,73.0
Jiaping Li,2,24,15,0,15,6,0,4.0,3.75,15.0,62.5,24.0
Tanzeel Sheikh,2,24,21,0,14,4,0,4.0,5.25,21.0,58.33,24.0
Tanbir Hayder,2,60,67,0,21,0,0,10.0,6.7,67.0,35.0,60.0
Tamim Iqbal,7,36,33,0,17,2,0,6.0,5.5,33.0,47.22,36.0
Talha Khan,1,1,1,0,0,0,0,0.2,6.0,1.0,0.0,1.0
Talha Jubair,2,66,73,0,38,11,6,11.0,6.64,73.0,57.58,66.0
Taful Elkhair,3,22,45,0,8,11,2,3.7,12.27,45.0,36.36,22.0
Junaid Zia,2,79,83,0,46,5,1,13.2,6.3,83.0,58.23,79.0
Jun Hyunwoo,1,24,25,0,9,0,0,4.0,6.25,25.0,37.5,24.0
Julie Hayes,1,120,45,0,101,0,0,20.0,2.25,45.0,84.17,120.0
K Kanwar,2,22,32,0,6,3,4,3.7,8.73,32.0,27.27,22.0
K Kadowaki-Fleming,1,6,8,0,3,1,0,1.0,8.0,8.0,50.0,6.0
K Goel,6,66,94,0,20,1,0,11.0,8.55,94.0,30.3,66.0
K Mataora,1,6,14,0,1,0,0,1.0,14.0,14.0,16.67,6.0
K Maseko,1,9,19,0,0,3,3,1.5,12.67,19.0,0.0,9.0
K Kisova,3,27,37,0,4,6,9,4.5,8.22,37.0,14.81,27.0
Tejas Baroka,1,21,33,0,6,0,0,3.5,9.43,33.0,28.57,21.0
Taufeeq Umar,1,12,8,0,4,0,0,2.0,4.0,8.0,33.33,12.0
JNK Shannon,1,6,11,0,1,0,0,1.0,11.0,11.0,16.67,6.0
JN Snape,1,6,12,0,0,0,0,1.0,12.0,12.0,0.0,6.0
JM Polarouthu,2,26,46,0,5,3,2,4.3,10.62,46.0,19.23,26.0
JRD Ngana,1,13,9,0,10,3,1,2.2,4.15,9.0,76.92,13.0
JR Lucky,1,2,9,0,0,0,1,0.3,27.0,9.0,0.0,2.0
JPR Lamsam,1,12,27,0,2,0,0,2.0,13.5,27.0,16.67,12.0
JT Manase,2,18,24,0,8,1,0,3.0,8.0,24.0,44.44,18.0
JWN Moses,2,48,47,0,22,1,0,8.0,5.88,47.0,45.83,48.0
Javed Hina,1,6,5,0,3,0,0,1.0,5.0,5.0,50.0,6.0
Jamaluddin Ahmed,1,24,28,0,15,0,0,4.0,7.0,28.0,62.5,24.0
Jalaj S Saxena,1,18,27,0,5,0,0,3.0,9.0,27.0,27.78,18.0
John Bartlett,1,6,7,0,4,0,0,1.0,7.0,7.0,66.67,6.0
Joanne Hicks,1,20,12,0,15,5,0,3.3,3.6,12.0,75.0,20.0
Joanna Child,1,11,11,0,2,2,7,1.8,6.0,11.0,18.18,11.0
Towhid Hridoy,2,3,7,0,0,0,0,0.5,14.0,7.0,0.0,3.0
Thae Thae Po,2,18,20,0,10,2,0,3.0,6.67,20.0,55.56,18.0
JD Campbell,4,73,52,0,47,1,0,12.2,4.27,52.0,64.38,73.0
JG Kaur,1,19,18,0,11,3,1,3.2,5.68,18.0,57.89,19.0
JF Smith,1,30,29,0,9,1,0,5.0,5.8,29.0,30.0,30.0
JF Jimenez,2,29,26,0,14,6,11,4.8,5.38,26.0,48.28,29.0
JF Chester,1,7,18,0,2,0,1,1.2,15.43,18.0,28.57,7.0
JF Bangura,1,7,12,0,3,0,1,1.2,10.29,12.0,42.86,7.0
JK Masara,1,6,5,0,1,0,0,1.0,5.0,5.0,16.67,6.0
JJ Wright,2,22,29,0,9,1,0,3.7,7.91,29.0,40.91,22.0
JJ Griffin,1,6,13,0,2,0,0,1.0,13.0,13.0,33.33,6.0
JKC Ahir,3,19,34,0,2,1,0,3.2,10.74,34.0,10.53,19.0
JM Joao,3,24,41,0,8,4,0,4.0,10.25,41.0,33.33,24.0
JM How,2,12,4,0,10,0,0,2.0,2.0,4.0,83.33,12.0
JM Dibble,1,12,21,0,5,1,0,2.0,10.5,21.0,41.67,12.0
JL du Plooy,1,6,2,0,4,0,0,1.0,2.0,2.0,66.67,6.0
J Newland,1,12,14,0,4,2,0,2.0,7.0,14.0,33.33,12.0
J Masquater,2,11,12,0,3,0,1,1.8,6.55,12.0,27.27,11.0
J Marples,1,6,14,0,1,0,0,1.0,14.0,14.0,16.67,6.0
UT Khawaja,3,18,8,0,10,0,0,3.0,2.67,8.0,55.56,18.0
U Thimashini,1,4,7,0,0,0,0,0.7,10.5,7.0,0.0,4.0
U Sofi,2,19,43,0,2,0,1,3.2,13.58,43.0,10.53,19.0
U Dorji,1,12,23,0,6,4,0,2.0,11.5,23.0,50.0,12.0
J Souckova,1,11,19,0,3,8,5,1.8,10.36,19.0,27.27,11.0
J Reb,1,13,41,0,3,1,1,2.2,18.92,41.0,23.08,13.0
J Post,1,6,12,0,0,1,0,1.0,12.0,12.0,0.0,6.0
J Perry,1,12,30,0,2,3,0,2.0,15.0,30.0,16.67,12.0
J Vijay,1,12,31,0,1,2,0,2.0,15.5,31.0,8.33,12.0
J Tugsjargal,2,15,18,0,5,0,3,2.5,7.2,18.0,33.33,15.0
J Thinley,2,18,25,0,8,0,0,3.0,8.33,25.0,44.44,18.0
JB Richards,1,4,8,0,0,0,0,0.7,12.0,8.0,0.0,4.0
JA Whelan,1,12,7,0,10,3,0,2.0,3.5,7.0,83.33,12.0
Usman Ali,1,18,36,0,4,0,0,3.0,12.0,36.0,22.22,18.0
Umair Ali,2,73,82,0,35,1,1,12.2,6.74,82.0,47.95,73.0
J Anderson,2,30,20,0,16,0,0,5.0,4.0,20.0,53.33,30.0
Izharulhaq Naveed,1,24,55,0,8,2,0,4.0,13.75,55.0,33.33,24.0
Israr Khan,2,24,37,0,7,1,0,4.0,9.25,37.0,29.17,24.0
Ismail Ali,1,6,9,0,2,0,0,1.0,9.0,9.0,33.33,6.0
Ishan Kishan,1,1,4,0,0,0,0,0.2,24.0,4.0,0.0,1.0
Irfan Sarfraz,2,18,24,0,8,0,0,3.0,8.0,24.0,44.44,18.0
J Charles,1,6,12,0,2,1,1,1.0,12.0,12.0,33.33,6.0
J Baleicikoibia,1,6,19,0,1,0,0,1.0,19.0,19.0,16.67,6.0
J Gallimore,1,6,21,0,0,0,0,1.0,21.0,21.0,0.0,6.0
J Essex,2,29,39,0,10,1,1,4.8,8.07,39.0,34.48,29.0
J Edwards,1,12,25,0,0,0,0,2.0,12.5,25.0,0.0,12.0
J Grzinic,1,1,4,0,0,0,0,0.2,24.0,4.0,0.0,1.0
J Giyanani,2,42,66,0,13,3,0,7.0,9.43,66.0,30.95,42.0
J Ogolla,1,12,10,0,7,3,0,2.0,5.0,10.0,58.33,12.0
V Avdylaj,5,119,152,0,45,17,5,19.8,7.66,152.0,37.82,119.0
Utkarsh Srivastava,1,24,17,0,12,0,0,4.0,4.25,17.0,50.0,24.0
I Maraj,1,27,23,0,15,0,0,4.5,5.11,23.0,55.56,27.0
I Malhotra,1,6,23,0,0,0,0,1.0,23.0,23.0,0.0,6.0
I Koroma,1,12,11,0,3,2,0,2.0,5.5,11.0,25.0,12.0
I Katzarski,2,12,25,0,2,2,0,2.0,12.5,25.0,16.67,12.0
I Kaia,4,40,31,0,19,0,0,6.7,4.65,31.0,47.5,40.0
I Siriwardanalage,1,11,16,0,3,4,5,1.8,8.73,16.0,27.27,11.0
IGTR Kumara,1,12,17,0,5,0,0,2.0,8.5,17.0,41.67,12.0
Ian Roberts,1,12,8,0,5,0,0,2.0,4.0,8.0,41.67,12.0
IS Mananelage,1,6,8,0,1,2,0,1.0,8.0,8.0,16.67,6.0
Iftekar Jaman,1,6,15,0,1,1,0,1.0,15.0,15.0,16.67,6.0
Imam-ul-Haq,1,12,9,0,5,0,0,2.0,4.5,9.0,41.67,12.0
Imal Zuwak,1,6,9,0,4,0,0,1.0,9.0,9.0,66.67,6.0
Imrul Kayes,4,24,12,0,16,0,0,4.0,3.0,12.0,66.67,24.0
Imran Khan (4),1,12,13,0,3,1,0,2.0,6.5,13.0,25.0,12.0
HW Rambaldo,2,26,28,0,8,0,0,4.3,6.46,28.0,30.77,26.0
HS Bedi,1,12,19,0,3,0,0,2.0,9.5,19.0,25.0,12.0
V Kai,3,55,56,0,23,4,1,9.2,6.11,56.0,41.82,55.0
V Hettiarachchi,1,6,12,0,1,0,0,1.0,12.0,12.0,16.67,6.0
V Hampihallikar,5,54,99,0,11,2,0,9.0,11.0,99.0,20.37,54.0
V Frank,3,43,54,0,15,1,1,7.2,7.53,54.0,34.88,43.0
Hannan Sarkar,1,3,13,0,0,0,0,0.5,26.0,13.0,0.0,3.0
Hamza Khan,1,6,15,0,1,0,0,1.0,15.0,15.0,16.67,6.0
Haliam Kwon,2,32,46,0,10,8,2,5.3,8.62,46.0,31.25,32.0
Habibul Bashar,2,54,24,0,34,0,0,9.0,2.67,24.0,62.96,54.0
Hein Zin Aung,1,6,13,0,0,0,0,1.0,13.0,13.0,0.0,6.0
Hawwa Shaaiqa,1,9,15,0,3,3,3,1.5,10.0,15.0,33.33,9.0
Hawwa Ifasha,1,8,16,0,0,0,2,1.3,12.0,16.0,0.0,8.0
Hashir Hussain,1,6,10,0,0,0,0,1.0,10.0,10.0,0.0,6.0
Hung Ying Ho,2,24,12,0,18,3,0,4.0,3.0,12.0,75.0,24.0
Hor Siv na,4,55,37,0,35,7,1,9.2,4.04,37.0,63.64,55.0
V Redkar,1,6,6,0,2,0,0,1.0,6.0,6.0,33.33,6.0
V Poglitsch,1,8,16,0,1,3,2,1.3,12.0,16.0,12.5,8.0
H Sin Yee,1,12,18,0,5,5,0,2.0,9.0,18.0,41.67,12.0
H Shreya,1,12,16,0,6,5,0,2.0,8.0,16.0,50.0,12.0
H Sharma,2,30,62,0,4,0,0,5.0,12.4,62.0,13.33,30.0
H Shah,3,60,55,0,36,0,0,10.0,5.5,55.0,60.0,60.0
HE Whelan,1,42,25,0,28,0,0,7.0,3.57,25.0,66.67,42.0
HD Rutherford,1,6,2,0,4,0,0,1.0,2.0,2.0,66.67,6.0
HAG Madhushanka,2,18,36,0,5,0,0,3.0,12.0,36.0,27.78,18.0
HH Gibbs,1,6,4,0,5,0,0,1.0,4.0,4.0,83.33,6.0
HH Dippenaar,1,12,1,0,11,0,0,2.0,0.5,1.0,91.67,12.0
HM Watson,1,42,25,0,31,1,0,7.0,3.57,25.0,73.81,42.0
HM Omary,1,12,7,0,6,0,0,2.0,3.5,7.0,50.0,12.0
HM Amla,5,54,37,0,32,0,0,9.0,4.11,37.0,59.26,54.0
Habiba Islam,1,12,20,0,3,1,0,2.0,10.0,20.0,25.0,12.0
HWR Cartwright,2,54,31,0,42,0,0,9.0,3.44,31.0,77.78,54.0
GL Adams,2,30,29,0,12,1,0,5.0,5.8,29.0,40.0,30.0
GK Ghalley,1,6,13,0,0,3,0,1.0,13.0,13.0,0.0,6.0
V Tafea,4,43,60,0,22,10,1,7.2,8.37,60.0,51.16,43.0
V Romani,1,12,9,0,5,1,6,2.0,4.5,9.0,41.67,12.0
GS Ballance,2,12,5,0,10,0,0,2.0,2.5,5.0,83.33,12.0
GR Russ,2,19,52,0,3,1,1,3.2,16.42,52.0,15.79,19.0
Gurnoor Brar,1,20,42,0,7,1,2,3.3,12.6,42.0,35.0,20.0
Gulbadin Naib,1,6,12,0,1,0,0,1.0,12.0,12.0,16.67,6.0
Ghayour Ahmad,2,24,35,0,7,1,0,4.0,8.75,35.0,29.17,24.0
H Doriga,10,66,100,0,28,10,0,11.0,9.09,100.0,42.42,66.0
H Dassanayake,2,18,17,0,13,5,0,3.0,5.67,17.0,72.22,18.0
H Ivanov,1,12,11,0,7,1,0,2.0,5.5,11.0,58.33,12.0
H Goto,1,6,11,0,2,3,0,1.0,11.0,11.0,33.33,6.0
H Madavi,3,24,33,0,10,1,0,4.0,8.25,33.0,41.67,24.0
H Little,3,37,35,0,19,6,0,6.2,5.68,35.0,51.35,37.0
H Klaasen,3,36,47,0,10,0,0,6.0,7.83,47.0,27.78,36.0
G Bajwa,1,37,40,0,18,1,0,6.2,6.49,40.0,48.65,37.0
Florencia Martinez,3,61,102,0,13,1,25,10.2,10.03,102.0,21.31,61.0
VL Mukesh,4,48,64,0,21,0,0,8.0,8.0,64.0,43.75,48.0
VC Ahir,2,36,53,0,11,0,0,6.0,8.83,53.0,30.56,36.0
G Gambhir,2,19,17,0,11,1,1,3.2,5.37,17.0,57.89,19.0
G Obukor,3,43,28,0,28,0,0,7.2,3.91,28.0,65.12,43.0
G Voll,1,6,10,0,3,0,0,1.0,10.0,10.0,50.0,6.0
G Urjindulam,1,8,13,0,2,3,2,1.3,9.75,13.0,25.0,8.0
GA Guy,1,18,20,0,11,1,0,3.0,6.67,20.0,61.11,18.0
GH Bodi,1,6,8,0,1,0,0,1.0,8.0,8.0,16.67,6.0
GF Cardos,1,6,12,0,0,0,0,1.0,12.0,12.0,0.0,6.0
GEF Barnett,1,6,11,0,1,1,0,1.0,11.0,11.0,16.67,6.0
GJ Snyman,1,6,12,0,0,0,0,1.0,12.0,12.0,0.0,6.0
GJ McCarter,2,66,68,0,29,0,0,11.0,6.18,68.0,43.94,66.0
GI Gokoel,3,24,41,0,6,1,0,4.0,10.25,41.0,25.0,24.0
GM Strydom,2,30,24,0,13,0,0,5.0,4.8,24.0,43.33,30.0
Esam Rahman,5,51,94,0,17,5,3,8.5,11.06,94.0,33.33,51.0
Emran Shahbakhsh,1,5,14,0,1,1,0,0.8,16.8,14.0,20.0,5.0
Vimal Kumar,2,36,68,0,10,0,0,6.0,11.33,68.0,27.78,36.0
VS Yeligati,2,30,61,0,8,2,0,5.0,12.2,61.0,26.67,30.0
VS Padhaal,1,6,12,0,1,0,0,1.0,12.0,12.0,16.67,6.0
F Irakoze,1,6,9,0,2,0,0,1.0,9.0,9.0,33.33,6.0
F Suluoto,1,6,16,0,1,0,0,1.0,16.0,16.0,16.67,6.0
Fahad Tariq,2,18,26,0,6,0,0,3.0,8.67,26.0,33.33,18.0
FLV Pula,1,6,8,0,2,2,0,1.0,8.0,8.0,33.33,6.0
FJ Mpegna,1,13,37,0,2,0,1,2.2,17.08,37.0,15.38,13.0
Fathimath Malha,1,12,26,0,2,1,0,2.0,13.0,26.0,16.67,12.0
Fathimath Anaal,1,6,4,0,4,1,0,1.0,4.0,4.0,66.67,6.0
Faizal Salehji,1,12,15,0,5,2,0,2.0,7.5,15.0,41.67,12.0
Fazle Mahmud,1,18,16,0,9,2,0,3.0,5.33,16.0,50.0,18.0
Fayaz Mohammad,1,8,18,0,1,1,0,1.3,13.5,18.0,12.5,8.0
G Chapple,1,24,14,0,16,0,0,4.0,3.5,14.0,66.67,24.0
Vivrant Sharma,2,19,37,0,5,2,1,3.2,11.68,37.0,26.32,19.0
Vivek Dixit,1,6,8,0,2,0,0,1.0,8.0,8.0,33.33,6.0
E Millington,1,18,32,0,5,1,0,3.0,10.67,32.0,27.78,18.0
E Kuyumcu,3,19,36,0,7,3,1,3.2,11.37,36.0,36.84,19.0
E Kuchey,5,66,98,0,24,1,0,11.0,8.91,98.0,36.36,66.0
E Ul Haq,1,1,4,0,0,0,0,0.2,24.0,4.0,0.0,1.0
EJ Richardson,1,18,15,0,12,0,0,3.0,5.0,15.0,66.67,18.0
EF Beard,2,18,19,0,7,0,0,3.0,6.33,19.0,38.89,18.0
Eashal Ibrahim,2,34,65,0,10,8,4,5.7,11.47,65.0,29.41,34.0
ES Grammenou,1,6,11,0,1,0,0,1.0,11.0,11.0,16.67,6.0
Emily Sirs,3,24,14,0,15,3,0,4.0,3.5,14.0,62.5,24.0
Emilia Toro,1,19,29,0,1,0,13,3.2,9.16,29.0,5.26,19.0
Ellen Asante,1,12,18,0,5,3,0,2.0,9.0,18.0,41.67,12.0
Elizabeth Annor,1,13,28,0,2,0,1,2.2,12.92,28.0,15.38,13.0
F Chenda,1,6,13,0,2,5,0,1.0,13.0,13.0,33.33,6.0
Eva Somsel Yangzom,2,12,20,0,3,0,0,2.0,10.0,20.0,25.0,12.0
DM Washington,1,176,93,0,124,0,2,29.3,3.17,93.0,70.45,176.0
DM Kavinisseri,1,18,21,0,10,5,0,3.0,7.0,21.0,55.56,18.0
WA Agar,2,68,44,0,45,2,2,11.3,3.88,44.0,66.18,68.0
W Uisuk,2,24,46,0,9,1,0,4.0,11.5,46.0,37.5,24.0
W Perchard,3,36,46,0,8,1,0,6.0,7.67,46.0,22.22,36.0
W Miyauchi,1,6,3,0,3,0,0,1.0,3.0,3.0,50.0,6.0
DR Flynn,4,30,26,0,16,0,0,5.0,5.2,26.0,53.33,30.0
DP Sibley,1,9,7,0,5,0,3,1.5,4.67,7.0,55.56,9.0
DS Wesonga,1,12,19,0,5,0,0,2.0,9.5,19.0,41.67,12.0
DS Smith,3,23,20,0,9,1,0,3.8,5.22,20.0,39.13,23.0
Deep Harian,1,12,18,0,5,1,0,2.0,9.0,18.0,41.67,12.0
E Bourgaize,1,7,16,0,1,0,1,1.2,13.71,16.0,14.29,7.0
Divya Kandpal,2,12,16,0,1,0,0,2.0,8.0,16.0,8.33,12.0
E Kahamker,2,24,46,0,8,4,0,4.0,11.5,46.0,33.33,24.0
E Frosler,1,12,18,0,6,0,0,2.0,9.0,18.0,50.0,12.0
E Chance,5,53,76,0,19,4,5,8.8,8.6,76.0,35.85,53.0
WCA Ganegama,2,42,61,0,24,2,0,7.0,8.71,61.0,57.14,42.0
D Siva Kumar,1,12,11,0,4,0,0,2.0,5.5,11.0,33.33,12.0
D la Cock,2,18,20,0,6,0,0,3.0,6.67,20.0,33.33,18.0
D Wheatley,1,12,34,0,3,3,0,2.0,17.0,34.0,25.0,12.0
D Vora,1,12,23,0,4,1,0,2.0,11.5,23.0,33.33,12.0
DA Galia,1,18,8,0,17,6,0,3.0,2.67,8.0,94.44,18.0
DD Ebrahim,1,2,5,0,0,0,0,0.3,15.0,5.0,0.0,2.0
DJ Mokoatsela,1,12,23,0,4,8,0,2.0,11.5,23.0,33.33,12.0
DJ Harris,2,18,26,0,4,0,0,3.0,8.67,26.0,22.22,18.0
DI Dusabemungu,1,6,7,0,2,0,0,1.0,7.0,7.0,33.33,6.0
DJ Terbrugge,1,132,97,0,93,0,0,22.0,4.41,97.0,70.45,132.0
DM Bravo,1,6,3,0,5,0,0,1.0,3.0,3.0,83.33,6.0
DL Hemp,2,61,73,0,26,2,1,10.2,7.18,73.0,42.62,61.0
DL Blake,1,6,8,0,2,0,0,1.0,8.0,8.0,33.33,6.0
DKJ Claude,2,9,28,0,1,0,2,1.5,18.67,28.0,11.11,9.0
DP Hernandez,1,10,13,0,3,3,4,1.7,7.8,13.0,30.0,10.0
CP Jack,1,24,21,0,10,0,0,4.0,5.25,21.0,41.67,24.0
CNIM Joyce,1,18,31,0,5,1,0,3.0,10.33,31.0,27.78,18.0
CM Willoughby,1,120,48,0,102,2,0,20.0,2.4,48.0,85.0,120.0
CM Scott,1,6,6,0,3,2,0,1.0,6.0,6.0,50.0,6.0
CM Mbebe,1,24,27,0,13,1,0,4.0,6.75,27.0,54.17,24.0
Constanza Vergara,1,11,30,0,0,1,5,1.8,16.36,30.0,0.0,11.0
Constanza Oyarce,2,58,152,0,4,7,10,9.7,15.72,152.0,6.9,58.0
Christina Baret,2,13,21,0,2,4,1,2.2,9.69,21.0,15.38,13.0
Chen Xinyu,2,18,21,0,10,5,0,3.0,7.0,21.0,55.56,18.0
D Dhingra,5,54,79,0,23,11,0,9.0,8.78,79.0,42.59,54.0
D Ganga,1,24,26,0,12,0,0,4.0,6.5,26.0,50.0,24.0
D Lakshan,1,12,12,0,4,0,0,2.0,6.0,12.0,33.33,12.0
D Khanal,2,18,20,0,10,0,0,3.0,6.67,20.0,55.56,18.0
D Pearce,1,7,8,0,2,2,1,1.2,6.86,8.0,28.57,7.0
D Njoroge,4,39,59,0,12,3,0,6.5,9.08,59.0,30.77,39.0
D Myers,8,93,153,0,31,5,0,15.5,9.87,153.0,33.33,93.0
C Milner,1,28,41,0,8,2,4,4.7,8.79,41.0,28.57,28.0
C Miles,1,13,20,0,6,2,1,2.2,9.23,20.0,46.15,13.0
C Isaac,1,24,22,0,13,4,0,4.0,5.5,22.0,54.17,24.0
C Hemraj,1,7,9,0,3,0,0,1.2,7.71,9.0,42.86,7.0
Waqar Ul Hassan,1,6,10,0,1,0,0,1.0,10.0,10.0,16.67,6.0
C Olphert,2,31,65,0,8,6,1,5.2,12.58,65.0,25.81,31.0
C Sudarsanan,1,13,25,0,4,3,1,2.2,11.54,25.0,30.77,13.0
C Shivakumar,3,42,74,0,13,6,0,7.0,10.57,74.0,30.95,42.0
CA Ingram,2,12,25,0,3,0,0,2.0,12.5,25.0,25.0,12.0
C Zhuwao,2,19,21,0,12,0,0,3.2,6.63,21.0,63.16,19.0
C Wyngaard,1,6,8,0,4,0,0,1.0,8.0,8.0,66.67,6.0
C Umutonni,2,12,11,0,5,0,0,2.0,5.5,11.0,41.67,12.0
CB Lambert,1,60,66,0,27,2,0,10.0,6.6,66.0,45.0,60.0
CA Pujara,2,12,3,0,9,0,0,2.0,1.5,3.0,75.0,12.0
CA Liyanage,1,6,14,0,0,0,0,1.0,14.0,14.0,0.0,6.0
CJ Delany,3,30,61,0,12,5,0,5.0,12.2,61.0,40.0,30.0
BOP Fernando,3,30,35,0,7,0,0,5.0,7.0,35.0,23.33,30.0
Wenjing Yin,1,18,33,0,2,1,0,3.0,11.0,33.0,11.11,18.0
Wei Haiting,2,13,29,0,3,5,1,2.2,13.38,29.0,23.08,13.0
Waqas Khan,1,6,12,0,1,1,0,1.0,12.0,12.0,16.67,6.0
Bazid Khan,1,12,11,0,3,1,0,2.0,5.5,11.0,25.0,12.0
Bashir Ahmad,1,12,36,0,2,0,0,2.0,18.0,36.0,16.67,12.0
Badal Singh,2,60,70,0,29,2,0,10.0,7.0,70.0,48.33,60.0
Babar Hayat,1,6,9,0,3,0,0,1.0,9.0,9.0,50.0,6.0
Bilal Shah,1,12,18,0,2,0,0,2.0,9.0,18.0,16.67,12.0
Bibina Baby,1,19,34,0,9,10,1,3.2,10.74,34.0,47.37,19.0
Bhumeshswar Jagroo,2,16,17,0,5,0,4,2.7,6.38,17.0,31.25,16.0
C Brits,1,6,5,0,5,3,0,1.0,5.0,5.0,83.33,6.0
C Anayo,1,12,8,0,6,1,0,2.0,4.0,8.0,50.0,12.0
C Gunasekara,1,6,8,0,4,1,0,1.0,8.0,8.0,66.67,6.0
C Ganapathy,1,6,13,0,1,0,0,1.0,13.0,13.0,16.67,6.0
C Moyo,3,50,53,0,20,2,0,8.3,6.36,53.0,40.0,50.0
B Sai Sudharsan,1,3,8,0,1,1,0,0.5,16.0,8.0,33.33,3.0
Y Korniienko,1,9,8,0,3,1,3,1.5,5.33,8.0,33.33,9.0
Y Konate,1,18,16,0,4,0,0,3.0,5.33,16.0,22.22,18.0
Y Gnaneswara Rao,1,6,7,0,3,0,0,1.0,7.0,7.0,50.0,6.0
Y Divekar,2,12,32,0,2,0,0,2.0,16.0,32.0,16.67,12.0
XM Marshall,2,15,5,0,15,1,0,2.5,2.0,5.0,100.0,15.0
BAA Zammitt,1,6,10,0,1,0,1,1.0,10.0,10.0,16.67,6.0
B Williams,1,6,13,0,2,0,0,1.0,13.0,13.0,33.33,6.0
BE McGain,1,108,150,0,55,0,0,18.0,8.33,150.0,50.93,108.0
BE Johnson,1,12,36,0,4,0,0,2.0,18.0,36.0,33.33,12.0
BB Chari,2,18,12,0,12,0,0,3.0,4.0,12.0,66.67,18.0
BJ Rohrer,1,6,12,0,1,1,0,1.0,12.0,12.0,16.67,6.0
BJ Patel,1,18,21,0,7,0,0,3.0,7.0,21.0,38.89,18.0
BJ Diamanti,2,24,45,0,3,0,0,4.0,11.25,45.0,12.5,24.0
BYA Mendis,1,18,11,0,10,3,0,3.0,3.67,11.0,55.56,18.0
BP Kruger,1,21,23,0,10,0,0,3.5,6.57,23.0,47.62,21.0
YJC Altamirano,1,6,16,0,3,2,0,1.0,16.0,16.0,50.0,6.0
YBK Jaiswal,5,25,35,0,7,0,0,4.2,8.4,35.0,28.0,25.0
Y Sangare,1,4,8,0,0,1,0,0.7,12.0,8.0,0.0,4.0
Y Punja,1,36,50,0,14,3,0,6.0,8.33,50.0,38.89,36.0
Azmat Ali,1,6,10,0,3,2,0,1.0,10.0,10.0,50.0,6.0
Ayesha Hasan,1,15,20,0,4,2,3,2.5,8.0,20.0,26.67,15.0
Awais Zia,1,1,4,0,0,0,0,0.2,24.0,4.0,0.0,1.0
B Freeman,1,12,16,0,2,1,0,2.0,8.0,16.0,16.67,12.0
B Chipli,1,6,20,0,1,0,0,1.0,20.0,20.0,16.67,6.0
B Kalki Kumar,2,30,42,0,13,3,0,5.0,8.4,42.0,43.33,30.0
B Isaac,4,60,94,0,21,7,0,10.0,9.4,94.0,35.0,60.0
B Passoni,1,6,8,0,4,1,0,1.0,8.0,8.0,66.67,6.0
B Vakarewa,1,24,22,0,15,3,0,4.0,5.5,22.0,62.5,24.0
B Terbish,2,12,36,0,2,1,0,2.0,18.0,36.0,16.67,12.0
B Sharki,1,6,8,0,1,0,0,1.0,8.0,8.0,16.67,6.0
B Shanti,2,12,20,0,3,3,0,2.0,10.0,20.0,25.0,12.0
Anwar Hossain Monir,1,91,102,0,51,1,1,15.2,6.73,102.0,56.04,91.0
Yadwinder Singh,1,12,2,0,10,0,0,2.0,1.0,2.0,83.33,12.0
YT Lewis,1,6,6,0,5,5,0,1.0,6.0,6.0,83.33,6.0
YSD Seneveratne,3,19,29,0,6,3,1,3.2,9.16,29.0,31.58,19.0
Arshad Khan (2),1,12,25,0,5,1,0,2.0,12.5,25.0,41.67,12.0
Arsalan Qadir,1,6,12,0,1,0,0,1.0,12.0,12.0,16.67,6.0
Ashraful Shuvo,3,36,46,0,11,4,0,6.0,7.67,46.0,30.56,36.0
Ashar Abbas,1,12,24,0,4,2,0,2.0,12.0,24.0,33.33,12.0
Assad Borham,1,6,12,0,0,0,0,1.0,12.0,12.0,0.0,6.0
Asim Ashraf,3,60,116,0,22,3,0,10.0,11.6,116.0,36.67,60.0
Asif Khan,1,6,3,0,3,0,0,1.0,3.0,3.0,50.0,6.0
Asif Iqbal (1),1,24,33,0,9,0,0,4.0,8.25,33.0,37.5,24.0
Auqib Nabi,3,43,96,0,10,3,1,7.2,13.4,96.0,23.26,43.0
Atharva Taide,1,1,4,0,0,0,0,0.2,24.0,4.0,0.0,1.0
Athar Mahmood,3,48,50,0,20,0,0,8.0,6.25,50.0,41.67,48.0
Aswad Khan,1,6,14,0,2,2,0,1.0,14.0,14.0,33.33,6.0
Yousif Wali,1,6,18,0,2,2,0,1.0,18.0,18.0,33.33,6.0
Yin Chenhao,1,6,5,0,3,2,0,1.0,5.0,5.0,50.0,6.0
Yasser Nazir,1,6,16,0,0,1,0,1.0,16.0,16.0,0.0,6.0
Yasmeen Khan,6,78,86,0,33,9,0,13.0,6.62,86.0,42.31,78.0
Yasir Hameed,4,79,73,0,34,0,1,13.2,5.54,73.0,43.04,79.0
Yasir Ali Chowdhury,1,42,35,0,20,0,0,7.0,5.0,35.0,47.62,42.0
Aneeta Santhosh,1,12,15,0,3,0,0,2.0,7.5,15.0,25.0,12.0
Ammad Uddin,1,6,10,0,2,0,0,1.0,10.0,10.0,33.33,6.0
Amma Kashif,3,30,34,0,18,7,0,5.0,6.8,34.0,60.0,30.0
Anu Kadayat,1,6,9,0,2,1,0,1.0,9.0,9.0,33.33,6.0
Ansar Iqbal,2,12,17,0,5,1,0,2.0,8.5,17.0,41.67,12.0
Anowarul Islam,2,18,25,0,7,3,0,3.0,8.33,25.0,38.89,18.0
Anmoldeep Singh,4,36,70,0,8,5,4,6.0,11.67,70.0,22.22,36.0
Arif Nasir Uddin,2,24,41,0,8,2,0,4.0,10.25,41.0,33.33,24.0
Areeba Mughal,1,12,9,0,6,0,0,2.0,4.5,9.0,50.0,12.0
Apsari Begam,1,6,1,0,6,1,0,1.0,1.0,1.0,100.0,6.0
Aamer Azmat,1,6,3,0,4,1,0,1.0,3.0,3.0,66.67,6.0
Yousuf Youhana,1,1,1,0,0,0,0,0.2,6.0,1.0,0.0,1.0
Yousuf Ali,1,6,15,0,2,0,0,1.0,15.0,15.0,33.33,6.0
Adnan Rasool,2,36,67,0,13,5,0,6.0,11.17,67.0,36.11,36.0
Ahmad Ullah,1,12,31,0,2,0,0,2.0,15.5,31.0,16.67,12.0
Adnan Syed,2,25,39,0,8,3,0,4.2,9.36,39.0,32.0,25.0
Adnan Shnwarei,2,18,24,0,8,2,0,3.0,8.0,24.0,44.44,18.0
Ahmed Raid,1,12,14,0,1,0,0,2.0,7.0,14.0,8.33,12.0
Akbar-ur-Rehman,3,24,29,0,9,0,0,4.0,7.25,29.0,37.5,24.0
Akash Babu,1,6,11,0,2,0,0,1.0,11.0,11.0,33.33,6.0
Alfredo Puentes,1,2,6,0,0,0,0,0.3,18.0,6.0,0.0,2.0
Ali Naqi,3,37,46,0,12,4,1,6.2,7.46,46.0,32.43,37.0
Ali Muaaz,1,1,1,0,0,0,0,0.2,6.0,1.0,0.0,1.0
Aman Hakim Khan,1,6,13,0,1,0,0,1.0,13.0,13.0,16.67,6.0
Aman Ali,1,12,22,0,4,2,0,2.0,11.0,22.0,33.33,12.0
Amalin Sorfina,8,66,76,0,23,4,0,11.0,6.91,76.0,34.85,66.0
AM Oyede,2,30,31,0,10,0,0,5.0,6.2,31.0,33.33,30.0
AM McCarthy,2,24,22,0,9,0,0,4.0,5.5,22.0,37.5,24.0
AM Kupito,2,14,21,0,7,0,2,2.3,9.0,21.0,50.0,14.0
ZB Ender,1,20,16,0,12,5,2,3.3,4.8,16.0,60.0,20.0
Z Motara,1,6,13,0,2,0,0,1.0,13.0,13.0,33.33,6.0
AR Balla,1,6,16,0,1,2,0,1.0,16.0,16.0,16.67,6.0
AQM Yako,1,18,11,0,10,2,0,3.0,3.67,11.0,55.56,18.0
AR Naidoo,2,18,52,0,1,0,0,3.0,17.33,52.0,5.56,18.0
AR Menon,1,6,12,0,1,0,0,1.0,12.0,12.0,16.67,6.0
AS Raut,5,30,45,0,7,0,0,5.0,9.0,45.0,23.33,30.0
AS Nadkarni,1,12,13,0,8,3,0,2.0,6.5,13.0,66.67,12.0
AS Dean,1,12,14,0,6,0,0,2.0,7.0,14.0,50.0,12.0
ARH Patel,1,6,4,0,5,1,0,1.0,4.0,4.0,83.33,6.0
AW Summers,2,49,62,0,14,3,1,8.2,7.59,62.0,28.57,49.0
AUK Pathan,3,39,63,0,9,2,0,6.5,9.69,63.0,23.08,39.0
Aashita Gupta,1,3,3,0,1,0,1,0.5,6.0,3.0,33.33,3.0
AD Hales,1,18,2,0,16,0,0,3.0,0.67,2.0,88.89,18.0
AD Diwan Ali,2,21,29,0,5,6,3,3.5,8.29,29.0,23.81,21.0
Zaheer Ibrahim,1,6,3,0,3,0,0,1.0,3.0,3.0,50.0,6.0
AH Thomson,1,32,47,0,8,3,2,5.3,8.81,47.0,25.0,32.0
AGR Loudon,1,36,38,0,14,1,0,6.0,6.33,38.0,38.89,36.0
AGC Vimukthi,2,60,65,0,31,2,0,10.0,6.5,65.0,51.67,60.0
AJ Healy,1,12,12,0,6,0,0,2.0,6.0,12.0,50.0,12.0
AJ Blackwell,1,6,1,0,6,1,0,1.0,1.0,1.0,100.0,6.0
AL Kerrison,2,30,40,0,12,0,0,5.0,8.0,40.0,40.0,30.0
AL Kerai,1,6,10,0,3,0,0,1.0,10.0,10.0,50.0,6.0
AL Kandappah,1,1,4,0,0,0,0,0.2,24.0,4.0,0.0,1.0
AK Perera,4,42,50,0,17,0,0,7.0,7.14,50.0,40.48,42.0
AJ Strauss,1,6,3,0,4,0,0,1.0,3.0,3.0,66.67,6.0
AL Tiwari,1,13,21,0,4,2,1,2.2,9.69,21.0,30.77,13.0
AMN Andersen,1,10,18,0,3,4,0,1.7,10.8,18.0,30.0,10.0
AM Tribe,5,48,51,0,19,1,0,8.0,6.38,51.0,39.58,48.0
Sangay Yangzom,3,30,48,0,7,2,0,5.0,9.6,48.0,23.33,30.0
A Dineshi,1,7,20,0,1,8,1,1.2,17.14,20.0,14.29,7.0
A Dhar,2,18,31,0,7,0,0,3.0,10.33,31.0,38.89,18.0
A Daxini,2,10,24,0,1,1,1,1.7,14.4,24.0,10.0,10.0
A Gisdaki,1,6,14,0,1,0,0,1.0,14.0,14.0,16.67,6.0
A Gianani,1,12,9,0,8,5,0,2.0,4.5,9.0,66.67,12.0
A Emch,1,8,13,0,1,1,2,1.3,9.75,13.0,12.5,8.0
A Joshi,2,35,65,0,7,8,5,5.8,11.14,65.0,20.0,35.0
A Hogg,1,12,13,0,5,0,0,2.0,6.5,13.0,41.67,12.0
A Lazic,2,12,29,0,0,0,0,2.0,14.5,29.0,0.0,12.0
A Kayuni,1,6,12,0,2,6,0,1.0,12.0,12.0,33.33,6.0
A Magdalenic,4,28,83,0,3,10,2,4.7,17.79,83.0,10.71,28.0
A Mukund,1,12,14,0,7,0,0,2.0,7.0,14.0,58.33,12.0
A Sharafu,2,13,15,0,8,0,0,2.2,6.92,15.0,61.54,13.0
A Shamshudeen,1,18,24,0,4,0,0,3.0,8.0,24.0,22.22,18.0
A Sawyer,2,12,22,0,2,2,0,2.0,11.0,22.0,16.67,12.0
Saad Nasim,4,48,67,0,16,1,0,8.0,8.38,67.0,33.33,48.0
SZ Mulani,2,30,57,0,7,3,0,5.0,11.4,57.0,23.33,30.0
Sara,2,20,39,0,4,4,2,3.3,11.7,39.0,20.0,20.0
Saqlain Sajib,1,21,40,0,5,1,0,3.5,11.43,40.0,23.81,21.0
Saqib Naveed,3,31,85,0,3,7,1,5.2,16.45,85.0,9.68,31.0
Sapan Mehta,1,6,9,0,3,0,0,1.0,9.0,9.0,50.0,6.0
Saee Parkhi,4,53,65,0,23,5,2,8.8,7.36,65.0,43.4,53.0
Sadaf Shamas,1,6,11,0,2,1,0,1.0,11.0,11.0,33.33,6.0
Sachin Ganpat Shinde,1,12,24,0,5,1,0,2.0,12.0,24.0,41.67,12.0
Sajid Safi,1,6,15,0,1,0,0,1.0,15.0,15.0,16.67,6.0
Sajid Patel,1,0,1,0,0,1,0,0.0,6.0,1.0,0.0,0.0
Samiullah Khan,2,121,115,0,61,2,1,20.2,5.7,115.0,50.41,121.0
Sami Faridi,1,36,27,0,22,1,0,6.0,4.5,27.0,61.11,36.0
Sameer Minhas,1,7,10,0,4,0,1,1.2,8.57,10.0,57.14,7.0
Santosh Yadav,1,6,11,0,1,0,0,1.0,11.0,11.0,16.67,6.0
Sanjida Islam,1,7,12,0,3,1,1,1.2,10.29,12.0,42.86,7.0
