bowler,format,matches,balls,runs_given,wickets,dot_balls,wides,noballs,overs,economy,average,dot_pct,strike_rate
JM Anderson,Test,181,39053,18880,705,30757,61,52,6508.8,2.9,26.78,78.76,55.39
SCJ Broad,Test,166,33811,17575,616,26158,85,115,5635.2,3.12,28.53,77.37,54.89
NM Lyon,Test,140,34836,17625,588,25739,1,3,5806.0,3.04,29.97,73.89,59.24
R Ashwin,Test,105,27137,13302,553,20284,3,10,4522.8,2.94,24.05,74.75,49.07
MA Starc,Test,105,20087,12096,449,14837,67,74,3347.8,3.61,26.94,73.86,44.74
DW Steyn,Test,90,18104,10080,439,13782,68,97,3017.3,3.34,22.96,76.13,41.24
HMRKB Herath,Test,82,23557,11167,416,17317,6,9,3926.2,2.84,26.84,73.51,56.63
TG Southee,Test,107,23507,12210,400,18141,50,17,3917.8,3.12,30.52,77.17,58.77
K Rabada,Test,72,13639,7851,351,10292,46,203,2273.2,3.45,22.37,75.46,38.86
RA Jadeja,Test,87,20263,8996,350,15546,1,99,3377.2,2.66,25.7,76.72,57.89
SL Malinga,ODI,208,10408,9518,343,5748,395,72,1734.7,5.49,27.75,55.23,30.34
TA Boult,Test,78,17436,9145,323,13516,55,19,2906.0,3.15,28.31,77.52,53.98
PJ Cummins,Test,72,14458,7261,321,11101,51,67,2409.7,3.01,22.62,76.78,45.04
MG Johnson,Test,73,16089,9331,320,12035,90,87,2681.5,3.48,29.16,74.8,50.28
M Morkel,Test,86,16755,8965,317,12905,81,256,2792.5,3.21,28.28,77.02,52.85
I Sharma,Test,104,19402,10449,312,14548,59,314,3233.7,3.23,33.49,74.98,62.19
JR Hazlewood,Test,76,15463,7423,301,12158,13,40,2577.2,2.88,24.66,78.63,51.37
KAJ Roach,Test,86,15536,8226,299,11869,48,200,2589.3,3.18,27.51,76.4,51.96
B Lee,ODI,151,7934,6347,281,4850,228,207,1322.3,4.8,22.59,61.13,28.23
Shakib Al Hasan,ODI,205,10636,8249,279,5692,118,4,1772.7,4.65,29.57,53.52,38.12
JM Anderson,ODI,177,8853,7562,268,5372,313,10,1475.5,5.13,28.22,60.68,33.03
N Wagner,Test,64,13810,7331,265,10432,50,85,2301.7,3.19,27.66,75.54,52.11
GP Swann,Test,60,15349,7921,264,11339,1,0,2558.2,3.1,30.0,73.87,58.14
Shahid Afridi,ODI,200,10247,8118,259,5121,186,19,1707.8,4.75,31.34,49.98,39.56
MA Starc,ODI,126,6469,5829,253,3817,297,17,1078.2,5.41,23.04,59.0,25.57
M Muralitharan,Test,38,11986,5815,252,8927,0,44,1997.7,2.91,23.08,74.48,47.56
Yasir Shah,Test,48,14262,7807,252,10131,0,7,2377.0,3.28,30.98,71.03,56.6
BA Stokes,Test,106,13938,7907,249,10235,69,171,2323.0,3.4,31.76,73.43,55.98
Taijul Islam,Test,55,14847,7684,249,10758,0,11,2474.5,3.11,30.86,72.46,59.63
RA Jadeja,ODI,199,10257,8470,244,5134,73,21,1709.5,4.95,34.71,50.05,42.04
AU Rashid,ODI,151,7843,7407,244,3550,107,4,1307.2,5.67,30.36,45.26,32.14
MG Johnson,ODI,144,7215,5977,243,4307,322,28,1202.5,4.97,24.6,59.7,29.69
Harbhajan Singh,Test,61,17408,8739,240,12573,6,9,2901.3,3.01,36.41,72.23,72.53
JJ Bumrah,Test,52,10146,4934,239,7912,21,115,1691.0,2.92,20.64,77.98,42.45
YS Chahal,IPL,180,3959,5368,237,1353,115,12,659.8,8.14,22.65,34.18,16.7
Shakib Al Hasan,Test,67,14605,7541,236,10550,4,12,2434.2,3.1,31.95,72.24,61.89
M Ntini,Test,57,11897,6809,234,8988,24,61,1982.8,3.43,29.1,75.55,50.84
Mohammed Shami,Test,64,11547,6684,233,8663,39,32,1924.5,3.47,28.69,75.02,49.56
B Kumar,IPL,199,4445,5808,231,1935,151,13,740.8,7.84,25.14,43.53,19.24
TG Southee,ODI,150,7700,7284,230,4312,217,10,1283.3,5.68,31.67,56.0,33.48
Mashrafe Mortaza,ODI,175,8583,7441,227,4877,173,44,1430.5,5.2,32.78,56.82,37.81
VD Philander,Test,64,11475,5151,226,9143,19,84,1912.5,2.69,22.79,79.68,50.77
Z Khan,Test,60,12912,7216,226,9676,48,198,2152.0,3.35,31.93,74.94,57.13
PM Siddle,Test,67,13992,7090,226,10962,26,88,2332.0,3.04,31.37,78.34,61.91
KA Maharaj,Test,59,12317,6483,224,9105,2,9,2052.8,3.16,28.94,73.92,54.99
SP Narine,IPL,195,4546,5244,223,1802,64,6,757.7,6.92,23.52,39.64,20.39
TA Boult,ODI,110,6032,5190,219,3600,198,8,1005.3,5.16,23.7,59.68,27.54
Mohammed Shami,ODI,105,5227,5011,215,3005,164,4,871.2,5.75,23.31,57.49,24.31
KMDN Kulasekara,ODI,176,8039,6792,213,4829,161,10,1339.8,5.07,31.89,60.07,37.74
Z Khan,ODI,129,6639,5753,213,3896,223,57,1106.5,5.2,27.01,58.68,31.17
DW Steyn,ODI,123,6216,5202,212,3782,172,21,1036.0,5.02,24.54,60.84,29.32
Mehedi Hasan Miraz,Test,53,12859,6845,212,9148,3,2,2143.2,3.19,32.29,71.14,60.66
MM Ali,Test,68,12623,7822,209,8744,0,13,2103.8,3.72,37.43,69.27,60.4
M Muralitharan,ODI,124,6736,4719,209,3804,116,19,1122.7,4.2,22.58,56.47,32.23
DL Vettori,ODI,153,7947,5322,208,4487,49,22,1324.5,4.02,25.59,56.46,38.21
DJ Bravo,IPL,158,3129,4436,207,1054,167,9,521.5,8.51,21.43,33.68,15.12
JJ Bumrah,IPL,155,3621,4497,207,1509,94,40,603.5,7.45,21.72,41.67,17.49
R Ashwin,IPL,217,4714,5721,205,1663,154,4,785.7,7.28,27.91,35.28,23.0
KD Mills,ODI,130,6453,5109,203,3952,95,56,1075.5,4.75,25.17,61.24,31.79
PP Chawla,IPL,191,3852,5179,201,1358,43,2,642.0,8.07,25.77,35.25,19.16
CR Woakes,Test,62,11248,5901,199,8663,28,29,1874.7,3.15,29.65,77.02,56.52
SCJ Broad,ODI,117,5933,5361,198,3364,152,20,988.8,5.42,27.08,56.7,29.96
A Kumble,Test,40,12168,6355,196,9004,2,136,2028.0,3.13,32.42,74.0,62.08
Kuldeep Yadav,ODI,114,5968,5141,196,2983,54,3,994.7,5.17,26.23,49.98,30.45
M Morkel,ODI,113,5740,4863,195,3434,208,40,956.7,5.08,24.94,59.83,29.44
DJ Bravo,ODI,134,5836,5330,193,2943,216,15,972.7,5.48,27.62,50.43,30.24
A Zampa,ODI,113,5893,5499,193,2668,55,3,982.2,5.6,28.49,45.27,30.53
CR Woakes,ODI,116,5665,5191,191,3147,102,6,944.2,5.5,27.18,55.55,29.66
Harbhajan Singh,ODI,145,7957,5980,190,4343,149,6,1326.2,4.51,31.47,54.58,41.88
DL Vettori,Test,54,14596,6328,190,11227,3,65,2432.7,2.6,33.31,76.92,76.82
SL Malinga,IPL,122,2845,3486,188,1217,129,18,474.2,7.35,18.54,42.78,15.13
CS Martin,Test,53,10962,6084,187,8349,30,85,1827.0,3.33,32.53,76.16,58.62
RA Jadeja,IPL,233,4195,5418,186,1379,66,7,699.2,7.75,29.13,32.87,22.55
Saeed Ajmal,Test,35,11593,5240,183,8754,0,1,1932.2,2.71,28.63,75.51,63.35
NLTC Perera,ODI,152,5669,5632,183,2782,107,3,944.8,5.96,30.78,49.07,30.98
A Mishra,IPL,162,3392,4193,183,1220,52,21,565.3,7.42,22.91,35.97,18.54
Saeed Ajmal,ODI,107,5748,4159,181,3279,99,0,958.0,4.34,22.98,57.05,31.76
Imran Tahir,ODI,103,5501,4325,180,2916,55,2,916.8,4.72,24.03,53.01,30.56
B Lee,Test,41,10107,5826,179,7534,28,339,1684.5,3.46,32.55,74.54,56.46
MJ Henry,ODI,91,4878,4294,178,2856,107,10,813.0,5.28,24.12,58.55,27.4
Rashid Khan,IPL,146,3424,4177,177,1284,41,0,570.7,7.32,23.6,37.5,19.34
Abdur Razzak,ODI,121,6254,4923,176,3586,154,4,1042.3,4.72,27.97,57.34,35.53
Mustafizur Rahman,ODI,106,5189,4584,176,2884,142,15,864.8,5.3,26.05,55.58,29.48
TG Southee,T20I,122,2768,3822,175,1127,111,5,461.3,8.28,21.84,40.72,15.82
K Rabada,ODI,101,5322,4655,175,3169,198,37,887.0,5.25,26.6,59.55,30.41
RAS Lakmal,Test,70,12549,6450,173,9400,24,106,2091.5,3.08,37.28,74.91,72.54
DB Sharma,T20I,134,2896,3073,171,1242,55,1,482.7,6.37,17.97,42.89,16.94
Umar Gul,ODI,118,5659,5039,170,3342,161,62,943.2,5.34,29.64,59.06,33.29
UT Yadav,Test,56,8911,5419,170,6466,23,11,1485.2,3.65,31.88,72.56,52.42
MS Panesar,Test,48,12297,5941,170,9365,0,2,2049.5,2.9,34.95,76.16,72.34
MDK Perera,Test,43,10825,5967,170,7394,1,20,1804.2,3.31,35.1,68.3,63.68
Sandeep Sharma,IPL,141,3158,4316,169,1240,119,13,526.3,8.2,25.54,39.27,18.69
ST Gabriel,Test,58,9606,5675,168,7010,42,227,1601.0,3.54,33.78,72.98,57.18
IS Sodhi,T20I,134,2784,3836,168,914,89,4,464.0,8.27,22.83,32.83,16.57
HV Patel,IPL,120,2503,3764,168,854,127,21,417.2,9.02,22.4,34.12,14.9
NW Bracken,ODI,100,5011,3792,168,3033,84,2,835.2,4.54,22.57,60.53,29.83
DB Sharma,ODI,111,5580,4325,167,3052,55,5,930.0,4.65,25.9,54.7,33.41
R Ashwin,ODI,113,6247,5228,166,3110,111,3,1041.2,5.02,31.49,49.78,37.63
AU Rashid,T20I,136,2995,3794,165,1085,47,1,499.2,7.6,22.99,36.23,18.15
UT Yadav,IPL,147,3080,4442,163,1261,110,24,513.3,8.65,27.25,40.94,18.9
Mustafizur Rahman,T20I,114,2505,3104,163,1097,119,9,417.5,7.43,19.04,43.79,15.37
JO Holder,ODI,127,6056,5712,162,3303,149,26,1009.3,5.66,35.26,54.54,37.38
SR Watson,ODI,140,5599,4780,162,2993,91,24,933.2,5.12,29.51,53.46,34.56
ML Schutt,T20I,116,2388,2648,162,1143,65,11,398.0,6.65,16.35,47.86,14.74
Harbhajan Singh,IPL,160,3420,4101,161,1312,76,4,570.0,7.19,25.47,38.36,21.24
B Kumar,ODI,119,5804,5050,160,3406,146,5,967.3,5.22,31.56,58.68,36.28
JO Holder,Test,67,11241,5082,160,8778,25,75,1873.5,2.71,31.76,78.09,70.26
Mohammed Shami,IPL,128,2833,4144,158,1191,100,9,472.2,8.78,26.23,42.04,17.93
IK Pathan,ODI,98,4858,4419,156,2768,192,12,809.7,5.46,28.33,56.98,31.14
TA Boult,IPL,124,2786,3994,153,1172,106,2,464.3,8.6,26.1,42.07,18.21
JJ Bumrah,ODI,86,4479,3583,153,2708,111,19,746.5,4.8,23.42,60.46,29.27
Hasan Ali,PSL,100,2305,3229,153,925,52,13,384.2,8.41,21.1,40.13,15.07
T Putthawong,T20I,81,1753,1272,151,1070,41,3,292.2,4.35,8.42,61.04,11.61
M Kapp,ODI,109,5080,3510,151,3263,155,10,846.7,4.15,23.25,64.23,33.64
SJ Harmison,Test,42,8747,5030,151,6500,58,80,1457.8,3.45,33.31,74.31,57.93
A Khaka,ODI,104,4823,3585,150,3031,183,2,803.8,4.46,23.9,62.84,32.15
MM Sharma,IPL,119,2413,3537,149,836,58,10,402.2,8.79,23.74,34.65,16.19
S Ecclestone,T20I,100,2254,2299,149,1097,39,2,375.7,6.12,15.43,48.67,15.13
Shaheen Shah Afridi,PSL,93,2098,2866,148,916,102,10,349.7,8.2,19.36,43.66,14.18
M Ntini,ODI,88,4454,3582,148,2733,81,20,742.3,4.83,24.2,61.36,30.09
PWH de Silva,T20I,86,1957,2374,148,730,9,3,326.2,7.28,16.04,37.3,13.22
PJ Cummins,ODI,88,4593,4100,147,2595,148,8,765.5,5.36,27.89,56.5,31.24
JR Hazlewood,ODI,93,4886,3951,147,2952,87,10,814.3,4.85,26.88,60.42,33.24
AR Patel,IPL,170,3513,4406,146,1190,54,0,585.5,7.53,30.18,33.87,24.06
MJ Santner,T20I,130,2775,3362,146,1082,84,3,462.5,7.27,23.03,38.99,19.01
A Zampa,T20I,110,2421,3036,145,845,37,2,403.5,7.52,20.94,34.9,16.7
Umar Gul,Test,41,8494,4964,145,6169,37,154,1415.7,3.51,34.23,72.63,58.58
MJ Leach,Test,38,9422,4945,145,6928,1,20,1570.3,3.15,34.1,73.53,64.98
JH Kallis,Test,85,9899,4903,144,7674,54,20,1649.8,2.97,34.05,77.52,68.74
Ehsan Khan,T20I,95,2087,2245,144,977,53,3,347.8,6.45,15.59,46.81,14.49
K Rabada,IPL,94,2158,3180,144,885,81,13,359.7,8.84,22.08,41.01,14.99
BAW Mendis,ODI,79,3927,3278,144,2007,77,7,654.5,5.01,22.76,51.11,27.27
Rizwan Butt,T20I,89,1932,2247,143,910,64,11,322.0,6.98,15.71,47.1,13.51
S Lamichhane,ODI,64,3599,2689,142,2135,49,1,599.8,4.48,18.94,59.32,25.35
S Ismail,ODI,84,4172,2821,142,2757,70,40,695.3,4.06,19.87,66.08,29.38
Mohammad Hafeez,ODI,164,7217,5081,142,3802,86,0,1202.8,4.22,35.78,52.68,50.82
Shaheen Shah Afridi,T20I,99,2149,2918,142,962,79,10,358.2,8.15,20.55,44.77,15.13
MJ Henry,Test,33,7308,3934,142,5503,27,9,1218.0,3.23,27.7,75.3,51.46
Mohammed Siraj,Test,45,7039,4309,141,5124,27,32,1173.2,3.67,30.56,72.79,49.92
MR Adair,T20I,91,1987,2628,141,849,122,10,331.2,7.94,18.64,42.73,14.09
LE Plunkett,ODI,84,3993,3918,140,2019,173,12,665.5,5.89,27.99,50.56,28.52
SK Warne,Test,24,6464,3322,139,4800,11,10,1077.3,3.08,23.9,74.26,46.5
GB Hogg,ODI,87,4245,3282,139,2302,70,8,707.5,4.64,23.61,54.23,30.54
MJ Santner,ODI,117,5830,4718,138,2980,79,1,971.7,4.86,34.19,51.11,42.25
Shakib Al Hasan,T20I,110,2380,2819,138,924,37,2,396.7,7.11,20.43,38.82,17.25
S Ecclestone,ODI,77,4195,2626,138,2722,57,0,699.2,3.76,19.03,64.89,30.4
Haris Rauf,T20I,88,1922,2734,138,744,61,2,320.3,8.53,19.81,38.71,13.93
Wahab Riaz,ODI,88,4259,4177,138,2152,178,37,709.8,5.88,30.27,50.53,30.86
AD Mathews,ODI,158,5131,4068,137,2882,74,5,855.2,4.76,29.69,56.17,37.45
JL Jonassen,ODI,74,3492,2375,136,2069,49,0,582.0,4.08,17.46,59.25,25.68
S Lamichhane,T20I,71,1602,1702,136,801,37,1,267.0,6.37,12.51,50.0,11.78
A Flintoff,ODI,76,3820,2787,135,2387,74,48,636.7,4.38,20.64,62.49,28.3
AS Joseph,ODI,74,3851,3624,134,2100,141,14,641.8,5.65,27.04,54.53,28.74
Nida Dar,T20I,122,2472,2486,134,1061,58,5,412.0,6.03,18.55,42.92,18.45
Shoaib Malik,ODI,163,5612,4522,133,2823,123,40,935.3,4.83,34.0,50.3,42.2
AD Russell,IPL,121,1819,2909,133,645,66,13,303.2,9.6,21.87,35.46,13.68
ML Schutt,ODI,95,4265,3146,132,2686,112,10,710.8,4.43,23.83,62.98,32.31
KAJ Roach,ODI,88,4359,3775,132,2547,113,38,726.5,5.2,28.6,58.43,33.02
JDP Oram,ODI,103,4796,3561,132,2893,84,36,799.3,4.45,26.98,60.32,36.33
A Flintoff,Test,39,8392,4380,131,6261,17,214,1398.7,3.13,33.44,74.61,64.06
Shadab Khan,T20I,110,2312,2907,131,821,43,1,385.3,7.54,22.19,35.51,17.65
Shaheen Shah Afridi,ODI,67,3413,3327,130,1942,108,6,568.8,5.85,25.59,56.9,26.25
A Gardner,ODI,86,3740,2717,129,2179,71,1,623.3,4.36,21.06,58.26,28.99
O Kamchomphu,T20I,95,1806,1463,129,925,24,8,301.0,4.86,11.34,51.22,14.0
Danish Kaneria,Test,32,9766,5279,129,6933,3,36,1627.7,3.24,40.92,70.99,75.71
AS Joseph,Test,40,6799,4291,128,4826,37,57,1133.2,3.79,33.52,70.98,53.12
Rubel Hossain,ODI,93,4305,4174,128,2215,84,23,717.5,5.82,32.61,51.45,33.63
Arshdeep Singh,T20I,78,1680,2440,128,735,101,17,280.0,8.71,19.06,43.75,13.12
C Aweko,T20I,83,1880,1339,127,1107,44,2,313.3,4.27,10.54,58.88,14.8
Ali Dawood,T20I,74,1602,1704,127,795,58,10,267.0,6.38,13.42,49.63,12.61
R Vinay Kumar,IPL,104,2138,3041,127,801,48,11,356.3,8.53,23.94,37.46,16.83
Shadab Khan,PSL,102,2190,2822,127,796,50,0,365.0,7.73,22.22,36.35,17.24
JJ Bumrah,T20I,90,1989,2253,127,950,45,11,331.5,6.8,17.74,47.76,15.66
ST Finn,Test,36,6436,3948,127,4772,20,24,1072.7,3.68,31.09,74.15,50.68
Wahab Riaz,PSL,86,1978,2624,126,819,82,23,329.7,7.96,20.83,41.41,15.7
HK Matthews,T20I,100,1998,2127,126,852,25,5,333.0,6.39,16.88,42.64,15.86
I Sharma,ODI,77,3742,3596,125,2036,92,33,623.7,5.77,28.77,54.41,29.94
JD Unadkat,IPL,115,2352,3541,125,784,66,1,392.0,9.03,28.33,33.33,18.82
YS Chahal,ODI,68,3688,3298,124,1804,53,9,614.7,5.37,26.6,48.92,29.74
AC Kerr,ODI,85,4342,3432,124,2295,72,2,723.7,4.74,27.68,52.86,35.02
JE Taylor,ODI,78,3820,3467,124,2179,127,17,636.7,5.45,27.96,57.04,30.81
Mohammed Siraj,IPL,118,2530,3737,124,1113,147,8,421.7,8.86,30.14,43.99,20.4
SL Malinga,T20I,83,1826,2304,124,716,85,14,304.3,7.57,18.58,39.21,14.73
CJ Jordan,T20I,93,1950,2881,123,684,84,9,325.0,8.86,23.42,35.08,15.85
Shaheen Shah Afridi,Test,33,6455,3567,123,4910,13,54,1075.8,3.32,29.0,76.07,52.48
Mehedi Hasan Miraz,ODI,101,5027,4059,122,2582,34,3,837.8,4.84,33.27,51.36,41.2
JE Taylor,Test,40,6813,4064,122,5024,20,68,1135.5,3.58,33.31,73.74,55.84
MJ Hoggard,Test,33,6760,3738,122,5081,15,95,1126.7,3.32,30.64,75.16,55.41
D Bishoo,Test,35,8095,4430,122,5576,2,28,1349.2,3.28,36.31,68.88,66.35
Shahid Afridi,T20I,106,2294,2674,122,861,48,4,382.3,6.99,21.92,37.53,18.8
Nahida Akter,T20I,91,1887,1889,122,872,23,1,314.5,6.01,15.48,46.21,15.47
MA Wood,Test,38,6626,3821,122,4866,26,16,1104.3,3.46,31.32,73.44,54.31
SN Thakur,IPL,107,2165,3474,121,747,138,11,360.8,9.63,28.71,34.5,17.89
Mohammad Amir,Test,36,7669,3777,121,5935,30,50,1278.2,2.96,31.21,77.39,63.38
A Nehra,IPL,88,1917,2537,121,828,57,9,319.5,7.94,20.97,43.19,15.84
WPUJC Vaas,ODI,95,4809,3379,120,3156,51,54,801.5,4.22,28.16,65.63,40.08
TT Bresnan,ODI,83,4182,3879,120,2227,118,9,697.0,5.57,32.33,53.25,34.85
SM Pollock,ODI,94,5013,2906,120,3410,48,47,835.5,3.48,24.22,68.02,41.78
HH Pandya,T20I,123,2205,3123,119,859,111,4,367.5,8.5,26.24,38.96,18.53
Z Khan,IPL,99,2202,2860,119,929,74,2,367.0,7.79,24.03,42.19,18.5
MM Ali,ODI,126,5891,5303,119,2657,44,5,981.8,5.4,44.56,45.1,49.5
H Ishimwe,T20I,75,1449,1111,119,840,58,4,241.5,4.6,9.34,57.97,12.18
NGRP Jayasuriya,Test,21,6739,3712,118,4676,4,8,1123.2,3.3,31.46,69.39,57.11
CRD Fernando,ODI,85,4034,3530,118,2292,113,124,672.3,5.25,29.92,56.82,34.19
MF Maharoof,ODI,86,3821,3113,118,2253,90,38,636.8,4.89,26.38,58.96,32.38
Nashra Sandhu,ODI,78,4091,3064,118,2312,45,5,681.8,4.49,25.97,56.51,34.67
KY Chan,T20I,72,1445,1079,118,836,51,4,240.8,4.48,9.14,57.85,12.25
RP Yadav,T20I,85,1773,1967,118,739,29,12,295.5,6.66,16.67,41.68,15.03
JO Holder,T20I,89,1947,2888,117,690,101,6,324.5,8.9,24.68,35.44,16.64
Arshdeep Singh,IPL,90,1924,2978,116,709,120,6,320.7,9.29,25.67,36.85,16.59
Virandeep Singh,T20I,87,1617,1519,116,752,40,0,269.5,5.64,13.09,46.51,13.94
J Mbabazi,T20I,73,1459,1192,116,802,56,1,243.2,4.9,10.28,54.97,12.58
PP Ojha,Test,24,7647,3548,116,5822,0,14,1274.5,2.78,30.59,76.13,65.92
UT Yadav,ODI,73,3563,3659,116,1938,138,4,593.8,6.16,31.54,54.39,30.72
HK Matthews,ODI,80,3834,2854,115,2216,40,1,639.0,4.47,24.82,57.8,33.34
R Rampaul,ODI,76,3587,3136,115,2056,116,26,597.8,5.25,27.27,57.32,31.19
A Nehra,ODI,79,3638,3363,115,2023,107,20,606.3,5.55,29.24,55.61,31.63
Karan KC,T20I,84,1627,2163,114,762,46,6,271.2,7.98,18.97,46.83,14.27
RJ Harris,Test,27,5756,2770,114,4564,11,19,959.3,2.89,24.3,79.29,50.49
Vaishnave Mahesh,T20I,83,1535,1267,113,866,54,2,255.8,4.95,11.21,56.42,13.58
Junaid Khan,ODI,73,3488,3221,113,1965,90,13,581.3,5.54,28.5,56.34,30.87
Kuldeep Yadav,IPL,105,2247,3119,113,693,46,3,374.5,8.33,27.6,30.84,19.88
AC Kerr,T20I,93,2047,2109,113,811,39,2,341.2,6.18,18.66,39.62,18.12
SE Bond,ODI,60,3317,2375,113,2177,104,35,552.8,4.3,21.02,65.63,29.35
CH Gayle,ODI,116,4415,3569,112,2077,102,14,735.8,4.85,31.87,47.04,39.42
FH Edwards,Test,37,6801,4349,112,4747,37,219,1133.5,3.84,38.83,69.8,60.72
CV Varun,IPL,90,2046,2656,112,773,41,8,341.0,7.79,23.71,37.78,18.27
ST Finn,ODI,67,3558,3048,111,2105,85,8,593.0,5.14,27.46,59.16,32.05
Faheem Ashraf,PSL,92,1750,2580,111,628,56,7,291.7,8.85,23.24,35.89,15.77
Pavandeep Singh,T20I,82,1836,1811,110,973,115,1,306.0,5.92,16.46,53.0,16.69
R Ngarava,T20I,82,1772,2210,110,861,76,18,295.3,7.48,20.09,48.59,16.11
N Boochatham,T20I,78,1573,1197,110,925,35,2,262.2,4.57,10.88,58.8,14.3
Mohammad Amir,PSL,92,2051,2745,110,874,116,2,341.8,8.03,24.95,42.61,18.65
RAS Lakmal,ODI,81,3753,3519,110,2100,106,10,625.5,5.63,31.99,55.96,34.12
WD Parnell,ODI,69,3239,3090,110,1754,101,15,539.8,5.72,28.09,54.15,29.45
Abdul Razzaq,ODI,112,4457,3694,110,2516,61,84,742.8,4.97,33.58,56.45,40.52
J Goswami,ODI,66,3353,2167,109,2254,54,15,558.8,3.88,19.88,67.22,30.76
L Ngidi,ODI,69,3249,3220,109,1771,98,7,541.5,5.95,29.54,54.51,29.81
MRJ Watt,ODI,75,3955,2821,109,2297,60,1,659.2,4.28,25.88,58.08,36.28
GD McGrath,ODI,65,3238,2085,109,2171,44,25,539.7,3.86,19.13,67.05,29.71
Hasan Ali,ODI,64,3184,3161,109,1638,70,18,530.7,5.96,29.0,51.44,29.21
LMM Tahuhu,ODI,74,3355,2676,108,2063,146,14,559.2,4.79,24.78,61.49,31.06
SR Watson,IPL,105,2042,2742,107,850,95,13,340.3,8.06,25.63,41.63,19.08
GP Swann,ODI,73,3660,2865,107,1848,24,1,610.0,4.7,26.78,50.49,34.21
CBRLS Kumara,Test,34,5823,3913,107,3973,53,13,970.5,4.03,36.57,68.23,54.42
CH Morris,IPL,81,1731,2377,107,708,70,5,288.5,8.24,22.21,40.9,16.18
SM Sharif,ODI,74,3436,2847,106,2004,78,21,572.7,4.97,26.86,58.32,32.42
KH Pandya,IPL,140,2563,3265,106,834,69,3,427.2,7.64,30.8,32.54,24.18
Bilal Khan,T20I,68,1487,1738,106,719,37,9,247.8,7.01,16.4,48.35,14.03
AB Agarkar,ODI,65,3289,2788,106,2004,122,26,548.2,5.09,26.3,60.93,31.03
JP Faulkner,ODI,65,3158,2979,106,1538,48,7,526.3,5.66,28.1,48.7,29.79
SN Netravalkar,ODI,62,3252,2150,105,2086,12,17,542.0,3.97,20.48,64.15,30.97
DJ Willey,ODI,71,3173,2961,105,1737,99,3,528.8,5.6,28.2,54.74,30.22
ST Jayasuriya,ODI,105,4003,3245,105,1871,62,0,667.2,4.86,30.9,46.74,38.12
Taskin Ahmed,ODI,72,3548,3253,105,1983,102,9,591.3,5.5,30.98,55.89,33.79
H Ssenyondo,T20I,78,1621,1484,105,802,14,0,270.2,5.49,14.13,49.48,15.44
CJ McKay,ODI,58,2922,2419,105,1728,61,11,487.0,4.97,23.04,59.14,27.83
DW Steyn,IPL,95,2189,2583,105,1064,93,7,364.8,7.08,24.6,48.61,20.85
SO Ngoche,T20I,79,1621,1695,104,775,13,3,270.2,6.27,16.3,47.81,15.59
ASS Fletcher,T20I,95,1893,1974,104,765,44,6,315.5,6.26,18.98,40.41,18.2
Taskin Ahmed,T20I,78,1693,2259,104,775,50,11,282.2,8.01,21.72,45.78,16.28
P Utseya,ODI,115,6146,4826,104,3106,68,13,1024.3,4.71,46.4,50.54,59.1
Shoaib Akhtar,ODI,69,3454,2948,104,2086,146,51,575.7,5.12,28.35,60.39,33.21
Junaid Siddique,T20I,66,1483,2009,103,630,99,5,247.2,8.13,19.5,42.48,14.4
Aizaz Khan,T20I,83,1533,2026,103,612,101,10,255.5,7.93,19.67,39.92,14.88
KH Brunt,T20I,81,1705,1699,102,913,66,8,284.2,5.98,16.66,53.55,16.72
Nauman Ali,Test,21,4713,2452,102,3397,5,34,785.5,3.12,24.04,72.08,46.21
AN Kelly,T20I,63,1212,1252,102,567,36,1,202.0,6.2,12.27,46.78,11.88
JH Kallis,ODI,116,3880,3387,102,2022,74,9,646.7,5.24,33.21,52.11,38.04
Abdur Rehman,Test,22,6897,3016,102,5251,0,3,1149.5,2.62,29.57,76.13,67.62
PWH de Silva,ODI,61,2889,2505,102,1483,11,5,481.5,5.2,24.56,51.33,28.32
Yuvraj Singh,ODI,126,4024,3477,102,1863,46,6,670.7,5.18,34.09,46.3,39.45
PL Harris,Test,36,8624,3984,102,6555,22,15,1437.3,2.77,39.06,76.01,84.55
P Kumar,IPL,119,2525,3342,102,1147,112,1,420.8,7.94,32.76,45.43,24.75
LL Tsotsobe,ODI,59,2917,2360,102,1805,71,7,486.2,4.85,23.14,61.88,28.6
AR Ramjani,T20I,56,1215,975,102,655,9,0,202.5,4.81,9.56,53.91,11.91
S Laomi,T20I,83,1683,1267,102,906,30,5,280.5,4.52,12.42,53.83,16.5
BM Scholtz,ODI,63,3373,1925,101,2245,13,1,562.2,3.42,19.06,66.56,33.4
Haris Rauf,ODI,53,2590,2580,101,1355,90,1,431.7,5.98,25.54,52.32,25.64
JL Jonassen,T20I,85,1688,1638,101,761,30,1,281.3,5.82,16.22,45.08,16.71
Sikandar Raza,T20I,102,1903,2234,101,663,43,7,317.2,7.04,22.12,34.84,18.84
BW Hilfenhaus,Test,27,6153,2907,101,4830,20,74,1025.5,2.83,28.78,78.5,60.92
JNT Seales,Test,26,4345,2563,100,3204,19,16,724.2,3.54,25.63,73.74,43.45
Naved-ul-Hasan,ODI,60,2916,2641,100,1663,73,74,486.0,5.43,26.41,57.03,29.16
PVD Chameera,T20I,75,1646,2235,100,666,71,14,274.3,8.15,22.35,40.46,16.46
Mohammad Abbas,Test,27,5573,2414,100,4500,12,19,928.8,2.6,24.14,80.75,55.73
Karan KC,ODI,64,2818,2476,100,1691,81,0,469.7,5.27,24.76,60.01,28.18
Haris Rauf,PSL,78,1722,2749,100,618,78,5,287.0,9.58,27.49,35.89,17.22
MD Bimenyimana,T20I,64,1274,918,100,741,44,1,212.3,4.32,9.18,58.16,12.74
Bilal Khan,ODI,47,2430,2076,100,1435,85,10,405.0,5.13,20.76,59.05,24.3
I Sharma,IPL,117,2442,3465,100,1070,104,23,407.0,8.51,34.65,43.82,24.42
RP Singh,IPL,82,1788,2417,100,790,86,13,298.0,8.11,24.17,44.18,17.88
DM Nakrani,T20I,70,1422,1381,100,710,29,5,237.0,5.83,13.81,49.93,14.22
YS Chahal,T20I,79,1769,2431,100,602,51,5,294.8,8.25,24.31,34.03,17.69
Avesh Khan,IPL,81,1747,2729,99,629,65,4,291.2,9.37,27.57,36.0,17.65
IK Pathan,IPL,101,2044,2711,99,885,69,1,340.7,7.96,27.38,43.3,20.65
TL Chatara,ODI,70,3453,3171,99,1958,142,20,575.5,5.51,32.03,56.7,34.88
SP Narine,ODI,64,3487,2445,99,2098,67,7,581.2,4.21,24.7,60.17,35.22
PP Ojha,IPL,90,1901,2399,99,708,44,2,316.8,7.57,24.23,37.24,19.2
KH Brunt,ODI,70,3453,2261,98,2310,117,4,575.5,3.93,23.07,66.9,35.23
LH Ferguson,ODI,62,3221,3130,98,1765,137,18,536.8,5.83,31.94,54.8,32.87
AR Patel,T20I,84,1595,2036,98,645,24,1,265.8,7.66,20.78,40.44,16.28
ER Oza,T20I,81,1392,1192,98,724,34,2,232.0,5.14,12.16,52.01,14.2
PD Collingwood,ODI,120,4240,3488,98,2076,53,6,706.7,4.94,35.59,48.96,43.27
IJR Zwilling,T20I,81,1733,1482,98,1012,68,0,288.8,5.13,15.12,58.4,17.68
TM Dilshan,ODI,180,5073,4197,97,2297,68,0,845.5,4.96,43.27,45.28,52.3
S Luus,ODI,90,3255,2580,97,1662,50,15,542.5,4.76,26.6,51.06,33.56
AY Patel,Test,22,5020,2714,97,3704,3,0,836.7,3.24,27.98,73.78,51.75
L Delany,T20I,90,1503,1567,97,623,66,4,250.5,6.26,16.15,41.45,15.49
DJ Hawoe,T20I,94,1653,2014,96,772,114,3,275.5,7.31,20.98,46.7,17.22
AJ Hosein,T20I,91,1950,2424,96,781,33,10,325.0,7.46,25.25,40.05,20.31
AL Phehlukwayo,ODI,75,3054,3003,96,1472,135,5,509.0,5.9,31.28,48.2,31.81
SR Clark,Test,24,5175,2329,96,4107,12,30,862.5,2.7,24.26,79.36,53.91
JA Morkel,IPL,87,1736,2409,96,683,71,13,289.3,8.33,25.09,39.34,18.08
KK Ahmed,IPL,76,1665,2521,96,721,76,8,277.5,9.08,26.26,43.3,17.34
S Ismail,T20I,85,1792,1824,95,931,33,8,298.7,6.11,19.2,51.95,18.86
Zahoor Khan,ODI,60,2792,2407,95,1543,96,5,465.3,5.17,25.34,55.27,29.39
KL Cross,ODI,70,3117,2379,95,1985,82,13,519.5,4.58,25.04,63.68,32.81
Mohammad Asif,Test,20,4607,2317,95,3586,8,29,767.8,3.02,24.39,77.84,48.49
SFM Devine,T20I,92,1491,1790,95,625,77,8,248.5,7.2,18.84,41.92,15.69
RL Chase,Test,54,7675,4604,95,5109,7,4,1279.2,3.6,48.46,66.57,80.79
Saeed Ajmal,T20I,63,1430,1564,94,620,27,0,238.3,6.56,16.64,43.36,15.21
M Prasidh Krishna,IPL,73,1678,2516,94,692,79,17,279.7,9.0,26.77,41.24,17.85
A Nel,ODI,57,2857,2254,94,1794,84,17,476.2,4.73,23.98,62.79,30.39
Sompal Kami,ODI,63,2856,2622,94,1665,73,9,476.0,5.51,27.89,58.3,30.38
Umar Gul,T20I,58,1176,1477,94,491,48,15,196.0,7.54,15.71,41.75,12.51
Imad Wasim,PSL,107,2156,2587,94,839,27,0,359.3,7.2,27.52,38.91,22.94
Kuldeep Yadav,T20I,50,1086,1271,93,446,28,1,181.0,7.02,13.67,41.07,11.68
EA Perry,T20I,95,1613,1599,93,842,52,21,268.8,5.95,17.19,52.2,17.34
A Shrubsole,ODI,66,3125,2234,93,2047,105,6,520.8,4.29,24.02,65.5,33.6
MM Patel,ODI,66,3137,2614,93,1842,51,37,522.8,5.0,28.11,58.72,33.73
F Banunaek,T20I,92,1656,1961,93,747,63,6,276.0,7.11,21.09,45.11,17.81
A Gardner,T20I,87,1540,1723,93,615,23,0,256.7,6.71,18.53,39.94,16.56
GD McGrath,Test,21,4767,1972,93,3909,9,42,794.5,2.48,21.2,82.0,51.26
DJ Bravo,T20I,76,1485,2049,93,453,66,4,247.5,8.28,22.03,30.51,15.97
SM Pollock,Test,27,6216,2669,93,4964,8,141,1036.0,2.58,28.7,79.86,66.84
I Ranaweera,T20I,78,1580,1606,93,650,33,6,263.3,6.1,17.27,41.14,16.99
M Kapp,T20I,88,1782,1717,93,952,70,11,297.0,5.78,18.46,53.42,19.16
MRJ Watt,T20I,75,1640,1947,92,632,42,1,273.3,7.12,21.16,38.54,17.83
B Muzarabani,T20I,76,1650,1976,92,783,51,11,275.0,7.19,21.48,47.45,17.93
DL Chahar,IPL,99,1985,2751,92,852,92,7,330.8,8.32,29.9,42.92,21.58
A Shrubsole,T20I,66,1352,1384,92,739,52,4,225.3,6.14,15.04,54.66,14.7
MJ McClenaghan,ODI,45,2355,2350,92,1236,84,19,392.5,5.99,25.54,52.48,25.6
ASS Fletcher,ODI,60,2869,2276,92,1525,72,3,478.2,4.76,24.74,53.15,31.18
IO Okpe,T20I,78,1402,1566,92,619,32,30,233.7,6.7,17.02,44.15,15.24
Junaid Siddique,ODI,62,2846,2488,92,1703,138,1,474.3,5.25,27.04,59.84,30.93
B Kumar,T20I,85,1767,2134,92,871,76,0,294.5,7.25,23.2,49.29,19.21
HH Pandya,ODI,86,3368,3196,91,1744,125,9,561.3,5.69,35.12,51.78,37.01
Sompal Kami,T20I,83,1557,1918,91,732,55,11,259.5,7.39,21.08,47.01,17.11
M Klaas,ODI,75,3065,2634,91,1821,128,8,510.8,5.16,28.95,59.41,33.68
A King,ODI,51,2240,1635,91,1268,19,0,373.3,4.38,17.97,56.61,24.62
Imran Anwar,T20I,86,1532,1849,91,661,42,9,255.3,7.24,20.32,43.15,16.84
SM Sharif,T20I,68,1391,1897,91,521,53,9,231.8,8.18,20.85,37.46,15.29
Z Bimenyimana,T20I,80,1513,1850,91,754,73,8,252.2,7.34,20.33,49.83,16.63
S Glenn,T20I,70,1454,1481,91,619,25,1,242.3,6.11,16.27,42.57,15.98
DS Kulkarni,IPL,92,1794,2513,91,765,82,7,299.0,8.4,27.62,42.64,19.71
SJ Benn,Test,23,7086,3413,90,5251,4,12,1181.0,2.89,37.92,74.1,78.73
T Shamsi,T20I,69,1498,1876,90,539,57,0,249.7,7.51,20.84,35.98,16.64
L Ngidi,T20I,63,1283,1890,90,548,53,8,213.8,8.84,21.0,42.71,14.26
PA van Meekeren,T20I,72,1488,1836,89,688,74,12,248.0,7.4,20.63,46.24,16.72
Ravi Bishnoi,IPL,85,1795,2522,89,618,62,6,299.2,8.43,28.34,34.43,20.17
M Jansen,Test,21,3445,1994,89,2579,7,37,574.2,3.47,22.4,74.86,38.71
KV Sharma,IPL,87,1585,2263,89,539,26,0,264.2,8.57,25.43,34.01,17.81
M Morkel,IPL,70,1642,2136,88,738,57,13,273.7,7.81,24.27,44.95,18.66
Mohammad Irfan,ODI,60,3120,2618,88,1877,94,11,520.0,5.03,29.75,60.16,35.45
Fatima Sana,ODI,57,2476,2315,88,1379,77,18,412.7,5.61,26.31,55.69,28.14
E Chigumbura,ODI,108,3581,3551,88,1892,172,26,596.8,5.95,40.35,52.83,40.69
HH Pandya,IPL,115,1762,2788,88,610,90,10,293.7,9.49,31.68,34.62,20.02
Mohammad Amir,ODI,59,2963,2432,88,1727,68,10,493.8,4.92,27.64,58.29,33.67
CK Langeveldt,ODI,61,3025,2660,88,1715,67,35,504.2,5.28,30.23,56.69,34.38
DJG Sammy,ODI,115,4840,3842,87,2552,51,8,806.7,4.76,44.16,52.73,55.63
Rohan Mustafa,ODI,74,3484,2654,87,1876,24,0,580.7,4.57,30.51,53.85,40.05
RW Price,ODI,76,4102,2855,87,2341,74,1,683.7,4.18,32.82,57.07,47.15
CE Dean,ODI,52,2486,1984,87,1411,72,2,414.3,4.79,22.8,56.76,28.57
R Shepherd,T20I,72,1337,2257,87,404,102,5,222.8,10.13,25.94,30.22,15.37
W Mwatile,T20I,85,1734,1324,86,1122,146,8,289.0,4.58,15.4,64.71,20.16
Wahab Riaz,Test,27,5165,2958,86,3685,36,147,860.8,3.44,34.4,71.35,60.06
P Kumar,ODI,67,3246,2858,86,1879,91,4,541.0,5.28,33.23,57.89,37.74
K Rabada,T20I,76,1649,2328,86,704,84,16,274.8,8.47,27.07,42.69,19.17
C de Lange,T20I,76,1634,1423,86,770,36,18,272.3,5.23,16.55,47.12,19.0
M Theekshana,T20I,78,1761,2115,86,688,47,2,293.5,7.21,24.59,39.07,20.48
Imran Tahir,IPL,59,1317,1729,86,451,23,1,219.5,7.88,20.1,34.24,15.31
DJG Sammy,Test,37,6234,3066,86,4693,11,18,1039.0,2.95,35.65,75.28,72.49
AM Kimote,T20I,67,1101,1329,85,497,38,3,183.5,7.24,15.64,45.14,12.95
CA Young,T20I,63,1284,1782,85,511,37,5,214.0,8.33,20.96,39.8,15.11
AJ Hall,ODI,52,2565,1989,85,1481,56,17,427.5,4.65,23.4,57.74,30.18
M Akayezu,T20I,67,1239,1691,85,562,121,23,206.5,8.19,19.89,45.36,14.58
L Balaji,IPL,73,1516,2083,85,582,58,4,252.7,8.24,24.51,38.39,17.84
SM Boland,Test,19,3210,1607,85,2456,4,19,535.0,3.0,18.91,76.51,37.76
I Ranaweera,ODI,69,3270,2516,84,1799,56,5,545.0,4.62,29.95,55.02,38.93
Shadab Khan,ODI,62,3155,2802,84,1488,21,1,525.8,5.33,33.36,47.16,37.56
S Sreesanth,Test,26,5309,3294,84,3914,28,100,884.8,3.72,39.21,73.72,63.2
PJ Cummins,IPL,75,1691,2550,84,639,66,2,281.8,9.05,30.36,37.79,20.13
R McLaren,ODI,50,2357,2101,84,1294,109,8,392.8,5.35,25.01,54.9,28.06
Vraj Patel,T20I,57,1242,1129,84,643,26,0,207.0,5.45,13.44,51.77,14.79
MA Starc,T20I,65,1463,1961,83,700,96,5,243.8,8.04,23.63,47.85,17.63
Sikandar Raza,ODI,100,4171,3476,83,2058,86,5,695.2,5.0,41.88,49.34,50.25
Hasan Ali,Test,25,4397,2267,83,3405,12,42,732.8,3.09,27.31,77.44,52.98
EA Perry,ODI,81,3079,2382,83,1935,151,18,513.2,4.64,28.7,62.85,37.1
Mahmudullah,ODI,137,3984,3605,83,1821,102,1,664.0,5.43,43.43,45.71,48.0
LMM Tahuhu,T20I,82,1479,1689,83,748,85,3,246.5,6.85,20.35,50.57,17.82
A Symonds,ODI,92,3407,2945,83,1663,69,5,567.8,5.19,35.48,48.81,41.05
BM Scholtz,T20I,77,1618,1722,83,657,18,0,269.7,6.39,20.75,40.61,19.49
T Natarajan,IPL,73,1554,2411,83,492,77,1,259.0,9.31,29.05,31.66,18.72
GH Dockrell,T20I,78,1323,1526,82,475,33,0,220.5,6.92,18.61,35.9,16.13
AB Dinda,IPL,75,1530,2103,82,648,59,14,255.0,8.25,25.65,42.35,18.66
R Bhatia,IPL,91,1638,2059,82,467,23,2,273.0,7.54,25.11,28.51,19.98
N de Klerk,ODI,61,2511,2228,82,1414,92,7,418.5,5.32,27.17,56.31,30.62
C Sutthiruang,T20I,97,1616,1265,82,1025,97,9,269.3,4.7,15.43,63.43,19.71
MM Patel,IPL,63,1366,1733,82,612,16,11,227.7,7.61,21.13,44.8,16.66
MJ Santner,Test,31,5556,2698,82,4115,0,5,926.0,2.91,32.9,74.06,67.76
N Mlaba,T20I,75,1534,1673,82,689,35,3,255.7,6.54,20.4,44.92,18.71
G Wareham,T20I,70,1197,1246,81,514,35,1,199.5,6.25,15.38,42.94,14.78
Yasim Murtaza,T20I,67,1419,1537,81,618,26,3,236.5,6.5,18.98,43.55,17.52
KA Green,T20I,74,1481,1103,81,907,108,3,246.8,4.47,13.62,61.24,18.28
RP Singh,ODI,60,2736,2529,81,1589,143,9,456.0,5.55,31.22,58.08,33.78
K Kunwar,T20I,65,1147,840,81,737,67,4,191.2,4.39,10.37,64.25,14.16
Nahida Akter,ODI,52,2501,1660,81,1493,18,0,416.8,3.98,20.49,59.7,30.88
KA Pollard,IPL,107,1496,2200,81,422,90,8,249.3,8.82,27.16,28.21,18.47
JL Pattinson,Test,21,4012,2252,81,3077,37,48,668.7,3.37,27.8,76.69,49.53
JE Root,Test,125,6273,3648,81,4422,8,1,1045.5,3.49,45.04,70.49,77.44
S Sreesanth,ODI,49,2405,2388,81,1347,76,37,400.8,5.96,29.48,56.01,29.69
KA Jamieson,Test,19,3576,1635,81,2891,29,18,596.0,2.74,20.19,80.84,44.15
MA Starc,IPL,52,1119,1659,81,473,57,7,186.5,8.9,20.48,42.27,13.81
MNM Aslam,T20I,68,1415,1464,80,635,15,2,235.8,6.21,18.3,44.88,17.69
JA Warrican,Test,22,4412,2280,80,3125,0,16,735.3,3.1,28.5,70.83,55.15
Hasan Ali,T20I,55,1146,1683,80,434,26,15,191.0,8.81,21.04,37.87,14.32
M Theekshana,ODI,49,2456,1855,79,1391,50,12,409.3,4.53,23.48,56.64,31.09
JR Hazlewood,T20I,57,1314,1659,79,628,29,8,219.0,7.58,21.0,47.79,16.63
MVT Fernando,Test,27,4274,2619,79,3067,30,9,712.3,3.68,33.15,71.76,54.1
Mohammad Amir,T20I,61,1329,1635,79,625,53,1,221.5,7.38,20.7,47.03,16.82
Saad Bin Zafar,T20I,61,1296,1352,79,599,31,0,216.0,6.26,17.11,46.22,16.41
GJ Maxwell,ODI,115,3852,3557,79,1717,63,0,642.0,5.54,45.03,44.57,48.76
HMRKB Herath,ODI,63,3027,2263,79,1532,26,1,504.5,4.49,28.65,50.61,38.32
Aqib Iqbal,T20I,60,1293,1570,79,627,82,2,215.5,7.29,19.87,48.49,16.37
MA Wood,ODI,65,3288,3131,79,1753,89,4,548.0,5.71,39.63,53.32,41.62
RJ Sidebottom,Test,20,4699,2317,79,3705,7,7,783.2,2.96,29.33,78.85,59.48
A Nel,Test,24,4950,2650,79,3799,19,9,825.0,3.21,33.54,76.75,62.66
AR Patel,ODI,66,3288,2499,78,1833,25,1,548.0,4.56,32.04,55.75,42.15
AH Maqsood,T20I,71,1301,1242,78,588,41,7,216.8,5.73,15.92,45.2,16.68
OE Robinson,Test,20,3873,1834,78,2991,5,77,645.5,2.84,23.51,77.23,49.65
Poonam Yadav,T20I,57,1251,1214,78,500,12,3,208.5,5.82,15.56,39.97,16.04
TA Boult,T20I,59,1346,1786,78,615,48,5,224.3,7.96,22.9,45.69,17.26
RS Gayakwad,ODI,46,2458,1627,78,1478,17,2,409.7,3.97,20.86,60.13,31.51
JC Archer,IPL,62,1450,1980,78,659,59,10,241.7,8.19,25.38,45.45,18.59
NR Sciver,T20I,87,1383,1516,78,601,53,3,230.5,6.58,19.44,43.46,17.73
DAJ Bracewell,Test,28,5207,2917,77,3863,27,44,867.8,3.36,37.88,74.19,67.62
SR Taylor,ODI,85,3142,2398,77,1728,71,7,523.7,4.58,31.14,55.0,40.81
Mohammed Siraj,ODI,48,2198,1927,77,1379,73,1,366.3,5.26,25.03,62.74,28.55
CA Young,ODI,39,2028,1869,77,1179,63,10,338.0,5.53,24.27,58.14,26.34
J Botha,ODI,71,3631,2839,77,1749,42,6,605.2,4.69,36.87,48.17,47.16
A Bohara,T20I,57,1171,1484,77,410,28,1,195.2,7.6,19.27,35.01,15.21
Imad Wasim,T20I,70,1464,1547,77,624,28,0,244.0,6.34,20.09,42.62,19.01
Salma Khatun,T20I,66,1363,1178,77,717,32,0,227.2,5.19,15.3,52.6,17.7
JM Kerr,ODI,50,2349,1748,77,1396,74,7,391.5,4.46,22.7,59.43,30.51
SC Williams,ODI,111,4179,3552,77,2043,65,12,696.5,5.1,46.13,48.89,54.27
A Mishra,Test,22,5188,2791,76,3700,1,85,864.7,3.23,36.72,71.32,68.26
SB Styris,ODI,93,3219,2544,76,1718,46,2,536.5,4.74,33.47,53.37,42.36
TT Bresnan,Test,23,4678,2435,76,3629,24,3,779.7,3.12,32.04,77.58,61.55
BA Stokes,ODI,87,3103,3206,76,1402,114,17,517.2,6.2,42.18,45.18,40.83
RJ Peterson,ODI,62,2775,2280,76,1406,23,1,462.5,4.93,30.0,50.67,36.51
AM Fernando,Test,23,3517,2205,76,2474,28,13,586.2,3.76,29.01,70.34,46.28
AC Jayangani,T20I,82,1331,1500,76,489,33,4,221.8,6.76,19.74,36.74,17.51
Nashra Sandhu,T20I,69,1549,1450,76,687,19,2,258.2,5.62,19.08,44.35,20.38
RD Chahar,IPL,79,1695,2220,76,596,33,1,282.5,7.86,29.21,35.16,22.3
Syed Aziz,T20I,72,1260,1548,76,585,90,10,210.0,7.37,20.37,46.43,16.58
Kuldeep Yadav,Test,17,2894,1769,76,2048,2,1,482.3,3.67,23.28,70.77,38.08
LH Ferguson,T20I,51,1070,1327,76,518,51,9,178.3,7.44,17.46,48.41,14.08
JP Faulkner,IPL,60,1243,1849,76,440,44,5,207.2,8.93,24.33,35.4,16.36
Washeem Abbas,T20I,49,1037,1424,75,428,68,2,172.8,8.24,18.99,41.27,13.83
AG Cremer,ODI,67,3198,2627,75,1617,33,2,533.0,4.93,35.03,50.56,42.64
SCG MacGill,Test,17,4379,2477,75,3258,3,26,729.8,3.39,33.03,74.4,58.39
J Nkomo,T20I,56,1090,967,75,652,73,10,181.7,5.32,12.89,59.82,14.53
PZ Kamunya,T20I,47,1016,669,75,636,27,1,169.3,3.95,8.92,62.6,13.55
RE van der Merwe,T20I,66,1267,1404,75,497,16,0,211.2,6.65,18.72,39.23,16.89
T Shamsi,ODI,52,2702,2543,75,1316,78,5,450.3,5.65,33.91,48.7,36.03
SR Watson,Test,52,5358,2547,75,4259,13,13,893.0,2.85,33.96,79.49,71.44
Abdul Majid Abbasi,T20I,74,1577,1493,75,796,7,1,262.8,5.68,19.91,50.48,21.03
MJ McClenaghan,IPL,56,1283,1839,75,534,63,9,213.8,8.6,24.52,41.62,17.11
CV Varun,T20I,43,963,1236,75,389,14,0,160.5,7.7,16.48,40.39,12.84
Sohail Tanvir,ODI,59,2931,2618,75,1713,157,28,488.5,5.36,34.91,58.44,39.08
N Senamontree,T20I,49,1078,988,75,595,17,0,179.7,5.5,13.17,55.19,14.37
JH Kallis,IPL,89,1751,2348,74,640,48,9,291.8,8.05,31.73,36.55,23.66
Rosine Irera,T20I,57,1128,731,74,700,19,2,188.0,3.89,9.88,62.06,15.24
Shahadat Hossain,Test,34,4903,3400,74,3324,26,106,817.2,4.16,45.95,67.8,66.26
AR McBrine,ODI,68,3373,2753,74,1764,25,1,562.2,4.9,37.2,52.3,45.58
MA Leask,ODI,72,2467,2081,74,1296,50,1,411.2,5.06,28.12,52.53,33.34
KDU Prabodhani,T20I,77,1529,1498,74,768,40,8,254.8,5.88,20.24,50.23,20.66
A Khaka,T20I,74,1533,1832,74,623,64,4,255.5,7.17,24.76,40.64,20.72
Mohammad Nawaz,T20I,62,1186,1463,74,417,18,2,197.7,7.4,19.77,35.16,16.03
JP Duminy,ODI,131,3391,3094,74,1519,69,4,565.2,5.47,41.81,44.8,45.82
Renuka Singh,T20I,62,1388,1587,74,685,67,2,231.3,6.86,21.45,49.35,18.76
Mustafizur Rahman,IPL,60,1372,1879,74,511,47,8,228.7,8.22,25.39,37.24,18.54
Iftikhar Anjum,ODI,55,2683,2245,73,1573,40,5,447.2,5.02,30.75,58.63,36.75
R Trumpelmann,ODI,47,2258,1826,73,1435,105,2,376.3,4.85,25.01,63.55,30.93
WPUJC Vaas,Test,25,4545,2196,73,3502,4,59,757.5,2.9,30.08,77.05,62.26
BAW Mendis,Test,19,4781,2507,73,3411,1,51,796.8,3.15,34.34,71.34,65.49
Mohammad Sami,ODI,48,2442,2056,73,1477,105,66,407.0,5.05,28.16,60.48,33.45
JR Hopes,ODI,74,3105,2414,73,1698,27,2,517.5,4.66,33.07,54.69,42.53
RTM Mendis,Test,16,4179,2296,73,2866,0,6,696.5,3.3,31.45,68.58,57.25
SK Trivedi,IPL,75,1515,1944,73,528,42,9,252.5,7.7,26.63,34.85,20.75
GH Dockrell,ODI,76,3191,2677,73,1662,64,0,531.8,5.03,36.67,52.08,43.71
Shafiul Islam,ODI,58,2476,2528,73,1367,89,6,412.7,6.13,34.63,55.21,33.92
WK Dilhari,T20I,77,1326,1425,73,513,40,4,221.0,6.45,19.52,38.69,18.16
SA Okpe,T20I,72,1265,1228,73,580,23,1,210.8,5.82,16.82,45.85,17.33
L Embuldeniya,Test,17,4879,2659,73,3463,1,34,813.2,3.27,36.42,70.98,66.84
KTGD Prasad,Test,24,4144,2606,73,2898,30,47,690.7,3.77,35.7,69.93,56.77
Mahedi Hasan,T20I,67,1438,1641,73,616,26,5,239.7,6.85,22.48,42.84,19.7
Q Abel,T20I,40,818,643,73,480,31,1,136.3,4.72,8.81,58.68,11.21
KMDN Kulasekara,T20I,56,1188,1492,72,527,46,5,198.0,7.54,20.72,44.36,16.5
AD Russell,ODI,54,2273,2235,72,1181,89,19,378.8,5.9,31.04,51.96,31.57
Sana Mir,ODI,43,2251,1568,72,1360,48,3,375.2,4.18,21.78,60.42,31.26
R Ashwin,T20I,62,1384,1634,72,574,48,4,230.7,7.08,22.69,41.47,19.22
S Shillingford,Test,16,4709,2534,72,3395,0,15,784.8,3.23,35.19,72.1,65.4
Chan Ka Man,T20I,63,1271,943,72,702,18,3,211.8,4.45,13.1,55.23,17.65
Rumana Ahmed,T20I,60,1084,1019,72,457,11,1,180.7,5.64,14.15,42.16,15.06
S Akiteng,T20I,55,1223,952,72,683,38,16,203.8,4.67,13.22,55.85,16.99
MG Erasmus,T20I,61,1047,1075,72,456,37,0,174.5,6.16,14.93,43.55,14.54
P Aho,T20I,59,1094,1151,72,600,90,7,182.3,6.31,15.99,54.84,15.19
Abbas Afridi,PSL,48,937,1540,71,317,41,9,156.2,9.86,21.69,33.83,13.2
Shakib Al Hasan,IPL,70,1484,1864,71,523,31,0,247.3,7.54,26.25,35.24,20.9
JJ Smit,T20I,49,1006,1183,71,438,49,2,167.7,7.06,16.66,43.54,14.17
BMSM Kumari,T20I,81,1642,1679,71,754,53,0,273.7,6.14,23.65,45.92,23.13
DS Airee,T20I,67,1174,1216,71,508,16,2,195.7,6.21,17.13,43.27,16.54
KA Maharaj,ODI,53,2767,2217,71,1382,21,2,461.2,4.81,31.23,49.95,38.97
Junaid Khan,Test,22,4629,2338,71,3498,13,24,771.5,3.03,32.93,75.57,65.2
CW Perchard,T20I,42,894,938,71,400,22,0,149.0,6.3,13.21,44.74,12.59
JDS Neesham,ODI,71,2398,2573,71,1168,114,10,399.7,6.44,36.24,48.71,33.77
SL Malinga,Test,22,3955,2619,71,2738,23,164,659.2,3.97,36.89,69.23,55.7
NL McCullum,ODI,81,3537,2971,71,1723,33,1,589.5,5.04,41.85,48.71,49.82
LM Kasperek,T20I,44,942,1068,71,357,9,0,157.0,6.8,15.04,37.9,13.27
F Nsubuga,T20I,63,1291,1018,71,784,7,1,215.2,4.73,14.34,60.73,18.18
N Pradeep,Test,28,5161,3088,71,3672,22,84,860.2,3.59,43.49,71.15,72.69
A Nortje,Test,19,3070,1995,71,2236,20,13,511.7,3.9,28.1,72.83,43.24
KE Bryce,T20I,54,1098,905,71,624,42,0,183.0,4.95,12.75,56.83,15.46
G Matome,T20I,53,1089,793,70,714,74,6,181.5,4.37,11.33,65.56,15.56
Yasin Patel,T20I,54,1202,1218,70,594,35,0,200.3,6.08,17.4,49.42,17.17
DJ Bravo,Test,30,5466,2983,70,4059,34,37,911.0,3.27,42.61,74.26,78.09
Fahima Khatun,T20I,79,1345,1329,70,568,22,2,224.2,5.93,18.99,42.23,19.21
AAP Atkinson,Test,16,2731,1710,70,1977,19,33,455.2,3.76,24.43,72.39,39.01
SR Harmer,Test,14,3135,1561,70,2347,0,1,522.5,2.99,22.3,74.86,44.79
Shoaib Bashir,Test,18,4201,2710,69,2799,2,2,700.2,3.87,39.28,66.63,60.88
N Mlaba,ODI,53,2574,2142,69,1394,53,1,429.0,4.99,31.04,54.16,37.3
J Little,T20I,59,1323,1695,69,584,56,1,220.5,7.69,24.57,44.14,19.17
PJ Cummins,T20I,55,1216,1545,69,519,53,4,202.7,7.62,22.39,42.68,17.62
S Vijay Unni,T20I,68,1261,1313,69,567,19,2,210.2,6.25,19.03,44.96,18.28
SR Taylor,T20I,64,1166,1187,69,477,36,0,194.3,6.11,17.2,40.91,16.9
T Shadrack,T20I,53,1083,750,69,735,56,8,180.5,4.16,10.87,67.87,15.7
N Pradeep,ODI,45,2251,2320,69,1148,51,8,375.2,6.18,33.62,51.0,32.62
IDR Bradshaw,ODI,48,2465,1777,69,1553,72,19,410.8,4.33,25.75,63.0,35.72
Mahirah Izzati Ismail,T20I,54,1125,895,68,569,27,6,187.5,4.77,13.16,50.58,16.54
D van Niekerk,ODI,58,2544,1526,68,1580,31,8,424.0,3.6,22.44,62.11,37.41
D Wiese,T20I,51,1018,1212,68,414,32,0,169.7,7.14,17.82,40.67,14.97
Sajid Khan,Test,14,3294,1941,68,2289,4,0,549.0,3.54,28.54,69.49,48.44
Usama Mir,PSL,56,1179,1645,68,393,17,0,196.5,8.37,24.19,33.33,17.34
Sadia Iqbal,T20I,51,1190,1156,68,568,30,0,198.3,5.83,17.0,47.73,17.5
SM Curran,T20I,70,1251,1879,68,421,65,4,208.5,9.01,27.63,33.65,18.4
E Rukiriza,T20I,60,1106,1255,67,503,35,1,184.3,6.81,18.73,45.48,16.51
Sohail Tanvir,PSL,58,1276,1738,67,529,53,5,212.7,8.17,25.94,41.46,19.04
Kaleem Sana,T20I,42,883,938,67,491,50,5,147.2,6.37,14.0,55.61,13.18
IS Sodhi,ODI,50,2559,2374,67,1166,26,2,426.5,5.57,35.43,45.56,38.19
IKEG Artawan,T20I,73,1181,1345,67,485,39,5,196.8,6.83,20.07,41.07,17.63
O Prendergast,T20I,65,1225,1181,67,700,73,2,204.2,5.78,17.63,57.14,18.28
AF Milne,T20I,53,1142,1620,67,491,43,7,190.3,8.51,24.18,42.99,17.04
Ishtiaq Ahmad,T20I,41,886,1036,67,430,46,8,147.7,7.02,15.46,48.53,13.22
A Sutherland,ODI,48,1763,1426,67,1042,82,8,293.8,4.85,21.28,59.1,26.31
M Muralitharan,IPL,66,1530,1765,67,643,51,2,255.0,6.92,26.34,42.03,22.84
DW Steyn,T20I,46,1000,1210,67,470,44,3,166.7,7.26,18.06,47.0,14.93
WB Rankin,ODI,47,2367,1996,67,1441,122,10,394.5,5.06,29.79,60.88,35.33
JDS Neesham,T20I,73,1012,1565,67,342,42,3,168.7,9.28,23.36,33.79,15.1
CA Soper,ODI,50,2331,1774,67,1445,49,2,388.5,4.57,26.48,61.99,34.79
AJ Hosein,ODI,40,2225,1801,67,1195,39,9,370.8,4.86,26.88,53.71,33.21
MR Adair,ODI,47,2230,2179,67,1265,118,5,371.7,5.86,32.52,56.73,33.28
Shoriful Islam,T20I,54,1100,1523,67,464,42,4,183.3,8.31,22.73,42.18,16.42
D Maisuria,T20I,32,667,622,67,365,6,0,111.2,5.6,9.28,54.72,9.96
R Ngarava,ODI,45,2127,1946,66,1232,75,9,354.5,5.49,29.48,57.92,32.23
SN Thakur,ODI,45,1918,2010,66,994,70,14,319.7,6.29,30.45,51.82,29.06
SJ Harmison,ODI,46,2308,2039,66,1397,139,25,384.7,5.3,30.89,60.53,34.97
JR Hazlewood,IPL,45,1010,1433,66,452,25,2,168.3,8.51,21.71,44.75,15.3
MG Johnson,IPL,54,1244,1740,66,557,57,9,207.3,8.39,26.36,44.77,18.85
SW Tait,ODI,34,1708,1533,66,1045,125,20,284.7,5.39,23.23,61.18,25.88
JO Holder,IPL,50,1093,1601,66,380,54,3,182.2,8.79,24.26,34.77,16.56
MN Samuels,ODI,98,3633,2952,66,1812,59,1,605.5,4.88,44.73,49.88,55.05
CB Mpofu,ODI,64,3030,2898,66,1711,128,3,505.0,5.74,43.91,56.47,45.91
NM Hauritz,Test,17,4253,2286,65,3168,2,52,708.8,3.23,35.17,74.49,65.43
SCJ Broad,T20I,54,1164,1521,65,506,29,9,194.0,7.84,23.4,43.47,17.91
DE Bollinger,ODI,39,1964,1530,65,1205,51,23,327.3,4.67,23.54,61.35,30.22
A Mishra,ODI,31,1781,1442,65,985,24,8,296.8,4.86,22.18,55.31,27.4
E Bisht,ODI,36,1957,1293,65,1206,13,3,326.2,3.96,19.89,61.62,30.11
P Vastrakar,T20I,66,1172,1272,65,581,46,6,195.3,6.51,19.57,49.57,18.03
DJS Dottin,T20I,47,837,1026,65,379,76,9,139.5,7.35,15.78,45.28,12.88
LM Jongwe,T20I,52,939,1339,65,288,42,9,156.5,8.56,20.6,30.67,14.45
Mohammad Hafeez,T20I,78,1238,1386,65,490,26,1,206.3,6.72,21.32,39.58,19.05
Poonam Yadav,ODI,49,2579,1773,65,1451,21,1,429.8,4.12,27.28,56.26,39.68
BJ McCarthy,T20I,59,1267,1847,65,481,65,6,211.2,8.75,28.42,37.96,19.49
S Thakor,T20I,51,967,907,64,504,31,1,161.2,5.63,14.17,52.12,15.11
JA Diergaardt,T20I,62,1058,1007,64,526,61,9,176.3,5.71,15.73,49.72,16.53
B Kumar,Test,21,3351,1716,64,2624,12,3,558.5,3.07,26.81,78.3,52.36
J Little,ODI,39,1993,2115,64,1034,77,14,332.2,6.37,33.05,51.88,31.14
SR Magar,T20I,54,1034,831,64,520,34,3,172.3,4.82,12.98,50.29,16.16
TL Chatara,T20I,53,1136,1403,64,513,41,5,189.3,7.41,21.92,45.16,17.75
Rishad Hossain,T20I,50,1020,1406,64,387,15,0,170.0,8.27,21.97,37.94,15.94
Ravi Bishnoi,T20I,40,925,1152,64,402,37,3,154.2,7.47,18.0,43.46,14.45
A Ikuzwe,T20I,53,977,810,64,566,52,1,162.8,4.97,12.66,57.93,15.27
NR Sciver,ODI,73,2385,1859,64,1375,84,3,397.5,4.68,29.05,57.65,37.27
LN Oluoch,T20I,56,1000,1223,64,488,62,6,166.7,7.34,19.11,48.8,15.62
AU Rashid,Test,18,3818,2455,64,2462,0,2,636.3,3.86,38.36,64.48,59.66
Diana Baig,ODI,64,2680,2327,64,1596,118,13,446.7,5.21,36.36,59.55,41.88
A Dutt,ODI,50,2439,1985,64,1437,26,1,406.5,4.88,31.02,58.92,38.11
K Fraser,T20I,51,975,887,64,479,22,1,162.5,5.46,13.86,49.13,15.23
Zahoor Khan,T20I,46,1013,1184,64,385,40,8,168.8,7.01,18.5,38.01,15.83
NL McCullum,T20I,59,1123,1291,63,408,14,0,187.2,6.9,20.49,36.33,17.83
P Maya,T20I,64,923,882,63,517,54,12,153.8,5.73,14.0,56.01,14.65
A Nortje,IPL,49,1128,1740,63,453,41,8,188.0,9.26,27.62,40.16,17.9
IK Gamantika,T20I,58,1042,1045,63,462,26,3,173.7,6.02,16.59,44.34,16.54
CE Dean,T20I,44,943,1096,63,406,27,1,157.2,6.97,17.4,43.05,14.97
N de Klerk,T20I,70,1265,1631,63,481,59,8,210.8,7.74,25.89,38.02,20.08
XJ Doherty,ODI,55,2746,2212,63,1402,27,1,457.7,4.83,35.11,51.06,43.59
M Wai Siu,T20I,56,1046,860,63,634,75,2,174.3,4.93,13.65,60.61,16.6
S Kaul,IPL,55,1215,1772,63,410,23,6,202.5,8.75,28.13,33.74,19.29
LH Ferguson,IPL,50,1059,1615,63,409,44,9,176.5,9.15,25.63,38.62,16.81
WD Parnell,T20I,55,1103,1538,63,428,40,9,183.8,8.37,24.41,38.8,17.51
SM Curran,IPL,63,1260,2059,63,414,48,7,210.0,9.8,32.68,32.86,20.0
AS Joseph,T20I,43,983,1541,63,383,42,11,163.8,9.41,24.46,38.96,15.6
PA van Meekeren,ODI,34,1714,1583,63,964,71,6,285.7,5.54,25.13,56.24,27.21
SA Jumbe,T20I,57,1000,1320,63,425,39,11,166.7,7.92,20.95,42.5,15.87
JC Tredwell,ODI,43,2062,1670,63,1081,6,0,343.7,4.86,26.51,52.42,32.73
BJ McMullen,ODI,36,1723,1323,63,1108,32,8,287.2,4.61,21.0,64.31,27.35
YM Nkanya,T20I,46,921,820,62,476,14,0,153.5,5.34,13.23,51.68,14.85
Nida Dar,ODI,64,2865,2224,62,1602,52,1,477.5,4.66,35.87,55.92,46.21
Imran Tahir,T20I,37,828,950,62,281,25,1,138.0,6.88,15.32,33.94,13.35
JC Archer,T20I,45,995,1400,62,446,39,1,165.8,8.44,22.58,44.82,16.05
Naseem Shah,Test,20,3464,2190,62,2481,11,53,577.3,3.79,35.32,71.62,55.87
S Chaturongrattana,T20I,47,836,636,62,472,14,1,139.3,4.56,10.26,56.46,13.48
NP Kenjige,ODI,57,2805,1995,62,1617,15,2,467.5,4.27,32.18,57.65,45.24
Faheem Ashraf,T20I,72,1147,1532,62,459,18,4,191.2,8.01,24.71,40.02,18.5
Muhammad Nadir,T20I,54,1234,1095,62,654,25,6,205.7,5.32,17.66,53.0,19.9
JA Duffy,T20I,45,916,1246,62,428,48,2,152.7,8.16,20.1,46.72,14.77
A Nortje,T20I,45,964,1237,62,433,27,4,160.7,7.7,19.95,44.92,15.55
IE O'Brien,Test,19,3783,2212,62,2869,11,18,630.5,3.51,35.68,75.84,61.02
HM Rowe,ODI,51,2068,1667,62,1234,119,2,344.7,4.84,26.89,59.67,33.35
AD Russell,T20I,73,1190,1895,62,418,44,7,198.3,9.55,30.56,35.13,19.19
J Miyaji,T20I,39,787,849,62,423,43,18,131.2,6.47,13.69,53.75,12.69
Mohammad Wasim,PSL,51,1100,1803,61,351,46,2,183.3,9.83,29.56,31.91,18.03
B Muzarabani,ODI,47,2343,2070,61,1332,84,12,390.5,5.3,33.93,56.85,38.41
RC Belbashi,T20I,68,1210,904,61,657,26,1,201.7,4.48,14.82,54.3,19.84
I Nakisuuyi,T20I,52,1020,852,61,539,42,0,170.0,5.01,13.97,52.84,16.72
Naseem Shah,ODI,31,1630,1556,61,906,59,13,271.7,5.73,25.51,55.58,26.72
JC Archer,Test,18,3640,1972,61,2803,15,20,606.7,3.25,32.33,77.01,59.67
JC Archer,ODI,34,1788,1528,61,1100,72,7,298.0,5.13,25.05,61.52,29.31
Rahat Ali,Test,21,4241,2333,61,3169,19,14,706.8,3.3,38.25,74.72,69.52
S Rana,ODI,38,1935,1641,61,975,24,1,322.5,5.09,26.9,50.39,31.72
D Olivier,Test,16,2305,1498,61,1690,8,13,384.2,3.9,24.56,73.32,37.79
S Dharnidharka,T20I,59,930,839,61,571,96,6,155.0,5.41,13.75,61.4,15.25
NT Ellis,T20I,36,754,995,61,302,41,1,125.7,7.92,16.31,40.05,12.36
Imran Khan,T20I,55,998,1212,61,466,37,1,166.3,7.29,19.87,46.69,16.36
Ahmed Raza,ODI,47,2495,1757,61,1428,28,1,415.8,4.23,28.8,57.23,40.9
BAW Mendis,T20I,37,839,945,61,339,12,2,139.8,6.76,15.49,40.41,13.75
Imran Tahir,PSL,42,936,1113,60,309,17,0,156.0,7.13,18.55,33.01,15.6
PVD Chameera,ODI,52,2241,2128,60,1260,71,8,373.5,5.7,35.47,56.22,37.35
S Siegers,T20I,67,1325,1317,60,626,38,20,220.8,5.96,21.95,47.25,22.08
R Abdulkareem,T20I,47,737,807,60,335,30,1,122.8,6.57,13.45,45.45,12.28
KJ O'Brien,ODI,67,2322,2221,60,1244,70,2,387.0,5.74,37.02,53.57,38.7
KJ Garth,ODI,40,1731,1258,60,1136,69,6,288.5,4.36,20.97,65.63,28.85
T Panyangara,ODI,50,2599,2463,60,1486,76,33,433.2,5.69,41.05,57.18,43.32
TU Deshpande,IPL,51,1068,1813,60,390,81,7,178.0,10.19,30.22,36.52,17.8
RM Koda,T20I,64,1212,1373,60,591,48,5,202.0,6.8,22.88,48.76,20.2
SK Warne,IPL,54,1194,1465,60,442,29,0,199.0,7.36,24.42,37.02,19.9
Imran Tahir,Test,20,3955,2362,60,2716,0,30,659.2,3.58,39.37,68.67,65.92
C Kyewuta,T20I,42,833,965,60,431,53,10,138.8,6.95,16.08,51.74,13.88
SMSM Senanayake,ODI,47,2358,1892,60,1249,26,0,393.0,4.81,31.53,52.97,39.3
Noor Ahmad,IPL,47,1013,1404,60,350,37,5,168.8,8.32,23.4,34.55,16.88
KA Pollard,ODI,77,2159,2086,59,876,67,4,359.8,5.8,35.36,40.57,36.59
AF Milne,ODI,47,2185,2023,59,1232,76,3,364.2,5.56,34.29,56.38,37.03
AR Patel,Test,15,2660,1161,59,2064,0,0,443.3,2.62,19.68,77.59,45.08
Sohail Tanvir,T20I,55,1180,1457,59,505,59,14,196.7,7.41,24.69,42.8,20.0
CJ Anderson,ODI,42,1445,1494,59,706,62,0,240.8,6.2,25.32,48.86,24.49
CL Tryon,ODI,73,2693,2176,59,1480,87,1,448.8,4.85,36.88,54.96,45.64
Muslim Yar,T20I,47,948,1080,59,394,23,1,158.0,6.84,18.31,41.56,16.07
D van Niekerk,T20I,58,1060,977,59,449,13,1,176.7,5.53,16.56,42.36,17.97
S Pandey,ODI,40,1810,1274,59,1162,37,4,301.7,4.22,21.59,64.2,30.68
BA Carse,Test,14,2741,1818,59,1898,25,42,456.8,3.98,30.81,69.24,46.46
Mohammad Hasnain,PSL,46,988,1519,59,395,47,4,164.7,9.22,25.75,39.98,16.75
SFM Devine,ODI,72,2561,2117,59,1532,144,7,426.8,4.96,35.88,59.82,43.41
L Ngidi,Test,20,2590,1409,59,1988,5,12,431.7,3.26,23.88,76.76,43.9
JN Gillespie,ODI,37,1960,1364,59,1304,53,9,326.7,4.18,23.12,66.53,33.22
JN Frylinck,T20I,48,923,1097,59,364,35,2,153.8,7.13,18.59,39.44,15.64
BJ McCarthy,ODI,35,1766,1786,59,967,69,5,294.3,6.07,30.27,54.76,29.93
KA Maharaj,T20I,52,1075,1426,58,369,22,2,179.2,7.96,24.59,34.33,18.53
D Gough,ODI,38,1944,1504,58,1219,60,35,324.0,4.64,25.93,62.71,33.52
Jasdeep Singh,ODI,42,1910,1786,58,1029,49,16,318.3,5.61,30.79,53.87,32.93
RP Singh,T20I,46,844,811,58,442,29,3,140.7,5.77,13.98,52.37,14.55
B Ward,T20I,36,795,768,58,342,7,0,132.5,5.8,13.24,43.02,13.71
IS Sodhi,Test,21,4047,2563,58,2768,0,4,674.5,3.8,44.19,68.4,69.78
Sayed Monib,T20I,36,687,981,58,274,50,13,114.5,8.57,16.91,39.88,11.84
A Mohammed,ODI,43,1994,1533,58,1051,21,2,332.3,4.61,26.43,52.71,34.38
MA Leask,T20I,56,922,1185,58,349,27,1,153.7,7.71,20.43,37.85,15.9
RMS Eranga,Test,19,3932,2206,58,2850,10,41,655.3,3.37,38.03,72.48,67.79
N Vanua,T20I,43,858,1111,58,375,47,4,143.0,7.77,19.16,43.71,14.79
V Sehwag,ODI,86,2429,2083,58,1108,46,12,404.8,5.15,35.91,45.62,41.88
UWMBCA Welegedara,Test,21,3865,2296,58,2791,17,66,644.2,3.56,39.59,72.21,66.64
JJ Smit,ODI,39,1727,1268,58,1079,40,1,287.8,4.41,21.86,62.48,29.78
D Hazell,T20I,51,1131,1063,58,505,13,2,188.5,5.64,18.33,44.65,19.5
JEC Franklin,ODI,65,2510,2166,58,1418,25,49,418.3,5.18,37.34,56.49,43.28
Umaid Asif,PSL,47,1040,1496,57,379,27,0,173.3,8.63,26.25,36.44,18.25
OU Ranasinghe,T20I,53,968,1130,57,361,24,1,161.3,7.0,19.82,37.29,16.98
AC Jayangani,ODI,62,2133,1898,57,1040,43,7,355.5,5.34,33.3,48.76,37.42
TG Southee,IPL,54,1210,1774,57,475,52,4,201.7,8.8,31.12,39.26,21.23
DJS Dottin,ODI,49,1553,1376,57,887,100,9,258.8,5.32,24.14,57.12,27.25
MR Marsh,ODI,69,2199,2047,57,1098,58,4,366.5,5.59,35.91,49.93,38.58
A Mohammed,T20I,56,1159,1142,57,481,11,1,193.2,5.91,20.04,41.5,20.33
MA Wood,T20I,36,756,1099,57,324,37,4,126.0,8.72,19.28,42.86,13.26
JS Patel,Test,22,5165,2875,57,3787,0,6,860.8,3.34,50.44,73.32,90.61
Ghulam Ahmadi,T20I,47,1027,1099,57,539,13,0,171.2,6.42,19.28,52.48,18.02
G Wareham,ODI,45,1913,1430,57,1083,30,0,318.8,4.49,25.09,56.61,33.56
Rohan Mustafa,T20I,43,876,1008,57,322,17,1,146.0,6.9,17.68,36.76,15.37
LM Kasperek,ODI,32,1597,1091,57,931,25,0,266.2,4.1,19.14,58.3,28.02
Sadia Iqbal,ODI,36,1837,1251,57,1145,23,3,306.2,4.09,21.95,62.33,32.23
Zulfiqar Babar,Test,15,4480,2176,57,3298,1,2,746.7,2.91,38.18,73.62,78.6
M Mooketsi,T20I,43,941,979,56,491,23,1,156.8,6.24,17.48,52.18,16.8
A Dananjaya,ODI,38,1995,1740,56,1008,29,0,332.5,5.23,31.07,50.53,35.62
EAJ Richardson,T20I,51,983,993,56,435,14,3,163.8,6.06,17.73,44.25,17.55
RA Jadeja,T20I,68,1298,1584,56,511,29,2,216.3,7.32,28.29,39.37,23.18
N Vanua,ODI,49,2140,1880,56,1220,83,21,356.7,5.27,33.57,57.01,38.21
SS Connell,T20I,66,1183,1365,56,583,71,4,197.2,6.92,24.38,49.28,21.12
CRD Fernando,Test,22,3478,2106,56,2456,18,83,579.7,3.63,37.61,70.62,62.11
Zeeshan Maqsood,ODI,44,2132,1520,56,1192,13,3,355.3,4.28,27.14,55.91,38.07
NLTC Perera,T20I,66,1083,1702,56,319,33,5,180.5,9.43,30.39,29.46,19.34
MJ Clarke,ODI,92,2226,1868,56,988,38,1,371.0,5.04,33.36,44.38,39.75
NM Hauritz,ODI,48,2368,1918,56,1153,34,4,394.7,4.86,34.25,48.69,42.29
IK Pathan,Test,16,3187,1800,56,2411,25,29,531.2,3.39,32.14,75.65,56.91
P Useni,T20I,58,883,938,55,456,14,9,147.2,6.37,17.05,51.64,16.05
Anam Amin,T20I,50,1108,1090,55,531,28,2,184.7,5.9,19.82,47.92,20.15
HNK Jensen,T20I,44,814,947,55,332,21,0,135.7,6.98,17.22,40.79,14.8
S Badree,T20I,48,1056,1131,55,497,15,0,176.0,6.43,20.56,47.06,19.2
T van der Gugten,T20I,45,849,1096,55,352,25,2,141.5,7.75,19.93,41.46,15.44
CB Sole,ODI,29,1431,1227,55,909,72,13,238.5,5.14,22.31,63.52,26.02
K Ramharack,ODI,46,2019,1584,55,1082,44,2,336.5,4.71,28.8,53.59,36.71
MP Stoinis,T20I,55,883,1313,55,308,53,2,147.2,8.92,23.87,34.88,16.05
B Murekatete,T20I,51,840,682,55,544,90,3,140.0,4.87,12.4,64.76,15.27
DS Airee,ODI,61,2248,1539,55,1267,9,1,374.7,4.11,27.98,56.36,40.87
CAK Rajitha,Test,17,2918,1631,55,2155,11,42,486.3,3.35,29.65,73.85,53.05
AG Cremer,Test,17,3846,2517,55,2513,0,11,641.0,3.93,45.76,65.34,69.93
Mohammad Rafique,Test,18,4432,2297,55,3187,1,18,738.7,3.11,41.76,71.91,80.58
SR Watson,T20I,49,935,1230,55,348,28,5,155.8,7.89,22.36,37.22,17.0
WA Duraisingam,T20I,63,1160,1164,55,570,74,1,193.3,6.02,21.16,49.14,21.09
Naseem Shah,PSL,53,1174,1645,55,501,51,13,195.7,8.41,29.91,42.67,21.35
S Ravichandran,T20I,41,761,630,55,402,12,0,126.8,4.97,11.45,52.83,13.84
Mohammad Nawaz (3),PSL,57,1132,1363,55,471,15,0,188.7,7.22,24.78,41.61,20.58
Mohammad Rafique,ODI,57,2888,2178,55,1588,48,2,481.3,4.52,39.6,54.99,52.51
RS Gayakwad,T20I,48,983,1016,55,469,10,0,163.8,6.2,18.47,47.71,17.87
C Rububagumya,T20I,54,873,1113,55,348,59,5,145.5,7.65,20.24,39.86,15.87
C Murray,T20I,58,979,1118,55,374,46,10,163.2,6.85,20.33,38.2,17.8
JN Gillespie,Test,18,3700,1693,55,2946,15,21,616.7,2.75,30.78,79.62,67.27
Muhammad Jawadullah,T20I,33,734,958,54,318,35,7,122.3,7.83,17.74,43.32,13.59
SS Cottrell,T20I,41,864,1215,54,388,61,6,144.0,8.44,22.5,44.91,16.0
M Bibi,T20I,54,843,843,54,445,95,4,140.5,6.0,15.61,52.79,15.61
Yasir Ali,T20I,35,642,623,54,319,22,3,107.0,5.82,11.54,49.69,11.89
AL Phehlukwayo,T20I,39,752,1134,54,245,41,4,125.3,9.05,21.0,32.58,13.93
Bilal Hassun,T20I,35,698,838,54,365,36,14,116.3,7.2,15.52,52.29,12.93
Rumman Raees,PSL,48,981,1320,54,371,43,7,163.5,8.07,24.44,37.82,18.17
MJ Henry,T20I,38,817,1185,54,360,27,2,136.2,8.7,21.94,44.06,15.13
C Murray,ODI,33,1566,1549,54,721,56,11,261.0,5.93,28.69,46.04,29.0
DE Bollinger,Test,12,2444,1379,54,1866,12,43,407.3,3.39,25.54,76.35,45.26
GJ Maxwell,T20I,85,1110,1534,54,348,21,5,185.0,8.29,28.41,31.35,20.56
AC Agar,T20I,48,1018,1131,54,363,12,0,169.7,6.67,20.94,35.66,18.85
Ainna Hamizah Hashim,T20I,67,1135,1081,54,584,59,4,189.2,5.71,20.02,51.45,21.02
S Nadeem,IPL,70,1419,1800,54,469,25,4,236.5,7.61,33.33,33.05,26.28
LA Marsh,ODI,39,2027,1414,53,1202,21,0,337.8,4.19,26.68,59.3,38.25
Mohammad Sami,PSL,36,775,925,53,354,20,7,129.2,7.16,17.45,45.68,14.62
RP Burl,T20I,64,975,1207,53,368,28,0,162.5,7.43,22.77,37.74,18.4
Qamar Mushtaque,T20I,33,610,719,53,280,40,5,101.7,7.07,13.57,45.9,11.51
S Gopal,IPL,51,992,1358,53,326,8,1,165.3,8.21,25.62,32.86,18.72
LK Bell,T20I,36,774,942,53,358,50,4,129.0,7.3,17.77,46.25,14.6
Syed Rasel,ODI,40,2063,1634,53,1275,32,30,343.8,4.75,30.83,61.8,38.92
Nur Dania Syuhada,T20I,53,985,858,53,484,22,1,164.2,5.23,16.19,49.14,18.58
M Pathirana,IPL,32,704,1047,53,260,83,2,117.3,8.92,19.75,36.93,13.28
HASD Siriwardene,T20I,50,1043,1073,53,414,21,0,173.8,6.17,20.25,39.69,19.68
Mohammad Hafeez,Test,43,3719,1745,53,2701,1,0,619.8,2.82,32.92,72.63,70.17
DR Smith,ODI,60,2198,1888,53,1192,59,13,366.3,5.15,35.62,54.23,41.47
FH Edwards,ODI,40,1766,1525,53,1030,84,36,294.3,5.18,28.77,58.32,33.32
Sana Mir,T20I,66,1458,1490,53,614,34,0,243.0,6.13,28.11,42.11,27.51
Salman Irshad,PSL,41,851,1391,53,253,36,3,141.8,9.81,26.25,29.73,16.06
CT Tremlett,Test,12,2950,1517,53,2265,5,48,491.7,3.09,28.62,76.78,55.66
E Sebareme,T20I,44,768,768,52,383,13,2,128.0,6.0,14.77,49.87,14.77
OC McCoy,T20I,41,815,1225,52,314,46,7,135.8,9.02,23.56,38.53,15.67
JL Gunn,T20I,40,781,857,52,298,22,1,130.2,6.58,16.48,38.16,15.02
Zeeshan Maqsood,T20I,57,998,1096,52,396,13,0,166.3,6.59,21.08,39.68,19.19
Umair Tariq,T20I,37,572,827,52,258,49,1,95.3,8.67,15.9,45.1,11.0
NM Coulter-Nile,IPL,38,866,1125,52,387,26,9,144.3,7.79,21.63,44.69,16.65
AA Alleyne,ODI,45,1438,1341,52,784,98,7,239.7,5.6,25.79,54.52,27.65
KM Jarvis,ODI,41,2020,1752,52,1181,27,18,336.7,5.2,33.69,58.47,38.85
Janak Prakash,T20I,39,815,1214,52,317,63,3,135.8,8.94,23.35,38.9,15.67
Jahanara Alam,T20I,55,979,1020,52,515,47,3,163.2,6.25,19.62,52.6,18.83
SS Cottrell,ODI,33,1586,1598,52,849,62,2,264.3,6.05,30.73,53.53,30.5
Washington Sundar,T20I,52,974,1135,52,397,26,0,162.3,6.99,21.83,40.76,18.73
LA Burns,T20I,32,701,656,52,356,21,1,116.8,5.61,12.62,50.78,13.48
M Klaas,T20I,59,1063,1416,52,415,50,5,177.2,7.99,27.23,39.04,20.44
MD Craig,Test,15,3673,2365,52,2563,1,4,612.2,3.86,45.48,69.78,70.63
MG Erasmus,ODI,49,1733,1343,52,1030,30,0,288.8,4.65,25.83,59.43,33.33
NM Coulter-Nile,ODI,31,1631,1538,52,900,39,1,271.8,5.66,29.58,55.18,31.37
Fatima Sana,T20I,50,985,1251,52,421,32,9,164.2,7.62,24.06,42.74,18.94
AJ Tye,T20I,31,688,1010,52,248,30,5,114.7,8.81,19.42,36.05,13.23
S Joseph,Test,11,1770,1165,52,1226,3,30,295.0,3.95,22.4,69.27,34.04
E Wachira,T20I,41,759,598,52,416,22,1,126.5,4.73,11.5,54.81,14.6
MR Marsh,Test,45,3533,2130,52,2544,9,50,588.8,3.62,40.96,72.01,67.94
A Shukla,T20I,53,1017,1378,52,452,55,14,169.5,8.13,26.5,44.44,19.56
Shoriful Islam,ODI,34,1566,1462,51,907,47,2,261.0,5.6,28.67,57.92,30.71
Khizar Hayat,T20I,50,968,1058,51,394,9,0,161.3,6.56,20.75,40.7,18.98
Bilal Zalmai,T20I,45,1045,1293,51,416,33,2,174.2,7.42,25.35,39.81,20.49
D Heyliger,T20I,54,975,1256,51,446,48,3,162.5,7.73,24.63,45.74,19.12
MM Ali,T20I,70,988,1381,51,330,13,1,164.7,8.39,27.08,33.4,19.37
Mariamma Hyder,T20I,46,928,807,51,480,38,2,154.7,5.22,15.82,51.72,18.2
GP Swann,T20I,37,786,863,51,286,17,0,131.0,6.59,16.92,36.39,15.41
NW Sariani,T20I,31,621,384,51,395,37,1,103.5,3.71,7.53,63.61,12.18
SP Narine,T20I,46,1041,1057,51,448,15,5,173.5,6.09,20.73,43.04,20.41
SR Clark,ODI,36,1722,1411,51,993,34,13,287.0,4.92,27.67,57.67,33.76
DR Tuffey,ODI,38,1904,1619,51,1189,65,23,317.3,5.1,31.75,62.45,37.33
Abrar Ahmed,T20I,36,788,901,51,337,11,0,131.3,6.86,17.67,42.77,15.45
Zaman Khan,PSL,39,794,1180,51,293,59,12,132.3,8.92,23.14,36.9,15.57
DBL Powell,ODI,39,2064,1677,51,1311,72,12,344.0,4.88,32.88,63.52,40.47
Taranjeet Singh,T20I,40,789,917,51,358,30,1,131.5,6.97,17.98,45.37,15.47
Mukesh Kumar,IPL,39,793,1397,51,272,45,7,132.2,10.57,27.39,34.3,15.55
A Sutherland,T20I,44,767,855,51,343,29,4,127.8,6.69,16.76,44.72,15.04
T Lungameni,ODI,34,1573,1218,51,969,38,2,262.2,4.65,23.88,61.6,30.84
DJ Willey,T20I,42,841,1202,51,342,44,0,140.2,8.58,23.57,40.67,16.49
K Irakoze,T20I,53,928,1102,51,409,32,0,154.7,7.12,21.61,44.07,18.2
Dawood Ahmadzai,T20I,39,849,894,51,411,8,3,141.5,6.32,17.53,48.41,16.65
Usman Najeeb,T20I,35,755,997,51,339,53,14,125.8,7.92,19.55,44.9,14.8
R Trumpelmann,T20I,45,907,1263,51,353,45,6,151.2,8.36,24.76,38.92,17.78
Usman Shinwari,PSL,38,805,1182,50,278,13,13,134.2,8.81,23.64,34.53,16.1
SN Shihepo,T20I,48,728,637,50,430,70,12,121.3,5.25,12.74,59.07,14.56
Abrar Ahmed,PSL,39,891,1171,50,314,16,0,148.5,7.89,23.42,35.24,17.82
JL Gunn,ODI,35,1620,1159,50,974,40,5,270.0,4.29,23.18,60.12,32.4
DJG Sammy,T20I,58,907,1118,50,319,12,3,151.2,7.4,22.36,35.17,18.14
J Coetzee,T20I,25,513,435,50,308,30,1,85.5,5.09,8.7,60.04,10.26
T Thushara,ODI,35,1545,1378,50,889,71,4,257.5,5.35,27.56,57.54,30.9
CH Morris,ODI,39,1861,1783,50,1003,65,3,310.2,5.75,35.66,53.9,37.22
GJ Delany,T20I,62,1028,1333,50,361,28,0,171.3,7.78,26.66,35.12,20.56
H Fennell,T20I,30,631,656,50,337,33,3,105.2,6.24,13.12,53.41,12.62
LN Rajbanshi,ODI,38,1882,1281,50,1147,10,1,313.7,4.08,25.62,60.95,37.64
JC Tongue,Test,9,1966,1352,50,1350,16,14,327.7,4.13,27.04,68.67,39.32
Shakeel Ahmed,ODI,22,1230,721,50,828,9,8,205.0,3.52,14.42,67.32,24.6
JA Morkel,ODI,46,1848,1736,50,918,52,17,308.0,5.64,34.72,49.68,36.96
SB Jakati,IPL,57,1087,1474,50,355,14,2,181.2,8.14,29.48,32.66,21.74
LV van Beek,ODI,32,1679,1619,50,949,80,3,279.8,5.79,32.38,56.52,33.58
Aayan Afzal Khan,ODI,38,1974,1381,50,1182,16,1,329.0,4.2,27.62,59.88,39.48
AN Kelly,ODI,35,1657,1364,50,925,35,0,276.2,4.94,27.28,55.82,33.14
VG Arora,IPL,40,834,1346,50,311,53,10,139.0,9.68,26.92,37.29,16.68
WP Masakadza,T20I,66,1187,1465,50,415,22,1,197.8,7.41,29.3,34.96,23.74
I Barma,T20I,46,823,644,50,431,16,6,137.2,4.7,12.88,52.37,16.46
PA Chatterji,T20I,58,907,874,49,460,64,3,151.2,5.78,17.84,50.72,18.51
Amna Tariq,T20I,47,943,816,49,487,39,1,157.2,5.19,16.65,51.64,19.24
K Nassoro,T20I,54,865,976,49,397,17,2,144.2,6.77,19.92,45.9,17.65
N Navaika,T20I,33,668,609,49,338,41,3,111.3,5.47,12.43,50.6,13.63
DL Brangman,T20I,34,661,632,49,354,14,0,110.2,5.74,12.9,53.56,13.49
L Tshuma,T20I,45,851,824,49,386,16,4,141.8,5.81,16.82,45.36,17.37
R Rampaul,Test,18,3473,1755,49,2602,13,33,578.8,3.03,35.82,74.92,70.88
M Morkel,T20I,43,951,1208,49,438,35,17,158.5,7.62,24.65,46.06,19.41
Fayyaz Butt,T20I,43,819,1086,49,357,37,5,136.5,7.96,22.16,43.59,16.71
C de Grandhomme,Test,29,4077,1652,49,3270,8,23,679.5,2.43,33.71,80.21,83.2
I van Zyl,T20I,50,937,755,49,539,46,4,156.2,4.83,15.41,57.52,19.12
KMDN Kulasekara,Test,20,3370,1793,49,2517,11,19,561.7,3.19,36.59,74.69,68.78
KD Mills,T20I,42,902,1237,49,376,17,5,150.3,8.23,25.24,41.69,18.41
DM Kimmince,T20I,40,810,933,49,297,42,0,135.0,6.91,19.04,36.67,16.53
DM de Silva,ODI,68,2050,1778,49,932,21,2,341.7,5.2,36.29,45.46,41.84
A Kumble,IPL,42,970,1089,49,397,13,5,161.7,6.74,22.22,40.93,19.8
Rabeya Khan,T20I,43,901,833,49,390,8,0,150.2,5.55,17.0,43.29,18.39
A Reddy,T20I,47,956,1248,49,338,26,3,159.3,7.83,25.47,35.36,19.51
Shahid Afridi,PSL,50,1012,1239,49,399,18,0,168.7,7.35,25.29,39.43,20.65
Khushi Sharma,T20I,48,748,683,49,398,33,1,124.7,5.48,13.94,53.21,15.27
HC Knight,ODI,45,1360,1020,48,745,32,2,226.7,4.5,21.25,54.78,28.33
KM Jarvis,Test,13,2532,1386,48,1885,4,20,422.0,3.28,28.88,74.45,52.75
EN Lynch,T20I,45,874,782,48,429,30,4,145.7,5.37,16.29,49.08,18.21
KJ O'Brien,T20I,34,601,719,48,235,16,2,100.2,7.18,14.98,39.1,12.52
AJ Tye,IPL,30,687,1005,48,224,27,3,114.5,8.78,20.94,32.61,14.31
LV van Beek,T20I,33,648,866,48,273,30,0,108.0,8.02,18.04,42.13,13.5
M Jansen,ODI,31,1533,1650,48,866,81,15,255.5,6.46,34.38,56.49,31.94
M Hill,T20I,52,895,761,48,471,59,13,149.2,5.1,15.85,52.63,18.65
KDA Lukies,T20I,29,640,603,48,354,14,0,106.7,5.65,12.56,55.31,13.33
Abrar Ahmed,Test,10,2635,1611,48,1813,1,4,439.2,3.67,33.56,68.8,54.9
WB Rankin,T20I,40,871,966,48,413,39,1,145.2,6.65,20.12,47.42,18.15
TJ Murtagh,ODI,31,1656,1288,48,1030,19,0,276.0,4.67,26.83,62.2,34.5
FJ Klaassen,T20I,40,850,1113,48,374,38,4,141.7,7.86,23.19,44.0,17.71
CJ Jordan,PSL,37,790,1160,48,253,34,2,131.7,8.81,24.17,32.03,16.46
RJW Topley,ODI,29,1341,1241,48,764,48,2,223.5,5.55,25.85,56.97,27.94
JW Dernbach,T20I,38,819,1199,48,323,42,7,136.5,8.78,24.98,39.44,17.06
SC Williams,T20I,69,1096,1284,48,369,18,4,182.7,7.03,26.75,33.67,22.83
JDF Vandersay,ODI,30,1428,1297,48,680,19,3,238.0,5.45,27.02,47.62,29.75
D Madushanka,ODI,24,1045,1074,48,570,49,7,174.2,6.17,22.38,54.55,21.77
S Aravind,IPL,38,761,1057,48,302,27,1,126.8,8.33,22.02,39.68,15.85
G Motie,T20I,45,864,1171,48,310,14,0,144.0,8.13,24.4,35.88,18.0
Usman Khan,T20I,30,546,648,48,242,33,2,91.0,7.12,13.5,44.32,11.38
Riazat Ali Shah,T20I,44,747,899,48,342,28,5,124.5,7.22,18.73,45.78,15.56
MP Stoinis,ODI,62,2029,2067,48,915,44,6,338.2,6.11,43.06,45.1,42.27
Nur Arianna Natsya,T20I,41,773,710,48,411,63,14,128.8,5.51,14.79,53.17,16.1
P Marange,T20I,47,946,715,48,564,41,0,157.7,4.53,14.9,59.62,19.71
Zain Ul Abidin,T20I,42,825,800,47,380,15,2,137.5,5.82,17.02,46.06,17.55
Shoaib Akhtar,Test,11,1924,1192,47,1392,5,41,320.7,3.72,25.36,72.35,40.94
Aamir Kaleem,T20I,40,660,855,47,236,11,1,110.0,7.77,18.19,35.76,14.04
Mohammad Ali,PSL,28,613,909,47,251,21,5,102.2,8.9,19.34,40.95,13.04
MP Stoinis,IPL,74,919,1531,47,267,36,2,153.2,10.0,32.57,29.05,19.55
S Tuhadeleni,T20I,30,648,571,47,364,17,0,108.0,5.29,12.15,56.17,13.79
PWH de Silva,IPL,37,798,1134,47,276,10,0,133.0,8.53,24.13,34.59,16.98
Umar Adam,T20I,36,735,919,47,337,31,1,122.5,7.5,19.55,45.85,15.64
Fitri Sham,T20I,36,749,862,47,315,13,3,124.8,6.91,18.34,42.06,15.94
A Vala,ODI,51,1999,1320,47,1161,18,1,333.2,3.96,28.09,58.08,42.53
SM Curran,Test,24,3099,1703,47,2325,14,8,516.5,3.3,36.23,75.02,65.94
Shiraz Khan,T20I,45,917,1003,47,412,24,1,152.8,6.56,21.34,44.93,19.51
TS Sekhukhune,T20I,40,735,953,47,316,29,3,122.5,7.78,20.28,42.99,15.64
V Saini,T20I,44,857,1051,47,370,73,4,142.8,7.36,22.36,43.17,18.23
OH Agbomadzie,T20I,37,772,715,47,402,14,2,128.7,5.56,15.21,52.07,16.43
RE van der Merwe,ODI,38,1936,1544,47,961,22,3,322.7,4.79,32.85,49.64,41.19
RJ Harris,IPL,37,833,1085,47,390,32,1,138.8,7.82,23.09,46.82,17.72
CJ Jordan,ODI,34,1625,1708,47,815,103,3,270.8,6.31,36.34,50.15,34.57
Mohammad Saifuddin,T20I,42,873,1284,47,285,38,5,145.5,8.82,27.32,32.65,18.57
Basil Hameed,ODI,40,1378,989,46,795,21,0,229.7,4.31,21.5,57.69,29.96
S Muniandy,T20I,48,774,1144,46,253,44,0,129.0,8.87,24.87,32.69,16.83
Khalid Ahmadi,T20I,27,592,682,46,295,53,3,98.7,6.91,14.83,49.83,12.87
V Vira,T20I,30,616,468,46,390,21,1,102.7,4.56,10.17,63.31,13.39
Mohammad Naveed,ODI,31,1531,1384,46,863,28,10,255.2,5.42,30.09,56.37,33.28
CR Brathwaite,ODI,37,1682,1647,46,795,43,1,280.3,5.88,35.8,47.27,36.57
Tanzim Hasan Sakib,T20I,37,800,1132,46,350,32,3,133.3,8.49,24.61,43.75,17.39
Mohammad Irfan,PSL,51,1161,1382,46,549,25,6,193.5,7.14,30.04,47.29,25.24
MM Ali,IPL,57,855,1036,46,302,14,1,142.5,7.27,22.52,35.32,18.59
VR Aaron,IPL,50,1002,1527,46,415,63,8,167.0,9.14,33.2,41.42,21.78
B Evans,T20I,28,568,775,46,239,13,6,94.7,8.19,16.85,42.08,12.35
HWA Landheer,T20I,43,676,680,46,360,75,6,112.7,6.04,14.78,53.25,14.7
Taskin Ahmed,Test,16,3096,1903,46,2238,17,16,516.0,3.69,41.37,72.29,67.3
Mohamed Shafeeq,T20I,42,875,1172,46,404,72,9,145.8,8.04,25.48,46.17,19.02
Renuka Singh,ODI,29,1414,1185,46,846,52,2,235.7,5.03,25.76,59.83,30.74
BFW de Leede,T20I,38,650,873,46,243,37,5,108.3,8.06,18.98,37.38,14.13
S Molineux,T20I,41,850,872,46,356,12,1,141.7,6.16,18.96,41.88,18.48
YK Pathan,IPL,82,1147,1443,46,419,37,0,191.2,7.55,31.37,36.53,24.93
KW Richardson,T20I,35,733,1025,46,289,22,1,122.2,8.39,22.28,39.43,15.93
V Hamunyela,T20I,50,954,766,46,539,52,2,159.0,4.82,16.65,56.5,20.74
Iqra Sahar,T20I,55,986,909,46,602,100,4,164.3,5.53,19.76,61.05,21.43
SN Netravalkar,T20I,43,879,1083,46,386,11,6,146.5,7.39,23.54,43.91,19.11
Maria Jasvi,T20I,46,777,758,46,412,65,4,129.5,5.85,16.48,53.02,16.89
Al-Amin Hossain,T20I,28,603,733,46,269,11,1,100.5,7.29,15.93,44.61,13.11
Mohammad Wasim,T20I,33,640,920,46,261,35,1,106.7,8.62,20.0,40.78,13.91
Vinay Ravi,T20I,39,730,844,46,385,42,2,121.7,6.94,18.35,52.74,15.87
SVE Bharathi,T20I,34,695,598,46,367,18,0,115.8,5.16,13.0,52.81,15.11
MC Henriques,IPL,60,951,1302,46,315,28,1,158.5,8.21,28.3,33.12,20.67
F Overdijk,T20I,41,634,684,46,321,45,2,105.7,6.47,14.87,50.63,13.78
K Ndlovu,T20I,44,846,867,46,457,39,7,141.0,6.15,18.85,54.02,18.39
R Vinay Kumar,ODI,31,1440,1448,46,785,19,4,240.0,6.03,31.48,54.51,31.3
PM Seelaar,T20I,52,892,1081,46,309,9,0,148.7,7.27,23.5,34.64,19.39
RJ Harris,ODI,20,1034,853,46,614,17,3,172.3,4.95,18.54,59.38,22.48
B Muzarabani,Test,13,2284,1395,46,1680,7,6,380.7,3.66,30.33,73.56,49.65
Aqib Ilyas,T20I,35,696,708,45,296,6,0,116.0,6.1,15.73,42.53,15.47
SE Bond,Test,7,1472,807,45,1105,1,17,245.3,3.29,17.93,75.07,32.71
KW Richardson,ODI,25,1313,1251,45,674,25,1,218.8,5.72,27.8,51.33,29.18
Yash Dayal,IPL,43,881,1412,45,319,39,10,146.8,9.62,31.38,36.21,19.58
BFW de Leede,ODI,38,1437,1463,45,739,69,5,239.5,6.11,32.51,51.43,31.93
S Luus,T20I,73,983,1139,45,351,17,3,163.8,6.95,25.31,35.71,21.84
LK Bell,ODI,31,1468,1381,45,871,107,3,244.7,5.64,30.69,59.33,32.62
M Mwatile,T20I,37,608,589,45,300,40,3,101.3,5.81,13.09,49.34,13.51
Kaleem Sana,ODI,24,1232,935,45,806,57,3,205.3,4.55,20.78,65.42,27.38
Shakeel Ahmed,T20I,44,933,1040,45,420,9,9,155.5,6.69,23.11,45.02,20.73
Iqbal Abdulla,IPL,48,920,1125,45,346,23,0,153.3,7.34,25.0,37.61,20.44
K Waiswa,T20I,32,551,679,45,239,28,5,91.8,7.39,15.09,43.38,12.24
Kaleemullah,ODI,45,2011,1469,45,1328,26,1,335.2,4.38,32.64,66.04,44.69
GJ Maxwell,IPL,85,1022,1422,45,337,25,0,170.3,8.35,31.6,32.97,22.71
TM Odoyo,ODI,36,1585,1172,45,1013,50,26,264.2,4.44,26.04,63.91,35.22
Mohammad Wasim,ODI,26,1227,1186,45,657,40,0,204.5,5.8,26.36,53.55,27.27
AD Mathews,T20I,68,1119,1355,45,501,18,4,186.5,7.27,30.11,44.77,24.87
Raja Adeel,T20I,28,567,575,44,313,28,1,94.5,6.08,13.07,55.2,12.89
S Randiv,Test,12,3149,1643,44,2211,2,3,524.8,3.13,37.34,70.21,71.57
S Jimmy,T20I,32,585,495,44,323,15,1,97.5,5.08,11.25,55.21,13.3
CL Tryon,T20I,79,1241,1457,44,485,42,5,206.8,7.04,33.11,39.08,28.2
JW Hastings,ODI,29,1487,1271,44,807,45,1,247.8,5.13,28.89,54.27,33.8
Namgay Thinley,T20I,35,700,676,44,336,14,0,116.7,5.79,15.36,48.0,15.91
S Veerapathiran,T20I,38,696,955,44,273,20,0,116.0,8.23,21.7,39.22,15.82
Rashid Khan,PSL,28,666,702,44,296,12,0,111.0,6.32,15.95,44.44,15.14
JEC Franklin,Test,21,3106,1814,44,2293,7,78,517.7,3.5,41.23,73.82,70.59
NN Saidi,T20I,32,658,536,44,364,43,11,109.7,4.89,12.18,55.32,14.95
JP Duminy,Test,39,2707,1640,44,1803,0,3,451.2,3.64,37.27,66.61,61.52
JS Patel,ODI,36,1772,1500,44,863,17,8,295.3,5.08,34.09,48.7,40.27
Imad Wasim,ODI,52,2343,1936,44,1140,45,0,390.5,4.96,44.0,48.66,53.25
I Ntirenganya,T20I,40,779,911,44,395,69,2,129.8,7.02,20.7,50.71,17.7
Nayeem Hasan,Test,12,2476,1313,44,1786,0,0,412.7,3.18,29.84,72.13,56.27
AR Nurse,ODI,45,2153,2009,44,953,34,0,358.8,5.6,45.66,44.26,48.93
PJ Sangwan,IPL,42,862,1267,44,338,43,6,143.7,8.82,28.8,39.21,19.59
M Jansen,IPL,43,931,1475,44,361,50,10,155.2,9.51,33.52,38.78,21.16
V Vijh,T20I,35,671,908,44,220,28,0,111.8,8.12,20.64,32.79,15.25
M Koli,T20I,30,659,814,43,335,69,0,109.8,7.41,18.93,50.83,15.33
K Ramharack,T20I,51,926,1034,43,361,16,0,154.3,6.7,24.05,38.98,21.53
P Awana,IPL,33,751,1046,43,307,23,4,125.2,8.36,24.33,40.88,17.47
N Sibanda,T20I,49,830,731,43,476,25,2,138.3,5.28,17.0,57.35,19.3
NLKWR Dewi,T20I,30,555,386,43,360,40,1,92.5,4.17,8.98,64.86,12.91
CD Collymore,Test,16,3460,1684,43,2675,16,46,576.7,2.92,39.16,77.31,80.47
NK Patel,ODI,36,1531,1210,43,815,21,0,255.2,4.74,28.14,53.23,35.6
DE Bollinger,IPL,27,578,716,43,270,22,2,96.3,7.43,16.65,46.71,13.44
AC Evans,T20I,29,633,880,43,263,43,3,105.5,8.34,20.47,41.55,14.72
DBL Powell,Test,19,3903,2414,43,2794,18,16,650.5,3.71,56.14,71.59,90.77
S Kotte,T20I,47,749,502,43,461,12,1,124.8,4.02,11.67,61.55,17.42
S Sreesanth,IPL,44,903,1221,43,416,44,23,150.5,8.11,28.4,46.07,21.0
Mohammad Saifuddin,ODI,27,1237,1267,43,582,40,2,206.2,6.15,29.47,47.05,28.77
Rabeya Khan,ODI,33,1544,1032,43,878,18,0,257.3,4.01,24.0,56.87,35.91
Sohail Khan,PSL,43,944,1414,43,361,40,2,157.3,8.99,32.88,38.24,21.95
G Motie,ODI,33,1670,1335,43,894,22,1,278.3,4.8,31.05,53.53,38.84
D Wiese,PSL,53,884,1241,43,235,22,1,147.3,8.42,28.86,26.58,20.56
Sami Sohail,T20I,34,599,734,43,237,30,1,99.8,7.35,17.07,39.57,13.93
SM Curran,ODI,40,1507,1544,43,746,41,6,251.2,6.15,35.91,49.5,35.05
TS Mills,PSL,29,649,943,43,273,37,5,108.2,8.72,21.93,42.06,15.09
DM de Silva,Test,58,4092,2288,43,2679,2,15,682.0,3.35,53.21,65.47,95.16
Diana Baig,T20I,49,916,974,42,460,37,5,152.7,6.38,23.19,50.22,21.81
J Botha,T20I,40,786,857,42,316,16,0,131.0,6.54,20.4,40.2,18.71
KKN Egodage,T20I,44,750,649,42,375,13,2,125.0,5.19,15.45,50.0,17.86
VD Philander,ODI,28,1289,1015,42,790,30,10,214.8,4.72,24.17,61.29,30.69
TS Sekhukhune,ODI,35,1623,1389,42,924,58,8,270.5,5.13,33.07,56.93,38.64
Syazrul Idrus,T20I,25,468,565,42,218,20,0,78.0,7.24,13.45,46.58,11.14
R Sharma,IPL,44,928,1100,42,344,7,0,154.7,7.11,26.19,37.07,22.1
P Mishra,T20I,42,887,1089,42,369,58,3,147.8,7.37,25.93,41.6,21.12
Sazib Bhuiyan,T20I,24,453,649,42,147,24,2,75.5,8.6,15.45,32.45,10.79
SK Raina,ODI,100,2124,1832,42,958,23,0,354.0,5.18,43.62,45.1,50.57
GD Arta,T20I,43,757,755,42,389,25,1,126.2,5.98,17.98,51.39,18.02
SC Selman,T20I,51,893,907,42,427,23,14,148.8,6.09,21.6,47.82,21.26
Ikramullah Khan,T20I,35,668,943,42,241,25,8,111.3,8.47,22.45,36.08,15.9
Mahmudullah,Test,43,3401,1984,42,2236,2,2,566.8,3.5,47.24,65.75,80.98
Washington Sundar,IPL,66,1152,1498,42,390,10,2,192.0,7.8,35.67,33.85,27.43
Ritu Moni,T20I,47,742,710,42,335,11,1,123.7,5.74,16.9,45.15,17.67
S Tippoch,T20I,47,771,581,42,415,17,0,128.5,4.52,13.83,53.83,18.36
Nasrulla Rana,T20I,48,723,1026,42,289,54,13,120.5,8.51,24.43,39.97,17.21
AS Qwele,T20I,26,478,367,42,309,39,3,79.7,4.61,8.74,64.64,11.38
Mashrafe Mortaza,Test,20,3235,1832,42,2377,18,49,539.2,3.4,43.62,73.48,77.02
JNT Seales,ODI,28,1235,1224,42,689,37,4,205.8,5.95,29.14,55.79,29.4
Sahel Zadran,T20I,37,725,894,42,331,30,3,120.8,7.4,21.29,45.66,17.26
C Rumistrzewicz,T20I,25,551,441,42,267,5,5,91.8,4.8,10.5,48.46,13.12
HH Streak,ODI,30,1491,1068,42,950,59,3,248.5,4.3,25.43,63.72,35.5
Harshit Rana,IPL,32,653,1047,42,262,26,4,108.8,9.62,24.93,40.12,15.55
MG Johnson,T20I,30,663,820,42,302,39,6,110.5,7.42,19.52,45.55,15.79
MD Shanaka,T20I,70,773,1068,42,241,31,4,128.8,8.29,25.43,31.18,18.4
S Ecclestone,Test,9,2508,1223,42,1942,0,0,418.0,2.93,29.12,77.43,59.71
GK Diviya,T20I,42,821,585,41,511,16,0,136.8,4.28,14.27,62.24,20.02
RL Chase,ODI,55,2283,1952,41,1098,26,5,380.5,5.13,47.61,48.09,55.68
AF Giles,ODI,33,1698,1218,41,912,22,0,283.0,4.3,29.71,53.71,41.41
M Prasidh Krishna,ODI,23,1101,1121,41,609,29,4,183.5,6.11,27.34,55.31,26.85
L Ngidi,IPL,23,540,778,41,211,23,2,90.0,8.64,18.98,39.07,13.17
J Maguire,T20I,39,688,766,41,331,33,0,114.7,6.68,18.68,48.11,16.78
Mas Elysa,T20I,40,644,607,41,328,49,1,107.3,5.66,14.8,50.93,15.71
RL Chase,T20I,49,855,1085,41,291,30,5,142.5,7.61,26.46,34.04,20.85
Mengting Liu,T20I,21,444,314,41,287,21,0,74.0,4.24,7.66,64.64,10.83
A Gurung,T20I,34,734,485,41,469,26,2,122.3,3.96,11.83,63.9,17.9
EJ Carson,T20I,35,684,765,41,281,22,0,114.0,6.71,18.66,41.08,16.68
Sahir Naqash,T20I,27,471,597,41,200,25,6,78.5,7.61,14.56,42.46,11.49
Sirajullah Khadim,T20I,28,568,594,41,273,8,2,94.7,6.27,14.49,48.06,13.85
AA Patil,T20I,37,767,762,41,327,22,2,127.8,5.96,18.59,42.63,18.71
Khushdil Shah,PSL,46,690,938,41,248,24,0,115.0,8.16,22.88,35.94,16.83
Khawar Ali,T20I,33,596,670,41,203,8,0,99.3,6.74,16.34,34.06,14.54
KS Williamson,ODI,65,1468,1323,41,631,26,1,244.7,5.41,32.27,42.98,35.8
Khawar Ali,ODI,32,1514,1216,41,781,29,0,252.3,4.82,29.66,51.59,36.93
B Shikongo,T20I,41,662,772,41,295,30,5,110.3,7.0,18.83,44.56,16.15
KH Brunt,Test,10,1955,828,41,1567,2,1,325.8,2.54,20.2,80.15,47.68
CH Gayle,Test,38,3781,1745,41,2683,5,6,630.2,2.77,42.56,70.96,92.22
Ali Naseer,T20I,33,675,892,41,270,13,2,112.5,7.93,21.76,40.0,16.46
Mohammad Asif,ODI,32,1716,1373,41,1081,35,14,286.0,4.8,33.49,63.0,41.85
Mohammad Nadeem,T20I,53,803,1070,41,305,24,2,133.8,8.0,26.1,37.98,19.59
RS Bopara,ODI,73,1819,1546,41,920,39,7,303.2,5.1,37.71,50.58,44.37
SIP Fernando,T20I,39,722,738,41,333,20,0,120.3,6.13,18.0,46.12,17.61
Wahab Riaz,T20I,35,722,992,41,281,34,12,120.3,8.24,24.2,38.92,17.61
Muhammad Amir,T20I,31,529,617,41,228,12,0,88.2,7.0,15.05,43.1,12.9
SS Connell,ODI,54,1919,1592,41,1115,104,4,319.8,4.98,38.83,58.1,46.8
SA Wittmann,T20I,50,782,679,40,466,66,9,130.3,5.21,16.98,59.59,19.55
LN Rajbanshi,T20I,38,744,818,40,330,13,1,124.0,6.6,20.45,44.35,18.6
G Sesay,T20I,27,451,452,40,251,44,4,75.2,6.01,11.3,55.65,11.28
C Hinze,T20I,32,611,549,40,354,14,1,101.8,5.39,13.72,57.94,15.28
DT Christian,IPL,49,886,1218,40,316,36,3,147.7,8.25,30.45,35.67,22.15
H Thaker,T20I,40,712,728,40,335,3,0,118.7,6.13,18.2,47.05,17.8
Chaya Mughal,T20I,50,919,728,40,556,50,9,153.2,4.75,18.2,60.5,22.98
Asmavia Iqbal,T20I,35,639,675,40,316,48,1,106.5,6.34,16.88,49.45,15.98
L Udeh,T20I,28,586,403,40,399,40,5,97.7,4.13,10.07,68.09,14.65
I Takahashi,T20I,43,669,675,40,343,25,0,111.5,6.05,16.88,51.27,16.73
I Toua,T20I,38,722,574,40,389,15,3,120.3,4.77,14.35,53.88,18.05
Fayyaz Butt,ODI,30,1320,1266,40,697,29,11,220.0,5.75,31.65,52.8,33.0
RM Farrell,T20I,29,620,591,40,280,14,1,103.3,5.72,14.78,45.16,15.5
CR Seneviratna,T20I,29,550,457,40,316,14,0,91.7,4.99,11.42,57.45,13.75
Sadia Yousuf,T20I,31,659,696,40,263,10,1,109.8,6.34,17.4,39.91,16.48
MG Bracewell,ODI,38,1680,1397,40,863,24,0,280.0,4.99,34.92,51.37,42.0
TT Soe,T20I,29,602,416,40,339,26,4,100.3,4.15,10.4,56.31,15.05
KJ Abbott,Test,11,2087,913,40,1685,5,6,347.8,2.62,22.82,80.74,52.18
RR Patel,T20I,36,581,575,40,257,10,0,96.8,5.94,14.38,44.23,14.52
RP Singh,Test,14,2539,1731,40,1830,21,6,423.2,4.09,43.28,72.08,63.48
KA Pollard,T20I,60,817,1165,40,243,45,3,136.2,8.56,29.12,29.74,20.42
DL Vettori,T20I,34,795,785,40,321,14,2,132.5,5.92,19.62,40.38,19.88
WD Parnell,IPL,33,729,968,40,312,29,6,121.5,7.97,24.2,42.8,18.23
Abbas Afridi,T20I,23,419,602,40,161,19,2,69.8,8.62,15.05,38.42,10.48
A Doddaballapur,T20I,25,445,313,40,272,23,3,74.2,4.22,7.82,61.12,11.12
K McGill,T20I,30,486,503,40,225,27,7,81.0,6.21,12.58,46.3,12.15
AF Giles,Test,18,3711,2051,40,2644,0,0,618.5,3.32,51.28,71.25,92.78
C Green,Test,32,2603,1581,40,1843,19,42,433.8,3.64,39.52,70.8,65.08
L Idambo,T20I,37,615,519,40,386,19,1,102.5,5.06,12.98,62.76,15.38
L Malino,T20I,27,584,457,40,350,55,4,97.3,4.7,11.42,59.93,14.6
Shahnawaz Dhani,PSL,27,541,823,40,213,17,5,90.2,9.13,20.58,39.37,13.52
L Cardoso,T20I,28,430,328,40,248,27,0,71.7,4.58,8.2,57.67,10.75
Ebadat Hossain,Test,21,3446,2115,39,2515,19,9,574.3,3.68,54.23,72.98,88.36
T Mupariwa,ODI,28,1373,1225,39,753,44,7,228.8,5.35,31.41,54.84,35.21
W O'Rourke,Test,11,1574,1018,39,1180,21,12,262.3,3.88,26.1,74.97,40.36
Fahima Khatun,ODI,39,1561,1189,39,788,13,2,260.2,4.57,30.49,50.48,40.03
CBRLS Kumara,ODI,28,1158,1288,39,605,39,2,193.0,6.67,33.03,52.25,29.69
RA Mair,T20I,40,811,910,39,357,34,9,135.2,6.73,23.33,44.02,20.79
M Ribeiro,T20I,27,477,371,39,309,62,5,79.5,4.67,9.51,64.78,12.23
MN Samuels,Test,30,3246,1855,39,2152,0,0,541.0,3.43,47.56,66.3,83.23
LE Plunkett,Test,12,2522,1499,39,1864,28,33,420.3,3.57,38.44,73.91,64.67
DT Johnston,ODI,32,1467,1133,39,896,41,7,244.5,4.63,29.05,61.08,37.62
S Bodha,T20I,29,530,736,39,213,21,2,88.3,8.33,18.87,40.19,13.59
D Jakiel,T20I,30,566,705,39,282,38,8,94.3,7.47,18.08,49.82,14.51
Yuvraj Singh,IPL,73,870,1091,39,269,12,1,145.0,7.52,27.97,30.92,22.31
Rizwan Haider,T20I,33,568,724,39,256,23,2,94.7,7.65,18.56,45.07,14.56
M Kartik,IPL,55,1154,1418,39,405,28,5,192.3,7.37,36.36,35.1,29.59
HJ Manenti,T20I,21,409,466,39,179,28,4,68.2,6.84,11.95,43.77,10.49
LT Bichard,T20I,32,617,639,39,277,13,2,102.8,6.21,16.38,44.89,15.82
VJ Kingma,ODI,27,1218,1059,39,759,43,10,203.0,5.22,27.15,62.32,31.23
Ijaz Hussain,T20I,26,455,585,39,205,46,6,75.8,7.71,15.0,45.05,11.67
C Wright,T20I,36,638,738,39,291,19,3,106.3,6.94,18.92,45.61,16.36
A Kohli,T20I,31,655,630,39,331,45,16,109.2,5.77,16.15,50.53,16.79
PWA Mulder,Test,23,2069,1040,39,1599,2,47,344.8,3.02,26.67,77.28,53.05
Rubel Hossain,Test,27,4330,2810,39,2893,30,107,721.7,3.89,72.05,66.81,111.03
Puja Mahato,T20I,52,775,681,39,437,45,2,129.2,5.27,17.46,56.39,19.87
Simi Singh,T20I,42,842,1048,39,271,18,0,140.3,7.47,26.87,32.19,21.59
MS Kasprowicz,Test,13,2145,1164,39,1616,0,82,357.5,3.26,29.85,75.34,55.0
Mashrafe Mortaza,T20I,48,1047,1453,39,387,21,4,174.5,8.33,37.26,36.96,26.85
MS Gony,IPL,44,893,1317,39,366,32,5,148.8,8.85,33.77,40.99,22.9
SA Abbott,ODI,29,1339,1299,39,717,30,8,223.2,5.82,33.31,53.55,34.33
GC Murtaza,T20I,34,681,885,39,320,71,4,113.5,7.8,22.69,46.99,17.46
S Pandey,T20I,45,820,948,39,396,37,2,136.7,6.94,24.31,48.29,21.03
Anwar Ali,PSL,48,862,1329,39,306,38,3,143.7,9.25,34.08,35.5,22.1
D Bishoo,ODI,40,2031,1675,38,1017,25,9,338.5,4.95,44.08,50.07,53.45
Mahmudullah,T20I,71,837,1049,38,276,24,1,139.5,7.52,27.61,32.97,22.03
D Heyliger,ODI,22,1042,908,38,607,59,1,173.7,5.23,23.89,58.25,27.42
H Hotchandani,T20I,41,741,611,38,394,23,0,123.5,4.95,16.08,53.17,19.5
P Negi,IPL,42,716,954,38,249,17,0,119.3,7.99,25.11,34.78,18.84
OU Ranasinghe,ODI,29,1139,1018,38,534,12,3,189.8,5.36,26.79,46.88,29.97
I Danladi,T20I,36,532,537,38,251,14,0,88.7,6.06,14.13,47.18,14.0
CJA Amini,T20I,42,702,766,38,266,12,1,117.0,6.55,20.16,37.89,18.47
J Sumerauer,T20I,35,656,817,38,294,32,7,109.3,7.47,21.5,44.82,17.26
TK Curran,ODI,28,1310,1315,38,607,30,2,218.3,6.02,34.61,46.34,34.47
Amjad Sher,T20I,29,647,727,38,330,23,1,107.8,6.74,19.13,51.0,17.03
KM Beams,ODI,23,1157,765,38,675,11,2,192.8,3.97,20.13,58.34,30.45
KP Meiyappan,ODI,31,1208,1123,38,595,20,0,201.3,5.58,29.55,49.25,31.79
DP Nannes,IPL,29,650,815,38,306,39,4,108.3,7.52,21.45,47.08,17.11
Sohag Gazi,Test,10,3151,1650,38,2199,0,0,525.2,3.14,43.42,69.79,82.92
Sarawut Maliwan,T20I,36,624,700,38,241,20,1,104.0,6.73,18.42,38.62,16.42
UDU Chandana,ODI,26,1241,1022,38,638,14,6,206.8,4.94,26.89,51.41,32.66
JM Kerr,T20I,48,955,1036,38,461,22,9,159.2,6.51,27.26,48.27,25.13
D Pretorius,ODI,26,1144,960,38,619,10,0,190.7,5.03,25.26,54.11,30.11
S Randiv,ODI,29,1438,1240,38,675,9,1,239.7,5.17,32.63,46.94,37.84
Sarfaraz Ali,T20I,37,674,821,38,257,15,1,112.3,7.31,21.61,38.13,17.74
PE Mendonca,T20I,31,697,559,38,370,36,1,116.2,4.81,14.71,53.08,18.34
WK Dilhari,ODI,38,1588,1334,38,783,35,3,264.7,5.04,35.11,49.31,41.79
TL Best,Test,15,2227,1428,38,1580,18,19,371.2,3.85,37.58,70.95,58.61
GD Elliott,ODI,52,1201,1122,38,566,31,1,200.2,5.61,29.53,47.13,31.61
PADLR Sandakan,Test,11,2075,1296,38,1310,8,12,345.8,3.75,34.11,63.13,54.61
R Andrew,T20I,34,630,602,38,351,46,5,105.0,5.73,15.84,55.71,16.58
Mudassar Bukhari,T20I,25,496,572,38,227,18,1,82.7,6.92,15.05,45.77,13.05
SJ Benn,ODI,44,2280,1883,38,1150,20,1,380.0,4.96,49.55,50.44,60.0
SI Mahmood,ODI,24,1186,1145,38,663,52,31,197.7,5.79,30.13,55.9,31.21
A Nortje,ODI,21,1008,1004,38,537,15,2,168.0,5.98,26.42,53.27,26.53
Nasum Ahmed,T20I,39,767,979,38,317,15,0,127.8,7.66,25.76,41.33,20.18
Hamza Tahir,ODI,29,1406,1020,38,773,17,0,234.3,4.35,26.84,54.98,37.0
Basil Hameed,T20I,34,512,610,38,199,7,0,85.3,7.15,16.05,38.87,13.47
KV Morea,T20I,23,473,594,38,188,18,3,78.8,7.53,15.63,39.75,12.45
SN Thakur,T20I,23,489,756,37,189,22,1,81.5,9.28,20.43,38.65,13.22
K Klein,ODI,17,828,689,37,513,33,1,138.0,4.99,18.62,61.96,22.38
P Siaka,T20I,26,524,380,37,284,10,4,87.3,4.35,10.27,54.2,14.16
CBRLS Kumara,T20I,24,524,756,37,208,24,4,87.3,8.66,20.43,39.69,14.16
KR Mayers,Test,17,1533,651,37,1227,6,9,255.5,2.55,17.59,80.04,41.43
R Shepherd,ODI,37,1456,1351,37,797,30,2,242.7,5.57,36.51,54.74,39.35
DN Wellalage,ODI,30,1392,1188,37,712,13,1,232.0,5.12,32.11,51.15,37.62
N Boje,Test,17,3412,1911,37,2474,1,1,568.7,3.36,51.65,72.51,92.22
M Taniyama,T20I,32,458,412,37,238,6,4,76.3,5.4,11.14,51.97,12.38
JF Mooney,ODI,31,1205,1119,37,676,37,5,200.8,5.57,30.24,56.1,32.57
C Mahamalage,T20I,34,660,628,37,342,32,0,110.0,5.71,16.97,51.82,17.84
Mir Hamza,PSL,34,691,1015,37,274,27,2,115.2,8.81,27.43,39.65,18.68
SA Abbott,T20I,28,558,870,37,202,29,8,93.0,9.35,23.51,36.2,15.08
BD Glover,T20I,23,457,521,37,227,40,2,76.2,6.84,14.08,49.67,12.35
HK Bennett,ODI,18,895,838,37,498,39,3,149.2,5.62,22.65,55.64,24.19
MR Marsh,IPL,34,563,803,37,189,30,3,93.8,8.56,21.7,33.57,15.22
MS Kasprowicz,ODI,16,869,587,37,556,14,9,144.8,4.05,15.86,63.98,23.49
S Yeshi,T20I,35,726,683,37,360,11,0,121.0,5.64,18.46,49.59,19.62
A Vala,T20I,38,534,586,37,205,5,1,89.0,6.58,15.84,38.39,14.43
Ali Nayyer,T20I,25,550,678,37,256,39,10,91.7,7.4,18.32,46.55,14.86
YK Pathan,ODI,50,1490,1379,37,640,27,0,248.3,5.55,37.27,42.95,40.27
NLTC Perera,IPL,36,701,1031,37,238,14,3,116.8,8.82,27.86,33.95,18.95
NC Monteiro,T20I,29,478,343,37,284,20,1,79.7,4.31,9.27,59.41,12.92
DL Piedt,Test,11,2428,1564,37,1656,0,1,404.7,3.86,42.27,68.2,65.62
N Nipiko,T20I,22,404,530,37,172,24,15,67.3,7.87,14.32,42.57,10.92
R Slater,T20I,37,657,742,37,340,63,1,109.5,6.78,20.05,51.75,17.76
M Markande,IPL,40,751,1157,37,223,17,1,125.2,9.24,31.27,29.69,20.3
AC Evans,ODI,26,1264,1165,37,744,35,2,210.7,5.53,31.49,58.86,34.16
Aisya Eleesa,T20I,43,675,653,37,335,42,2,112.5,5.8,17.65,49.63,18.24
V Sehwag,Test,51,3260,1647,37,2316,2,27,543.3,3.03,44.51,71.04,88.11
Mohsin Khan,IPL,28,606,853,37,269,24,0,101.0,8.45,23.05,44.39,16.38
JA Duffy,ODI,19,869,861,37,515,39,7,144.8,5.94,23.27,59.26,23.49
KJ Garth,T20I,41,801,921,37,383,35,1,133.5,6.9,24.89,47.82,21.65
AJ Parmar,T20I,21,432,461,37,184,11,0,72.0,6.4,12.46,42.59,11.68
BMSM Kumari,ODI,39,1647,1448,36,793,45,2,274.5,5.28,40.22,48.15,45.75
Hasan Mahmud,Test,13,1860,1151,36,1351,1,4,310.0,3.71,31.97,72.63,51.67
I Nandakumar,T20I,50,857,703,36,477,18,1,142.8,4.92,19.53,55.66,23.81
NM Coulter-Nile,T20I,27,584,827,36,238,18,2,97.3,8.5,22.97,40.75,16.22
HJ Thomas,T20I,33,683,576,36,382,10,2,113.8,5.06,16.0,55.93,18.97
MG Bracewell,T20I,37,605,749,36,228,21,0,100.8,7.43,20.81,37.69,16.81
BA Carse,ODI,29,1316,1389,36,693,39,15,219.3,6.33,38.58,52.66,36.56
DM Bess,Test,12,2503,1257,36,1868,0,1,417.2,3.01,34.92,74.63,69.53
M Tom,T20I,38,693,629,36,410,39,7,115.5,5.45,17.47,59.16,19.25
AI Chudasama,T20I,37,745,644,36,392,21,0,124.2,5.19,17.89,52.62,20.69
TL Best,ODI,22,1107,994,36,661,68,17,184.5,5.39,27.61,59.71,30.75
Kaleemullah,T20I,39,734,894,36,347,19,3,122.3,7.31,24.83,47.28,20.39
DJ Willey,PSL,26,519,738,36,225,22,0,86.5,8.53,20.5,43.35,14.42
Abdur Razzak,T20I,28,610,719,36,262,21,1,101.7,7.07,19.97,42.95,16.94
R Tewatia,IPL,52,845,1117,36,270,21,2,140.8,7.93,31.03,31.95,23.47
TM Dilshan,Test,46,3049,1594,36,2099,2,0,508.2,3.14,44.28,68.84,84.69
CJ Jordan,IPL,34,679,1111,36,225,38,5,113.2,9.82,30.86,33.14,18.86
M Theekshana,IPL,38,878,1226,36,273,24,2,146.3,8.38,34.06,31.09,24.39
L Paul,T20I,36,566,558,36,242,23,5,94.3,5.92,15.5,42.76,15.72
KK Cooper,IPL,25,577,789,36,209,23,1,96.2,8.2,21.92,36.22,16.03
BJ Currie,T20I,21,450,460,36,233,20,0,75.0,6.13,12.78,51.78,12.5
MJ Potts,Test,11,2192,1261,36,1674,8,1,365.3,3.45,35.03,76.37,60.89
Maryam Omar,T20I,32,642,533,36,363,25,8,107.0,4.98,14.81,56.54,17.83
SC Selman,ODI,40,1624,1141,36,968,44,20,270.7,4.22,31.69,59.61,45.11
Amjad Mahboob,T20I,26,523,740,36,207,24,3,87.2,8.49,20.56,39.58,14.53
JP Faulkner,T20I,24,515,707,36,167,8,0,85.8,8.24,19.64,32.43,14.31
D Brown,T20I,41,790,886,36,420,62,16,131.7,6.73,24.61,53.16,21.94
G Motie,Test,11,1740,989,36,1210,0,0,290.0,3.41,27.47,69.54,48.33
Washington Sundar,Test,17,2196,1201,36,1495,1,8,366.0,3.28,33.36,68.08,61.0
Gulsan Jha,ODI,35,1099,1128,36,578,55,4,183.2,6.16,31.33,52.59,30.53
JN Frylinck,ODI,31,1257,938,36,740,41,1,209.5,4.48,26.06,58.87,34.92
Sadia Yousuf,ODI,25,1272,938,36,709,20,0,212.0,4.42,26.06,55.74,35.33
C Bosch,T20I,22,452,601,36,187,14,2,75.3,7.98,16.69,41.37,12.56
A Chandel,T20I,33,682,550,36,386,21,8,113.7,4.84,15.28,56.6,18.94
Mohammad Sami,Test,18,3589,2333,35,2500,11,87,598.2,3.9,66.66,69.66,102.54
Rahat Ali,PSL,28,614,813,35,256,25,0,102.3,7.94,23.23,41.69,17.54
EA Osborne,ODI,23,1017,769,35,543,9,1,169.5,4.54,21.97,53.39,29.06
H Rathod,T20I,19,391,429,35,140,10,0,65.2,6.58,12.26,35.81,11.17
KD Mills,Test,13,2089,1069,35,1622,0,30,348.2,3.07,30.54,77.64,59.69
HR Huddleston,ODI,25,1101,808,35,707,19,12,183.5,4.4,23.09,64.21,31.46
KJ Abbott,ODI,27,1308,1063,35,795,28,5,218.0,4.88,30.37,60.78,37.37
NK Ariani,T20I,21,405,310,35,232,13,3,67.5,4.59,8.86,57.28,11.57
Akif Javed,PSL,26,525,812,35,207,23,6,87.5,9.28,23.2,39.43,15.0
JM Bird,Test,9,1953,1063,35,1508,1,19,325.5,3.27,30.37,77.21,55.8
Aayan Afzal Khan,T20I,28,608,589,35,278,1,0,101.3,5.81,16.83,45.72,17.37
AD Mathews,Test,61,3986,1837,35,3052,10,8,664.3,2.77,52.49,76.57,113.89
CD Collymore,ODI,36,1816,1311,35,1119,52,10,302.7,4.33,37.46,61.62,51.89
A Nehra,T20I,26,566,760,35,240,19,2,94.3,8.06,21.71,42.4,16.17
LS Livingstone,T20I,41,577,852,35,191,18,1,96.2,8.86,24.34,33.1,16.49
Harmeet Singh,T20I,28,619,724,35,229,14,3,103.2,7.02,20.69,37.0,17.69
BJ Currie,ODI,14,641,435,35,441,19,0,106.8,4.07,12.43,68.8,18.31
SA Ahmad,T20I,29,553,535,35,262,12,1,92.2,5.8,15.29,47.38,15.8
AG Cremer,T20I,29,601,734,35,209,13,1,100.2,7.33,20.97,34.78,17.17
Ali Khan,ODI,15,685,550,35,421,32,4,114.2,4.82,15.71,61.46,19.57
M Ashwin,IPL,44,873,1182,35,298,25,3,145.5,8.12,33.77,34.14,24.94
MH Ushanga,T20I,30,577,458,35,306,18,0,96.2,4.76,13.09,53.03,16.49
Harpreet Brar,IPL,47,836,1122,35,287,14,1,139.3,8.05,32.06,34.33,23.89
Jasdeep Singh,T20I,30,642,912,35,255,23,18,107.0,8.52,26.06,39.72,18.34
SNJ O'Keefe,Test,9,2228,1057,35,1641,1,0,371.3,2.85,30.2,73.65,63.66
Abdur Rehman,ODI,30,1569,1130,35,880,19,5,261.5,4.32,32.29,56.09,44.83
Mohameed Taiwo,T20I,43,725,802,35,366,26,7,120.8,6.64,22.91,50.48,20.71
VP Thamotharam,T20I,45,740,964,35,291,62,3,123.3,7.82,27.54,39.32,21.14
R Rijke,T20I,33,523,459,35,295,34,1,87.2,5.27,13.11,56.41,14.94
S Nampiina,T20I,20,351,297,35,195,28,6,58.5,5.08,8.49,55.56,10.03
HDJ Siegers,T20I,34,578,549,35,310,33,0,96.3,5.7,15.69,53.63,16.51
D Pretorius,T20I,27,506,702,35,153,21,2,84.3,8.32,20.06,30.24,14.46
L Bruce,T20I,37,686,922,34,276,52,0,114.3,8.06,27.12,40.23,20.18
Joshua Asia,T20I,23,430,343,34,208,4,4,71.7,4.79,10.09,48.37,12.65
D Hazell,ODI,25,1348,904,34,785,27,3,224.7,4.02,26.59,58.23,39.65
RJW Topley,T20I,35,707,998,34,289,32,1,117.8,8.47,29.35,40.88,20.79
Sikandar Raza,Test,17,2850,1594,34,1933,0,2,475.0,3.36,46.88,67.82,83.82
BA Williams,ODI,19,955,666,34,641,46,4,159.2,4.18,19.59,67.12,28.09
GF Linde,T20I,35,642,809,34,254,20,0,107.0,7.56,23.79,39.56,18.88
K Hinds,T20I,26,547,528,34,302,14,1,91.2,5.79,15.53,55.21,16.09
CA Henry,ODI,50,1534,1317,34,900,61,2,255.7,5.15,38.74,58.67,45.12
PJ Ongondo,ODI,32,1281,995,34,841,32,21,213.5,4.66,29.26,65.65,37.68
A Dcosta,T20I,25,532,504,34,277,23,3,88.7,5.68,14.82,52.07,15.65
MM Sharma,ODI,25,1126,1033,34,639,27,5,187.7,5.5,30.38,56.75,33.12
A Dananjaya,Test,6,1386,835,34,948,0,1,231.0,3.61,24.56,68.4,40.76
EA Osborne,T20I,32,610,592,34,228,8,6,101.7,5.82,17.41,37.38,17.94
AM Fernando,ODI,26,1068,1091,34,577,46,4,178.0,6.13,32.09,54.03,31.41
NO Miller,ODI,38,1703,1417,34,837,17,0,283.8,4.99,41.68,49.15,50.09
Naeem Islam,ODI,41,1394,1159,34,674,28,1,232.3,4.99,34.09,48.35,41.0
RJ Peterson,Test,14,2300,1383,34,1687,7,0,383.3,3.61,40.68,73.35,67.65
JE Taylor,T20I,27,542,806,34,224,32,2,90.3,8.92,23.71,41.33,15.94
MM Baig,T20I,23,389,500,34,176,24,2,64.8,7.71,14.71,45.24,11.44
CM Gough,T20I,34,614,521,34,340,43,5,102.3,5.09,15.32,55.37,18.06
A Salomao,T20I,30,637,570,34,372,56,12,106.2,5.37,16.76,58.4,18.74
Usman Shinwari,ODI,16,711,588,34,425,15,3,118.5,4.96,17.29,59.77,20.91
Ateeq Iqbal,T20I,37,663,688,34,329,12,1,110.5,6.23,20.24,49.62,19.5
Mohammad Naveed,T20I,23,513,506,34,274,17,5,85.5,5.92,14.88,53.41,15.09
A King,T20I,30,529,574,34,220,12,0,88.2,6.51,16.88,41.59,15.56
DL Vettori,IPL,34,777,894,34,283,8,0,129.5,6.9,26.29,36.42,22.85
Khurram Shahzad,PSL,22,456,635,34,207,10,9,76.0,8.36,18.68,45.39,13.41
BV Sears,T20I,26,519,719,34,215,13,0,86.5,8.31,21.15,41.43,15.26
AR Cusack,ODI,27,975,866,34,530,34,1,162.5,5.33,25.47,54.36,28.68
MM Patel,Test,12,2438,1271,33,1865,3,32,406.3,3.13,38.52,76.5,73.88
G Onions,Test,9,1610,1037,33,1179,8,4,268.3,3.86,31.42,73.23,48.79
P Koech,T20I,29,474,621,33,233,35,4,79.0,7.86,18.82,49.16,14.36
S Prasanna,ODI,38,1905,1742,33,874,31,0,317.5,5.49,52.79,45.88,57.73
AB Agarkar,IPL,42,784,1174,33,273,36,2,130.7,8.98,35.58,34.82,23.76
HR Walsh,T20I,31,599,796,33,202,12,0,99.8,7.97,24.12,33.72,18.15
BW Hilfenhaus,ODI,25,1230,1092,33,731,45,14,205.0,5.33,33.09,59.43,37.27
Aysha,T20I,36,619,662,33,293,61,9,103.2,6.42,20.06,47.33,18.76
AAP Rivero,T20I,23,471,428,33,230,19,2,78.5,5.45,12.97,48.83,14.27
M Pathirana,T20I,23,456,652,33,174,49,7,76.0,8.58,19.76,38.16,13.82
Haider Ali,T20I,24,552,583,33,259,5,0,92.0,6.34,17.67,46.92,16.73
K Klein,T20I,20,410,569,33,181,19,1,68.3,8.33,17.24,44.15,12.42
RR Powar,ODI,27,1420,1135,33,762,21,5,236.7,4.8,34.39,53.66,43.03
EU Kejarukua,T20I,37,734,582,33,405,27,4,122.3,4.76,17.64,55.18,22.24
BV Vitori,ODI,20,1025,1026,33,543,38,3,170.8,6.01,31.09,52.98,31.06
TM McGrath,ODI,39,1121,983,33,561,38,3,186.8,5.26,29.79,50.04,33.97
CJA Amini,ODI,40,1593,1298,33,853,27,1,265.5,4.89,39.33,53.55,48.27
Faheem Ashraf,ODI,42,1685,1486,33,891,32,7,280.8,5.29,45.03,52.88,51.06
Shivam Mavi,IPL,32,655,958,33,267,32,6,109.2,8.78,29.03,40.76,19.85
GT Main,ODI,15,668,609,33,399,27,0,111.3,5.47,18.45,59.73,20.24
Rahmatullah Mangal,T20I,22,416,487,33,204,29,0,69.3,7.02,14.76,49.04,12.61
L Bull,T20I,24,413,306,33,231,12,2,68.8,4.45,9.27,55.93,12.52
AJ Bichel,ODI,26,1250,943,33,761,47,8,208.3,4.53,28.58,60.88,37.88
JH Davey,T20I,26,561,779,33,209,11,4,93.5,8.33,23.61,37.25,17.0
Khaled Ahmed,Test,17,2611,1586,33,1871,3,19,435.2,3.64,48.06,71.66,79.12
A Kirschbaum,T20I,29,591,571,33,305,27,2,98.5,5.8,17.3,51.61,17.91
C Campher,ODI,33,1074,1016,33,567,35,2,179.0,5.68,30.79,52.79,32.55
C Campher,T20I,48,749,1048,33,242,28,4,124.8,8.4,31.76,32.31,22.7
S Molineux,ODI,18,842,553,33,540,14,0,140.3,3.94,16.76,64.13,25.52
Amarpal Kaur,T20I,18,358,265,33,198,6,0,59.7,4.44,8.03,55.31,10.85
SZ Vayani,T20I,31,614,711,33,284,10,9,102.3,6.95,21.55,46.25,18.61
PP Chawla,ODI,25,1315,1131,33,693,15,3,219.2,5.16,34.27,52.7,39.85
SN Thakur,Test,13,1646,1055,33,1143,4,34,274.3,3.85,31.97,69.44,49.88
K Amuge,T20I,20,380,279,33,241,10,1,63.3,4.41,8.45,63.42,11.52
A Gardner,Test,8,1418,624,33,1098,0,0,236.3,2.64,18.91,77.43,42.97
V Zimonjic,T20I,29,594,784,33,290,32,5,99.0,7.92,23.76,48.82,18.0
GD Phillips,Test,15,1722,1054,33,1089,0,0,287.0,3.67,31.94,63.24,52.18
LA Dawson,T20I,30,595,779,33,209,14,0,99.2,7.86,23.61,35.13,18.03
MF Maharoof,IPL,20,425,532,33,177,16,5,70.8,7.51,16.12,41.65,12.88
CAK Rajitha,ODI,27,1146,1227,33,635,52,3,191.0,6.42,37.18,55.41,34.73
Junaid Khan,PSL,25,556,790,33,199,8,4,92.7,8.53,23.94,35.79,16.85
HASD Siriwardene,ODI,36,1665,1341,32,871,30,0,277.5,4.83,41.91,52.31,52.03
Adnan Idrees,T20I,28,491,631,32,186,9,0,81.8,7.71,19.72,37.88,15.34
SR Patel,PSL,34,607,782,32,234,10,0,101.2,7.73,24.44,38.55,18.97
Khadija Tul Kubra,T20I,31,546,490,32,248,6,0,91.0,5.38,15.31,45.42,17.06
OEG Baartman,T20I,21,437,602,32,200,22,0,72.8,8.27,18.81,45.77,13.66
KDU Prabodhani,ODI,40,1617,1271,32,964,29,3,269.5,4.72,39.72,59.62,50.53
EA Perry,Test,12,1852,806,32,1442,5,43,308.7,2.61,25.19,77.86,57.88
KMA Paul,ODI,26,1105,1166,32,535,46,12,184.2,6.33,36.44,48.42,34.53
M Jansen,T20I,28,625,951,32,283,32,8,104.2,9.13,29.72,45.28,19.53
Abdullah Akbarjan,T20I,21,428,492,32,150,12,0,71.3,6.9,15.38,35.05,13.38
DL Chahar,T20I,24,518,726,32,223,15,2,86.3,8.41,22.69,43.05,16.19
A Kumble,ODI,28,1502,1192,32,831,22,13,250.3,4.76,37.25,55.33,46.94
D Suzuki,T20I,40,502,605,32,224,31,2,83.7,7.23,18.91,44.62,15.69
MJ Clarke,Test,45,2400,1216,32,1690,0,1,400.0,3.04,38.0,70.42,75.0
Naseem Shah,T20I,33,714,989,32,305,32,6,119.0,8.31,30.91,42.72,22.31
Ilenia Sims,T20I,23,450,448,32,181,11,6,75.0,5.97,14.0,40.22,14.06
PVD Chameera,Test,12,2049,1356,32,1383,19,27,341.5,3.97,42.38,67.5,64.03
Haroon Arshad,T20I,33,513,743,32,215,32,11,85.5,8.69,23.22,41.91,16.03
Anam Amin,ODI,23,1117,730,32,713,22,3,186.2,3.92,22.81,63.83,34.91
K Piet,T20I,28,528,596,32,253,3,2,88.0,6.77,18.62,47.92,16.5
AF Ifill,T20I,26,513,540,32,256,12,1,85.5,6.32,16.88,49.9,16.03
Waqar Ali,T20I,13,296,242,32,162,17,2,49.3,4.91,7.56,54.73,9.25
A Mokgotlhe,T20I,48,752,670,32,440,79,12,125.3,5.35,20.94,58.51,23.5
Waqar Zalmai,T20I,28,520,749,32,210,34,1,86.7,8.64,23.41,40.38,16.25
IM Vaghela,T20I,28,483,418,32,263,35,2,80.5,5.19,13.06,54.45,15.09
Karanbir Singh,T20I,25,352,501,32,137,22,0,58.7,8.54,15.66,38.92,11.0
Ibrahim Hassan,T20I,38,667,847,32,317,28,8,111.2,7.62,26.47,47.53,20.84
MI Khagoitsa,T20I,22,456,330,32,305,16,0,76.0,4.34,10.31,66.89,14.25
TK Curran,T20I,29,590,916,32,191,14,2,98.3,9.32,28.62,32.37,18.44
S Kananji,T20I,27,468,379,32,326,72,3,78.0,4.86,11.84,69.66,14.62
A Zampa,IPL,22,467,656,32,143,8,0,77.8,8.43,20.5,30.62,14.59
SW Bates,T20I,48,607,674,32,221,16,6,101.2,6.66,21.06,36.41,18.97
CH Morris,T20I,22,476,685,32,192,30,2,79.3,8.63,21.41,40.34,14.88
Ahsan Malik,T20I,23,449,594,32,165,7,2,74.8,7.94,18.56,36.75,14.03
Marufa Akter,ODI,34,1209,953,32,764,39,2,201.5,4.73,29.78,63.19,37.78
BA Pai,T20I,34,688,785,32,339,14,1,114.7,6.85,24.53,49.27,21.5
LJ Myott,T20I,21,447,460,32,192,3,0,74.5,6.17,14.38,42.95,13.97
T Zangmo,T20I,32,642,530,32,319,22,3,107.0,4.95,16.56,49.69,20.06
R Sai Kishore,IPL,25,441,655,32,134,12,0,73.5,8.91,20.47,30.39,13.78
I Udana,T20I,32,632,925,32,205,34,1,105.3,8.78,28.91,32.44,19.75
DT Hondo,ODI,32,1346,1186,32,784,47,10,224.3,5.29,37.06,58.25,42.06
SF Daley,T20I,22,439,424,32,226,8,1,73.2,5.79,13.25,51.48,13.72
SF Jerome,T20I,29,555,395,32,307,18,0,92.5,4.27,12.34,55.32,17.34
MA Baig,T20I,19,351,297,32,194,5,0,58.5,5.08,9.28,55.27,10.97
J Theron,ODI,17,784,683,32,426,27,4,130.7,5.23,21.34,54.34,24.5
FC Jonas,T20I,38,761,774,32,342,24,0,126.8,6.1,24.19,44.94,23.78
K Arua,T20I,21,440,344,32,232,15,4,73.3,4.69,10.75,52.73,13.75
N Thushara,T20I,27,538,755,32,205,29,5,89.7,8.42,23.59,38.1,16.81
R Sakurano-Thomas,T20I,33,482,561,32,245,23,1,80.3,6.98,17.53,50.83,15.06
R Samson,T20I,24,445,398,32,243,29,3,74.2,5.37,12.44,54.61,13.91
JE Ronalds,T20I,20,417,314,32,233,24,8,69.5,4.52,9.81,55.88,13.03
GA Priandana,T20I,34,421,517,31,181,16,0,70.2,7.37,16.68,42.99,13.58
JDP Oram,Test,20,2757,1121,31,2256,7,8,459.5,2.44,36.16,81.83,88.94
Bilal Muhammad,T20I,22,509,586,31,247,39,5,84.8,6.91,18.9,48.53,16.42
CR Woakes,T20I,32,588,825,31,247,23,1,98.0,8.42,26.61,42.01,18.97
H Kaur,T20I,44,492,537,31,198,8,1,82.0,6.55,17.32,40.24,15.87
A Gbla,T20I,23,381,434,31,172,17,1,63.5,6.83,14.0,45.14,12.29
K Joshi,T20I,42,648,578,31,304,23,1,108.0,5.35,18.65,46.91,20.9
K Bhurtel,T20I,30,422,505,31,165,13,0,70.3,7.18,16.29,39.1,13.61
JW Dernbach,ODI,24,1235,1346,31,585,47,1,205.8,6.54,43.42,47.37,39.84
CR Woakes,IPL,21,441,674,31,173,22,1,73.5,9.17,21.74,39.23,14.23
Abrar Ahmed,ODI,16,864,658,31,473,8,0,144.0,4.57,21.23,54.75,27.87
E Toguchi-Quinn,T20I,25,464,385,31,256,15,5,77.3,4.98,12.42,55.17,14.97
KS Williamson,Test,51,2152,1238,31,1471,4,1,358.7,3.45,39.94,68.36,69.42
KTGD Prasad,ODI,22,946,938,31,509,25,9,157.7,5.95,30.26,53.81,30.52
BMAJ Mendis,ODI,47,1375,1199,31,578,19,1,229.2,5.23,38.68,42.04,44.35
SR Tendulkar,ODI,53,1506,1420,31,657,39,15,251.0,5.66,45.81,43.63,48.58
T Lungameni,T20I,40,729,938,31,294,42,3,121.5,7.72,30.26,40.33,23.52
MD Botha,T20I,21,403,273,31,255,8,0,67.2,4.06,8.81,63.28,13.0
A Dutt,T20I,30,587,686,31,253,12,3,97.8,7.01,22.13,43.1,18.94
Umran Malik,IPL,26,497,785,31,217,22,4,82.8,9.48,25.32,43.66,16.03
BM Tickner,ODI,18,858,927,31,443,34,1,143.0,6.48,29.9,51.63,27.68
Harmeet Singh,ODI,20,1083,746,31,654,8,3,180.5,4.13,24.06,60.39,34.94
Mustafizur Rahman,Test,14,2151,1167,31,1610,11,6,358.5,3.26,37.65,74.85,69.39
A Morris,T20I,24,523,515,31,261,6,0,87.2,5.91,16.61,49.9,16.87
MV Pavlovic,T20I,20,399,467,31,175,13,1,66.5,7.02,15.06,43.86,12.87
AR McBrine,Test,9,2044,1230,31,1360,1,0,340.7,3.61,39.68,66.54,65.94
Ruchitha Venkatesh,T20I,43,765,655,31,408,44,3,127.5,5.14,21.13,53.33,24.68
AR Puri,T20I,36,666,885,31,250,18,0,111.0,7.97,28.55,37.54,21.48
R Rampaul,T20I,27,588,827,31,233,27,13,98.0,8.44,26.68,39.63,18.97
Saim Ayub,T20I,32,487,602,31,190,12,1,81.2,7.42,19.42,39.01,15.71
LA Marsh,T20I,29,648,573,31,282,9,0,108.0,5.31,18.48,43.52,20.9
BA Stokes,IPL,38,693,1023,31,250,30,4,115.5,8.86,33.0,36.08,22.35
Azhar Mahmood,IPL,23,542,707,31,206,10,5,90.3,7.83,22.81,38.01,17.48
HV Patel,T20I,24,507,791,31,184,20,4,84.5,9.36,25.52,36.29,16.35
GI Hume,ODI,19,862,794,31,475,14,0,143.7,5.53,25.61,55.1,27.81
T Thushara,Test,9,1612,1013,31,1149,11,34,268.7,3.77,32.68,71.28,52.0
MR Gillespie,ODI,26,1321,1221,31,779,21,37,220.2,5.55,39.39,58.97,42.61
V Permaul,Test,9,2115,1210,31,1495,0,1,352.5,3.43,39.03,70.69,68.23
MJ Santner,IPL,35,688,870,31,248,16,1,114.7,7.59,28.06,36.05,22.19
A Singh,IPL,23,474,639,31,200,12,1,79.0,8.09,20.61,42.19,15.29
KA Jamieson,T20I,32,676,1084,31,272,43,5,112.7,9.62,34.97,40.24,21.81
DMW Rawlins,T20I,34,637,670,31,320,18,1,106.2,6.31,21.61,50.24,20.55
DN Wyatt,T20I,28,534,479,31,248,11,2,89.0,5.38,15.45,46.44,17.23
O Thomas,ODI,23,892,998,30,469,39,14,148.7,6.71,33.27,52.58,29.73
Harmeet Singh,IPL,27,529,713,30,201,20,4,88.2,8.09,23.77,38.0,17.63
AM Blignaut,ODI,30,1350,1201,30,795,86,19,225.0,5.34,40.03,58.89,45.0
AM Phangiso,ODI,21,1086,847,30,605,17,1,181.0,4.68,28.23,55.71,36.2
Abu Jayed,Test,13,1971,1134,30,1466,8,7,328.5,3.45,37.8,74.38,65.7
S Shrivastava,ODI,14,636,553,30,360,13,3,106.0,5.22,18.43,56.6,21.2
JE Root,ODI,76,1705,1691,30,680,35,1,284.2,5.95,56.37,39.88,56.83
D Parashar,T20I,31,570,647,30,258,15,0,95.0,6.81,21.57,45.26,19.0
Anas Khan,T20I,19,351,371,30,153,8,0,58.5,6.34,12.37,43.59,11.7
MB Tambe,T20I,25,487,588,30,191,21,5,81.2,7.24,19.6,39.22,16.23
S Dube,T20I,38,484,785,30,150,21,8,80.7,9.73,26.17,30.99,16.13
CM Greechan,T20I,20,455,283,30,278,10,0,75.8,3.73,9.43,61.1,15.17
HMCM Bandara,ODI,23,1170,983,30,532,14,0,195.0,5.04,32.77,45.47,39.0
A Dananjaya,T20I,32,677,937,30,231,18,0,112.8,8.3,31.23,34.12,22.57
Nazmul Hossain,ODI,25,1111,976,30,655,21,5,185.2,5.27,32.53,58.96,37.03
Bismah Maroof,T20I,44,587,603,30,202,11,1,97.8,6.16,20.1,34.41,19.57
Muhammad Wafiq,T20I,36,661,854,30,290,32,10,110.2,7.75,28.47,43.87,22.03
E Malinga,IPL,17,366,573,30,131,27,0,61.0,9.39,19.1,35.79,12.2
J Shaju,T20I,20,400,521,30,170,39,2,66.7,7.82,17.37,42.5,13.33
S Conteh,T20I,23,407,393,30,213,18,1,67.8,5.79,13.1,52.33,13.57
ND Laegsgaard,T20I,24,459,451,30,237,8,0,76.5,5.9,15.03,51.63,15.3
Simi Singh,ODI,19,953,615,30,576,5,1,158.8,3.87,20.5,60.44,31.77
Habib Khan,T20I,21,447,540,30,208,40,1,74.5,7.25,18.0,46.53,14.9
Mohammad Nawaz,PSL,39,660,1026,30,209,15,0,110.0,9.33,34.2,31.67,22.0
Pratik Singh Bais,T20I,26,492,446,30,277,17,0,82.0,5.44,14.87,56.3,16.4
C Udekwe,T20I,24,455,453,30,259,45,4,75.8,5.97,15.1,56.92,15.17
Priyada Murali,T20I,35,563,566,30,251,43,12,93.8,6.03,18.87,44.58,18.77
B Lee,IPL,38,888,1126,30,400,28,13,148.0,7.61,37.53,45.05,29.6
MS Panesar,ODI,26,1308,1000,30,725,6,0,218.0,4.59,33.33,55.43,43.6
B Lee,T20I,25,562,738,30,247,23,17,93.7,7.88,24.6,43.95,18.73
CJ Chibhabha,ODI,49,1392,1379,30,716,25,15,232.0,5.94,45.97,51.44,46.4
Yuvraj Singh,T20I,29,396,475,30,137,5,2,66.0,7.2,15.83,34.6,13.2
M Kartik,ODI,23,1210,1048,30,609,17,11,201.7,5.2,34.93,50.33,40.33
T Wangchuk,T20I,33,588,731,30,277,27,7,98.0,7.46,24.37,47.11,19.6
SK Raina,IPL,69,908,1139,30,299,22,0,151.3,7.53,37.97,32.93,30.27
M Upadhayay,T20I,16,336,262,30,201,13,0,56.0,4.68,8.73,59.82,11.2
R Shimwamana,T20I,32,546,336,30,353,30,3,91.0,3.69,11.2,64.65,18.2
ST Gabriel,ODI,23,1063,1119,30,533,38,9,177.2,6.32,37.3,50.14,35.43
JN Loftie-Eaton,ODI,31,796,708,30,408,6,1,132.7,5.34,23.6,51.26,26.53
Milind Kumar,ODI,18,733,534,30,423,10,1,122.2,4.37,17.8,57.71,24.43
DT Tiripano,ODI,30,1257,1243,30,630,43,2,209.5,5.93,41.43,50.12,41.9
IJ Harvey,ODI,21,915,713,30,527,12,2,152.5,4.68,23.77,57.6,30.5
TL Chatara,Test,10,1827,755,30,1483,5,3,304.5,2.48,25.17,81.17,60.9
Ahmed Raza,T20I,43,818,905,30,320,12,0,136.3,6.64,30.17,39.12,27.27
Vijaykumar Vyshak,IPL,23,480,829,30,138,27,3,80.0,10.36,27.63,28.75,16.0
JA Burrows,T20I,22,392,512,30,159,15,3,65.3,7.84,17.07,40.56,13.07
JA Morkel,T20I,44,615,848,30,221,24,4,102.5,8.27,28.27,35.93,20.5
SC van Schalkwyk,T20I,18,358,522,30,111,8,1,59.7,8.75,17.4,31.01,11.93
S Georgota,T20I,23,481,449,30,238,41,15,80.2,5.6,14.97,49.48,16.03
SF Tiai,T20I,22,482,588,30,180,5,2,80.3,7.32,19.6,37.34,16.07
Marufa Akter,T20I,36,660,719,30,340,34,1,110.0,6.54,23.97,51.52,22.0
N Shree Charani,ODI,21,1089,1039,30,514,13,1,181.5,5.72,34.63,47.2,36.3
B White,T20I,33,650,929,30,224,16,2,108.3,8.58,30.97,34.46,21.67
D Klein,T20I,23,531,550,30,279,36,3,88.5,6.21,18.33,52.54,17.7
SR Patil,T20I,21,445,532,30,195,12,1,74.2,7.17,17.73,43.82,14.83
TM Head,ODI,42,1185,1153,30,507,18,0,197.5,5.84,38.43,42.78,39.5
KA Jamieson,ODI,22,1112,998,30,667,38,4,185.3,5.38,33.27,59.98,37.07
MJ McClenaghan,T20I,29,612,809,30,254,19,4,102.0,7.93,26.97,41.5,20.4
Ibrahim Rizan,T20I,31,560,662,30,234,13,0,93.3,7.09,22.07,41.79,18.67
DP Nannes,T20I,16,366,467,30,170,13,0,61.0,7.66,15.57,46.45,12.2
SW Tait,T20I,21,483,629,30,244,52,2,80.5,7.81,20.97,50.52,16.1
HMD Rasangika,T20I,27,441,508,29,182,22,20,73.5,6.91,17.52,41.27,15.21
AJ Hall,Test,11,1810,1017,29,1340,6,2,301.7,3.37,35.07,74.03,62.41
S Rana,T20I,26,500,510,29,222,11,2,83.3,6.12,17.59,44.4,17.24
Amjad Javed,T20I,17,349,419,29,161,8,1,58.2,7.2,14.45,46.13,12.03
P Malav,T20I,21,434,562,29,157,12,0,72.3,7.77,19.38,36.18,14.97
Sasha Azmi,T20I,23,494,376,29,276,19,1,82.3,4.57,12.97,55.87,17.03
D Brown,ODI,30,1112,949,29,671,90,8,185.3,5.12,32.72,60.34,38.34
OF Smith,T20I,26,454,784,29,138,30,4,75.7,10.36,27.03,30.4,15.66
Washington Sundar,ODI,26,1015,847,29,523,12,1,169.2,5.01,29.21,51.53,35.0
C de Grandhomme,ODI,44,1526,1243,29,820,43,2,254.3,4.89,42.86,53.74,52.62
NK Patel,T20I,20,382,367,29,191,8,0,63.7,5.76,12.66,50.0,13.17
K Juma,T20I,17,376,374,29,204,14,3,62.7,5.97,12.9,54.26,12.97
AE Satterthwaite,ODI,34,1054,839,29,555,6,1,175.7,4.78,28.93,52.66,36.34
CA Soper,T20I,22,415,498,29,176,6,2,69.2,7.2,17.17,42.41,14.31
LE Plunkett,T20I,21,453,628,29,176,17,1,75.5,8.32,21.66,38.85,15.62
Gulsan Jha,T20I,34,520,640,29,210,30,2,86.7,7.38,22.07,40.38,17.93
B Stanlake,T20I,19,421,556,29,207,22,1,70.2,7.92,19.17,49.17,14.52
IJR Zwilling,ODI,13,704,415,29,496,18,1,117.3,3.54,14.31,70.45,24.28
L Moises,T20I,23,411,279,29,252,13,1,68.5,4.07,9.62,61.31,14.17
SW Bates,ODI,51,1510,1278,29,813,30,3,251.7,5.08,44.07,53.84,52.07
Rubel Hossain,T20I,25,536,860,29,176,20,4,89.3,9.63,29.66,32.84,18.48
Ashwin Vinod,T20I,22,439,542,29,219,33,0,73.2,7.41,18.69,49.89,15.14
G Coetzee,ODI,13,608,693,29,326,24,2,101.3,6.84,23.9,53.62,20.97
AA Rahayu,T20I,27,401,388,29,213,32,0,66.8,5.81,13.38,53.12,13.83
Shafina Mahesh,T20I,34,603,619,29,328,46,10,100.5,6.16,21.34,54.39,20.79
Waqas Maqsood,PSL,20,423,620,29,139,19,2,70.5,8.79,21.38,32.86,14.59
M Syrioti,T20I,24,518,492,29,280,72,10,86.3,5.7,16.97,54.05,17.86
Waqas Ahmad,T20I,15,349,417,29,152,10,4,58.2,7.17,14.38,43.55,12.03
Hasan Mahmud,T20I,25,518,687,29,218,19,2,86.3,7.96,23.69,42.08,17.86
Hasan Mahmud,ODI,20,896,916,29,511,33,5,149.3,6.13,31.59,57.03,30.9
NM Lyon,ODI,29,1626,1359,29,822,14,0,271.0,5.01,46.86,50.55,56.07
J Overton,T20I,20,348,486,29,154,14,1,58.0,8.38,16.76,44.25,12.0
L Filer,ODI,19,781,697,29,459,45,2,130.2,5.35,24.03,58.77,26.93
LK O'Reilly,T20I,22,453,474,29,204,28,4,75.5,6.28,16.34,45.03,15.62
B Ito-Davis,T20I,19,316,232,29,188,1,0,52.7,4.41,8.0,59.49,10.9
Saad Bin Zafar,ODI,28,1503,1074,29,846,16,0,250.5,4.29,37.03,56.29,51.83
Taijul Islam,ODI,17,876,694,29,478,5,0,146.0,4.75,23.93,54.57,30.21
Usman Qadir,T20I,20,411,564,29,161,5,3,68.5,8.23,19.45,39.17,14.17
Imran Khan (2),Test,10,1643,933,29,1234,3,7,273.8,3.41,32.17,75.11,56.66
SJ Coyte,T20I,20,408,377,29,199,5,0,68.0,5.54,13.0,48.77,14.07
A Mazvishaya,T20I,24,457,460,29,212,13,2,76.2,6.04,15.86,46.39,15.76
ST Finn,T20I,20,456,598,29,219,11,0,76.0,7.87,20.62,48.03,15.72
CR Brathwaite,T20I,35,652,976,29,211,34,3,108.7,8.98,33.66,32.36,22.48
A Makri,T20I,25,486,499,29,262,87,20,81.0,6.16,17.21,53.91,16.76
W O'Rourke,ODI,20,982,948,29,561,71,0,163.7,5.79,32.69,57.13,33.86
Imran Haider,ODI,17,806,729,29,417,17,1,134.3,5.43,25.14,51.74,27.79
PADLR Sandakan,ODI,30,1496,1556,29,632,42,8,249.3,6.24,53.66,42.25,51.59
SR Watson,PSL,26,444,615,29,158,23,0,74.0,8.31,21.21,35.59,15.31
KC Brathwaite,Test,59,2812,1595,29,1772,3,3,468.7,3.4,55.0,63.02,96.97
SPD Smith,ODI,40,1076,985,29,460,5,0,179.3,5.49,33.97,42.75,37.1
CN Greaves,ODI,21,655,601,29,326,8,2,109.2,5.51,20.72,49.77,22.59
W Nalisa,T20I,22,463,568,29,181,29,2,77.2,7.36,19.59,39.09,15.97
Adil Butt,T20I,19,397,528,29,194,28,1,66.2,7.98,18.21,48.87,13.69
Sufiyan Muqeem,PSL,19,409,539,29,155,11,1,68.2,7.91,18.59,37.9,14.1
P Vastrakar,ODI,30,1128,1049,29,631,27,0,188.0,5.58,36.17,55.94,38.9
KOK Williams,T20I,20,429,691,29,131,19,13,71.5,9.66,23.83,30.54,14.79
EJB Miles,T20I,22,408,441,28,158,10,0,68.0,6.49,15.75,38.73,14.57
KM Jadhav,ODI,41,1145,1005,28,521,28,0,190.8,5.27,35.89,45.5,40.89
ML Cummins,Test,13,2007,1139,28,1469,8,31,334.5,3.41,40.68,73.19,71.68
AJ McKay,ODI,19,927,819,28,555,46,1,154.5,5.3,29.25,59.87,33.11
D Sabir,T20I,20,349,346,28,152,2,0,58.2,5.95,12.36,43.55,12.46
P Kumar,Test,6,1611,736,28,1265,5,0,268.5,2.74,26.29,78.52,57.54
STR Binny,IPL,63,595,763,28,204,16,1,99.2,7.69,27.25,34.29,21.25
Abdul Razzaq,Test,10,1540,955,28,1089,6,43,256.7,3.72,34.11,70.71,55.0
Mohammad Nawaz,ODI,27,1302,1132,28,637,6,0,217.0,5.22,40.43,48.92,46.5
J Baguma,T20I,18,349,392,28,195,13,0,58.2,6.74,14.0,55.87,12.46
Rishad Hossain,ODI,16,768,714,28,378,11,1,128.0,5.58,25.5,49.22,27.43
Avesh Khan,T20I,23,478,720,28,212,19,3,79.7,9.04,25.71,44.35,17.07
J Goswami,T20I,29,595,586,28,307,14,5,99.2,5.91,20.93,51.6,21.25
Ayan Khan,ODI,33,1149,937,28,640,26,0,191.5,4.89,33.46,55.7,41.04
G Bakiweyem,T20I,32,569,650,28,279,38,11,94.8,6.85,23.21,49.03,20.32
Tapash Baisya,ODI,25,1142,1112,28,654,28,22,190.3,5.84,39.71,57.27,40.79
Mohammad Ilyas,PSL,26,459,725,28,175,18,1,76.5,9.48,25.89,38.13,16.39
Mohammad Hasnain,T20I,26,598,868,28,233,24,4,99.7,8.71,31.0,38.96,21.36
Iftikhar Ahmed,PSL,46,529,727,28,185,11,0,88.2,8.25,25.96,34.97,18.89
SO Tikolo,ODI,26,1070,919,28,544,19,1,178.3,5.15,32.82,50.84,38.21
Mohammad Kamran,T20I,19,429,366,28,260,21,2,71.5,5.12,13.07,60.61,15.32
L Balaji,ODI,20,972,928,28,562,33,11,162.0,5.73,33.14,57.82,34.71
J Srinath,ODI,16,830,563,28,566,23,5,138.3,4.07,20.11,68.19,29.64
Arshdeep Singh,ODI,14,682,624,28,398,33,1,113.7,5.49,22.29,58.36,24.36
Sanjida Akter Meghla,T20I,23,479,399,28,242,6,0,79.8,5.0,14.25,50.52,17.11
Arshad Iqbal,PSL,24,505,785,28,171,12,5,84.2,9.33,28.04,33.86,18.04
Yash Thakur,IPL,21,447,782,28,149,28,4,74.5,10.5,27.93,33.33,15.96
Hisham Sheikh,T20I,29,571,686,28,223,18,1,95.2,7.21,24.5,39.05,20.39
T Tshose,T20I,30,496,615,28,219,13,1,82.7,7.44,21.96,44.15,17.71
R Hekure,ODI,22,920,706,28,522,5,3,153.3,4.6,25.21,56.74,32.86
Shahadat Hossain,ODI,33,1524,1598,28,833,69,26,254.0,6.29,57.07,54.66,54.43
AR Cusack,T20I,26,476,578,28,195,9,2,79.3,7.29,20.64,40.97,17.0
N Shree Charani,T20I,17,379,480,28,135,5,2,63.2,7.6,17.14,35.62,13.54
CB Mpofu,T20I,26,575,916,28,212,33,1,95.8,9.56,32.71,36.87,20.54
SI Kamea,ODI,19,903,797,28,545,47,5,150.5,5.3,28.46,60.35,32.25
Tuba Hassan,T20I,37,647,734,28,282,14,0,107.8,6.81,26.21,43.59,23.11
Akash Deep,Test,10,1562,1046,28,1099,4,26,260.3,4.02,37.36,70.36,55.79
R Oa,T20I,19,368,294,28,197,13,1,61.3,4.79,10.5,53.53,13.14
AD Mathews,IPL,44,792,1095,28,237,15,1,132.0,8.3,39.11,29.92,28.29
IK Pathan,T20I,22,438,598,28,183,19,0,73.0,8.19,21.36,41.78,15.64
J Rasu,T20I,23,448,565,28,203,19,3,74.7,7.57,20.18,45.31,16.0
N Pokana,ODI,16,799,564,28,504,22,4,133.2,4.24,20.14,63.08,28.54
Ghulam Fatima,ODI,15,784,599,28,404,13,1,130.7,4.58,21.39,51.53,28.0
LM Jongwe,ODI,29,1070,1083,28,544,56,2,178.3,6.07,38.68,50.84,38.21
DG Blampied,T20I,30,483,568,28,183,8,2,80.5,7.06,20.29,37.89,17.25
Aamer Yamin,PSL,32,565,851,28,209,24,5,94.2,9.04,30.39,36.99,20.18
A Kamboj,IPL,21,409,609,28,170,12,6,68.2,8.93,21.75,41.56,14.61
SS Weerakkody,ODI,33,1086,826,28,671,36,0,181.0,4.56,29.5,61.79,38.79
Harshit Rana,ODI,14,687,726,28,351,21,0,114.5,6.34,25.93,51.09,24.54
MJ Humphreys,T20I,18,402,469,28,167,11,0,67.0,7.0,16.75,41.54,14.36
H Lakov,T20I,26,542,767,28,248,48,3,90.3,8.49,27.39,45.76,19.36
DAJ Bracewell,ODI,21,1016,850,28,602,23,0,169.3,5.02,30.36,59.25,36.29
S Vashisht,T20I,23,440,491,28,234,35,1,73.3,6.7,17.54,53.18,15.71
Aminata Kamara,T20I,32,595,540,28,348,29,3,99.2,5.45,19.29,58.49,21.25
V Baskaran,T20I,31,575,713,28,237,14,0,95.8,7.44,25.46,41.22,20.54
PV Tambe,IPL,33,660,866,28,215,14,0,110.0,7.87,30.93,32.58,23.57
ZL Win,T20I,26,530,382,28,351,33,2,88.3,4.32,13.64,66.23,18.93
Yasir Shah,PSL,27,572,704,28,217,8,1,95.3,7.38,25.14,37.94,20.43
A Canning,T20I,44,790,733,28,437,37,4,131.7,5.57,26.18,55.32,28.21
O Bell,T20I,23,414,423,28,209,10,0,69.0,6.13,15.11,50.48,14.79
HA Chohan,T20I,24,450,476,28,231,23,0,75.0,6.35,17.0,51.33,16.07
Harbhajan Singh,T20I,26,589,626,28,239,12,1,98.2,6.38,22.36,40.58,21.04
BTJ Wheal,T20I,24,496,728,28,208,8,2,82.7,8.81,26.0,41.94,17.71
Nik Nur Atiela,T20I,25,367,321,28,179,26,1,61.2,5.25,11.46,48.77,13.11
E Kubwimana,T20I,23,398,629,28,160,28,0,66.3,9.48,22.46,40.2,14.21
T Putthawong,ODI,14,700,443,28,467,11,2,116.7,3.8,15.82,66.71,25.0
SA Mohandas,T20I,26,522,685,28,250,32,0,87.0,7.87,24.46,47.89,18.64
AR Adams,ODI,17,809,730,28,496,25,2,134.8,5.41,26.07,61.31,28.89
G Ngegba,T20I,18,404,361,28,207,4,4,67.3,5.36,12.89,51.24,14.43
JJ Huo,T20I,17,311,438,28,134,16,2,51.8,8.45,15.64,43.09,11.11
MG Bracewell,Test,10,1996,1226,28,1422,1,1,332.7,3.69,43.79,71.24,71.29
Anjar Tadarus,T20I,37,507,632,28,210,21,0,84.5,7.48,22.57,41.42,18.11
TT Bresnan,T20I,34,665,899,27,272,28,2,110.8,8.11,33.3,40.9,24.63
Faheem Ashraf,Test,17,1920,1012,27,1479,7,12,320.0,3.16,37.48,77.03,71.11
Mohammed Nadeem,T20I,24,516,556,27,214,5,0,86.0,6.47,20.59,41.47,19.11
Suyash Sharma,IPL,35,738,1087,27,251,16,1,123.0,8.84,40.26,34.01,27.33
Mohammed Shami,T20I,24,487,739,27,196,17,1,81.2,9.1,27.37,40.25,18.04
RM Haq,ODI,19,866,673,27,468,5,3,144.3,4.66,24.93,54.04,32.07
HNK Jensen,ODI,29,1075,930,27,596,30,2,179.2,5.19,34.44,55.44,39.81
PHT Kaushal,Test,7,1690,1142,27,1035,0,31,281.7,4.05,42.3,61.24,62.59
EB Ringera,T20I,24,451,538,27,208,13,2,75.2,7.16,19.93,46.12,16.7
O Prendergast,ODI,32,1116,953,27,715,68,2,186.0,5.12,35.3,64.07,41.33
Sohail Khan,Test,9,1841,1164,27,1315,2,13,306.8,3.79,43.11,71.43,68.19
MJ Mason,ODI,20,951,826,27,565,19,18,158.5,5.21,30.59,59.41,35.22
JH Davey,ODI,18,796,648,27,484,36,2,132.7,4.88,24.0,60.8,29.48
MN Samuels,T20I,30,485,645,27,164,6,0,80.8,7.98,23.89,33.81,17.96
Nahid Rana,Test,10,1483,1189,27,959,11,19,247.2,4.81,44.04,64.67,54.93
SE Bond,T20I,20,466,553,27,228,14,1,77.7,7.12,20.48,48.93,17.26
A Hartley,ODI,21,1012,727,27,589,12,0,168.7,4.31,26.93,58.2,37.48
RW Price,Test,7,1922,1046,27,1429,0,0,320.3,3.27,38.74,74.35,71.19
Festus Benn,T20I,20,375,406,27,167,2,0,62.5,6.5,15.04,44.53,13.89
CN Greaves,T20I,29,463,588,27,151,7,1,77.2,7.62,21.78,32.61,17.15
Asmavia Iqbal,ODI,25,1115,1019,27,632,50,0,185.8,5.48,37.74,56.68,41.3
GM Muthui,T20I,23,415,498,27,221,20,1,69.2,7.2,18.44,53.25,15.37
W Peatfield,T20I,16,336,319,27,180,17,0,56.0,5.7,11.81,53.57,12.44
Jahanara Alam,ODI,28,1088,891,27,666,32,4,181.3,4.91,33.0,61.21,40.3
J Botha,IPL,34,694,818,27,268,15,0,115.7,7.07,30.3,38.62,25.7
RRS Cornwall,Test,9,2500,1227,27,1832,0,0,416.7,2.94,45.44,73.28,92.59
KJ Abbott,T20I,20,414,557,27,173,19,2,69.0,8.07,20.63,41.79,15.33
Huzaifa Mohammed,T20I,23,521,550,27,252,9,0,86.8,6.33,20.37,48.37,19.3
J Theron,T20I,18,375,492,27,145,10,1,62.5,7.87,18.22,38.67,13.89
K Goud,ODI,17,767,753,27,445,33,1,127.8,5.89,27.89,58.02,28.41
Sajid Liaqat,T20I,16,311,493,27,131,14,2,51.8,9.51,18.26,42.12,11.52
CA Henry,T20I,49,742,848,27,355,35,3,123.7,6.86,31.41,47.84,27.48
Hunain Shah,PSL,20,369,565,27,146,18,2,61.5,9.19,20.93,39.57,13.67
JA Richardson,ODI,15,810,810,27,436,15,0,135.0,6.0,30.0,53.83,30.0
DR Smith,IPL,46,543,825,27,179,14,4,90.5,9.12,30.56,32.97,20.11
A Wright,T20I,25,520,459,27,250,8,1,86.7,5.3,17.0,48.08,19.26
Robiul Islam,Test,9,1898,1036,27,1399,13,38,316.3,3.28,38.37,73.71,70.3
SMSM Senanayake,T20I,23,486,562,27,208,7,0,81.0,6.94,20.81,42.8,18.0
J Nkomo,ODI,16,758,496,27,508,39,1,126.3,3.93,18.37,67.02,28.07
IG Butler,T20I,18,359,500,27,147,7,1,59.8,8.36,18.52,40.95,13.3
XC Bartlett,T20I,20,401,540,27,168,9,2,66.8,8.08,20.0,41.9,14.85
Enamul Haque jnr,Test,13,2879,1527,27,2051,2,49,479.8,3.18,56.56,71.24,106.63
Sikandar Raza,PSL,38,527,751,27,149,18,5,87.8,8.55,27.81,28.27,19.52
AH Maqsood,ODI,13,584,463,27,341,20,0,97.3,4.76,17.15,58.39,21.63
Kartik Tyagi,IPL,28,619,1015,27,226,34,11,103.2,9.84,37.59,36.51,22.93
Arafat Sunny,ODI,15,770,580,27,430,6,0,128.3,4.52,21.48,55.84,28.52
R Dhawan,IPL,36,665,922,27,218,28,3,110.8,8.32,34.15,32.78,24.63
R Coker,T20I,29,565,550,27,275,12,1,94.2,5.84,20.37,48.67,20.93
D Ravu,T20I,21,387,488,26,164,12,7,64.5,7.57,18.77,42.38,14.88
Muhammad Asim,T20I,28,479,576,26,191,6,1,79.8,7.22,22.15,39.87,18.42
Muhammad Jabir,T20I,25,483,709,26,183,38,14,80.5,8.81,27.27,37.89,18.58
Raza Iqbal,T20I,23,450,430,26,196,1,0,75.0,5.73,16.54,43.56,17.31
M Magagula,T20I,22,360,532,26,154,36,2,60.0,8.87,20.46,42.78,13.85
PF Gallagher,T20I,16,377,387,26,158,9,0,62.8,6.16,14.88,41.91,14.5
HM Rowe,T20I,33,428,568,26,180,28,2,71.3,7.96,21.85,42.06,16.46
Basil Thampi,IPL,25,522,862,26,163,17,1,87.0,9.91,33.15,31.23,20.08
Jaspreet Singh,T20I,24,405,489,26,169,14,1,67.5,7.24,18.81,41.73,15.58
RJ Peterson,T20I,19,359,454,26,147,5,0,59.8,7.59,17.46,40.95,13.81
SW Tait,IPL,21,482,668,26,222,52,9,80.3,8.32,25.69,46.06,18.54
Aamer Jamal,PSL,26,450,795,26,165,38,0,75.0,10.6,30.58,36.67,17.31
S Dunukedeniya,T20I,13,253,187,26,165,59,13,42.2,4.43,7.19,65.22,9.73
Milad Momend,T20I,13,275,396,26,112,21,0,45.8,8.64,15.23,40.73,10.58
Mohammad Ghazanfar,T20I,25,482,544,26,190,9,2,80.3,6.77,20.92,39.42,18.54
J Kariko,T20I,19,408,368,26,198,4,1,68.0,5.41,14.15,48.53,15.69
Lucas Rossi,T20I,17,349,301,26,182,7,1,58.2,5.17,11.58,52.15,13.42
RJ Sidebottom,T20I,18,367,461,26,160,15,0,61.2,7.54,17.73,43.6,14.12
Rumana Ahmed,ODI,25,943,669,26,548,8,0,157.2,4.26,25.73,58.11,36.27
Vinu Kumar,T20I,30,471,430,26,252,40,3,78.5,5.48,16.54,53.5,18.12
Junaid Khan,T20I,26,511,575,26,275,35,1,85.2,6.75,22.12,53.82,19.65
U Shantu,T20I,13,276,298,26,161,19,2,46.0,6.48,11.46,58.33,10.62
Sameen Gul,PSL,23,493,727,26,203,21,1,82.2,8.85,27.96,41.18,18.96
R Ravindra,T20I,24,384,448,26,164,9,0,64.0,7.0,17.23,42.71,14.77
Haseeb Amjad,T20I,14,287,356,26,132,11,3,47.8,7.44,13.69,45.99,11.04
S Glenn,ODI,18,757,550,26,432,11,0,126.2,4.36,21.15,57.07,29.12
BA Stokes,T20I,34,575,826,26,194,32,5,95.8,8.62,31.77,33.74,22.12
K Mirpuri,T20I,27,548,744,26,232,11,3,91.3,8.15,28.62,42.34,21.08
Akash Madhwal,IPL,17,359,598,26,112,17,7,59.8,9.99,23.0,31.2,13.81
RA Mair,ODI,28,1203,1077,26,684,49,2,200.5,5.37,41.42,56.86,46.27
L Wood,PSL,20,455,620,26,178,9,2,75.8,8.18,23.85,39.12,17.5
D Koralalage,T20I,15,326,220,26,231,74,11,54.3,4.05,8.46,70.86,12.54
BE Hendricks,T20I,19,411,634,26,151,22,2,68.5,9.26,24.38,36.74,15.81
NN Odhiambo,T20I,26,419,604,26,162,14,5,69.8,8.65,23.23,38.66,16.12
BC Fortuin,T20I,27,480,657,26,196,14,0,80.0,8.21,25.27,40.83,18.46
S Joseph,T20I,20,407,643,26,158,21,5,67.8,9.48,24.73,38.82,15.65
Panna Ghosh,T20I,23,406,372,26,220,8,1,67.7,5.5,14.31,54.19,15.62
Nadeem Ahmed,ODI,17,887,655,26,561,6,5,147.8,4.43,25.19,63.25,34.12
Khalid Zahid,T20I,25,519,627,26,238,37,4,86.5,7.25,24.12,45.86,19.96
Kushal Malla,ODI,31,1076,782,26,597,11,0,179.3,4.36,30.08,55.48,41.38
C Karunaratne,ODI,23,800,787,26,388,37,3,133.3,5.9,30.27,48.5,30.77
C Karunaratne,T20I,40,689,948,26,207,31,0,114.8,8.26,36.46,30.04,26.5
E Otieno,T20I,26,439,564,26,209,31,8,73.2,7.71,21.69,47.61,16.88
Z Burgess,T20I,27,513,515,26,288,35,2,85.5,6.02,19.81,56.14,19.73
V Mansale,T20I,23,430,428,26,238,58,10,71.7,5.97,16.46,55.35,16.54
Usman Khalid,T20I,28,517,520,26,250,6,5,86.2,6.03,20.0,48.36,19.88
V Ganesan,T20I,29,468,457,26,208,7,0,78.0,5.86,17.58,44.44,18.0
Naveen-ul-Haq,IPL,17,392,602,26,140,15,5,65.3,9.21,23.15,35.71,15.08
PR Stirling,ODI,45,1460,1227,26,713,25,2,243.3,5.04,47.19,48.84,56.15
MP Kuhnemann,Test,5,1028,575,26,735,0,2,171.3,3.36,22.12,71.5,39.54
AM Kamara,T20I,35,671,553,26,395,23,2,111.8,4.94,21.27,58.87,25.81
PM Seelaar,ODI,27,1271,1028,26,672,6,0,211.8,4.85,39.54,52.87,48.88
C Abel,T20I,20,359,363,26,170,32,4,59.8,6.07,13.96,47.35,13.81
Shoaib Malik,T20I,47,524,649,26,183,25,2,87.3,7.43,24.96,34.92,20.15
HL Colvin,T20I,19,430,379,26,175,5,0,71.7,5.29,14.58,40.7,16.54
Zaker Taqawi,T20I,13,268,300,26,119,7,1,44.7,6.72,11.54,44.4,10.31
HS Baidwan,ODI,16,804,731,25,452,16,0,134.0,5.46,29.24,56.22,32.16
KS Leverock,T20I,22,414,469,25,202,22,2,69.0,6.8,18.76,48.79,16.56
T Panyangara,Test,6,1356,537,25,1103,3,2,226.0,2.38,21.48,81.34,54.24
D Paterson,Test,7,1336,679,25,1001,1,17,222.7,3.05,27.16,74.93,53.44
S Solman,T20I,27,487,463,25,273,36,1,81.2,5.7,18.52,56.06,19.48
KP Meiyappan,T20I,15,312,370,25,115,6,0,52.0,7.12,14.8,36.86,12.48
Naveed Ahmed,T20I,26,493,608,25,199,22,1,82.2,7.4,24.32,40.37,19.72
Shoaib Malik,Test,20,1936,1064,25,1288,2,23,322.7,3.3,42.56,66.53,77.44
H Thaker,ODI,24,1089,797,25,596,6,0,181.5,4.39,31.88,54.73,43.56
MK Thakur,T20I,21,444,450,25,217,23,9,74.0,6.08,18.0,48.87,17.76
JEC Franklin,T20I,26,332,422,25,127,5,5,55.3,7.63,16.88,38.25,13.28
Nasir Hossain,ODI,42,1241,990,25,619,7,0,206.8,4.79,39.6,49.88,49.64
H Osinde,ODI,17,685,543,25,465,54,2,114.2,4.76,21.72,67.88,27.4
Amar Sharma,T20I,31,608,863,25,228,50,5,101.3,8.52,34.52,37.5,24.32
Ali Raza,PSL,14,308,485,25,118,11,7,51.3,9.45,19.4,38.31,12.32
S Rana,Test,5,1062,560,25,791,0,3,177.0,3.16,22.4,74.48,42.48
V Araa,T20I,26,403,360,25,196,6,1,67.2,5.36,14.4,48.64,16.12
GB Hogg,IPL,21,459,585,25,170,7,1,76.5,7.65,23.4,37.04,18.36
GB Brent,ODI,23,1103,900,25,687,37,0,183.8,4.9,36.0,62.28,44.12
E Kamara,T20I,25,453,407,25,252,41,3,75.5,5.39,16.28,55.63,18.12
DAS Gunaratne,ODI,25,834,735,25,358,12,0,139.0,5.29,29.4,42.93,33.36
NMP Suwandewi,T20I,25,503,329,25,337,27,6,83.8,3.92,13.16,67.0,20.12
R Hashu,T20I,13,213,273,25,98,9,2,35.5,7.69,10.92,46.01,8.52
R Musamali,T20I,32,488,473,25,243,33,0,81.3,5.82,18.92,49.8,19.52
PWA Mulder,ODI,25,837,895,25,405,46,7,139.5,6.42,35.8,48.39,33.48
NR Sciver-Brunt,ODI,24,923,735,25,525,27,0,153.8,4.78,29.4,56.88,36.92
Nadeem Ahmed,T20I,19,381,419,25,180,6,0,63.5,6.6,16.76,47.24,15.24
CAH Stevenson,ODI,17,694,670,25,390,35,1,115.7,5.79,26.8,56.2,27.76
CB Mpofu,Test,13,2059,1192,25,1512,5,14,343.2,3.47,47.68,73.43,82.36
L Piety,T20I,16,256,196,25,147,14,2,42.7,4.59,7.84,57.42,10.24
NK Yadav,T20I,18,313,423,25,145,25,2,52.2,8.11,16.92,46.33,12.52
L Tshuma,ODI,21,806,613,25,442,15,2,134.3,4.56,24.52,54.84,32.24
G Kodali,T20I,35,527,543,25,273,33,3,87.8,6.18,21.72,51.8,21.08
R Kalimuthu,T20I,15,317,435,25,141,16,4,52.8,8.23,17.4,44.48,12.68
Yasir Shah,ODI,24,1293,1165,25,587,9,0,215.5,5.41,46.6,45.4,51.72
Hassan Khan,PSL,40,670,879,25,222,11,2,111.7,7.87,35.16,33.13,26.8
S Mahmood,ODI,17,842,743,25,497,19,1,140.3,5.29,29.72,59.03,33.68
Utkarsh Jain,T20I,22,457,435,25,224,5,0,76.2,5.71,17.4,49.02,18.28
Sufiyan Muqeem,T20I,15,298,314,25,142,5,1,49.7,6.32,12.56,47.65,11.92
J Gunasekar,T20I,21,386,334,25,180,2,2,64.3,5.19,13.36,46.63,15.44
Atif Mehmood,T20I,23,452,417,25,257,18,3,75.3,5.54,16.68,56.86,18.08
A Nao,T20I,18,366,373,25,190,19,0,61.0,6.11,14.92,51.91,14.64
SM Ervine,ODI,20,775,703,25,400,14,7,129.2,5.44,28.12,51.61,31.0
M Dillon,ODI,20,959,737,25,580,21,12,159.8,4.61,29.48,60.48,38.36
M Daniels,T20I,31,627,541,25,362,21,0,104.5,5.18,21.64,57.74,25.08
CJPF Kalugamage,T20I,21,408,484,25,161,10,1,68.0,7.12,19.36,39.46,16.32
RJ Sidebottom,ODI,22,1146,974,25,682,36,2,191.0,5.1,38.96,59.51,45.84
Gaurav Tiwari,T20I,22,456,500,25,227,12,1,76.0,6.58,20.0,49.78,18.24
FR Davies,T20I,25,470,553,25,214,22,2,78.3,7.06,22.12,45.53,18.8
Muhammad Moiz,T20I,16,290,408,25,131,22,0,48.3,8.44,16.32,45.17,11.6
LV Boas,T20I,24,321,270,25,200,38,2,53.5,5.05,10.8,62.31,12.84
JA Duffy,Test,4,1039,433,25,842,8,9,173.2,2.5,17.32,81.04,41.56
LB Williams,T20I,19,392,634,25,134,17,3,65.3,9.7,25.36,34.18,15.68
RE van der Merwe,IPL,21,443,515,25,159,12,0,73.8,6.98,20.6,35.89,17.72
Al-Amin Hossain,ODI,15,663,621,25,381,18,0,110.5,5.62,24.84,57.47,26.52
LCN Smith,T20I,22,486,547,25,200,12,0,81.0,6.75,21.88,41.15,19.44
Mehran Khan,T20I,27,447,545,25,191,15,3,74.5,7.32,21.8,42.73,17.88
ASF Sirah,T20I,20,378,457,25,158,26,0,63.0,7.25,18.28,41.8,15.12
B Shikongo,ODI,22,830,848,25,470,35,2,138.3,6.13,33.92,56.63,33.2
JN Loftie-Eaton,T20I,33,436,559,25,153,5,2,72.7,7.69,22.36,35.09,17.44
A Nanda,T20I,25,492,656,25,225,38,0,82.0,8.0,26.24,45.73,19.68
J Nyirankundineza,T20I,22,407,352,25,233,15,1,67.8,5.19,14.08,57.25,16.28
Ada Bhasin,T20I,28,488,379,25,311,40,1,81.3,4.66,15.16,63.73,19.52
Raaz Mohammad,T20I,21,386,459,25,153,13,0,64.3,7.13,18.36,39.64,15.44
P Jayawickrama,Test,5,1321,651,25,1003,1,1,220.2,2.96,26.04,75.93,52.84
Sonam,T20I,25,480,488,25,271,73,9,80.0,6.1,19.52,56.46,19.2
Ahmadullah Shinwari,T20I,27,483,576,25,243,33,2,80.5,7.16,23.04,50.31,19.32
B Arora,T20I,35,600,779,25,236,34,4,100.0,7.79,31.16,39.33,24.0
FA Allen,T20I,35,607,784,24,212,5,2,101.2,7.75,32.67,34.93,25.29
Saud Munir,T20I,15,310,339,24,124,7,0,51.7,6.56,14.12,40.0,12.92
Aqib Ilyas,ODI,27,895,719,24,474,12,0,149.2,4.82,29.96,52.96,37.29
I Chathurani,T20I,13,297,165,24,196,35,6,49.5,3.33,6.88,65.99,12.38
LA Marsh,Test,8,1919,782,24,1507,0,0,319.8,2.45,32.58,78.53,79.96
Shorna Akter,T20I,33,395,479,24,145,3,2,65.8,7.28,19.96,36.71,16.46
BJ Dwarshuis,T20I,15,343,545,24,121,8,1,57.2,9.53,22.71,35.28,14.29
OE Taylor,T20I,11,241,262,24,111,5,1,40.2,6.52,10.92,46.06,10.04
MM Letsoalo,ODI,20,858,487,24,611,12,2,143.0,3.41,20.29,71.21,35.75
Sohail Tanvir,IPL,11,248,275,24,130,17,1,41.3,6.65,11.46,52.42,10.33
P Mapotsane,T20I,21,299,299,24,173,45,5,49.8,6.0,12.46,57.86,12.46
P Maziya,T20I,15,325,268,24,189,22,1,54.2,4.95,11.17,58.15,13.54
L Delany,ODI,32,1188,953,24,609,44,4,198.0,4.81,39.71,51.26,49.5
NJ Carey,ODI,23,861,629,24,479,17,4,143.5,4.38,26.21,55.63,35.88
Kushal Malla,T20I,28,377,414,24,153,13,0,62.8,6.59,17.25,40.58,15.71
NN Odhiambo,ODI,22,895,883,24,526,41,13,149.2,5.92,36.79,58.77,37.29
Khaled Mahmud,ODI,27,1201,1047,24,625,26,18,200.2,5.23,43.62,52.04,50.04
PADLR Sandakan,T20I,20,460,568,24,158,24,0,76.7,7.41,23.67,34.35,19.17
C Bull,T20I,24,478,423,24,271,23,3,79.7,5.31,17.62,56.69,19.92
SAN Maypriani,T20I,24,429,265,24,283,23,0,71.5,3.71,11.04,65.97,17.88
Shoaib Rafiq,T20I,18,344,274,24,217,17,1,57.3,4.78,11.42,63.08,14.33
LS Barkania,T20I,18,348,283,24,194,11,0,58.0,4.88,11.79,55.75,14.5
N Dutta,T20I,24,456,507,24,178,17,5,76.0,6.67,21.12,39.04,19.0
MA Nyabela,T20I,20,419,440,24,227,63,8,69.8,6.3,18.33,54.18,17.46
Asif Ali,T20I,35,454,486,24,191,7,0,75.7,6.42,20.25,42.07,18.92
Fanyan Mughal,T20I,24,463,586,24,213,36,3,77.2,7.59,24.42,46.0,19.29
TM McGrath,T20I,35,387,532,24,136,19,6,64.5,8.25,22.17,35.14,16.12
Muhammad Musa,PSL,20,403,652,24,154,10,3,67.2,9.71,27.17,38.21,16.79
Waseem Yaqoob,T20I,13,241,328,24,100,5,1,40.2,8.17,13.67,41.49,10.04
B Fernando,T20I,23,478,666,24,180,19,3,79.7,8.36,27.75,37.66,19.92
B Khumalo,T20I,27,461,585,24,205,24,13,76.8,7.61,24.38,44.47,19.21
DNT Zoysa,ODI,17,772,607,24,501,23,16,128.7,4.72,25.29,64.9,32.17
LH Rodrigues,T20I,17,373,354,24,215,33,1,62.2,5.69,14.75,57.64,15.54
Salman Mirza,T20I,16,347,379,24,182,15,1,57.8,6.55,15.79,52.45,14.46
AS Rajpoot,IPL,29,539,844,24,213,28,10,89.8,9.4,35.17,39.52,22.46
SW Masakadza,ODI,12,622,747,24,297,32,1,103.7,7.21,31.12,47.75,25.92
LL Htun,T20I,24,394,314,24,212,30,4,65.7,4.78,13.08,53.81,16.42
WGAKK Kulasuriya,ODI,26,1044,869,24,599,26,0,174.0,4.99,36.21,57.38,43.5
Ihsanullah,PSL,15,312,419,24,136,22,6,52.0,8.06,17.46,43.59,13.0
M Valner,T20I,16,337,246,24,204,49,14,56.2,4.38,10.25,60.53,14.04
Aizaz Cheema,ODI,14,659,609,24,348,14,1,109.8,5.54,25.38,52.81,27.46
Fawad Ahmed,PSL,23,533,666,24,182,4,0,88.8,7.5,27.75,34.15,22.21
JT Ball,ODI,18,948,996,24,468,27,1,158.0,6.3,41.5,49.37,39.5
DK Shetty,T20I,25,394,449,24,206,33,1,65.7,6.84,18.71,52.28,16.42
Abdur Razzak,Test,11,2439,1455,24,1680,0,0,406.5,3.58,60.62,68.88,101.62
Iqbal Hussain,T20I,8,185,201,24,83,4,0,30.8,6.52,8.38,44.86,7.71
Mohammad Irfan (4),PSL,20,387,603,24,143,6,9,64.5,9.35,25.12,36.95,16.12
ZGF Foulkes,T20I,21,430,643,24,180,36,7,71.7,8.97,26.79,41.86,17.92
HR Walsh,ODI,22,962,908,24,461,23,0,160.3,5.66,37.83,47.92,40.08
SL Quintyne,T20I,21,428,401,24,173,9,2,71.3,5.62,16.71,40.42,17.83
Sohag Gazi,ODI,18,917,736,24,513,22,0,152.8,4.82,30.67,55.94,38.21
Sufyan Mehmood,T20I,23,400,567,24,123,8,1,66.7,8.5,23.62,30.75,16.67
KM Jarvis,T20I,18,367,557,24,142,14,7,61.2,9.11,23.21,38.69,15.29
HV Mandhyan,T20I,17,394,481,24,180,17,0,65.7,7.32,20.04,45.69,16.42
P Kumbhare,T20I,18,367,285,24,226,7,0,61.2,4.66,11.88,61.58,15.29
P Agboya,T20I,18,340,218,23,224,13,0,56.7,3.85,9.48,65.88,14.78
HRA Rainey,T20I,34,518,489,23,269,40,2,86.3,5.66,21.26,51.93,22.52
Noman Amjad,T20I,29,558,709,23,263,36,4,93.0,7.62,30.83,47.13,24.26
CS Nascimento,T20I,20,348,285,23,186,15,2,58.0,4.91,12.39,53.45,15.13
Rehan Ahmed,Test,5,1038,695,23,680,0,0,173.0,4.02,30.22,65.51,45.13
A Symonds,Test,22,1955,846,23,1537,1,17,325.8,2.6,36.78,78.62,85.0
A Symonds,IPL,30,528,694,23,206,12,1,88.0,7.89,30.17,39.02,22.96
KV Morea,ODI,16,699,519,23,420,21,9,116.5,4.45,22.57,60.09,30.39
C Green,IPL,34,507,807,23,186,29,2,84.5,9.55,35.09,36.69,22.04
C Forshaw,T20I,13,241,335,23,95,3,1,40.2,8.34,14.57,39.42,10.48
AM Peterson,T20I,21,306,341,23,123,3,0,51.0,6.69,14.83,40.2,13.3
F Chipare,T20I,25,456,554,23,200,44,4,76.0,7.29,24.09,43.86,19.83
Najjam Shahzad,T20I,23,388,463,23,178,39,8,64.7,7.16,20.13,45.88,16.87
H Lin Aung,T20I,20,330,394,23,153,16,0,55.0,7.16,17.13,46.36,14.35
Pyae Phyo Wai,T20I,25,400,457,23,189,20,3,66.7,6.86,19.87,47.25,17.39
L Chipanga,T20I,21,423,264,23,287,42,3,70.5,3.74,11.48,67.85,18.39
Ali Naseer,ODI,17,689,667,23,382,12,3,114.8,5.81,29.0,55.44,29.96
K Senamontree,T20I,23,362,416,23,185,9,1,60.3,6.9,18.09,51.1,15.74
E Bisht,T20I,15,344,272,23,163,4,0,57.3,4.74,11.83,47.38,14.96
E Anyipo,T20I,32,536,475,23,334,41,0,89.3,5.32,20.65,62.31,23.3
Aiman Anwer,T20I,32,634,789,23,233,16,2,105.7,7.47,34.3,36.75,27.57
SR Patel,ODI,31,1145,1082,23,467,4,0,190.8,5.67,47.04,40.79,49.78
SP Narine,PSL,17,402,421,23,176,9,0,67.0,6.28,18.3,43.78,17.48
JP Duminy,IPL,49,678,847,23,242,23,0,113.0,7.5,36.83,35.69,29.48
K Ota,T20I,24,336,338,23,166,37,3,56.0,6.04,14.7,49.4,14.61
H Kaur,ODI,48,1175,1026,23,576,23,0,195.8,5.24,44.61,49.02,51.09
S Gooch,T20I,15,295,368,23,134,14,1,49.2,7.48,16.0,45.42,12.83
S Godara,T20I,17,335,377,23,196,20,2,55.8,6.75,16.39,58.51,14.57
MS Beresford,T20I,23,379,394,23,206,63,10,63.2,6.24,17.13,54.35,16.48
LA Dawson,PSL,29,507,675,23,185,5,0,84.5,7.99,29.35,36.49,22.04
NG Smith,ODI,17,681,745,23,354,15,5,113.5,6.56,32.39,51.98,29.61
K Fletcher,T20I,19,385,445,23,194,24,1,64.2,6.94,19.35,50.39,16.74
DT Tiripano,Test,14,2450,1159,23,1880,14,34,408.3,2.84,50.39,76.73,106.52
S Dhaniram,ODI,11,549,408,23,313,3,0,91.5,4.46,17.74,57.01,23.87
D Birrell,T20I,14,299,342,23,162,18,4,49.8,6.86,14.87,54.18,13.0
WGAKK Kulasuriya,T20I,35,543,641,23,249,21,1,90.5,7.08,27.87,45.86,23.61
M Vumiliya,T20I,19,343,270,23,200,29,1,57.2,4.72,11.74,58.31,14.91
J Maguire,ODI,24,1011,809,23,602,40,2,168.5,4.8,35.17,59.55,43.96
SK Awiah,T20I,15,273,297,23,110,6,2,45.5,6.53,12.91,40.29,11.87
SC Ganguly,ODI,38,1034,895,23,510,17,8,172.3,5.19,38.91,49.32,44.96
DA Blignaut,T20I,21,275,345,23,112,22,1,45.8,7.53,15.0,40.73,11.96
N Pokana,T20I,23,469,599,23,209,24,3,78.2,7.66,26.04,44.56,20.39
Abbas Ghani,T20I,17,248,385,23,100,31,1,41.3,9.31,16.74,40.32,10.78
B Masaba,T20I,23,362,338,23,159,6,0,60.3,5.6,14.7,43.92,15.74
CJ Metcalfe,T20I,19,379,369,23,178,11,4,63.2,5.84,16.04,46.97,16.48
CJ Jordan,Test,8,1539,781,23,1199,8,9,256.5,3.04,33.96,77.91,66.91
M Dale-Bradley,T20I,18,378,422,23,157,15,0,63.0,6.7,18.35,41.53,16.43
FH Edwards,T20I,26,457,629,23,196,24,8,76.2,8.26,27.35,42.89,19.87
Jay Odedra,ODI,22,852,579,23,539,15,0,142.0,4.08,25.17,63.26,37.04
AC Mushangwe,T20I,12,265,138,23,178,1,0,44.2,3.12,6.0,67.17,11.52
WP Masakadza,ODI,31,1363,1168,23,620,18,1,227.2,5.14,50.78,45.49,59.26
TW Hartley,Test,5,1508,817,23,1078,0,4,251.3,3.25,35.52,71.49,65.57
Mohammad Nadeem,ODI,28,811,762,23,415,14,1,135.2,5.64,33.13,51.17,35.26
T Murphy,Test,7,1160,632,23,836,0,3,193.3,3.27,27.48,72.07,50.43
EC Bargna,T20I,20,407,370,23,249,41,5,67.8,5.45,16.09,61.18,17.7
S Pradhan,T20I,25,432,495,23,188,13,1,72.0,6.88,21.52,43.52,18.78
S Muthusamy,Test,8,968,611,23,662,1,8,161.3,3.79,26.57,68.39,42.09
GA Elwiss,ODI,20,823,529,23,541,16,2,137.2,3.86,23.0,65.74,35.78
G Stewart,T20I,19,433,512,23,189,17,3,72.2,7.09,22.26,43.65,18.83
MJG Nielsen,ODI,17,729,491,23,477,21,3,121.5,4.04,21.35,65.43,31.7
HER Tyler,T20I,18,349,538,23,131,23,4,58.2,9.25,23.39,37.54,15.17
Ehsan Khan,ODI,13,703,531,23,418,8,0,117.2,4.53,23.09,59.46,30.57
P Utseya,T20I,30,635,782,23,220,19,1,105.8,7.39,34.0,34.65,27.61
BW Hilfenhaus,IPL,17,375,497,23,184,15,3,62.5,7.95,21.61,49.07,16.3
HAM Shah,T20I,13,227,249,22,102,6,0,37.8,6.58,11.32,44.93,10.32
P Cuinica,T20I,22,449,424,22,276,75,1,74.8,5.67,19.27,61.47,20.41
Sultana Khatun,ODI,19,906,618,22,570,15,1,151.0,4.09,28.09,62.91,41.18
T Perera,T20I,19,320,461,22,135,20,8,53.3,8.64,20.95,42.19,14.55
Irfan Hafejee,T20I,15,311,357,22,148,15,5,51.8,6.89,16.23,47.59,14.14
S Wickramasekara,T20I,19,329,411,22,135,13,0,54.8,7.5,18.68,41.03,14.95
KMA Paul,T20I,21,431,650,22,145,20,11,71.8,9.05,29.55,33.64,19.59
RMS Eranga,ODI,16,675,664,22,375,26,1,112.5,5.9,30.18,55.56,30.68
D Abeyrathna,T20I,20,322,380,22,139,6,0,53.7,7.08,17.27,43.17,14.64
Asif Afridi,PSL,21,412,513,22,169,4,1,68.7,7.47,23.32,41.02,18.73
SI Mahmood,Test,8,1136,774,22,789,5,6,189.3,4.09,35.18,69.45,51.64
U Peace,T20I,23,440,320,22,263,10,2,73.3,4.36,14.55,59.77,20.0
Umaima Sohail,T20I,22,356,351,22,150,22,2,59.3,5.92,15.95,42.13,16.18
WPUJC Vaas,IPL,13,284,364,22,134,4,2,47.3,7.69,16.55,47.18,12.91
Abdul Razzaq,T20I,21,328,386,22,155,2,1,54.7,7.06,17.55,47.26,14.91
FG Kemp,T20I,21,325,436,22,143,23,1,54.2,8.05,19.82,44.0,14.77
AC Agar,ODI,22,1098,970,22,504,9,0,183.0,5.3,44.09,45.9,49.91
N Deonarine,Test,12,1288,660,22,877,1,0,214.7,3.07,30.0,68.09,58.55
B Muzarabani,PSL,15,329,432,22,140,9,1,54.8,7.88,19.64,42.55,14.95
Wahidullah Sahak,T20I,17,257,360,22,113,15,2,42.8,8.4,16.36,43.97,11.68
LS Livingstone,ODI,29,878,938,22,377,14,0,146.3,6.41,42.64,42.94,39.91
WW Hinds,ODI,19,613,515,22,293,13,3,102.2,5.04,23.41,47.8,27.86
SY Win,T20I,15,252,194,22,130,17,0,42.0,4.62,8.82,51.59,11.45
A Karmacharya,T20I,20,294,226,22,167,14,1,49.0,4.61,10.27,56.8,13.36
Fayaz Khan,T20I,18,326,430,22,138,14,2,54.3,7.91,19.55,42.33,14.82
FJ Klaassen,ODI,16,874,668,22,532,36,7,145.7,4.59,30.36,60.87,39.73
Gayan Munaweera,T20I,18,343,472,22,135,13,7,57.2,8.26,21.45,39.36,15.59
LCN Smith,ODI,12,582,422,22,341,1,2,97.0,4.35,19.18,58.59,26.45
MD Shanaka,ODI,40,916,844,22,432,22,1,152.7,5.53,38.36,47.16,41.64
M Vervitsioti,T20I,24,395,438,22,197,65,11,65.8,6.65,19.91,49.87,17.95
VJ Kingma,T20I,24,483,625,22,240,37,7,80.5,7.76,28.41,49.69,21.95
H Carlyon,T20I,25,372,364,22,182,6,0,62.0,5.87,16.55,48.92,16.91
R Ova,T20I,16,304,219,22,183,19,2,50.7,4.32,9.95,60.2,13.82
CO Obuya,T20I,20,308,339,22,139,18,0,51.3,6.6,15.41,45.13,14.0
DS Lehmann,ODI,21,585,497,22,264,5,0,97.5,5.1,22.59,45.13,26.59
B Regmi,T20I,15,307,328,22,121,6,0,51.2,6.41,14.91,39.41,13.95
K Gowtham,IPL,35,588,825,22,216,11,0,98.0,8.42,37.5,36.73,26.73
RD Berrington,T20I,30,406,534,22,124,19,0,67.7,7.89,24.27,30.54,18.45
Xu Qian,T20I,21,465,273,22,309,13,0,77.5,3.52,12.41,66.45,21.14
I Udana,ODI,20,874,928,22,392,34,1,145.7,6.37,42.18,44.85,39.73
N Burger,ODI,12,564,590,22,329,32,1,94.0,6.28,26.82,58.33,25.64
JOA Gordon,T20I,16,329,419,22,167,32,3,54.8,7.64,19.05,50.76,14.95
JP Behrendorff,IPL,17,366,563,22,146,13,0,61.0,9.23,25.59,39.89,16.64
JP Duminy,T20I,41,465,607,22,149,11,2,77.5,7.83,27.59,32.04,21.14
TI Gajanayake,T20I,25,467,506,22,216,29,2,77.8,6.5,23.0,46.25,21.23
NK Aneesh Kumar,T20I,26,518,592,22,237,7,0,86.3,6.86,26.91,45.75,23.55
Hussain Talat,PSL,30,381,598,22,110,16,4,63.5,9.42,27.18,28.87,17.32
S Mahmood,T20I,18,379,605,22,145,22,1,63.2,9.58,27.5,38.26,17.23
VY Mahesh,IPL,17,346,511,22,127,13,7,57.7,8.86,23.23,36.71,15.73
MW Forde,ODI,15,696,704,22,398,25,3,116.0,6.07,32.0,57.18,31.64
Anwar Rahman,T20I,17,326,333,22,148,5,1,54.3,6.13,15.14,45.4,14.82
DB Sharma,Test,6,1087,450,22,847,0,4,181.2,2.48,20.45,77.92,49.41
AD Russell,PSL,17,332,494,22,120,9,0,55.3,8.93,22.45,36.14,15.09
AS Joseph,IPL,22,435,707,22,172,19,1,72.5,9.75,32.14,39.54,19.77
L Mabhero,T20I,28,502,487,22,246,8,0,83.7,5.82,22.14,49.0,22.82
Salma Khatun,ODI,22,934,616,22,580,13,0,155.7,3.96,28.0,62.1,42.45
Shafiul Islam,T20I,19,376,520,22,145,14,0,62.7,8.3,23.64,38.56,17.09
NP Kenjige,T20I,23,442,568,22,174,8,0,73.7,7.71,25.82,39.37,20.09
T Taylor,T20I,18,332,404,22,155,21,1,55.3,7.3,18.36,46.69,15.09
H Masakadza,ODI,60,1223,1174,22,531,26,0,203.8,5.76,53.36,43.42,55.59
EL Bartram,T20I,28,422,453,22,225,52,1,70.3,6.44,20.59,53.32,19.18
Zaheer Zahiri,T20I,16,336,410,22,160,27,1,56.0,7.32,18.64,47.62,15.27
Amad Butt,PSL,22,418,689,22,130,15,2,69.7,9.89,31.32,31.1,19.0
Shah Abrar Hussain,T20I,23,440,564,22,160,13,1,73.3,7.69,25.64,36.36,20.0
MPP San,T20I,22,372,312,22,202,35,0,62.0,5.03,14.18,54.3,16.91
DAJ Bracewell,T20I,18,312,480,22,124,9,2,52.0,9.23,21.82,39.74,14.18
SC Williams,Test,14,1969,1047,22,1320,3,3,328.2,3.19,47.59,67.04,89.5
MR Gillespie,Test,4,754,550,22,518,2,13,125.7,4.38,25.0,68.7,34.27
K Thuchila,T20I,19,393,360,22,222,11,0,65.5,5.5,16.36,56.49,17.86
Shahbaz Ahmed,IPL,46,596,969,22,160,15,2,99.3,9.76,44.05,26.85,27.09
J Ramanandi,T20I,14,244,329,22,63,9,0,40.7,8.09,14.95,25.82,11.09
G Coetzee,T20I,18,372,579,22,166,43,2,62.0,9.34,26.32,44.62,16.91
M Prasidh Krishna,Test,6,965,788,22,627,6,5,160.8,4.9,35.82,64.97,43.86
Nonoha Yasumoto,T20I,22,405,292,22,259,31,3,67.5,4.33,13.27,63.95,18.41
Hamza Tahir,T20I,15,348,485,22,118,3,0,58.0,8.36,22.05,33.91,15.82
O Thomas,T20I,20,419,661,22,170,21,11,69.8,9.47,30.05,40.57,19.05
J Jarvis,ODI,17,646,574,22,371,26,5,107.7,5.33,26.09,57.43,29.36
S Venkataraman,T20I,11,233,164,22,147,12,0,38.8,4.22,7.45,63.09,10.59
Bipul Sharma,IPL,28,426,581,22,139,10,0,71.0,8.18,26.41,32.63,19.36
Zeerak Chughtai,T20I,17,270,399,22,91,18,3,45.0,8.87,18.14,33.7,12.27
Shoriful Islam,Test,11,1640,881,22,1231,2,1,273.3,3.22,40.05,75.06,74.55
M Sarenac,T20I,23,357,530,22,150,39,5,59.5,8.91,24.09,42.02,16.23
MG Neser,Test,5,779,431,22,576,1,1,129.8,3.32,19.59,73.94,35.41
GK Berg,T20I,15,295,326,21,149,6,1,49.2,6.63,15.52,50.51,14.05
D Foerster,T20I,27,393,302,21,226,28,3,65.5,4.61,14.38,57.51,18.71
ROC Dunka,T20I,24,436,598,21,194,32,4,72.7,8.23,28.48,44.5,20.76
Thuya Aung,T20I,20,358,363,21,172,11,0,59.7,6.08,17.29,48.04,17.05
MC Sorensen,T20I,16,274,342,21,122,7,4,45.7,7.49,16.29,44.53,13.05
DT Christian,ODI,19,727,605,21,345,12,0,121.2,4.99,28.81,47.46,34.62
R Ntozakhe,ODI,20,885,582,21,550,27,3,147.5,3.95,27.71,62.15,42.14
FC Jonas,ODI,25,1112,861,21,610,32,2,185.3,4.65,41.0,54.86,52.95
XSD Smith,T20I,14,289,240,21,154,5,1,48.2,4.98,11.43,53.29,13.76
CO Obuya,ODI,23,841,697,21,440,19,10,140.2,4.97,33.19,52.32,40.05
Mohammad Sami,T20I,13,280,396,21,125,13,4,46.7,8.49,18.86,44.64,13.33
AB Kaur,ODI,17,664,685,21,349,30,0,110.7,6.19,32.62,52.56,31.62
Luqman Butt,T20I,31,518,652,21,249,23,0,86.3,7.55,31.05,48.07,24.67
Waji Ul Hassan,T20I,24,367,475,21,135,10,1,61.2,7.77,22.62,36.78,17.48
Aamer Jamal,Test,7,906,712,21,587,15,13,151.0,4.72,33.9,64.79,43.14
AA Alleyne,T20I,46,673,918,21,268,48,9,112.2,8.18,43.71,39.82,32.05
Mohammad Nawaz (3),T20I,24,462,545,21,198,6,0,77.0,7.08,25.95,42.86,22.0
M Yanagida,T20I,21,357,281,21,178,17,18,59.5,4.72,13.38,49.86,17.0
Saim Ayub,PSL,32,518,707,21,176,12,2,86.3,8.19,33.67,33.98,24.67
RMAM Avery,T20I,17,193,164,21,106,19,0,32.2,5.1,7.81,54.92,9.19
Mukesh Choudhary,IPL,20,394,633,21,169,22,1,65.7,9.64,30.14,42.89,18.76
A Martel,T20I,22,386,429,21,154,6,1,64.3,6.67,20.43,39.9,18.38
Mujeeb Ur Rahman,IPL,20,446,626,21,156,19,0,74.3,8.42,29.81,34.98,21.24
Aizaz Cheema,Test,7,1203,647,21,905,2,3,200.5,3.23,30.81,75.23,57.29
SI Kamea,T20I,18,386,483,21,181,20,12,64.3,7.51,23.0,46.89,18.38
Mohammad Asghar,PSL,20,364,470,21,144,3,0,60.7,7.75,22.38,39.56,17.33
Mirab Razwan,T20I,16,344,335,21,164,36,9,57.3,5.84,15.95,47.67,16.38
Viktoria Frey,T20I,15,320,337,21,189,101,17,53.3,6.32,16.05,59.06,15.24
AA Gajic,T20I,15,291,388,21,125,12,2,48.5,8.0,18.48,42.96,13.86
STR Binny,ODI,12,492,440,21,265,11,2,82.0,5.37,20.95,53.86,23.43
PE Kulume,T20I,23,353,315,21,197,25,2,58.8,5.35,15.0,55.81,16.81
RP Meredith,IPL,18,390,621,21,156,25,2,65.0,9.55,29.57,40.0,18.57
AK Maguire,ODI,13,570,582,21,249,30,1,95.0,6.13,27.71,43.68,27.14
Amir Farooq,T20I,18,368,496,21,156,15,9,61.3,8.09,23.62,42.39,17.52
D Robson,T20I,13,312,320,21,162,12,1,52.0,6.15,15.24,51.92,14.86
Ebadat Hossain,ODI,10,486,453,21,272,19,2,81.0,5.59,21.57,55.97,23.14
Soumya Sarkar,ODI,26,558,572,21,235,10,0,93.0,6.15,27.24,42.11,26.57
Zuhaib Zubair,T20I,19,321,412,21,124,5,3,53.5,7.7,19.62,38.63,15.29
Zeefa Jilani,T20I,21,351,304,21,171,17,2,58.5,5.2,14.48,48.72,16.71
OD Hald,T20I,21,333,399,21,163,15,0,55.5,7.19,19.0,48.95,15.86
Kabir Ali,ODI,12,629,648,21,341,11,16,104.8,6.18,30.86,54.21,29.95
PK Matautaava,T20I,17,336,336,21,162,17,0,56.0,6.0,16.0,48.21,16.0
M Yunusu Issa,T20I,22,326,393,21,155,11,2,54.3,7.23,18.71,47.55,15.52
M Shahbaz Butt,T20I,15,330,312,21,162,7,1,55.0,5.67,14.86,49.09,15.71
DJ Hussey,T20I,25,363,406,21,127,7,2,60.5,6.71,19.33,34.99,17.29
J Butler,T20I,16,250,320,21,98,17,1,41.7,7.68,15.24,39.2,11.9
Aliya Riaz,T20I,28,417,576,21,165,26,1,69.5,8.29,27.43,39.57,19.86
BM Tickner,T20I,18,345,541,21,119,15,4,57.5,9.41,25.76,34.49,16.43
KW Richardson,IPL,15,335,479,21,136,10,0,55.8,8.58,22.81,40.6,15.95
Shashikant Laxman,T20I,15,301,279,21,159,8,0,50.2,5.56,13.29,52.82,14.33
E Mathew,T20I,20,344,469,21,135,16,3,57.3,8.18,22.33,39.24,16.38
T Rossi,T20I,21,352,431,21,186,32,2,58.7,7.35,20.52,52.84,16.76
R Choden,T20I,17,299,259,21,162,18,0,49.8,5.2,12.33,54.18,14.24
NR Johns-Wickberg,T20I,16,334,365,21,177,17,1,55.7,6.56,17.38,52.99,15.9
PP Ojha,ODI,17,876,660,21,465,6,0,146.0,4.52,31.43,53.08,41.71
Prince Yadav,IPL,15,336,500,21,126,20,0,56.0,8.93,23.81,37.5,16.0
AM Phangiso,T20I,16,342,447,21,129,6,0,57.0,7.84,21.29,37.72,16.29
Agha Salman,Test,21,1858,1190,21,1191,2,3,309.7,3.84,56.67,64.1,88.48
C Viljoen,T20I,12,225,239,21,95,10,2,37.5,6.37,11.38,42.22,10.71
C Overton,Test,8,1473,782,21,1103,9,1,245.5,3.19,37.24,74.88,70.14
MJ Ansell,T20I,20,424,398,21,231,9,1,70.7,5.63,18.95,54.48,20.19
Usman Tariq,PSL,20,477,609,21,162,24,0,79.5,7.66,29.0,33.96,22.71
F Stoman,T20I,17,356,393,21,177,24,2,59.3,6.62,18.71,49.72,16.95
F Mutua,T20I,17,235,301,21,99,16,4,39.2,7.69,14.33,42.13,11.19
SP Narine,Test,6,1659,872,21,1241,0,9,276.5,3.15,41.52,74.8,79.0
Anureet Singh,IPL,22,419,636,21,152,11,7,69.8,9.11,30.29,36.28,19.95
TD Smartt,T20I,25,447,434,21,231,13,16,74.5,5.83,20.67,51.68,21.29
AS Joseph,PSL,17,385,609,21,163,14,4,64.2,9.49,29.0,42.34,18.33
R Padunglerd,T20I,26,355,353,21,183,14,7,59.2,5.97,16.81,51.55,16.9
Ali Masood,T20I,15,254,371,21,109,22,2,42.3,8.76,17.67,42.91,12.1
S Mosweu,T20I,24,370,349,21,210,30,0,61.7,5.66,16.62,56.76,17.62
Taranjit Singh,T20I,15,299,349,21,122,21,2,49.8,7.0,16.62,40.8,14.24
F Odhiambo,T20I,26,374,315,21,209,11,2,62.3,5.05,15.0,55.88,17.81
Karri Gullem Keen,T20I,15,323,304,21,180,32,3,53.8,5.65,14.48,55.73,15.38
C Green,ODI,25,817,788,21,414,24,3,136.2,5.79,37.52,50.67,38.9
Zon Lin,T20I,22,322,275,21,212,51,3,53.7,5.12,13.1,65.84,15.33
J Tuffin,T20I,17,360,396,21,184,13,0,60.0,6.6,18.86,51.11,17.14
GT Main,T20I,14,248,355,21,110,15,6,41.3,8.59,16.9,44.35,11.81
JDP Oram,T20I,32,552,814,21,183,13,6,92.0,8.85,38.76,33.15,26.29
Mohammad Hasnain,ODI,15,720,781,21,364,25,2,120.0,6.51,37.19,50.56,34.29
Tanzim Hasan Sakib,ODI,13,599,596,21,320,21,0,99.8,5.97,28.38,53.42,28.52
NW Bracken,T20I,19,378,453,21,170,14,1,63.0,7.19,21.57,44.97,18.0
T Iosefo,T20I,13,241,208,20,130,14,4,40.2,5.18,10.4,53.94,12.05
MK Villiers,T20I,17,254,282,20,110,2,0,42.3,6.66,14.1,43.31,12.7
S Wetoto,T20I,11,193,177,20,89,5,0,32.2,5.5,8.85,46.11,9.65
AK Markram,ODI,39,1143,1129,20,510,28,1,190.5,5.93,56.45,44.62,57.15
Sultan Ahmed (2),T20I,19,378,367,20,198,10,0,63.0,5.83,18.35,52.38,18.9
Azyan Farhath,T20I,14,225,226,20,108,4,2,37.5,6.03,11.3,48.0,11.25
T Panyangara,T20I,13,284,371,20,119,7,5,47.3,7.84,18.55,41.9,14.2
CJ Langford,T20I,16,301,327,20,157,19,1,50.2,6.52,16.35,52.16,15.05
LL Tsotsobe,T20I,23,469,559,20,221,13,1,78.2,7.15,27.95,47.12,23.45
N Boje,ODI,20,920,714,20,487,13,0,153.3,4.66,35.7,52.93,46.0
CJ Anderson,T20I,27,432,602,20,158,13,0,72.0,8.36,30.1,36.57,21.6
B Phelenyane,T20I,18,387,441,20,202,61,13,64.5,6.84,22.05,52.2,19.35
S Walaza,T20I,26,450,406,20,249,21,1,75.0,5.41,20.3,55.33,22.5
KS Bagabena,T20I,33,481,561,20,234,31,2,80.2,7.0,28.05,48.65,24.05
CL Cairns,ODI,23,933,782,20,528,15,9,155.5,5.03,39.1,56.59,46.65
RN ten Doeschate,ODI,14,685,654,20,379,26,4,114.2,5.73,32.7,55.33,34.25
Muhammad Rohid,T20I,14,277,387,20,115,11,1,46.2,8.38,19.35,41.52,13.85
ST Jayasuriya,T20I,23,347,431,20,115,6,0,57.8,7.45,21.55,33.14,17.35
M Daniels,ODI,23,1004,662,20,653,27,0,167.3,3.96,33.1,65.04,50.2
YS Blagg,T20I,11,188,157,20,136,48,4,31.3,5.01,7.85,72.34,9.4
N Tanner,T20I,16,258,329,20,110,14,2,43.0,7.65,16.45,42.64,12.9
NA Greenwood,T20I,20,348,349,20,144,5,0,58.0,6.02,17.45,41.38,17.4
BA Carse,T20I,13,275,417,20,103,8,7,45.8,9.1,20.85,37.45,13.75
R Ravindra,ODI,23,950,919,20,412,8,1,158.3,5.8,45.95,43.37,47.5
K Fubler,T20I,13,269,206,20,149,4,0,44.8,4.59,10.3,55.39,13.45
J Suchith,IPL,21,420,604,20,142,14,0,70.0,8.63,30.2,33.81,21.0
DS Kulkarni,ODI,12,599,527,20,344,28,1,99.8,5.28,26.35,57.43,29.95
Rahat Ali,ODI,14,681,665,20,364,24,2,113.5,5.86,33.25,53.45,34.05
JP Greaves,Test,13,1337,807,20,958,8,5,222.8,3.62,40.35,71.65,66.85
A Nao,ODI,19,842,724,20,485,29,0,140.3,5.16,36.2,57.6,42.1
Mohammad Hafeez,PSL,35,445,515,20,167,2,0,74.2,6.94,25.75,37.53,22.25
JM Anderson,T20I,19,422,564,20,175,31,0,70.3,8.02,28.2,41.47,21.1
JA Richardson,T20I,18,396,562,20,159,19,0,66.0,8.52,28.1,40.15,19.8
Ubaid Shah,PSL,19,358,594,20,147,10,3,59.7,9.96,29.7,41.06,17.9
Umaima Sohail,ODI,32,828,724,20,405,20,1,138.0,5.25,36.2,48.91,41.4
IG Holland,ODI,14,628,489,20,368,10,0,104.7,4.67,24.45,58.6,31.4
FO Kibasu,T20I,18,267,274,20,113,6,1,44.5,6.16,13.7,42.32,13.35
CH Gayle,T20I,30,381,451,20,117,13,0,63.5,7.1,22.55,30.71,19.05
ACF Stokes,T20I,16,318,320,20,153,8,0,53.0,6.04,16.0,48.11,15.9
NA Saini,IPL,28,603,864,20,264,18,11,100.5,8.6,43.2,43.78,30.15
Sangita Rai,T20I,15,249,202,20,119,4,0,41.5,4.87,10.1,47.79,12.45
A Venkatesh,T20I,11,194,217,20,85,5,0,32.3,6.71,10.85,43.81,9.7
L Phiri,T20I,24,356,358,20,170,18,0,59.3,6.03,17.9,47.75,17.8
L Qiao,T20I,13,264,150,20,177,16,0,44.0,3.41,7.5,67.05,13.2
A Stocks,T20I,14,281,230,20,130,16,3,46.8,4.91,11.5,46.26,14.05
TG Norris,T20I,13,252,200,20,162,10,0,42.0,4.76,10.0,64.29,12.6
K Ndlovu,ODI,12,561,340,20,376,19,3,93.5,3.64,17.0,67.02,28.05
NJ Carey,T20I,27,438,531,20,158,11,4,73.0,7.27,26.55,36.07,21.9
BB Sran,IPL,24,486,767,20,175,30,3,81.0,9.47,38.35,36.01,24.3
A Fujikawa,T20I,19,361,334,20,177,26,1,60.2,5.55,16.7,49.03,18.05
Shafiul Islam,Test,11,1735,986,20,1246,11,1,289.2,3.41,49.3,71.82,86.75
D Johnson,T20I,20,336,463,20,135,18,0,56.0,8.27,23.15,40.18,16.8
A Dhabe,T20I,14,318,342,20,148,3,0,53.0,6.45,17.1,46.54,15.9
Yasir Mohammad,T20I,12,256,310,20,104,3,1,42.7,7.27,15.5,40.62,12.8
Ali Khan,T20I,20,424,642,20,161,30,3,70.7,9.08,32.1,37.97,21.2
C Pengkumta,T20I,25,384,471,20,173,28,0,64.0,7.36,23.55,45.05,19.2
Tashi Phuntsho,T20I,14,252,221,20,156,14,0,42.0,5.26,11.05,61.9,12.6
SPD Smith,Test,48,1472,1020,20,904,0,2,245.3,4.16,51.0,61.41,73.6
L Wood,T20I,15,289,432,20,123,12,1,48.2,8.97,21.6,42.56,14.45
VR Aaron,Test,9,1211,980,20,813,12,22,201.8,4.86,49.0,67.13,60.55
Anwar Ali,ODI,21,903,930,20,422,14,0,150.5,6.18,46.5,46.73,45.15
NM Salonen,T20I,14,288,347,20,145,22,1,48.0,7.23,17.35,50.35,14.4
Khurram Shahzad,Test,6,917,630,20,637,0,11,152.8,4.12,31.5,69.47,45.85
C Sakariya,IPL,20,449,649,20,154,30,5,74.8,8.67,32.45,34.3,22.45
O Lefaga,T20I,12,248,185,20,172,19,8,41.3,4.48,9.25,69.35,12.4
Khurram Chohan,ODI,11,517,444,20,302,9,5,86.2,5.15,22.2,58.41,25.85
NT Ellis,IPL,17,381,553,20,124,9,3,63.5,8.71,27.65,32.55,19.05
D Madushanka,T20I,17,351,558,20,141,22,3,58.5,9.54,27.9,40.17,17.55
A Reyes,T20I,19,258,354,20,107,20,3,43.0,8.23,17.7,41.47,12.9
A Shahi,T20I,17,303,393,20,128,28,3,50.5,7.78,19.65,42.24,15.15
G Wetherall,T20I,16,318,324,20,151,31,6,53.0,6.11,16.2,47.48,15.9
F Akankwasa,T20I,18,318,329,20,142,4,2,53.0,6.21,16.45,44.65,15.9
Ahmed Daniyal,PSL,17,369,568,20,136,21,1,61.5,9.24,28.4,36.86,18.45
A Brindle,ODI,17,601,449,20,333,20,1,100.2,4.48,22.45,55.41,30.05
A Merritt,T20I,19,381,426,20,171,29,3,63.5,6.71,21.3,44.88,19.05
MH Yardy,ODI,27,1273,1052,20,601,16,1,212.2,4.96,52.6,47.21,63.65
SB Styris,T20I,21,309,358,20,111,4,0,51.5,6.95,17.9,35.92,15.45
W Moutswi,T20I,19,353,251,20,221,46,5,58.8,4.27,12.55,62.61,17.65
BTJ Wheal,ODI,12,616,414,20,406,14,0,102.7,4.03,20.7,65.91,30.8
O Kamchomphu,ODI,12,529,322,20,344,9,2,88.2,3.65,16.1,65.03,26.45
PM Siddle,ODI,19,903,754,20,538,18,2,150.5,5.01,37.7,59.58,45.15
H Venkataram,T20I,12,260,339,20,109,22,1,43.3,7.82,16.95,41.92,13.0
P Sabu,T20I,10,209,195,20,124,33,2,34.8,5.6,9.75,59.33,10.45
PKD Chase,ODI,13,636,776,19,331,32,7,106.0,7.32,40.84,52.04,33.47
Yasar Haroon,T20I,16,312,315,19,152,10,0,52.0,6.06,16.58,48.72,16.42
Nasum Ahmed,ODI,17,865,662,19,501,9,0,144.2,4.59,34.84,57.92,45.53
KM Beams,T20I,14,318,279,19,138,5,0,53.0,5.26,14.68,43.4,16.74
KL Cross,Test,7,1283,706,19,956,2,11,213.8,3.3,37.16,74.51,67.53
CH Gayle,IPL,38,557,755,19,196,27,3,92.8,8.13,39.74,35.19,29.32
B Niaz,T20I,13,204,222,19,90,4,0,34.0,6.53,11.68,44.12,10.74
KIC Asalanka,ODI,32,746,623,19,377,7,0,124.3,5.01,32.79,50.54,39.26
Sultana Khatun,T20I,20,390,441,19,164,5,1,65.0,6.78,23.21,42.05,20.53
R McLaren,T20I,12,264,349,19,103,10,1,44.0,7.93,18.37,39.02,13.89
R Mangal,T20I,17,248,342,19,91,11,1,41.3,8.27,18.0,36.69,13.05
NM Odhiambo,T20I,26,391,541,19,141,23,1,65.2,8.3,28.47,36.06,20.58
Nahid Rana,ODI,9,496,416,19,294,13,0,82.7,5.03,21.89,59.27,26.11
AJ Hosein,PSL,14,330,450,19,110,6,0,55.0,8.18,23.68,33.33,17.37
R Nehonde,T20I,18,298,354,19,123,14,0,49.7,7.13,18.63,41.28,15.68
Gurpratap Singh,T20I,10,212,235,19,106,8,8,35.3,6.65,12.37,50.0,11.16
H Bharadwaj,T20I,12,270,236,19,123,8,0,45.0,5.24,12.42,45.56,14.21
A Galan,T20I,14,280,212,19,146,10,1,46.7,4.54,11.16,52.14,14.74
CB Roposo,T20I,14,253,281,19,113,6,3,42.2,6.66,14.79,44.66,13.32
N Shangase,T20I,18,216,263,19,91,4,0,36.0,7.31,13.84,42.13,11.37
KM Chingaipe,T20I,15,282,257,19,173,26,2,47.0,5.47,13.53,61.35,14.84
IC Pandey,IPL,24,464,609,19,223,5,2,77.3,7.88,32.05,48.06,24.42
I van der Woning,T20I,25,347,389,19,185,25,4,57.8,6.73,20.47,53.31,18.26
B Kgosiemang,T20I,22,364,475,19,166,11,1,60.7,7.83,25.0,45.6,19.16
WP Masakadza,Test,7,1381,792,19,941,0,0,230.2,3.44,41.68,68.14,72.68
Shabbir Ahmed,Test,3,857,372,19,685,4,8,142.8,2.6,19.58,79.93,45.11
AR McBrine,T20I,19,330,393,19,120,4,0,55.0,7.15,20.68,36.36,17.37
CRD Fernando,IPL,10,238,306,19,107,11,4,39.7,7.71,16.11,44.96,12.53
B Evans,ODI,16,648,645,19,343,17,4,108.0,5.97,33.95,52.93,34.11
N Gwanzura,T20I,17,299,323,19,149,12,1,49.8,6.48,17.0,49.83,15.74
Mukesh Kumar,T20I,14,273,393,19,107,10,9,45.5,8.64,20.68,39.19,14.37
Shoaib Akhtar,T20I,14,310,434,19,146,8,9,51.7,8.4,22.84,47.1,16.32
E Kabwere,T20I,10,200,163,19,128,24,1,33.3,4.89,8.58,64.0,10.53
Shoaib Malik,PSL,51,667,802,19,239,18,2,111.2,7.21,42.21,35.83,35.11
Sohail Khan,ODI,13,669,611,19,389,22,3,111.5,5.48,32.16,58.15,35.21
AM Peterson,ODI,16,590,371,19,352,3,0,98.3,3.77,19.53,59.66,31.05
Shariz Ahmad,ODI,18,592,596,19,273,3,0,98.7,6.04,31.37,46.11,31.16
A Ashish Reddy,IPL,20,264,400,19,83,6,2,44.0,9.09,21.05,31.44,13.89
JT Brassell,T20I,23,385,571,19,148,6,6,64.2,8.9,30.05,38.44,20.26
M Zondeki,Test,5,642,399,19,459,3,18,107.0,3.73,21.0,71.5,33.79
Akhil Anil,T20I,19,332,370,19,147,20,0,55.3,6.69,19.47,44.28,17.47
DEM Carter,T20I,20,295,307,19,143,15,1,49.2,6.24,16.16,48.47,15.53
JP Faulkner,PSL,12,264,360,19,108,1,0,44.0,8.18,18.95,40.91,13.89
SM Nash,T20I,17,309,408,19,136,15,2,51.5,7.92,21.47,44.01,16.26
Agha Salman,ODI,34,1045,1037,19,492,14,3,174.2,5.95,54.58,47.08,55.0
JP Behrendorff,T20I,16,321,454,19,140,8,3,53.5,8.49,23.89,43.61,16.89
HH Pandya,Test,10,887,529,19,636,7,4,147.8,3.58,27.84,71.7,46.68
HL Colvin,ODI,11,614,382,19,374,8,0,102.3,3.73,20.11,60.91,32.32
HJ Thomas,ODI,12,604,366,19,399,18,2,100.7,3.64,19.26,66.06,31.79
HMRKB Herath,T20I,16,341,351,19,142,3,0,56.8,6.18,18.47,41.64,17.95
PD Collingwood,Test,44,1781,984,19,1299,8,8,296.8,3.31,51.79,72.94,93.74
Muhammad Saqlain,T20I,13,231,320,19,109,36,2,38.5,8.31,16.84,47.19,12.16
AJ Bichel,Test,5,1222,695,19,940,4,28,203.7,3.41,36.58,76.92,64.32
L Denny,T20I,13,276,350,19,122,12,1,46.0,7.61,18.42,44.2,14.53
FA Sargent,ODI,16,757,753,19,322,19,1,126.2,5.97,39.63,42.54,39.84
K Fraser,ODI,10,511,350,19,310,19,0,85.2,4.11,18.42,60.67,26.89
Delawar Khan,T20I,21,336,418,19,147,10,5,56.0,7.46,22.0,43.75,17.68
FL Mackay,ODI,14,610,475,19,316,4,0,101.7,4.67,25.0,51.8,32.11
S Kushretha,T20I,11,252,274,19,122,4,0,42.0,6.52,14.42,48.41,13.26
MW Forde,T20I,20,383,522,19,178,18,1,63.8,8.18,27.47,46.48,20.16
MR Marsh,T20I,25,301,391,19,112,15,1,50.2,7.79,20.58,37.21,15.84
J Nyumbu,ODI,16,796,691,19,415,18,0,132.7,5.21,36.37,52.14,41.89
Meghna Rajan,T20I,10,208,90,19,156,11,1,34.7,2.6,4.74,75.0,10.95
MWR Stokes,T20I,27,437,526,19,171,4,0,72.8,7.22,27.68,39.13,23.0
Ritu Moni,ODI,31,895,705,19,473,17,0,149.2,4.73,37.11,52.85,47.11
Atif-Ur-Rehman,T20I,16,320,308,19,182,19,2,53.3,5.78,16.21,56.88,16.84
J Evans,T20I,9,199,225,19,89,8,1,33.2,6.78,11.84,44.72,10.47
K Santokie,T20I,12,245,286,19,114,6,0,40.8,7.0,15.05,46.53,12.89
L Karlsson,T20I,14,245,253,19,121,6,0,40.8,6.2,13.32,49.39,12.89
Sameera Khan,T20I,25,362,369,19,177,33,2,60.3,6.12,19.42,48.9,19.05
DR Tuffey,Test,6,1197,569,19,943,2,4,199.5,2.85,29.95,78.78,63.0
DT Johnston,T20I,18,388,413,19,191,7,4,64.7,6.39,21.74,49.23,20.42
SJ Benn,T20I,23,485,614,19,180,6,1,80.8,7.6,32.32,37.11,25.53
DJ Hussey,ODI,37,778,694,19,339,13,0,129.7,5.35,36.53,43.57,40.95
D Visser,T20I,14,276,354,19,101,5,0,46.0,7.7,18.63,36.59,14.53
Umm-e-Hani,ODI,14,749,582,19,386,15,0,124.8,4.66,30.63,51.54,39.42
Umer Khan,PSL,15,306,400,19,113,8,0,51.0,7.84,21.05,36.93,16.11
JM Davison,ODI,15,618,513,19,312,12,0,103.0,4.98,27.0,50.49,32.53
Jakob Gul,T20I,11,262,322,19,103,14,4,43.7,7.37,16.95,39.31,13.79
DC Smith,T20I,24,395,534,19,155,20,2,65.8,8.11,28.11,39.24,20.79
DAM Louis,T20I,12,229,294,19,79,5,1,38.2,7.7,15.47,34.5,12.05
A Sutherland,Test,7,834,461,19,624,4,3,139.0,3.32,24.26,74.82,43.89
D Wiese,ODI,14,677,647,19,359,12,0,112.8,5.73,34.05,53.03,35.63
Akif Raja,T20I,19,337,440,19,152,17,1,56.2,7.83,23.16,45.1,17.74
M Hundal,T20I,11,215,199,19,102,2,5,35.8,5.55,10.47,47.44,11.32
TJG Pringle,T20I,22,420,466,19,168,3,0,70.0,6.66,24.53,40.0,22.11
Abdul Naser Baluch,T20I,13,275,330,19,138,27,0,45.8,7.2,17.37,50.18,14.47
Aamir Kaleem,ODI,15,679,411,19,440,2,0,113.2,3.63,21.63,64.8,35.74
AD Mascarenhas,IPL,13,308,365,19,130,2,0,51.3,7.11,19.21,42.21,16.21
JJ van der Wath,ODI,10,532,566,19,255,9,5,88.7,6.38,29.79,47.93,28.0
GC Smith,ODI,33,808,732,19,345,33,0,134.7,5.44,38.53,42.7,42.53
D Marks,T20I,17,364,549,19,138,26,2,60.7,9.05,28.89,37.91,19.16
R Baaleri,T20I,12,218,263,18,94,1,0,36.3,7.24,14.61,43.12,12.11
BJ Hodge,IPL,20,234,310,18,79,4,0,39.0,7.95,17.22,33.76,13.0
T Gwandu,T20I,18,303,428,18,127,14,3,50.5,8.48,23.78,41.91,16.83
AK Gokoel,T20I,13,264,278,18,119,6,0,44.0,6.32,15.44,45.08,14.67
AK Maguire,T20I,17,299,370,18,113,16,0,49.8,7.42,20.56,37.79,16.61
PR Stirling,T20I,35,474,577,18,164,16,0,79.0,7.3,32.06,34.6,26.33
O Matsolo,T20I,16,294,327,18,163,39,6,49.0,6.67,18.17,55.44,16.33
NT Ellis,ODI,16,782,738,18,374,24,5,130.3,5.66,41.0,47.83,43.44
KADA Kanchana,ODI,20,635,613,18,329,26,2,105.8,5.79,34.06,51.81,35.28
N Nojic,T20I,10,226,172,18,139,26,3,37.7,4.57,9.56,61.5,12.56
I Wardlaw,ODI,12,604,596,18,354,18,0,100.7,5.92,33.11,58.61,33.56
EJ Carson,ODI,23,992,829,18,503,17,0,165.3,5.01,46.06,50.71,55.11
C Wijesinghe,T20I,10,230,170,18,158,53,8,38.3,4.43,9.44,68.7,12.78
Yasir Arafat,T20I,13,237,321,18,96,9,1,39.5,8.13,17.83,40.51,13.17
FA Cossa,T20I,16,318,388,18,131,13,0,53.0,7.32,21.56,41.19,17.67
Sania Khan,T20I,14,245,263,18,114,7,0,40.8,6.44,14.61,46.53,13.61
Shabbir Ahmed,ODI,15,768,586,18,497,33,20,128.0,4.58,32.56,64.71,42.67
Cai Yuzhi,T20I,13,194,184,18,97,15,3,32.3,5.69,10.22,50.0,10.78
Mohammad Irfan,T20I,22,456,575,18,216,11,3,76.0,7.57,31.94,47.37,25.33
L Erdenebulgan,T20I,12,256,430,18,90,24,4,42.7,10.08,23.89,35.16,14.22
Meghna Singh,ODI,17,722,603,18,448,31,0,120.3,5.01,33.5,62.05,40.11
Asad Ali Rehemtulla,T20I,15,281,417,18,114,16,1,46.8,8.9,23.17,40.57,15.61
TBM de Leede,ODI,11,467,413,18,268,17,0,77.8,5.31,22.94,57.39,25.94
Maahi Madhavan,T20I,15,247,254,18,132,5,1,41.2,6.17,14.11,53.44,13.72
Arshad Khan,IPL,21,323,597,18,124,33,1,53.8,11.09,33.17,38.39,17.94
Sheraz Sheikh,T20I,18,247,314,18,97,8,0,41.2,7.63,17.44,39.27,13.72
Sher Sahak,T20I,15,209,247,18,99,14,3,34.8,7.09,13.72,47.37,11.61
EAS Ferrary,T20I,11,212,164,18,147,24,5,35.3,4.64,9.11,69.34,11.78
Murid Ekrami,T20I,17,343,405,18,159,11,2,57.2,7.08,22.5,46.36,19.06
KS Lokuarachchi,ODI,14,660,503,18,341,6,0,110.0,4.57,27.94,51.67,36.67
Karuna Bhandari,T20I,14,254,131,18,169,2,2,42.3,3.09,7.28,66.54,14.11
KT Maphaka,T20I,17,359,561,18,130,30,7,59.8,9.38,31.17,36.21,19.94
AL Mundundo,T20I,18,281,236,18,163,39,6,46.8,5.04,13.11,58.01,15.61
B Biza,T20I,17,277,297,18,111,5,0,46.2,6.43,16.5,40.07,15.39
Mohammed Siraj,T20I,17,375,491,18,166,13,3,62.5,7.86,27.28,44.27,20.83
A Krishna,T20I,14,261,384,18,91,2,1,43.5,8.83,21.33,34.87,14.5
AG Wharf,ODI,12,557,403,18,348,5,21,92.8,4.34,22.39,62.48,30.94
J Ajiambo,T20I,16,289,220,18,163,16,4,48.2,4.57,12.22,56.4,16.06
S Dhadwal,T20I,20,315,304,18,162,30,2,52.5,5.79,16.89,51.43,17.5
Mohammad Nabi,PSL,29,586,722,18,209,9,1,97.7,7.39,40.11,35.67,32.56
AR Caddick,ODI,11,590,389,18,418,14,8,98.3,3.96,21.61,70.85,32.78
LJ Wright,T20I,22,327,468,18,101,8,3,54.5,8.59,26.0,30.89,18.17
S Mahmood,PSL,8,175,270,18,65,7,0,29.2,9.26,15.0,37.14,9.72
DM de Silva,T20I,26,305,347,18,106,2,1,50.8,6.83,19.28,34.75,16.94
SW Masakadza,Test,5,1063,535,18,797,6,6,177.2,3.02,29.72,74.98,59.06
Alok Kapali,ODI,25,734,648,18,339,10,0,122.3,5.3,36.0,46.19,40.78
VD Adewoye,T20I,21,290,394,18,103,11,3,48.3,8.15,21.89,35.52,16.11
LK Bell,Test,5,750,449,18,562,3,0,125.0,3.59,24.94,74.93,41.67
MJG Rippon,T20I,13,250,289,18,103,4,0,41.7,6.94,16.06,41.2,13.89
D Panda,T20I,11,209,260,18,85,8,0,34.8,7.46,14.44,40.67,11.61
S Laomi,ODI,11,438,325,18,258,9,0,73.0,4.45,18.06,58.9,24.33
Usman Tariq,T20I,8,181,202,18,65,7,0,30.2,6.7,11.22,35.91,10.06
TJ Vlaeminck,T20I,18,372,394,18,210,28,6,62.0,6.35,21.89,56.45,20.67
Faheem Nazir,T20I,15,244,311,18,123,14,0,40.7,7.65,17.28,50.41,13.56
SA Panayan,T20I,20,362,433,18,144,25,1,60.3,7.18,24.06,39.78,20.11
VC Drakes,ODI,12,631,465,18,384,3,14,105.2,4.42,25.83,60.86,35.06
LA McBride,T20I,17,313,345,18,112,11,0,52.2,6.61,19.17,35.78,17.39
JS Patel,T20I,10,200,276,18,67,0,1,33.3,8.28,15.33,33.5,11.11
SPD Smith,T20I,17,291,379,18,99,4,0,48.5,7.81,21.06,34.02,16.17
SJ Coyte,ODI,14,666,496,18,381,12,0,111.0,4.47,27.56,57.21,37.0
M Taylor,T20I,23,468,550,18,236,23,1,78.0,7.05,30.56,50.43,26.0
M Jele,T20I,19,280,401,18,140,42,4,46.7,8.59,22.28,50.0,15.56
SFS Cheema,T20I,14,189,268,18,84,19,3,31.5,8.51,14.89,44.44,10.5
SS Kang,T20I,15,280,284,18,111,6,1,46.7,6.09,15.78,39.64,15.56
HA Varaiya,ODI,15,676,553,18,370,9,0,112.7,4.91,30.72,54.73,37.56
ZL Thoon,T20I,12,256,158,18,156,24,1,42.7,3.7,8.78,60.94,14.22
HC Knight,T20I,39,495,521,18,180,8,0,82.5,6.32,28.94,36.36,27.5
OP Stone,Test,5,611,418,18,434,1,1,101.8,4.1,23.22,71.03,33.94
Zafar Gohar,PSL,16,278,403,18,120,15,0,46.3,8.7,22.39,43.17,15.44
A Ashokan,T20I,18,342,441,18,135,21,0,57.0,7.74,24.5,39.47,19.0
A Brindle,T20I,17,300,257,18,133,7,0,50.0,5.14,14.28,44.33,16.67
A Bester,T20I,9,168,168,18,96,13,0,28.0,6.0,9.33,57.14,9.33
Zulfiqar Babar,PSL,18,432,509,18,180,7,0,72.0,7.07,28.28,41.67,24.0
SM Boland,ODI,13,716,735,17,360,15,0,119.3,6.16,43.24,50.28,42.12
TS Roland-Jones,Test,4,536,337,17,405,1,0,89.3,3.77,19.82,75.56,31.53
Zain Ahmad,T20I,11,210,231,17,90,4,0,35.0,6.6,13.59,42.86,12.35
SN Swamy,T20I,8,180,207,17,77,6,0,30.0,6.9,12.18,42.78,10.59
C Perry,T20I,15,305,315,17,166,31,0,50.8,6.2,18.53,54.43,17.94
KAD Hurdle,ODI,9,470,400,17,288,25,32,78.3,5.11,23.53,61.28,27.65
Suhrawadi Shuvo,ODI,17,765,574,17,414,8,2,127.5,4.5,33.76,54.12,45.0
KD Shah,T20I,29,439,546,17,177,1,1,73.2,7.46,32.12,40.32,25.82
SR Thompson,T20I,24,372,531,17,135,34,3,62.0,8.56,31.24,36.29,21.88
TS Mills,T20I,16,323,487,17,117,19,1,53.8,9.05,28.65,36.22,19.0
Tanwir Afzal,T20I,16,319,373,17,162,2,1,53.2,7.02,21.94,50.78,18.76
Aftab Hussain,T20I,10,228,252,17,94,13,0,38.0,6.63,14.82,41.23,13.41
Tanvir Ahmed (1),Test,5,724,457,17,520,3,17,120.7,3.79,26.88,71.82,42.59
AB Dinda,T20I,9,182,249,17,83,4,2,30.3,8.21,14.65,45.6,10.71
Usman Shinwari,T20I,16,308,438,17,124,9,2,51.3,8.53,25.76,40.26,18.12
D Vihanga,ODI,9,504,395,17,267,7,0,84.0,4.7,23.24,52.98,29.65
Usman Qadir,PSL,15,313,474,17,104,5,1,52.2,9.09,27.88,33.23,18.41
MJG Nielsen,T20I,17,342,258,17,197,7,0,57.0,4.53,15.18,57.6,20.12
S Nsubuga,T20I,15,254,297,17,115,3,1,42.3,7.02,17.47,45.28,14.94
A Vessik,T20I,13,261,209,17,177,62,5,43.5,4.8,12.29,67.82,15.35
N Sibanda,ODI,23,920,732,17,575,65,3,153.3,4.77,43.06,62.5,54.12
UWMBCA Welegedara,ODI,9,465,443,17,263,9,8,77.5,5.72,26.06,56.56,27.35
M Dixit,T20I,20,341,436,17,119,17,0,56.8,7.67,25.65,34.9,20.06
A Dhingra,T20I,14,243,343,17,84,12,0,40.5,8.47,20.18,34.57,14.29
BC Fortuin,ODI,12,585,510,17,290,2,0,97.5,5.23,30.0,49.57,34.41
I Muhawenimana,T20I,25,435,376,17,273,51,9,72.5,5.19,22.12,62.76,25.59
H Dhavina,T20I,23,436,406,17,211,8,6,72.7,5.59,23.88,48.39,25.65
JO Holder,PSL,8,185,289,17,65,10,5,30.8,9.37,17.0,35.14,10.88
SIP Fernando,ODI,13,570,359,17,352,19,0,95.0,3.78,21.12,61.75,33.53
A Wellington,ODI,11,534,431,17,289,12,0,89.0,4.84,25.35,54.12,31.41
JM Kemp,ODI,31,658,531,17,365,20,2,109.7,4.84,31.24,55.47,38.71
DC Stovell,T20I,15,260,293,17,109,6,1,43.3,6.76,17.24,41.92,15.29
A Turkmen,T20I,15,325,388,17,147,25,1,54.2,7.16,22.82,45.23,19.12
R Bakum,T20I,14,205,270,17,91,13,0,34.2,7.9,15.88,44.39,12.06
EM Bermingham,T20I,13,252,253,17,115,9,0,42.0,6.02,14.88,45.63,14.82
KK Ahmed,T20I,18,397,576,17,178,25,1,66.2,8.71,33.88,44.84,23.35
N Pradeep,T20I,16,279,449,17,87,15,1,46.5,9.66,26.41,31.18,16.41
DR Hooper,T20I,17,330,388,17,128,11,1,55.0,7.05,22.82,38.79,19.41
JL Gunn,Test,6,1243,372,17,1074,8,1,207.2,1.8,21.88,86.4,73.12
G Mallett,T20I,9,169,148,17,77,11,1,28.2,5.25,8.71,45.56,9.94
JL Hunter,T20I,15,249,267,17,114,9,1,41.5,6.43,15.71,45.78,14.65
DAL Paramitha,T20I,17,312,222,17,207,24,6,52.0,4.27,13.06,66.35,18.35
CB Sole,T20I,16,343,553,17,119,12,6,57.2,9.67,32.53,34.69,20.18
D Wiese,IPL,15,297,447,17,86,10,1,49.5,9.03,26.29,28.96,17.47
LR Shukla,IPL,27,316,458,17,117,10,2,52.7,8.7,26.94,37.03,18.59
R Rampaul,IPL,12,270,319,17,137,8,2,45.0,7.09,18.76,50.74,15.88
R Shepherd,IPL,23,307,621,17,89,18,1,51.2,12.14,36.53,28.99,18.06
RS Bopara,T20I,21,323,395,17,120,14,1,53.8,7.34,23.24,37.15,19.0
CRD Fernando,T20I,16,345,430,17,156,14,3,57.5,7.48,25.29,45.22,20.29
Ilyas Ahmed,T20I,16,302,393,17,144,22,2,50.3,7.81,23.12,47.68,17.76
Rameen Shamim,ODI,16,723,541,17,396,8,0,120.5,4.49,31.82,54.77,42.53
J Lewis,ODI,11,635,419,17,436,10,9,105.8,3.96,24.65,68.66,37.35
K Kato-Stafford,T20I,12,154,129,17,92,16,2,25.7,5.03,7.59,59.74,9.06
O Ranedoumoun,T20I,16,289,243,17,163,29,1,48.2,5.04,14.29,56.4,17.0
WG Jacks,T20I,16,216,315,17,87,7,0,36.0,8.75,18.53,40.28,12.71
Z Khan,T20I,15,317,400,17,151,17,1,52.8,7.57,23.53,47.63,18.65
HL Tau,T20I,18,326,311,17,151,7,2,54.3,5.72,18.29,46.32,19.18
Zeeshan Kukikhel,T20I,12,237,344,17,104,20,0,39.5,8.71,20.24,43.88,13.94
P Shetty,T20I,24,462,481,17,254,59,0,77.0,6.25,28.29,54.98,27.18
Han Lili,T20I,9,200,120,17,110,5,2,33.3,3.6,7.06,55.0,11.76
Nyeing Cham Soe,T20I,15,215,303,17,96,25,0,35.8,8.46,17.82,44.65,12.65
A Chenthamara,T20I,10,185,222,17,88,9,1,30.8,7.2,13.06,47.57,10.88
Mohammad Nawaz (3),ODI,15,681,595,17,339,9,0,113.5,5.24,35.0,49.78,40.06
WJ Cope,T20I,17,302,391,17,131,20,2,50.3,7.77,23.0,43.38,17.76
Zahid Mahmood,PSL,18,389,553,17,120,5,0,64.8,8.53,32.53,30.85,22.88
A Capsey,ODI,19,516,419,17,258,14,2,86.0,4.87,24.65,50.0,30.35
Muhammad Farooq,T20I,14,258,333,17,106,9,0,43.0,7.74,19.59,41.09,15.18
Muhammad Arfan,T20I,12,238,260,17,89,11,0,39.7,6.55,15.29,37.39,14.0
W Ngowhuad,T20I,12,195,323,17,84,10,2,32.5,9.94,19.0,43.08,11.47
Rasikh Salam,IPL,18,329,549,17,103,14,3,54.8,10.01,32.29,31.31,19.35
Rehan Ahmed,T20I,12,228,361,17,64,1,0,38.0,9.5,21.24,28.07,13.41
Asif Shaikh,T20I,14,297,327,17,127,3,1,49.5,6.61,19.24,42.76,17.47
N Benjamin,T20I,18,274,230,17,148,9,1,45.7,5.04,13.53,54.01,16.12
T Trajkovic,T20I,7,144,128,17,90,30,6,24.0,5.33,7.53,62.5,8.47
S Kato,T20I,22,431,370,17,240,30,3,71.8,5.15,21.76,55.68,25.35
A Mishra,T20I,10,230,247,17,96,4,2,38.3,6.44,14.53,41.74,13.53
J Singye,T20I,23,382,440,17,156,12,0,63.7,6.91,25.88,40.84,22.47
Mehedi Hasan Miraz,T20I,29,444,635,17,146,3,0,74.0,8.58,37.35,32.88,26.12
Ashwani Kumar,IPL,10,185,336,17,59,11,2,30.8,10.9,19.76,31.89,10.88
W Madhevere,ODI,26,746,661,17,335,12,0,124.3,5.32,38.88,44.91,43.88
A Natubhai Ahir,T20I,18,341,305,17,177,7,0,56.8,5.37,17.94,51.91,20.06
IMHC Joyce,T20I,30,535,584,17,242,34,2,89.2,6.55,34.35,45.23,31.47
Shivam Sharma,T20I,10,180,168,17,90,2,0,30.0,5.6,9.88,50.0,10.59
Shahid Nazir,Test,5,864,509,17,643,0,18,144.0,3.53,29.94,74.42,50.82
L Maritz,T20I,21,352,373,17,177,19,10,58.7,6.36,21.94,50.28,20.71
L Ostergaard,T20I,13,266,232,17,142,19,2,44.3,5.23,13.65,53.38,15.65
L Shafeeg,T20I,19,320,443,17,130,14,0,53.3,8.31,26.06,40.62,18.82
S Jimmy,ODI,8,386,230,17,262,8,0,64.3,3.58,13.53,67.88,22.71
MR Adair,Test,6,999,643,17,734,10,4,166.5,3.86,37.82,73.47,58.76
Samiullah Rahmani,T20I,12,196,229,17,77,4,3,32.7,7.01,13.47,39.29,11.53
LJ Wright,ODI,36,1035,910,17,519,15,3,172.5,5.28,53.53,50.14,60.88
DS Rathi,IPL,19,458,661,17,135,11,2,76.3,8.66,38.88,29.48,26.94
V Phiri,T20I,11,204,179,17,106,12,1,34.0,5.26,10.53,51.96,12.0
EC Rainsford,ODI,22,1039,805,17,667,31,14,173.2,4.65,47.35,64.2,61.12
AL Stephen,T20I,15,280,356,17,117,12,3,46.7,7.63,20.94,41.79,16.47
Kashif Daud,ODI,19,664,495,17,416,12,1,110.7,4.47,29.12,62.65,39.06
H Agarwal,T20I,18,331,328,17,172,28,1,55.2,5.95,19.29,51.96,19.47
A Reddy,ODI,11,551,496,17,276,13,3,91.8,5.4,29.18,50.09,32.41
S Loubser,ODI,11,622,364,17,393,11,0,103.7,3.51,21.41,63.18,36.59
A Savvani,T20I,22,401,411,17,187,44,6,66.8,6.15,24.18,46.63,23.59
CS Fraser,T20I,20,288,394,17,109,24,0,48.0,8.21,23.18,37.85,16.94
Robert Raina,T20I,11,145,146,17,72,8,1,24.2,6.04,8.59,49.66,8.53
K Kubota,T20I,15,212,182,17,126,19,0,35.3,5.15,10.71,59.43,12.47
Mujeeb-ur-Rehman,T20I,21,362,434,17,155,5,2,60.3,7.19,25.53,42.82,21.29
J Botha,Test,5,1021,579,17,739,1,4,170.2,3.4,34.06,72.38,60.06
MK Amusa,T20I,14,270,184,16,156,12,0,45.0,4.09,11.5,57.78,16.88
Alina Aslam,T20I,16,351,320,16,198,50,4,58.5,5.47,20.0,56.41,21.94
SC Kuggeleijn,T20I,17,324,479,16,126,11,1,54.0,8.87,29.94,38.89,20.25
CAK Rajitha,T20I,17,376,595,16,144,18,4,62.7,9.49,37.19,38.3,23.5
R Ngarava,Test,9,1326,825,16,940,4,23,221.0,3.73,51.56,70.89,82.88
SC van Schalkwyk,ODI,12,492,497,16,268,10,0,82.0,6.06,31.06,54.47,30.75
NE Farrant,T20I,13,269,303,16,144,11,0,44.8,6.76,18.94,53.53,16.81
A Fillie,T20I,12,195,181,16,121,42,0,32.5,5.57,11.31,62.05,12.19
DN Wellalage,T20I,14,321,395,16,125,7,0,53.5,7.38,24.69,38.94,20.06
A Dirannehelage,T20I,12,264,152,16,193,55,3,44.0,3.45,9.5,73.11,16.5
A Vaidya,T20I,15,232,204,16,144,50,7,38.7,5.28,12.75,62.07,14.5
MF Maharoof,Test,16,2275,1275,16,1705,6,74,379.2,3.36,79.69,74.95,142.19
G Dempsey,T20I,19,284,315,16,122,22,3,47.3,6.65,19.69,42.96,17.75
U Aryaman Sunil,T20I,22,409,635,16,154,19,7,68.2,9.32,39.69,37.65,25.56
G Dempsey,ODI,18,734,662,16,419,41,5,122.3,5.41,41.38,57.08,45.88
Umair Qasim,T20I,20,345,438,16,159,20,1,57.5,7.62,27.38,46.09,21.56
S Thapa,T20I,11,193,190,16,103,18,1,32.2,5.91,11.88,53.37,12.06
Lucky Ali,T20I,13,234,203,16,129,11,0,39.0,5.21,12.69,55.13,14.62
JJC Lawson,Test,3,566,429,16,387,3,7,94.3,4.55,26.81,68.37,35.38
ST Jayasuriya,IPL,21,294,396,16,86,7,0,49.0,8.08,24.75,29.25,18.38
Jaswinder Singh,T20I,15,220,296,16,85,15,0,36.7,8.07,18.5,38.64,13.75
Abdul Samad,T20I,13,208,160,16,132,3,0,34.7,4.62,10.0,63.46,13.0
M Joshi,ODI,13,524,366,16,361,13,0,87.3,4.19,22.88,68.89,32.75
R Immadi,T20I,17,369,404,16,191,69,6,61.5,6.57,25.25,51.76,23.06
NJ Pius,T20I,20,259,211,16,148,18,0,43.2,4.89,13.19,57.14,16.19
I Toua,ODI,12,575,382,16,369,15,4,95.8,3.99,23.88,64.17,35.94
AJ Ireland,ODI,13,642,612,16,368,32,7,107.0,5.72,38.25,57.32,40.12
DL Chahar,ODI,11,489,461,16,279,17,3,81.5,5.66,28.81,57.06,30.56
AC Botha,ODI,13,596,424,16,341,1,2,99.3,4.27,26.5,57.21,37.25
JS Pooranakaran,T20I,25,445,496,16,230,65,20,74.2,6.69,31.0,51.69,27.81
BM Tickner,Test,4,733,473,16,506,8,2,122.2,3.87,29.56,69.03,45.81
R Edwards,T20I,10,198,199,16,85,14,0,33.0,6.03,12.44,42.93,12.38
C Raack,T20I,20,299,302,16,136,4,5,49.8,6.06,18.88,45.48,18.69
NND de Silva,T20I,19,229,221,16,112,13,0,38.2,5.79,13.81,48.91,14.31
NP Dalgaard,T20I,13,309,237,16,162,21,3,51.5,4.6,14.81,52.43,19.31
M Labuschagne,Test,35,1326,853,16,827,6,10,221.0,3.86,53.31,62.37,82.88
SP Jones,Test,6,858,587,16,587,2,8,143.0,4.1,36.69,68.41,53.62
AK Markram,T20I,38,402,592,16,149,14,0,67.0,8.84,37.0,37.06,25.12
Soyeb Pendi,T20I,9,199,207,16,104,10,1,33.2,6.24,12.94,52.26,12.44
Syed Maisam Ali,T20I,8,141,145,16,64,9,2,23.5,6.17,9.06,45.39,8.81
Surya Anand,T20I,26,445,451,16,221,6,0,74.2,6.08,28.19,49.66,27.81
Priya Mishra,ODI,9,406,402,16,208,6,0,67.7,5.94,25.12,51.23,25.38
HL Ferling,ODI,16,518,403,16,334,55,1,86.3,4.67,25.19,64.48,32.38
KS Airee,T20I,10,208,230,16,99,12,3,34.7,6.63,14.38,47.6,13.0
C Sosa,T20I,14,291,237,16,169,31,9,48.5,4.89,14.81,58.08,18.19
Fiza,T20I,11,173,150,16,83,15,1,28.8,5.2,9.38,47.98,10.81
JP Behrendorff,ODI,12,646,581,16,360,10,1,107.7,5.4,36.31,55.73,40.38
KC Thompson,T20I,12,209,130,16,118,5,0,34.8,3.73,8.12,56.46,13.06
KK Lin Thu,T20I,20,330,333,16,185,30,0,55.0,6.05,20.81,56.06,20.62
AC Thomas,IPL,15,317,416,16,133,10,2,52.8,7.87,26.0,41.96,19.81
Fariha Trisna,T20I,20,377,495,16,167,12,0,62.8,7.88,30.94,44.3,23.56
TM Head,Test,33,1019,645,16,633,1,0,169.8,3.8,40.31,62.12,63.69
SS Pathirana,ODI,18,766,724,16,338,10,1,127.7,5.67,45.25,44.13,47.88
DT Christian,T20I,21,280,409,16,90,5,1,46.7,8.76,25.56,32.14,17.5
Saber Zakhil,T20I,18,268,345,16,113,15,2,44.7,7.72,21.56,42.16,16.75
A Husain,T20I,15,267,301,16,105,19,3,44.5,6.76,18.81,39.33,16.69
XC Bartlett,ODI,5,247,171,16,153,5,0,41.2,4.15,10.69,61.94,15.44
Y Cariah,ODI,14,597,627,16,289,2,1,99.5,6.3,39.19,48.41,37.31
I Waqavakatoga,T20I,9,180,152,16,102,15,0,30.0,5.07,9.5,56.67,11.25
J Yadav,Test,6,834,476,16,596,0,9,139.0,3.42,29.75,71.46,52.12
D Elgar,Test,34,1036,683,16,648,0,0,172.7,3.96,42.69,62.55,64.75
D Brown,Test,6,787,452,16,604,11,7,131.2,3.45,28.25,76.75,49.19
Meet Bhavsar,T20I,18,243,288,16,97,2,1,40.5,7.11,18.0,39.92,15.19
GD Phillips,ODI,31,799,819,16,313,9,1,133.2,6.15,51.19,39.17,49.94
W Madhevere,T20I,35,409,487,16,149,13,1,68.2,7.14,30.44,36.43,25.56
AIV Benatar,T20I,10,190,156,16,125,28,11,31.7,4.93,9.75,65.79,11.88
Danyal Raja,T20I,20,354,528,16,184,47,0,59.0,8.95,33.0,51.98,22.12
VM Nyauchi,Test,9,1411,786,16,1042,3,5,235.2,3.34,49.12,73.85,88.19
GD Elliott,T20I,15,192,241,16,59,3,0,32.0,7.53,15.06,30.73,12.0
GD Elliott,PSL,13,204,254,16,65,5,0,34.0,7.47,15.88,31.86,12.75
Dilbar Hussain,PSL,12,231,321,16,75,7,6,38.5,8.34,20.06,32.47,14.44
RJ Trott,T20I,14,276,306,16,101,1,0,46.0,6.65,19.12,36.59,17.25
VRV Singh,IPL,18,364,549,16,121,7,4,60.7,9.05,34.31,33.24,22.75
RG Sharma,IPL,32,339,462,16,94,10,0,56.5,8.18,28.88,27.73,21.19
E Guehoada,T20I,15,294,244,16,151,13,1,49.0,4.98,15.25,51.36,18.38
Khadija Tul Kubra,ODI,14,632,436,16,401,5,0,105.3,4.14,27.25,63.45,39.5
S Shrivastava,T20I,19,318,427,16,114,16,0,53.0,8.06,26.69,35.85,19.88
KA Jamieson,IPL,15,303,508,16,115,12,3,50.5,10.06,31.75,37.95,18.94
KA Pollard,PSL,24,312,459,16,76,15,2,52.0,8.83,28.69,24.36,19.5
CJ Anderson,Test,13,1304,673,16,967,14,2,217.3,3.1,42.06,74.16,81.5
IE O'Brien,ODI,10,453,496,16,212,9,0,75.5,6.57,31.0,46.8,28.31
N Burger,IPL,15,298,509,16,135,12,1,49.7,10.25,31.81,45.3,18.62
IG Butler,ODI,13,608,576,16,324,14,8,101.3,5.68,36.0,53.29,38.0
FL Mackay,T20I,15,290,322,16,101,1,4,48.3,6.66,20.12,34.83,18.12
MPM Pathirannehelage,T20I,10,203,142,16,128,22,1,33.8,4.2,8.88,63.05,12.69
S Maduranga,T20I,14,228,300,16,100,13,1,38.0,7.89,18.75,43.86,14.25
Jubair Hossain,Test,5,717,514,16,435,0,2,119.5,4.3,32.12,60.67,44.81
LB Williams,ODI,8,412,406,16,233,20,6,68.7,5.91,25.38,56.55,25.75
Junaid Siddiqui,T20I,20,391,372,16,185,8,0,65.2,5.71,23.25,47.31,24.44
RM Haq,T20I,9,216,249,16,80,0,0,36.0,6.92,15.56,37.04,13.5
Mudassar Bukhari,ODI,15,590,515,16,356,16,2,98.3,5.24,32.19,60.34,36.88
J Bulele,T20I,12,243,281,16,109,9,1,40.5,6.94,17.56,44.86,15.19
F Damiao Couana,T20I,17,325,400,16,174,26,7,54.2,7.38,25.0,53.54,20.31
K Peddrick,T20I,19,302,328,16,149,48,3,50.3,6.52,20.5,49.34,18.88
Shah Faisal,T20I,13,276,360,16,144,15,0,46.0,7.83,22.5,52.17,17.25
AF Aoina,T20I,13,217,211,16,118,29,4,36.2,5.83,13.19,54.38,13.56
GP Tom,T20I,22,307,289,16,169,14,7,51.2,5.65,18.06,55.05,19.19
RS Bopara,PSL,18,246,371,16,76,8,0,41.0,9.05,23.19,30.89,15.38
Shafali Verma,T20I,22,222,245,16,86,11,0,37.0,6.62,15.31,38.74,13.88
CK Jasmat,T20I,20,394,460,16,183,21,0,65.7,7.01,28.75,46.45,24.62
Riya Sharma,T20I,26,493,462,16,241,22,3,82.2,5.62,28.88,48.88,30.81
Muhammad Salman,T20I,16,318,341,16,147,2,0,53.0,6.43,21.31,46.23,19.88
Iftikhar Ahmed,ODI,20,742,695,16,349,6,0,123.7,5.62,43.44,47.04,46.38
Mosaddek Hossain,ODI,37,1004,904,16,457,12,0,167.3,5.4,56.5,45.52,62.75
WER Somerville,Test,6,1466,749,16,1067,0,0,244.3,3.07,46.81,72.78,91.62
J Hicks,T20I,11,221,154,16,122,14,0,36.8,4.18,9.62,55.2,13.81
WK Lai,T20I,15,237,217,16,118,22,4,39.5,5.49,13.56,49.79,14.81
A Canning,ODI,21,851,635,16,534,58,2,141.8,4.48,39.69,62.75,53.19
CR Brathwaite,IPL,16,257,384,16,78,9,3,42.8,8.96,24.0,30.35,16.06
A King,Test,6,852,398,16,631,0,0,142.0,2.8,24.88,74.06,53.25
RR Sarwan,ODI,18,371,393,16,138,12,0,61.8,6.36,24.56,37.2,23.19
CN Ackermann,ODI,16,614,470,16,352,5,0,102.3,4.59,29.38,57.33,38.38
RM Dorji,T20I,20,297,418,16,100,13,1,49.5,8.44,26.12,33.67,18.56
WD Parnell,Test,6,556,432,16,386,1,0,92.7,4.66,27.0,69.42,34.75
C Bosch,Test,4,520,308,16,386,3,0,86.7,3.55,19.25,74.23,32.5
P Vastrakar,Test,5,635,342,16,484,0,1,105.8,3.23,21.38,76.22,39.69
Q Joseph,ODI,14,490,409,16,259,15,0,81.7,5.01,25.56,52.86,30.62
PSRK Sudarshan,T20I,14,294,397,16,124,10,0,49.0,8.1,24.81,42.18,18.38
O Mondlane,T20I,15,279,190,16,164,25,13,46.5,4.09,11.88,58.78,17.44
Bilal Asif,Test,5,1175,446,16,903,0,1,195.8,2.28,27.88,76.85,73.44
PD Collingwood,T20I,20,234,353,16,67,4,0,39.0,9.05,22.06,28.63,14.62
A Dalzell,T20I,19,353,383,16,189,20,2,58.8,6.51,23.94,53.54,22.06
Zaki Ul Hassan,T20I,9,185,254,16,84,5,0,30.8,8.24,15.88,45.41,11.56
Zara Mohammad,T20I,9,190,200,15,119,68,4,31.7,6.32,13.33,62.63,12.67
HH Streak,Test,8,1212,840,15,875,4,15,202.0,4.16,56.0,72.19,80.8
Hamid Mahmood,T20I,15,279,242,15,131,4,0,46.5,5.2,16.13,46.95,18.6
HB Shipley,ODI,8,387,360,15,213,17,0,64.5,5.58,24.0,55.04,25.8
P Chilongia,T20I,11,166,122,15,104,17,4,27.7,4.41,8.13,62.65,11.07
P Agrawal,T20I,11,253,204,15,138,12,1,42.2,4.84,13.6,54.55,16.87
P Marange,ODI,12,601,447,15,354,27,1,100.2,4.46,29.8,58.9,40.07
A Dercksen,ODI,17,406,437,15,205,41,1,67.7,6.46,29.13,50.49,27.07
PVD Chameera,IPL,20,399,658,15,157,21,3,66.5,9.89,43.87,39.35,26.6
PT Collins,Test,5,1108,633,15,816,5,43,184.7,3.43,42.2,73.65,73.87
C Chukwuonye,T20I,9,141,106,15,85,17,3,23.5,4.51,7.07,60.28,9.4
A Andriani,T20I,7,157,93,15,102,5,1,26.2,3.55,6.2,64.97,10.47
RP Yadav,ODI,14,655,666,15,296,11,5,109.2,6.1,44.4,45.19,43.67
A Mare,T20I,19,314,300,15,179,33,2,52.3,5.73,20.0,57.01,20.93
Mohammed Irshad,T20I,10,149,212,15,50,13,2,24.8,8.54,14.13,33.56,9.93
RR Seth,T20I,17,264,230,15,159,24,1,44.0,5.23,15.33,60.23,17.6
RR Powar,IPL,26,427,538,15,174,16,1,71.2,7.56,35.87,40.75,28.47
K Nestor,T20I,19,319,477,15,142,25,2,53.2,8.97,31.8,44.51,21.27
TH Semau,T20I,14,211,173,15,123,24,2,35.2,4.92,11.53,58.29,14.07
Mohammad Nabi,IPL,23,417,527,15,153,2,0,69.5,7.58,35.13,36.69,27.8
Muhammad Jawadullah,ODI,14,597,622,15,331,32,1,99.5,6.25,41.47,55.44,39.8
Mosaddek Hossain,T20I,21,282,354,15,102,4,2,47.0,7.53,23.6,36.17,18.8
RO Mazumba,T20I,12,192,176,15,118,38,2,32.0,5.5,11.73,61.46,12.8
CK Langeveldt,T20I,8,175,236,15,82,11,1,29.2,8.09,15.73,46.86,11.67
IT Guha,Test,3,634,254,15,510,1,15,105.7,2.4,16.93,80.44,42.27
A Nathwani,T20I,15,294,367,15,126,10,0,49.0,7.49,24.47,42.86,19.6
J Kowa,T20I,14,278,213,15,191,41,0,46.3,4.6,14.2,68.71,18.53
Mohammad Atif,T20I,10,230,193,15,134,12,0,38.3,5.03,12.87,58.26,15.33
Mohammad Asif,T20I,11,259,350,15,111,8,2,43.2,8.11,23.33,42.86,17.27
Mohammad Ashraful,Test,30,927,688,15,536,0,0,154.5,4.45,45.87,57.82,61.8
Rishad Hossain,PSL,11,228,381,15,72,7,0,38.0,10.03,25.4,31.58,15.2
Arif Yaqoob,PSL,9,180,234,15,61,3,0,30.0,7.8,15.6,33.89,12.0
Mahedi Hasan,ODI,11,529,441,15,278,5,0,88.2,5.0,29.4,52.55,35.27
S Burdekin,T20I,9,168,213,15,67,9,2,28.0,7.61,14.2,39.88,11.2
S Bhari,ODI,10,398,246,15,254,4,0,66.3,3.71,16.4,63.82,26.53
Rumman Raees,ODI,9,465,468,15,227,10,2,77.5,6.04,31.2,48.82,31.0
RJ Kirtley,Test,3,785,409,15,600,3,7,130.8,3.13,27.27,76.43,52.33
Ezgi Nur Kilic,T20I,11,208,210,15,124,27,4,34.7,6.06,14.0,59.62,13.87
AN Ahmed,IPL,17,349,515,15,131,13,5,58.2,8.85,34.33,37.54,23.27
L Bonner,T20I,7,167,128,15,95,4,0,27.8,4.6,8.53,56.89,11.13
E Karimi,T20I,11,204,219,15,91,5,0,34.0,6.44,14.6,44.61,13.6
Enamul Haque jnr,ODI,9,519,373,15,279,3,4,86.5,4.31,24.87,53.76,34.6
RK Paudel,T20I,18,239,264,15,92,4,0,39.8,6.63,17.6,38.49,15.93
S Kanankege,T20I,25,382,365,15,192,29,10,63.7,5.73,24.33,50.26,25.47
JAM Henri,T20I,15,295,404,15,136,19,1,49.2,8.22,26.93,46.1,19.67
FA Sargent,T20I,16,342,377,15,135,6,1,57.0,6.61,25.13,39.47,22.8
DT Doram,T20I,14,300,392,15,113,0,0,50.0,7.84,26.13,37.67,20.0
A Paul,T20I,12,217,318,15,73,11,1,36.2,8.79,21.2,33.64,14.47
Salman Nazar,T20I,7,150,158,15,81,3,0,25.0,6.32,10.53,54.0,10.0
Salman Mirza,PSL,12,243,442,15,86,10,3,40.5,10.91,29.47,35.39,16.2
Junaid Aziz,T20I,13,140,198,15,49,7,2,23.3,8.49,13.2,35.0,9.33
S Matsikenyeri,ODI,26,668,563,15,285,19,0,111.3,5.06,37.53,42.66,44.53
B Mpedi,T20I,13,202,196,15,109,20,6,33.7,5.82,13.07,53.96,13.47
N Mlaba,Test,4,769,502,15,529,0,0,128.2,3.92,33.47,68.79,51.27
N Madziva,T20I,12,241,346,15,90,19,2,40.2,8.61,23.07,37.34,16.07
ID Blackwell,ODI,17,840,567,15,479,6,0,140.0,4.05,37.8,57.02,56.0
R Siriwardena,T20I,7,129,213,15,46,13,0,21.5,9.91,14.2,35.66,8.6
E Otieno,ODI,10,447,479,15,245,16,6,74.5,6.43,31.93,54.81,29.8
MM Penfold,ODI,15,581,493,15,342,45,5,96.8,5.09,32.87,58.86,38.73
MM Ali,PSL,16,234,356,15,72,2,0,39.0,9.13,23.73,30.77,15.6
S Sharma,T20I,11,222,196,15,132,12,0,37.0,5.3,13.07,59.46,14.8
GA Lamb,ODI,15,642,474,15,362,17,0,107.0,4.43,31.6,56.39,42.8
A Shahzad,ODI,10,530,469,15,308,29,1,88.3,5.31,31.27,58.11,35.33
MPGT Ketiyage,T20I,17,292,368,15,127,24,0,48.7,7.56,24.53,43.49,19.47
MO Jones,T20I,14,268,251,15,134,8,2,44.7,5.62,16.73,50.0,17.87
D Lohia,T20I,16,206,200,15,104,11,2,34.3,5.83,13.33,50.49,13.73
JD Unadkat,T20I,10,208,306,15,88,15,0,34.7,8.83,20.4,42.31,13.87
JB Abega,T20I,13,222,290,15,109,19,1,37.0,7.84,19.33,49.1,14.8
A Neill,ODI,9,433,345,15,269,15,2,72.2,4.78,23.0,62.12,28.87
CD de Lange,ODI,6,264,211,15,144,0,0,44.0,4.8,14.07,54.55,17.6
N Niranjana,ODI,10,461,340,15,306,15,0,76.8,4.43,22.67,66.38,30.73
RDB Ahir,T20I,14,252,294,15,111,5,1,42.0,7.0,19.6,44.05,16.8
RD Berrington,ODI,35,746,647,15,388,16,1,124.3,5.2,43.13,52.01,49.73
YA Abdulla,IPL,11,210,311,15,92,12,1,35.0,8.89,20.73,43.81,14.0
N Shangase,ODI,20,738,686,15,341,6,1,123.0,5.58,45.73,46.21,49.2
SC Getkate,T20I,17,266,354,15,98,8,2,44.3,7.98,23.6,36.84,17.73
D Wotu,T20I,15,294,352,15,115,8,3,49.0,7.18,23.47,39.12,19.6
MJ North,Test,13,1260,609,15,934,1,2,210.0,2.9,40.6,74.13,84.0
MJ Humphreys,Test,5,997,583,15,660,0,0,166.2,3.51,38.87,66.2,66.47
Usama Mir,ODI,9,512,507,15,221,9,2,85.3,5.94,33.8,43.16,34.13
ML Castillo,T20I,9,186,200,15,84,9,0,31.0,6.45,13.33,45.16,12.4
A Wanjira,T20I,17,322,298,15,189,27,7,53.7,5.55,19.87,58.7,21.47
DR Sams,IPL,16,362,528,15,144,27,2,60.3,8.75,35.2,39.78,24.13
M Artur,T20I,13,166,125,15,105,9,1,27.7,4.52,8.33,63.25,11.07
I Mutoni,T20I,11,200,173,15,130,11,2,33.3,5.19,11.53,65.0,13.33
I Edwards,T20I,13,247,271,15,130,30,1,41.2,6.58,18.07,52.63,16.47
C de Grandhomme,T20I,21,323,470,15,86,13,2,53.8,8.73,31.33,26.63,21.53
NK Tiwari,T20I,15,295,330,15,126,8,2,49.2,6.71,22.0,42.71,19.67
G Coetzee,IPL,14,274,490,15,102,18,1,45.7,10.73,32.67,37.23,18.27
Abdullah Mahmood,T20I,13,208,224,15,77,3,0,34.7,6.46,14.93,37.02,13.87
M Gogev,T20I,16,288,450,15,110,18,1,48.0,9.38,30.0,38.19,19.2
M Dlamini,T20I,18,371,415,15,186,63,27,61.8,6.71,27.67,50.13,24.73
JWM Dalrymple,ODI,23,841,686,15,417,27,1,140.2,4.89,45.73,49.58,56.07
G Candiru,T20I,15,337,324,15,131,21,1,56.2,5.77,21.6,38.87,22.47
M Syahadat Ramli,T20I,10,131,136,15,53,2,0,21.8,6.23,9.07,40.46,8.73
M Short,T20I,8,168,115,15,118,31,0,28.0,4.11,7.67,70.24,11.2
DGAPD Wiswi,T20I,16,161,168,15,72,9,4,26.8,6.26,11.2,44.72,10.73
SJ Srivastava,IPL,14,283,444,15,106,23,1,47.2,9.41,29.6,37.46,18.87
Aizaz Khan,ODI,13,499,481,15,260,8,5,83.2,5.78,32.07,52.1,33.27
A Thorpe,T20I,13,236,238,15,124,34,10,39.3,6.05,15.87,52.54,15.73
R Chaudhary,T20I,19,359,289,15,183,17,1,59.8,4.83,19.27,50.97,23.93
EN Lynch,ODI,13,502,355,15,298,8,4,83.7,4.24,23.67,59.36,33.47
EM Bermingham,ODI,16,689,533,15,412,23,0,114.8,4.64,35.53,59.8,45.93
KM Dabengwa,ODI,24,701,647,15,312,14,1,116.8,5.54,43.13,44.51,46.73
M Madara,ODI,14,562,486,15,322,39,5,93.7,5.19,32.4,57.3,37.47
JOA Gordon,ODI,10,437,434,15,247,33,2,72.8,5.96,28.93,56.52,29.13
Fazil Rahman,T20I,6,132,165,15,67,5,1,22.0,7.5,11.0,50.76,8.8
SM Pollock,T20I,10,219,286,15,102,10,0,36.5,7.84,19.07,46.58,14.6
SM Katich,Test,14,721,445,15,493,0,0,120.2,3.7,29.67,68.38,48.07
M Pathirana,ODI,10,397,499,15,185,45,2,66.2,7.54,33.27,46.6,26.47
M Mwangi,T20I,13,170,135,15,96,6,0,28.3,4.76,9.0,56.47,11.33
Farhad Reza,ODI,25,815,793,15,437,15,6,135.8,5.84,52.87,53.62,54.33
JT Brassell,ODI,12,513,454,15,300,28,3,85.5,5.31,30.27,58.48,34.2
TT Maposa,T20I,18,312,476,15,112,21,4,52.0,9.15,31.73,35.9,20.8
Abul Farhad,T20I,11,208,292,15,92,12,7,34.7,8.42,19.47,44.23,13.87
SR Thadani,T20I,18,259,256,15,143,13,0,43.2,5.93,17.07,55.21,17.27
SSB Magala,ODI,7,347,384,15,167,15,5,57.8,6.64,25.6,48.13,23.13
DK Anefie,T20I,19,338,357,15,165,28,2,56.3,6.34,23.8,48.82,22.53
M McColl,T20I,17,189,174,15,100,6,2,31.5,5.52,11.6,52.91,12.6
NR Sciver-Brunt,T20I,23,384,474,15,154,16,0,64.0,7.41,31.6,40.1,25.6
A Adekunle,T20I,16,301,221,15,167,13,1,50.2,4.41,14.73,55.48,20.07
T Chopra,T20I,13,186,166,15,92,8,0,31.0,5.35,11.07,49.46,12.4
AJ Tye,ODI,7,389,396,15,189,11,2,64.8,6.11,26.4,48.59,25.93
KH Pandya,T20I,19,410,563,15,127,22,0,68.3,8.24,37.53,30.98,27.33
G Coetzee,Test,4,463,341,14,332,2,1,77.2,4.42,24.36,71.71,33.07
KR Mayers,ODI,23,686,647,14,368,23,0,114.3,5.66,46.21,53.64,49.0
J Goswami,Test,4,729,296,14,595,5,1,121.5,2.44,21.14,81.62,52.07
H Masakadza,Test,15,1038,463,14,807,3,0,173.0,2.68,33.07,77.75,74.14
Nithish Kumar Reddy,IPL,21,267,485,14,74,19,2,44.5,10.9,34.64,27.72,19.07
RP Burl,ODI,26,547,607,14,244,21,1,91.2,6.66,43.36,44.61,39.07
KR Sen,IPL,12,243,396,14,89,12,2,40.5,9.78,28.29,36.63,17.36
Kamran Khan,IPL,9,167,248,14,71,10,1,27.8,8.91,17.71,42.51,11.93
SH Johnson,T20I,8,160,249,14,73,11,0,26.7,9.34,17.79,45.62,11.43
N Nuntarach,T20I,17,200,251,14,78,22,3,33.3,7.53,17.93,39.0,14.29
Manjural Islam Rana,ODI,15,599,431,14,345,11,1,99.8,4.32,30.79,57.6,42.79
Jonte Smith,T20I,8,151,156,14,76,9,1,25.2,6.2,11.14,50.33,10.79
HN Ya France,ODI,21,709,556,14,435,17,0,118.2,4.71,39.71,61.35,50.64
YK Pathan,T20I,16,299,433,14,93,4,0,49.8,8.69,30.93,31.1,21.36
Muhammad Burhan,T20I,11,210,258,14,91,12,0,35.0,7.37,18.43,43.33,15.0
K Bhurtel,ODI,21,547,469,14,281,16,1,91.2,5.14,33.5,51.37,39.07
D Wangmo,T20I,13,230,197,14,112,8,2,38.3,5.14,14.07,48.7,16.43
WK McCallan,ODI,14,603,425,14,338,9,0,100.5,4.23,30.36,56.05,43.07
K Chigora,T20I,11,216,270,14,112,39,4,36.0,7.5,19.29,51.85,15.43
CJ Anderson,IPL,22,297,525,14,86,18,0,49.5,10.61,37.5,28.96,21.21
Mir Hamza,Test,7,1189,661,14,879,3,6,198.2,3.34,47.21,73.93,84.93
TL Chivanga,Test,7,804,662,14,512,7,18,134.0,4.94,47.29,63.68,57.43
AD Mascarenhas,T20I,14,253,319,14,97,1,1,42.2,7.57,22.79,38.34,18.07
S Snater,T20I,12,212,339,14,63,6,3,35.3,9.59,24.21,29.72,15.14
JJ Krejza,Test,2,743,572,14,460,1,0,123.8,4.62,40.86,61.91,53.07
S di Bartolomeo,T20I,7,147,129,14,78,2,0,24.5,5.27,9.21,53.06,10.5
AS Roy,IPL,17,257,368,14,88,19,0,42.8,8.59,26.29,34.24,18.36
AC Douglas,T20I,11,177,184,14,81,7,1,29.5,6.24,13.14,45.76,12.64
SA Campbelle,T20I,16,308,305,14,127,15,1,51.3,5.94,21.79,41.23,22.0
Karanveer Singh,IPL,9,204,323,14,66,9,0,34.0,9.5,23.07,32.35,14.57
Aamir Lal,T20I,9,192,208,14,90,7,0,32.0,6.5,14.86,46.88,13.71
Waseeq Ahmed,T20I,12,246,292,14,89,5,0,41.0,7.12,20.86,36.18,17.57
Wu Juan,T20I,9,193,112,14,122,5,1,32.2,3.48,8.0,63.21,13.79
DN Wyatt,ODI,17,525,447,14,247,12,1,87.5,5.11,31.93,47.05,37.5
M Choamba,T20I,20,269,243,14,128,6,0,44.8,5.42,17.36,47.58,19.21
Imran Ameer,T20I,18,369,429,14,155,8,0,61.5,6.98,30.64,42.01,26.36
KL Cross,T20I,16,303,386,14,126,14,1,50.5,7.64,27.57,41.58,21.64
JDS Neesham,Test,12,1080,698,14,747,15,4,180.0,3.88,49.86,69.17,77.14
MD Botha,ODI,7,276,176,14,166,10,0,46.0,3.83,12.57,60.14,19.71
L Anyait,T20I,14,307,202,14,183,10,0,51.2,3.95,14.43,59.61,21.93
R Ankad,T20I,10,199,163,14,113,8,1,33.2,4.91,11.64,56.78,14.21
IECM Wong,T20I,17,339,398,14,161,18,4,56.5,7.04,28.43,47.49,24.21
GD McGrath,IPL,14,325,366,14,162,4,1,54.2,6.76,26.14,49.85,23.21
BG Illing,ODI,11,537,469,14,331,41,3,89.5,5.24,33.5,61.64,38.36
S Desungnoen,T20I,25,331,395,14,106,13,0,55.2,7.16,28.21,32.02,23.64
S Bau,T20I,30,351,392,14,148,4,0,58.5,6.7,28.0,42.17,25.07
JAR Blain,ODI,9,373,295,14,248,12,3,62.2,4.75,21.07,66.49,26.64
Shahreeennawab,T20I,18,299,358,14,121,19,4,49.8,7.18,25.57,40.47,21.36
AM Hardie,T20I,13,242,353,14,108,11,1,40.3,8.75,25.21,44.63,17.29
AM Healey,T20I,13,259,183,14,155,20,1,43.2,4.24,13.07,59.85,18.5
M Muralitharan,T20I,12,282,309,14,113,10,0,47.0,6.57,22.07,40.07,20.14
RMMP Rathnayake,Test,5,696,418,14,497,0,7,116.0,3.6,29.86,71.41,49.71
AM Ellis,ODI,13,482,433,14,261,12,2,80.3,5.39,30.93,54.15,34.43
SK Raina,T20I,27,349,450,14,108,13,0,58.2,7.74,32.14,30.95,24.93
JR Hopes,IPL,20,360,562,14,119,9,0,60.0,9.37,40.14,33.06,25.71
C Magaia,T20I,8,127,138,14,72,26,1,21.2,6.52,9.86,56.69,9.07
C Green,T20I,15,221,341,14,82,13,2,36.8,9.26,24.36,37.1,15.79
Abdullah Rana,T20I,8,133,186,14,48,4,1,22.2,8.39,13.29,36.09,9.5
SR Clark,T20I,9,219,246,14,105,4,3,36.5,6.74,17.57,47.95,15.64
Musawar Shah,T20I,9,186,215,14,83,2,0,31.0,6.94,15.36,44.62,13.29
UT Yadav,T20I,9,180,283,14,78,4,0,30.0,9.43,20.21,43.33,12.86
IKO Aboagye,T20I,7,156,119,14,82,0,0,26.0,4.58,8.5,52.56,11.14
Tejwinder Singh,T20I,10,216,222,14,110,18,1,36.0,6.17,15.86,50.93,15.43
PK Mohanarangam,T20I,7,137,82,14,81,0,1,22.8,3.59,5.86,59.12,9.79
Ghulam Mudassar,PSL,11,227,394,14,60,18,1,37.8,10.41,28.14,26.43,16.21
Umar Gul,IPL,6,141,198,14,59,12,6,23.5,8.43,14.14,41.84,10.07
S Lamichhane,IPL,9,210,297,14,77,1,0,35.0,8.49,21.21,36.67,15.0
P Siaka,ODI,8,346,172,14,231,6,0,57.7,2.98,12.29,66.76,24.71
PA de Silva,ODI,13,565,487,14,268,7,0,94.2,5.17,34.79,47.43,40.36
BN Toube,T20I,13,217,316,14,97,13,3,36.2,8.74,22.57,44.7,15.5
R McLaren,IPL,18,357,558,14,128,15,3,59.5,9.38,39.86,35.85,25.5
MT Jacob,T20I,13,225,237,14,125,42,3,37.5,6.32,16.93,55.56,16.07
AB McDonald,IPL,10,186,263,14,52,2,0,31.0,8.48,18.79,27.96,13.29
AB Dinda,ODI,13,597,618,14,301,16,3,99.5,6.21,44.14,50.42,42.64
KK Ahmed,ODI,10,423,423,14,224,12,3,70.5,6.0,30.21,52.96,30.21
PM Pushpakumara,Test,4,860,527,14,557,0,0,143.3,3.68,37.64,64.77,61.43
V Nigam,IPL,17,281,444,14,87,8,5,46.8,9.48,31.71,30.96,20.07
V Mitari,T20I,12,202,227,14,104,22,4,33.7,6.74,16.21,51.49,14.43
Uswa Syed,T20I,11,211,173,14,126,14,2,35.2,4.92,12.36,59.72,15.07
PM Siddle,PSL,11,241,359,14,89,8,1,40.2,8.94,25.64,36.93,17.21
Ashwini Balaji,T20I,16,320,352,14,184,57,7,53.3,6.6,25.14,57.5,22.86
M Ozturk,T20I,11,255,343,14,89,12,4,42.5,8.07,24.5,34.9,18.21
DJ Mitchell,ODI,18,339,340,14,151,17,0,56.5,6.02,24.29,44.54,24.21
E Chigumbura,T20I,16,199,318,14,61,8,1,33.2,9.59,22.71,30.65,14.21
N Burger,Test,3,376,259,14,295,3,0,62.7,4.13,18.5,78.46,26.86
Asif Bevinje,T20I,9,185,239,14,98,17,0,30.8,7.75,17.07,52.97,13.21
NA Saini,T20I,9,198,241,14,104,6,1,33.0,7.3,17.21,52.53,14.14
AR Caddick,Test,2,565,404,14,406,1,7,94.2,4.29,28.86,71.86,40.36
F Pessima,T20I,11,201,136,14,126,10,0,33.5,4.06,9.71,62.69,14.36
J Overton,ODI,11,362,349,14,202,12,0,60.3,5.78,24.93,55.8,25.86
ER Oza,ODI,7,391,213,14,260,10,1,65.2,3.27,15.21,66.5,27.93
R Limema,T20I,15,285,349,14,128,48,11,47.5,7.35,24.93,44.91,20.36
NH Berejo,T20I,11,196,142,14,117,9,2,32.7,4.35,10.14,59.69,14.0
Shadab Khan,Test,6,955,530,14,671,0,1,159.2,3.33,37.86,70.26,68.21
Vishil Patel,T20I,13,228,274,14,100,5,0,38.0,7.21,19.57,43.86,16.29
DJG Sammy,IPL,19,238,354,14,75,6,2,39.7,8.92,25.29,31.51,17.0
P Gheewala,T20I,14,244,345,14,100,23,4,40.7,8.48,24.64,40.98,17.43
LL Dimba,T20I,16,324,266,14,174,11,1,54.0,4.93,19.0,53.7,23.14
M Cope,T20I,8,178,268,13,59,3,0,29.7,9.03,20.62,33.15,13.69
Muhammad Murad,T20I,11,210,282,13,89,11,4,35.0,8.06,21.69,42.38,16.15
Shahid Afridi,Test,6,899,531,13,596,1,13,149.8,3.54,40.85,66.3,69.15
JDP Oram,IPL,14,238,362,13,86,6,1,39.7,9.13,27.85,36.13,18.31
CD McMillan,ODI,19,461,425,13,214,1,1,76.8,5.53,32.69,46.42,35.46
TM Dilshan,T20I,25,258,315,13,83,3,0,43.0,7.33,24.23,32.17,19.85
Izaz Ali,T20I,11,181,295,13,89,23,1,30.2,9.78,22.69,49.17,13.92
Atif Kamal,T20I,9,156,183,13,70,3,0,26.0,7.04,14.08,44.87,12.0
TMA Leslie,T20I,13,235,231,13,142,29,3,39.2,5.9,17.77,60.43,18.08
RS Bopara,IPL,14,206,301,13,66,7,0,34.3,8.77,23.15,32.04,15.85
Ayaz Dadabhai,T20I,9,174,172,13,73,6,0,29.0,5.93,13.23,41.95,13.38
T Jamtsho,T20I,20,230,330,13,109,40,4,38.3,8.61,25.38,47.39,17.69
Haris Sohail,Test,13,630,306,13,423,0,0,105.0,2.91,23.54,67.14,48.46
DP Vaidya,ODI,9,307,197,13,182,17,0,51.2,3.85,15.15,59.28,23.62
LS Livingstone,IPL,27,312,471,13,82,9,0,52.0,9.06,36.23,26.28,24.0
Harsh Dubey,IPL,10,180,292,13,55,6,0,30.0,9.73,22.46,30.56,13.85
A Mazvishaya,ODI,15,612,476,13,347,12,0,102.0,4.67,36.62,56.7,47.08
B Tlali,T20I,12,257,174,13,165,23,2,42.8,4.06,13.38,64.2,19.77
DP Vaidya,T20I,13,198,243,13,74,3,0,33.0,7.36,18.69,37.37,15.23
AD Mascarenhas,ODI,20,823,658,13,460,6,1,137.2,4.8,50.62,55.89,63.31
TR Sadhu,T20I,12,216,251,13,113,8,0,36.0,6.97,19.31,52.31,16.62
N Madziva,ODI,9,399,417,13,203,21,3,66.5,6.27,32.08,50.88,30.69
ECB Moore,T20I,16,203,228,13,84,13,0,33.8,6.74,17.54,41.38,15.62
Junaid Siddique (2),T20I,11,224,250,13,108,3,0,37.3,6.7,19.23,48.21,17.23
AE Satterthwaite,T20I,18,265,315,13,85,6,1,44.2,7.13,24.23,32.08,20.38
JJ Davidson,ODI,8,402,412,13,201,6,0,67.0,6.15,31.69,50.0,30.92
Junaid Siddique (2),ODI,6,310,255,13,182,8,1,51.7,4.94,19.62,58.71,23.85
Joginder Sharma,IPL,15,263,421,13,73,9,7,43.8,9.6,32.38,27.76,20.23
Aliya Riaz,ODI,33,849,806,13,414,45,3,141.5,5.7,62.0,48.76,65.31
DJ Bravo,PSL,14,306,432,13,91,9,0,51.0,8.47,33.23,29.74,23.54
N Krishna,T20I,12,178,264,13,65,9,0,29.7,8.9,20.31,36.52,13.69
CJ Dala,T20I,10,192,309,13,79,12,0,32.0,9.66,23.77,41.15,14.77
CJ Chibhabha,T20I,17,242,324,13,79,6,2,40.3,8.03,24.92,32.64,18.62
Jayasooriya,T20I,14,254,241,13,128,22,2,42.3,5.69,18.54,50.39,19.54
JK Kamande,ODI,17,658,583,13,336,23,1,109.7,5.32,44.85,51.06,50.62
Haris Sohail,ODI,20,606,593,13,256,7,0,101.0,5.87,45.62,42.24,46.62
O Keitsemang,T20I,15,226,264,13,115,42,6,37.7,7.01,20.31,50.88,17.38
TK Curran,IPL,13,241,432,13,59,11,3,40.2,10.76,33.23,24.48,18.54
Irfan Safi,T20I,8,147,246,13,63,16,1,24.5,10.04,18.92,42.86,11.31
B Mavuta,Test,4,762,493,13,464,0,0,127.0,3.88,37.92,60.89,58.62
TJ Draca,T20I,11,212,263,13,108,14,2,35.3,7.44,20.23,50.94,16.31
M Gaur,T20I,21,434,423,13,240,28,2,72.3,5.85,32.54,55.3,33.38
HAM Samuddika,T20I,14,288,300,13,108,8,0,48.0,6.25,23.08,37.5,22.15
Jaskaran Singh,T20I,12,228,326,13,106,24,11,38.0,8.58,25.08,46.49,17.54
Zain Muzaffar,T20I,7,152,184,13,73,9,0,25.3,7.26,14.15,48.03,11.69
Zahid Mahmood,Test,4,471,506,13,235,0,0,78.5,6.45,38.92,49.89,36.23
RDM Leverock,ODI,12,607,448,13,358,0,0,101.2,4.43,34.46,58.98,46.69
NT Rajendran,T20I,8,186,203,13,82,4,0,31.0,6.55,15.62,44.09,14.31
J Little,IPL,11,228,341,13,84,8,0,38.0,8.97,26.23,36.84,17.54
SM Sharma,ODI,11,390,364,13,210,4,0,65.0,5.6,28.0,53.85,30.0
JL Pattinson,ODI,14,679,652,13,381,26,6,113.2,5.76,50.15,56.11,52.23
MFD Douma,T20I,11,211,161,13,138,14,1,35.2,4.58,12.38,65.4,16.23
Ma Ruike,T20I,14,254,213,13,157,38,1,42.3,5.03,16.38,61.81,19.54
C Prasad,T20I,4,66,38,13,46,7,0,11.0,3.45,2.92,69.7,5.08
NN Banner,T20I,8,174,210,13,74,7,0,29.0,7.24,16.15,42.53,13.38
SM Pollock,IPL,13,276,307,13,132,4,0,46.0,6.67,23.62,47.83,21.23
SK Raina,Test,16,1041,634,13,675,0,0,173.5,3.65,48.77,64.84,80.08
SHA Rance,T20I,7,162,248,13,56,5,0,27.0,9.19,19.08,34.57,12.46
SH Obed,T20I,12,180,206,13,62,0,0,30.0,6.87,15.85,34.44,13.85
M Desmond,T20I,8,180,150,13,100,14,0,30.0,5.0,11.54,55.56,13.85
Wang Huiying,T20I,14,248,230,13,128,19,1,41.3,5.56,17.69,51.61,19.08
BA Bhatt,IPL,15,297,408,13,98,6,1,49.5,8.24,31.38,33.0,22.85
Shahil Momin,T20I,15,301,326,13,120,9,1,50.2,6.5,25.08,39.87,23.15
F Tanguy,T20I,12,261,225,13,124,15,7,43.5,5.17,17.31,47.51,20.08
S Ostergaard,T20I,8,150,165,13,76,31,6,25.0,6.6,12.69,50.67,11.54
GG Alta,T20I,11,204,338,13,63,22,1,34.0,9.94,26.0,30.88,15.69
H Celik,T20I,8,165,144,13,95,13,12,27.5,5.24,11.08,57.58,12.69
PR Adams,Test,4,886,504,13,650,1,1,147.7,3.41,38.77,73.36,68.15
L Sipamla,T20I,14,276,490,13,84,6,2,46.0,10.65,37.69,30.43,21.23
M Parinitha,T20I,5,109,84,13,73,33,1,18.2,4.62,6.46,66.97,8.38
A Prashar,T20I,11,195,207,13,103,20,1,32.5,6.37,15.92,52.82,15.0
BMA Mbida,T20I,18,327,362,13,173,61,8,54.5,6.64,27.85,52.91,25.15
Iftikhar Kankhel,T20I,10,180,273,13,79,13,1,30.0,9.1,21.0,43.89,13.85
DT Tiripano,T20I,16,293,390,13,114,14,2,48.8,7.99,30.0,38.91,22.54
MDK Perera,ODI,10,457,413,13,230,9,1,76.2,5.42,31.77,50.33,35.15
P Thongsa,T20I,14,166,189,13,72,4,1,27.7,6.83,14.54,43.37,12.77
MD Dai,ODI,10,534,387,13,318,11,0,89.0,4.35,29.77,59.55,41.08
S Bau,ODI,20,609,492,13,334,4,3,101.5,4.85,37.85,54.84,46.85
Anshuman Rath,ODI,5,259,110,13,186,1,1,43.2,2.55,8.46,71.81,19.92
P Florin,T20I,10,114,130,13,45,11,1,19.0,6.84,10.0,39.47,8.77
NLTC Perera,PSL,10,158,237,13,43,2,1,26.3,9.0,18.23,27.22,12.15
Amir Hayat,ODI,9,449,392,13,256,19,0,74.8,5.24,30.15,57.02,34.54
Ammar Khalid,T20I,7,156,176,13,84,8,0,26.0,6.77,13.54,53.85,12.0
P Molkenboer,T20I,15,229,175,13,120,6,1,38.2,4.59,13.46,52.4,17.62
NJ Browne,T20I,12,229,197,13,125,7,1,38.2,5.16,15.15,54.59,17.62
A Limdawala,T20I,22,305,379,13,140,9,1,50.8,7.46,29.15,45.9,23.46
A Martin,ODI,9,444,300,13,247,3,0,74.0,4.05,23.08,55.63,34.15
Hassnain Shah,ODI,10,399,410,13,202,15,1,66.5,6.17,31.54,50.63,30.69
JH Kallis,T20I,19,276,345,13,118,8,0,46.0,7.5,26.54,42.75,21.23
Rehan Ahmed,ODI,8,396,355,13,188,1,0,66.0,5.38,27.31,47.47,30.46
Tanvir Islam,ODI,7,408,319,13,222,1,0,68.0,4.69,24.54,54.41,31.38
L Barnett,T20I,14,325,218,13,196,4,1,54.2,4.02,16.77,60.31,25.0
Shahrukh Quddus,T20I,11,236,350,13,101,18,2,39.3,8.9,26.92,42.8,18.15
GB Hogg,Test,4,1075,628,13,788,1,1,179.2,3.51,48.31,73.3,82.69
JA Richardson,Test,4,599,286,13,466,2,8,99.8,2.86,22.0,77.8,46.08
AAP Atkinson,ODI,11,473,535,13,240,21,1,78.8,6.79,41.15,50.74,36.38
N Boochatham,ODI,13,575,378,13,369,14,0,95.8,3.94,29.08,64.17,44.23
MD Shanaka,Test,6,765,456,13,541,5,3,127.5,3.58,35.08,70.72,58.85
Shorna Akter,ODI,19,474,367,13,246,1,1,79.0,4.65,28.23,51.9,36.46
Paing Danu,T20I,16,272,343,13,130,31,1,45.3,7.57,26.38,47.79,20.92
Umran Malik,T20I,8,143,252,13,55,13,4,23.8,10.57,19.38,38.46,11.0
Arslan Amjad,T20I,11,136,250,13,40,19,2,22.7,11.03,19.23,29.41,10.46
E Chigumbura,Test,10,1183,632,13,900,10,8,197.2,3.21,48.62,76.08,91.0
PWA Mulder,T20I,14,175,277,13,61,14,1,29.2,9.5,21.31,34.86,13.46
L Jie,T20I,9,203,124,13,111,3,0,33.8,3.67,9.54,54.68,15.62
KAJ Roach,T20I,11,240,297,13,124,20,6,40.0,7.43,22.85,51.67,18.46
S Fouché,ODI,9,306,270,13,151,4,0,51.0,5.29,20.77,49.35,23.54
J Theron,IPL,10,223,311,13,75,12,2,37.2,8.37,23.92,33.63,17.15
BCJ Cutting,PSL,13,197,357,13,43,5,1,32.8,10.87,27.46,21.83,15.15
E Beukes,T20I,14,244,322,13,77,10,1,40.7,7.92,24.77,31.56,18.77
JA Fitzgerald,T20I,21,355,608,13,135,51,4,59.2,10.28,46.77,38.03,27.31
S Gill,T20I,15,308,316,13,173,13,0,51.3,6.16,24.31,56.17,23.69
D Mongia,ODI,13,506,424,13,258,3,6,84.3,5.03,32.62,50.99,38.92
ZGF Foulkes,Test,4,772,388,13,601,4,4,128.7,3.02,29.85,77.85,59.38
A Zimunu,ODI,12,430,399,13,257,47,3,71.7,5.57,30.69,59.77,33.08
CK Langeveldt,IPL,7,157,199,13,75,8,1,26.2,7.61,15.31,47.77,12.08
Muhammad Siddiqui,T20I,11,235,322,13,107,21,1,39.2,8.22,24.77,45.53,18.08
Umran Malik,ODI,9,370,408,13,192,11,4,61.7,6.62,31.38,51.89,28.46
MJ Potts,ODI,10,402,416,13,229,14,0,67.0,6.21,32.0,56.97,30.92
Umar Gul,PSL,9,201,272,13,84,7,3,33.5,8.12,20.92,41.79,15.46
Z James,ODI,19,528,450,13,283,12,0,88.0,5.11,34.62,53.6,40.62
M Dillon,Test,3,830,378,13,639,0,20,138.3,2.73,29.08,76.99,63.85
Naveen-ul-Haq,PSL,10,229,380,13,78,13,1,38.2,9.96,29.23,34.06,17.62
AI Chudasama,ODI,9,496,328,13,323,13,0,82.7,3.97,25.23,65.12,38.15
RM Farrell,ODI,15,623,485,13,363,18,0,103.8,4.67,37.31,58.27,47.92
ZGF Foulkes,ODI,8,361,340,13,205,15,1,60.2,5.65,26.15,56.79,27.77
C Dickson,T20I,14,303,342,13,132,2,4,50.5,6.77,26.31,43.56,23.31
Nary Thapa,T20I,6,135,80,13,87,6,0,22.5,3.56,6.15,64.44,10.38
Haider Butt,T20I,16,147,197,13,53,8,1,24.5,8.04,15.15,36.05,11.31
HMCM Bandara,Test,4,611,357,12,432,0,1,101.8,3.51,29.75,70.7,50.92
HWA Landheer,ODI,9,270,214,12,172,32,2,45.0,4.76,17.83,63.7,22.5
CR Brathwaite,PSL,17,293,437,12,90,12,0,48.8,8.95,36.42,30.72,24.42
SS Kang,ODI,6,342,248,12,190,2,0,57.0,4.35,20.67,55.56,28.5
J Drysdale,T20I,11,198,306,12,75,7,0,33.0,9.27,25.5,37.88,16.5
GI Hume,T20I,9,165,262,12,64,9,1,27.5,9.53,21.83,38.79,13.75
RK Kleinveldt,ODI,9,455,415,12,274,26,2,75.8,5.47,34.58,60.22,37.92
RJ Gleeson,PSL,9,192,240,12,84,9,2,32.0,7.5,20.0,43.75,16.0
AG Murtaza,IPL,12,264,322,12,106,5,0,44.0,7.32,26.83,40.15,22.0
T van der Gugten,ODI,12,492,261,12,342,12,0,82.0,3.18,21.75,69.51,41.0
B Etim,T20I,11,243,235,12,123,15,0,40.5,5.8,19.58,50.62,20.25
Ziaurahman Shinwari,T20I,8,133,168,12,54,7,2,22.2,7.58,14.0,40.6,11.08
D Nanayakkara,T20I,21,307,342,12,113,11,9,51.2,6.68,28.5,36.81,25.58
A Brown-Carrera,T20I,10,190,158,12,120,37,4,31.7,4.99,13.17,63.16,15.83
SMK Waththage,T20I,13,258,342,12,116,28,0,43.0,7.95,28.5,44.96,21.5
A Shrubsole,Test,7,1359,564,12,1106,1,1,226.5,2.49,47.0,81.38,113.25
PT Collins,ODI,8,433,354,12,246,9,13,72.2,4.91,29.5,56.81,36.08
BJ McCarthy,Test,3,472,258,12,346,0,1,78.7,3.28,21.5,73.31,39.33
AM Blignaut,Test,6,787,569,12,554,3,21,131.2,4.34,47.42,70.39,65.58
GC Galanis,T20I,10,209,227,12,98,8,0,34.8,6.52,18.92,46.89,17.42
Muhammed Imran,ODI,5,195,190,12,113,9,3,32.5,5.85,15.83,57.95,16.25
CJ Green,PSL,14,264,297,12,100,3,0,44.0,6.75,24.75,37.88,22.0
F Behardien,ODI,34,701,694,12,281,15,1,116.8,5.94,57.83,40.09,58.42
A Turay,T20I,5,83,93,12,35,5,0,13.8,6.72,7.75,42.17,6.92
Ankit Sharma,IPL,21,367,453,12,139,8,0,61.2,7.41,37.75,37.87,30.58
S Immadi,T20I,21,420,369,12,201,7,0,70.0,5.27,30.75,47.86,35.0
Arafat Sunny,T20I,10,186,237,12,76,3,0,31.0,7.65,19.75,40.86,15.5
Simarjeet Singh,IPL,14,242,411,12,107,14,2,40.3,10.19,34.25,44.21,20.17
GW Flower,ODI,17,606,459,12,275,7,1,101.0,4.54,38.25,45.38,50.5
U Bhatti,ODI,11,507,350,12,370,9,6,84.5,4.14,29.17,72.98,42.25
E Duffy,T20I,11,191,189,12,101,15,2,31.8,5.94,15.75,52.88,15.92
PW Borren,T20I,21,347,411,12,96,4,1,57.8,7.11,34.25,27.67,28.92
S Choden,T20I,16,226,236,12,95,12,2,37.7,6.27,19.67,42.04,18.83
L Sipamla,Test,3,424,252,12,322,1,5,70.7,3.57,21.0,75.94,35.33
AM Ghazanfar,IPL,8,173,287,12,54,3,0,28.8,9.95,23.92,31.21,14.42
JC Darji,T20I,5,101,69,12,65,3,0,16.8,4.1,5.75,64.36,8.42
JC Tredwell,Test,2,786,324,12,645,0,0,131.0,2.47,27.0,82.06,65.5
IDM Latin,T20I,11,169,268,12,55,3,2,28.2,9.51,22.33,32.54,14.08
Elias Sunny,Test,4,863,531,12,561,0,0,143.8,3.69,44.25,65.01,71.92
DG Weakley,T20I,12,245,287,12,131,10,0,40.8,7.03,23.92,53.47,20.42
MH Yardy,T20I,13,276,301,12,106,7,0,46.0,6.54,25.08,38.41,23.0
R Athapaththu,T20I,6,147,199,12,57,12,3,24.5,8.12,16.58,38.78,12.25
L Klusener,ODI,11,469,403,12,244,7,11,78.2,5.16,33.58,52.03,39.08
J Sanele,T20I,12,254,210,12,142,8,3,42.3,4.96,17.5,55.91,21.17
Soumya Sarkar,T20I,26,270,416,12,66,17,0,45.0,9.24,34.67,24.44,22.5
DB Loic,T20I,13,213,229,12,119,32,0,35.5,6.45,19.08,55.87,17.75
S Matijevic,T20I,8,138,127,12,69,24,5,23.0,5.52,10.58,50.0,11.5
A Rangaswamy,T20I,8,144,156,12,92,10,2,24.0,6.5,13.0,63.89,12.0
V Pratap Singh,IPL,9,204,300,12,75,7,0,34.0,8.82,25.0,36.76,17.0
PM Liyanagamage,T20I,8,152,226,12,45,12,1,25.3,8.92,18.83,29.61,12.67
DV Varghese,T20I,22,271,456,12,100,35,5,45.2,10.1,38.0,36.9,22.58
Damini Ramesh,T20I,13,200,177,12,126,41,4,33.3,5.31,14.75,63.0,16.67
Ronitkumar Ahir,T20I,3,72,30,12,47,1,0,12.0,2.5,2.5,65.28,6.0
KE Bryce,ODI,9,360,298,12,207,12,0,60.0,4.97,24.83,57.5,30.0
MR Gillespie,T20I,10,212,258,12,104,10,2,35.3,7.3,21.5,49.06,17.67
MR Swart,T20I,15,252,277,12,115,6,0,42.0,6.6,23.08,45.63,21.0
Rizwan Cheema,ODI,13,493,440,12,254,3,2,82.2,5.35,36.67,51.52,41.08
Ashiqullah Said,T20I,8,174,159,12,103,9,0,29.0,5.48,13.25,59.2,14.5
A Perera,T20I,9,125,98,12,74,4,1,20.8,4.7,8.17,59.2,10.42
BMAJ Mendis,T20I,14,210,252,12,75,6,0,35.0,7.2,21.0,35.71,17.5
Danish Kaneria,ODI,13,612,513,12,350,11,4,102.0,5.03,42.75,57.19,51.0
BP Martin,Test,5,1525,654,12,1232,0,7,254.2,2.57,54.5,80.79,127.08
LE Kaushalya,ODI,23,550,464,12,326,22,0,91.7,5.06,38.67,59.27,45.83
LE Kaushalya,T20I,22,256,284,12,121,7,0,42.7,6.66,23.67,47.27,21.33
BV Vitori,Test,4,841,485,12,636,2,8,140.2,3.46,40.42,75.62,70.08
S MacMahon,T20I,17,288,263,12,147,16,0,48.0,5.48,21.92,51.04,24.0
MC Sorensen,ODI,10,449,454,12,244,18,2,74.8,6.07,37.83,54.34,37.42
I Alumo,T20I,13,237,205,12,140,12,0,39.5,5.19,17.08,59.07,19.75
I Shukla,T20I,14,189,219,12,96,37,2,31.5,6.95,18.25,50.79,15.75
PDRL Perera,ODI,13,541,503,12,320,15,1,90.2,5.58,41.92,59.15,45.08
LI Haoye,T20I,7,169,119,12,94,14,1,28.2,4.22,9.92,55.62,14.08
S Prasanna,T20I,18,300,364,12,101,10,0,50.0,7.28,30.33,33.67,25.0
K Motlanka,T20I,11,138,163,12,61,3,0,23.0,7.09,13.58,44.2,11.5
V Shankar,IPL,22,243,344,12,80,15,5,40.5,8.49,28.67,32.92,20.25
Syed Rasel,Test,6,902,582,12,624,4,23,150.3,3.87,48.5,69.18,75.17
KK Donovan,T20I,14,319,243,12,228,41,7,53.2,4.57,20.25,71.47,26.58
KJ Ferrary,T20I,7,140,151,12,63,2,0,23.3,6.47,12.58,45.0,11.67
Rachel Delaney,ODI,12,387,332,12,192,23,2,64.5,5.15,27.67,49.61,32.25
TS Chisoro,ODI,10,480,383,12,252,8,0,80.0,4.79,31.92,52.5,40.0
R Hekure,T20I,21,305,379,12,98,9,0,50.8,7.46,31.58,32.13,25.42
R Klein,ODI,13,603,496,12,343,12,0,100.5,4.94,41.33,56.88,50.25
K Kartikeya,IPL,16,282,412,12,90,8,0,47.0,8.77,34.33,31.91,23.5
K Kavindi,T20I,14,228,272,12,105,15,2,38.0,7.16,22.67,46.05,19.0
A Mene-Ejegi,T20I,11,227,275,12,120,27,1,37.8,7.27,22.92,52.86,18.92
P Malemikia,T20I,12,242,176,12,153,15,1,40.3,4.36,14.67,63.22,20.17
P Maya,ODI,13,354,308,12,216,22,5,59.0,5.22,25.67,61.02,29.5
CL Fitzpatrick,Test,2,677,220,12,573,1,0,112.8,1.95,18.33,84.64,56.42
P Khadka,T20I,22,282,314,12,136,8,0,47.0,6.68,26.17,48.23,23.5
Bismah Maroof,ODI,31,643,498,12,332,23,1,107.2,4.65,41.5,51.63,53.58
Owais Ahmed,T20I,15,300,338,12,111,5,0,50.0,6.76,28.17,37.0,25.0
C de Lange,ODI,12,602,416,12,361,9,2,100.3,4.15,34.67,59.97,50.17
CE McConchie,T20I,18,278,381,12,103,4,0,46.3,8.22,31.75,37.05,23.17
BCJ Cutting,IPL,17,281,430,12,78,7,0,46.8,9.18,35.83,27.76,23.42
Imran Khan,PSL,7,152,214,12,52,4,2,25.3,8.45,17.83,34.21,12.67
Rafiullah,T20I,20,266,419,12,98,27,2,44.3,9.45,34.92,36.84,22.17
T Kamungozi,ODI,12,577,500,12,280,3,1,96.2,5.2,41.67,48.53,48.08
T Legaabile,T20I,13,231,209,12,132,26,6,38.5,5.43,17.42,57.14,19.25
M Madara,T20I,12,224,241,12,102,14,4,37.3,6.46,20.08,45.54,18.67
WG Jacks,Test,5,721,565,12,440,0,0,120.2,4.7,47.08,61.03,60.08
Bilal Masud,T20I,10,159,189,12,72,12,2,26.5,7.13,15.75,45.28,13.25
S Sarthak,T20I,6,112,123,12,50,0,0,18.7,6.59,10.25,44.64,9.33
G Singh,T20I,12,248,236,12,136,6,0,41.3,5.71,19.67,54.84,20.67
K Gore,T20I,8,144,130,12,84,3,0,24.0,5.42,10.83,58.33,12.0
Kawsar Khan,T20I,6,145,138,12,80,7,1,24.2,5.71,11.5,55.17,12.08
Khadija Khalil,T20I,13,178,223,12,79,29,4,29.7,7.52,18.58,44.38,14.83
R Ravindra,Test,12,1031,533,12,761,1,5,171.8,3.1,44.42,73.81,85.92
Mansoor Shah,T20I,8,144,217,12,64,8,1,24.0,9.04,18.08,44.44,12.0
Milind Kumar,T20I,14,193,241,12,96,11,0,32.2,7.49,20.08,49.74,16.08
D Tekyildirim,T20I,5,87,80,12,53,18,3,14.5,5.52,6.67,60.92,7.25
C Abel,ODI,9,343,262,12,199,22,1,57.2,4.58,21.83,58.02,28.58
C Bah,T20I,21,358,405,12,160,16,1,59.7,6.79,33.75,44.69,29.83
Alifiya Sayed,T20I,16,298,282,12,163,20,4,49.7,5.68,23.5,54.7,24.83
S Vijayakumar,T20I,9,168,205,12,72,0,0,28.0,7.32,17.08,42.86,14.0
G Sultana,ODI,10,510,338,12,326,8,0,85.0,3.98,28.17,63.92,42.5
Sami Ullah,T20I,8,145,194,12,70,15,1,24.2,8.03,16.17,48.28,12.08
Aziz Mohammad,T20I,10,206,276,12,76,12,2,34.3,8.04,23.0,36.89,17.17
Azmatullah Omarzai,IPL,15,288,476,12,103,12,0,48.0,9.92,39.67,35.76,24.0
KN Peiris,Test,3,789,527,12,485,0,0,131.5,4.01,43.92,61.47,65.75
TD Smartt,ODI,12,499,319,12,318,9,19,83.2,3.84,26.58,63.73,41.58
TJ Murtagh,T20I,12,240,298,12,106,12,1,40.0,7.45,24.83,44.17,20.0
TJ Murtagh,Test,2,408,168,12,331,0,0,68.0,2.47,14.0,81.13,34.0
A Kheterpal,T20I,16,334,424,12,130,24,2,55.7,7.62,35.33,38.92,27.83
Waqas Barkat,T20I,21,284,388,12,97,10,0,47.3,8.2,32.33,34.15,23.67
Luis Hermida,T20I,10,174,193,12,92,11,0,29.0,6.66,16.08,52.87,14.5
O Isiyaku,T20I,8,155,170,12,81,8,1,25.8,6.58,14.17,52.26,12.92
Nizakat Khan,T20I,14,197,198,12,83,5,0,32.8,6.03,16.5,42.13,16.42
Ntombizonke MKhatshwa,T20I,8,176,200,12,94,17,2,29.3,6.82,16.67,53.41,14.67
YP Molina,T20I,5,114,62,12,91,22,2,19.0,3.26,5.17,79.82,9.5
SC Ganguly,IPL,20,277,370,12,82,3,1,46.2,8.01,30.83,29.6,23.08
Ali Hasan,T20I,10,200,222,12,93,6,2,33.3,6.66,18.5,46.5,16.67
JM Iradukunda,T20I,10,196,248,12,85,15,3,32.7,7.59,20.67,43.37,16.33
H Klazinge,T20I,7,111,130,12,49,7,3,18.5,7.03,10.83,44.14,9.25
Wasim Akram,ODI,5,298,216,12,193,16,14,49.7,4.35,18.0,64.77,24.83
Ngawang Thinley,T20I,8,129,165,12,57,4,0,21.5,7.67,13.75,44.19,10.75
Hasan Murad,Test,2,465,210,12,362,0,0,77.5,2.71,17.5,77.85,38.75
A Kalasi,T20I,11,224,182,12,104,3,2,37.3,4.88,15.17,46.43,18.67
HR Huddleston,T20I,11,208,207,12,105,7,4,34.7,5.97,17.25,50.48,17.33
HA Varaiya,T20I,12,224,241,12,96,8,0,37.3,6.46,20.08,42.86,18.67
NO Miller,T20I,9,190,227,12,74,2,0,31.7,7.17,18.92,38.95,15.83
Jahandad Khan,PSL,16,267,451,12,90,7,3,44.5,10.13,37.58,33.71,22.25
CH Morris,Test,4,623,474,12,431,2,0,103.8,4.57,39.5,69.18,51.92
RG Aga,T20I,11,148,142,12,74,4,0,24.7,5.76,11.83,50.0,12.33
J Jarvis,T20I,9,161,237,12,62,6,1,26.8,8.83,19.75,38.51,13.42
RO Hinds,Test,7,1194,674,12,795,0,8,199.0,3.39,56.17,66.58,99.5
E Ungerman,T20I,12,170,175,12,99,17,2,28.3,6.18,14.58,58.24,14.17
ZT Kyaw,T20I,18,230,226,12,129,33,2,38.3,5.9,18.83,56.09,19.17
Mohammad Khan Rafah,T20I,7,114,166,12,42,2,0,19.0,8.74,13.83,36.84,9.5
DKD Warnakulasuriya,T20I,9,156,169,12,66,5,0,26.0,6.5,14.08,42.31,13.0
Nadeem Khan,T20I,10,223,225,12,109,0,1,37.2,6.05,18.75,48.88,18.58
A Bishnoi,T20I,12,210,318,12,96,25,7,35.0,9.09,26.5,45.71,17.5
CR Seneviratna,ODI,8,388,234,12,261,4,0,64.7,3.62,19.5,67.27,32.33
Abdur Rehman,T20I,7,139,156,12,63,5,1,23.2,6.73,13.0,45.32,11.58
M Kpaka,T20I,14,198,206,11,89,4,0,33.0,6.24,18.73,44.95,18.0
SR Tendulkar,Test,40,1318,877,11,832,1,12,219.7,3.99,79.73,63.13,119.82
HF Gurney,ODI,10,458,442,11,248,22,3,76.3,5.79,40.18,54.15,41.64
CPPM Sadun,T20I,16,269,307,11,105,12,2,44.8,6.85,27.91,39.03,24.45
CN Ackermann,T20I,19,319,355,11,138,5,1,53.2,6.68,32.27,43.26,29.0
Mohammad Imran,PSL,15,306,482,11,110,13,3,51.0,9.45,43.82,35.95,27.82
Abhishek Sharma,IPL,36,366,558,11,104,8,1,61.0,9.15,50.73,28.42,33.27
JM Vujinovich,T20I,12,225,288,11,96,9,0,37.5,7.68,26.18,42.67,20.45
C Cassell,ODI,6,275,278,11,146,7,1,45.8,6.07,25.27,53.09,25.0
T Salcedo,T20I,3,74,45,11,57,18,3,12.3,3.65,4.09,77.03,6.73
TAM Siriwardana,Test,5,413,259,11,261,0,0,68.8,3.76,23.55,63.2,37.55
JR Barry,T20I,11,165,242,11,74,6,2,27.5,8.8,22.0,44.85,15.0
SF Mire,ODI,15,388,420,11,178,20,1,64.7,6.49,38.18,45.88,35.27
SEA Ruck,T20I,8,175,153,11,103,8,1,29.2,5.25,13.91,58.86,15.91
JV Chand,T20I,10,186,208,11,71,2,0,31.0,6.71,18.91,38.17,16.91
Ahmed Wardak,T20I,8,155,169,11,56,3,0,25.8,6.54,15.36,36.13,14.09
JL Pattinson,IPL,10,213,321,11,78,9,0,35.5,9.04,29.18,36.62,19.36
ST Jayasuriya,Test,10,926,415,11,698,0,0,154.3,2.69,37.73,75.38,84.18
NM Mokhachane,T20I,8,174,256,11,81,64,6,29.0,8.83,23.27,46.55,15.82
Akhil Kumar,T20I,12,197,254,11,79,6,1,32.8,7.74,23.09,40.1,17.91
Ali Nawaz,T20I,9,133,247,11,40,11,1,22.2,11.14,22.45,30.08,12.09
J Horrocks,T20I,13,212,309,11,79,7,2,35.3,8.75,28.09,37.26,19.27
KP Appanna,IPL,13,216,291,11,70,6,0,36.0,8.08,26.45,32.41,19.64
RG Sharma,ODI,40,610,538,11,238,4,0,101.7,5.29,48.91,39.02,55.45
RD de Sousa,T20I,10,222,142,11,154,7,1,37.0,3.84,12.91,69.37,20.18
RAP Nissanka,ODI,9,389,305,11,263,22,10,64.8,4.7,27.73,67.61,35.36
SI Bara,T20I,6,138,41,11,118,11,0,23.0,1.78,3.73,85.51,12.55
Akash Deep,IPL,14,282,554,11,92,20,4,47.0,11.79,50.36,32.62,25.64
MA Wood,IPL,5,121,192,11,54,6,1,20.2,9.52,17.45,44.63,11.0
Ajay Kumar,ODI,4,221,175,11,137,7,0,36.8,4.75,15.91,61.99,20.09
Nilansh Keswani,T20I,12,257,292,11,108,7,0,42.8,6.82,26.55,42.02,23.36
Nestor Dhamba,ODI,8,306,210,11,168,2,0,51.0,4.12,19.09,54.9,27.82
MM Letsoalo,T20I,23,303,339,11,120,5,1,50.5,6.71,30.82,39.6,27.55
MM Dekeling,T20I,13,180,187,11,68,7,1,30.0,6.23,17.0,37.78,16.36
CM Akachukwu,T20I,15,206,264,11,79,10,0,34.3,7.69,24.0,38.35,18.73
Mohammad Nawaz,Test,3,576,358,11,387,0,0,96.0,3.73,32.55,67.19,52.36
JKD Andreano,T20I,15,320,302,11,171,34,0,53.3,5.66,27.45,53.44,29.09
HT Tector,T20I,17,217,251,11,84,15,1,36.2,6.94,22.82,38.71,19.73
R Vinay Kumar,T20I,9,189,252,11,80,5,0,31.5,8.0,22.91,42.33,17.18
TD Chaoana,T20I,16,286,339,11,131,18,0,47.7,7.11,30.82,45.8,26.0
B Pondani,T20I,14,231,270,11,124,21,1,38.5,7.01,24.55,53.68,21.0
J Efosa,T20I,8,176,171,11,94,13,2,29.3,5.83,15.55,53.41,16.0
MG Bracewell,PSL,16,264,440,11,86,5,0,44.0,10.0,40.0,32.58,24.0
RK Kiseto,T20I,11,210,255,11,107,4,0,35.0,7.29,23.18,50.95,19.09
AY Patel,T20I,7,156,119,11,91,4,0,26.0,4.58,10.82,58.33,14.18
Lalit Yadav,IPL,19,289,430,11,86,5,1,48.2,8.93,39.09,29.76,26.27
OC McCoy,IPL,8,163,255,11,50,17,2,27.2,9.39,23.18,30.67,14.82
C Bosch,ODI,12,562,677,11,258,18,0,93.7,7.23,61.55,45.91,51.09
O Muzondo,T20I,5,108,93,11,61,4,0,18.0,5.17,8.45,56.48,9.82
DPS Tyagi,T20I,9,177,232,11,85,17,3,29.5,7.86,21.09,48.02,16.09
H Mumford,T20I,11,194,164,11,111,30,14,32.3,5.07,14.91,57.22,17.64
TK Curran,PSL,12,235,365,11,79,8,1,39.2,9.32,33.18,33.62,21.36
T Ramabitsa,T20I,9,192,211,11,93,39,6,32.0,6.59,19.18,48.44,17.45
KL Gordon,T20I,5,114,98,11,63,2,0,19.0,5.16,8.91,55.26,10.36
Imran Khalid,PSL,11,169,202,11,70,6,0,28.2,7.17,18.36,41.42,15.36
ABY Smith,T20I,13,274,255,11,116,12,4,45.7,5.58,23.18,42.34,24.91
M Phiase,T20I,14,138,112,11,93,31,7,23.0,4.87,10.18,67.39,12.55
NLTC Perera,Test,6,954,660,11,661,2,0,159.0,4.15,60.0,69.29,86.73
S Sarandeva,T20I,12,216,270,11,93,40,12,36.0,7.5,24.55,43.06,19.64
FR Davies,ODI,9,423,316,11,267,16,0,70.5,4.48,28.73,63.12,38.45
Aminul Islam Biplob,T20I,7,138,176,11,37,1,0,23.0,7.65,16.0,26.81,12.55
LL Tsotsobe,Test,5,875,458,11,677,3,5,145.8,3.14,41.64,77.37,79.55
Bilal Ahmad Mir,T20I,8,137,195,11,57,1,0,22.8,8.54,17.73,41.61,12.45
DR Gibson,T20I,18,279,341,11,118,9,3,46.5,7.33,31.0,42.29,25.36
Mominul Haque,Test,39,889,594,11,493,0,0,148.2,4.01,54.0,55.46,80.82
K Gore,ODI,13,427,293,11,264,5,1,71.2,4.12,26.64,61.83,38.82
JF Mooney,T20I,8,138,148,11,62,2,0,23.0,6.43,13.45,44.93,12.55
LC Le Tissier,T20I,7,144,141,11,57,6,0,24.0,5.88,12.82,39.58,13.09
I Goordial-John,T20I,12,244,199,11,124,8,0,40.7,4.89,18.09,50.82,22.18
I Bist,T20I,14,248,244,11,120,16,7,41.3,5.9,22.18,48.39,22.55
TS Mills,IPL,10,209,349,11,75,9,0,34.8,10.02,31.73,35.89,19.0
N Rana,IPL,27,216,326,11,66,7,0,36.0,9.06,29.64,30.56,19.64
R Parag,IPL,34,319,516,11,71,15,0,53.2,9.71,46.91,22.26,29.0
Raza Hasan,T20I,10,228,225,11,111,5,0,38.0,5.92,20.45,48.68,20.73
J Overton,IPL,12,180,301,11,59,11,0,30.0,10.03,27.36,32.78,16.36
Ronald Ebanks,T20I,6,144,124,11,73,6,0,24.0,5.17,11.27,50.69,13.09
Khadija Imtiaz,T20I,12,178,194,11,69,14,2,29.7,6.54,17.64,38.76,16.18
Kashif Daud,T20I,14,221,284,11,78,10,0,36.8,7.71,25.82,35.29,20.09
TK Patel,T20I,6,132,147,11,63,0,0,22.0,6.68,13.36,47.73,12.0
NJ Astle,Test,12,589,270,11,477,0,0,98.2,2.75,24.55,80.98,53.55
NG Smith,Test,4,529,411,11,342,4,11,88.2,4.66,37.36,64.65,48.09
NB Mahwire,Test,5,641,488,11,440,9,19,106.8,4.57,44.36,68.64,58.27
A Meyenborg,T20I,13,217,212,11,125,20,7,36.2,5.86,19.27,57.6,19.73
W Liengprasert,T20I,11,135,106,11,64,4,1,22.5,4.71,9.64,47.41,12.27
CL White,ODI,17,304,331,11,127,14,1,50.7,6.53,30.09,41.78,27.64
LA Dawson,ODI,8,444,405,11,204,2,0,74.0,5.47,36.82,45.95,40.36
Tashi Dorji,T20I,12,187,203,11,92,3,5,31.2,6.51,18.45,49.2,17.0
AB Kamara,T20I,14,187,217,11,93,5,1,31.2,6.96,19.73,49.73,17.0
N Salekar,T20I,12,228,272,11,106,12,0,38.0,7.16,24.73,46.49,20.73
S Badree,IPL,12,258,329,11,114,5,0,43.0,7.65,29.91,44.19,23.45
Ehsan Nawaz,ODI,9,386,334,11,228,12,5,64.3,5.19,30.36,59.07,35.09
GD Phillips,T20I,22,225,320,11,75,7,1,37.5,8.53,29.09,33.33,20.45
J Sebanja,T20I,8,166,204,11,87,6,4,27.7,7.37,18.55,52.41,15.09
TM McGrath,Test,7,705,308,11,558,2,9,117.5,2.62,28.0,79.15,64.09
Ansh Patel,T20I,7,120,115,11,62,2,0,20.0,5.75,10.45,51.67,10.91
K Namchaikul,T20I,10,161,156,11,79,6,0,26.8,5.81,14.18,49.07,14.64
S Nisansala,T20I,13,260,263,11,102,6,1,43.3,6.07,23.91,39.23,23.64
JD Ryder,ODI,16,350,357,11,168,9,3,58.3,6.12,32.45,48.0,31.82
JD Ryder,IPL,16,236,314,11,84,5,0,39.3,7.98,28.55,35.59,21.45
F Overdijk,ODI,11,291,262,11,170,27,3,48.5,5.4,23.82,58.42,26.45
Bashir Shah,T20I,8,168,161,11,88,3,0,28.0,5.75,14.64,52.38,15.27
P Utseya,Test,3,681,368,11,487,1,0,113.5,3.24,33.45,71.51,61.91
LC Pearson,Test,1,350,111,11,300,0,2,58.3,1.9,10.09,85.71,31.82
D Muhumuza,T20I,15,204,244,11,72,5,0,34.0,7.18,22.18,35.29,18.55
VR Aaron,ODI,9,382,427,11,190,23,2,63.7,6.71,38.82,49.74,34.73
BE Hendricks,IPL,7,151,239,11,55,6,1,25.2,9.5,21.73,36.42,13.73
MTMMJ Ave,T20I,10,166,191,11,65,6,5,27.7,6.9,17.36,39.16,15.09
Mustafizur Rahman,PSL,10,205,256,11,71,6,1,34.2,7.49,23.27,34.63,18.64
KADA Kanchana,T20I,31,407,504,11,161,30,1,67.8,7.43,45.82,39.56,37.0
Arif Ullah,T20I,7,153,205,11,64,10,0,25.5,8.04,18.64,41.83,13.91
MSN Ekani,T20I,14,227,254,11,122,29,0,37.8,6.71,23.09,53.74,20.64
V Masekesa,Test,4,573,472,11,323,0,1,95.5,4.94,42.91,56.37,52.09
S Lamichhane,PSL,7,148,200,11,65,1,0,24.7,8.11,18.18,43.92,13.45
S Kizito,T20I,17,308,251,11,166,14,2,51.3,4.89,22.82,53.9,28.0
S Mukuddem,ODI,6,259,241,11,147,13,1,43.2,5.58,21.91,56.76,23.55
F Eseigbe,T20I,14,290,220,11,147,10,2,48.3,4.55,20.0,50.69,26.36
CT Tremlett,ODI,14,744,695,11,413,25,10,124.0,5.6,63.18,55.51,67.64
BJ Webster,Test,7,495,274,11,351,0,8,82.5,3.32,24.91,70.91,45.0
AM Hardie,PSL,6,114,148,11,46,4,0,19.0,7.79,13.45,40.35,10.36
GT Taylor,T20I,9,152,233,11,62,5,2,25.3,9.2,21.18,40.79,13.82
CK Langeveldt,Test,4,558,316,11,427,2,9,93.0,3.4,28.73,76.52,50.73
AL Phehlukwayo,Test,4,251,147,11,192,1,1,41.8,3.51,13.36,76.49,22.82
Siow Tzin Yee,T20I,6,110,74,11,65,3,2,18.3,4.04,6.73,59.09,10.0
V Ateak,T20I,10,202,207,11,85,4,1,33.7,6.15,18.82,42.08,18.36
Parveen Kumar,T20I,11,222,214,11,121,6,0,37.0,5.78,19.45,54.5,20.18
Pankaj Singh,IPL,17,301,472,11,115,10,1,50.2,9.41,42.91,38.21,27.36
A Yon,T20I,7,120,143,11,47,7,0,20.0,7.15,13.0,39.17,10.91
R Castillo,T20I,10,151,180,11,69,18,1,25.2,7.15,16.36,45.7,13.73
BE Hendricks,ODI,7,358,322,11,196,14,2,59.7,5.4,29.27,54.75,32.55
Shantanu Kaveri,T20I,13,189,171,11,95,4,2,31.5,5.43,15.55,50.26,17.18
Shakib Al Hasan,PSL,14,240,301,11,88,7,0,40.0,7.52,27.36,36.67,21.82
A Rameshan,T20I,6,136,157,11,69,14,4,22.7,6.93,14.27,50.74,12.36
PP Ojha,T20I,6,126,135,11,45,1,0,21.0,6.43,12.27,35.71,11.45
BM Wheeler,ODI,6,309,321,11,182,10,0,51.5,6.23,29.18,58.9,28.09
V Araa,ODI,8,316,221,11,165,6,2,52.7,4.2,20.09,52.22,28.73
MP Kuhnemann,ODI,5,252,217,11,122,2,0,42.0,5.17,19.73,48.41,22.91
Anwar Ali,T20I,14,254,352,11,102,7,1,42.3,8.31,32.0,40.16,23.09
S Jegannathan,T20I,9,150,157,11,81,5,0,25.0,6.28,14.27,54.0,13.64
K Sinclair,ODI,7,382,287,11,192,6,1,63.7,4.51,26.09,50.26,34.73
M Ochieng,T20I,9,180,133,11,113,14,0,30.0,4.43,12.09,62.78,16.36
DJ Turkich,T20I,9,180,139,11,102,2,0,30.0,4.63,12.64,56.67,16.36
BG Lister,T20I,12,245,349,11,94,13,0,40.8,8.55,31.73,38.37,22.27
Garret Banner,T20I,11,234,293,11,108,9,0,39.0,7.51,26.64,46.15,21.27
JR Hopes,T20I,12,222,287,11,74,6,0,37.0,7.76,26.09,33.33,20.18
Fazalhaq Farooqi,PSL,6,139,185,11,57,6,0,23.2,7.99,16.82,41.01,12.64
Zulfiqar Babar,T20I,6,138,162,11,69,3,0,23.0,7.04,14.73,50.0,12.55
A Chandila,IPL,12,234,245,11,105,0,0,39.0,6.28,22.27,44.87,21.27
D Parashar,ODI,12,536,385,11,293,3,0,89.3,4.31,35.0,54.66,48.73
MJ Swepson,T20I,8,150,205,11,49,5,0,25.0,8.2,18.64,32.67,13.64
RML Taylor,ODI,9,419,386,11,231,18,0,69.8,5.53,35.09,55.13,38.09
C Henery,T20I,9,147,140,11,72,20,5,24.5,5.71,12.73,48.98,13.36
Nahid Rana,PSL,5,109,104,11,63,2,1,18.2,5.72,9.45,57.8,9.91
SR McAnanama-Brereton,T20I,10,154,190,11,82,30,4,25.7,7.4,17.27,53.25,14.0
SS Grimmond,T20I,14,190,220,11,76,10,0,31.7,6.95,20.0,40.0,17.27
Abdul Wahid,T20I,9,158,238,11,60,11,2,26.3,9.04,21.64,37.97,14.36
DL Graham,T20I,16,238,251,11,115,19,6,39.7,6.33,22.82,48.32,21.64
A Akhigbe,T20I,13,224,190,11,139,11,0,37.3,5.09,17.27,62.05,20.36
C Ostergaard,T20I,11,194,179,10,105,25,2,32.3,5.54,17.9,54.12,19.4
C Lokuge,T20I,8,166,129,10,97,26,15,27.7,4.66,12.9,58.43,16.6
Naina Saju,T20I,9,158,146,10,76,29,8,26.3,5.54,14.6,48.1,15.8
M Hayward,Test,2,299,221,10,215,1,1,49.8,4.43,22.1,71.91,29.9
ZB Lion-Cachet,T20I,11,181,208,10,65,2,1,30.2,6.9,20.8,35.91,18.1
JRMVB Sanjaya,T20I,8,175,257,10,59,8,2,29.2,8.81,25.7,33.71,17.5
G Ishimwe,T20I,12,191,186,10,104,11,1,31.8,5.84,18.6,54.45,19.1
SM Tupou,T20I,5,114,123,10,51,7,0,19.0,6.47,12.3,44.74,11.4
SM Warnakulasuriya,T20I,8,135,188,10,73,15,3,22.5,8.36,18.8,54.07,13.5
Afif Hossain,T20I,21,186,252,10,72,7,0,31.0,8.13,25.2,38.71,18.6
JQK Moala,T20I,6,121,121,10,76,9,1,20.2,6.0,12.1,62.81,12.1
M Kartik,Test,3,785,396,10,591,0,14,130.8,3.03,39.6,75.29,78.5
RM Hira,T20I,13,254,339,10,84,8,0,42.3,8.01,33.9,33.07,25.4
Ziaur Rahman,ODI,10,349,273,10,194,5,1,58.2,4.69,27.3,55.59,34.9
MKDI Amerasinghe,ODI,7,384,339,10,212,7,0,64.0,5.3,33.9,55.21,38.4
MJ Swepson,Test,4,894,472,10,614,4,2,149.0,3.17,47.2,68.68,89.4
D Ravu,ODI,15,585,503,10,340,23,9,97.5,5.16,50.3,58.12,58.5
G Ayan,T20I,11,191,216,10,101,42,5,31.8,6.79,21.6,52.88,19.1
U Iftikhar,T20I,10,189,123,10,111,6,3,31.5,3.9,12.3,58.73,18.9
N Zimonjic,T20I,13,143,284,10,42,20,2,23.8,11.92,28.4,29.37,14.3
NA Karnik,T20I,8,158,239,10,63,7,0,26.3,9.08,23.9,39.87,15.8
F Khaliq,T20I,8,144,149,10,81,4,0,24.0,6.21,14.9,56.25,14.4
K Reyneke,T20I,12,163,157,10,78,9,1,27.2,5.78,15.7,47.85,16.3
K Sinclair,Test,4,563,396,10,333,1,11,93.8,4.22,39.6,59.15,56.3
S Ingabire,T20I,8,138,122,10,63,4,0,23.0,5.3,12.2,45.65,13.8
Arafat Minhas,PSL,12,206,292,10,72,0,2,34.3,8.5,29.2,34.95,20.6
S Kambalapalli,T20I,7,162,101,10,100,7,0,27.0,3.74,10.1,61.73,16.2
Shunan Ali,T20I,9,157,175,10,70,5,1,26.2,6.69,17.5,44.59,15.7
AA Navicha,T20I,6,111,147,10,45,13,0,18.5,7.95,14.7,40.54,11.1
A Wellington,T20I,8,120,115,10,55,2,0,20.0,5.75,11.5,45.83,12.0
MP Bicknell,Test,2,560,289,10,445,0,2,93.3,3.1,28.9,79.46,56.0
MP Yadav,IPL,7,146,244,10,66,8,1,24.3,10.03,24.4,45.21,14.6
A Symonds,T20I,12,185,281,10,46,5,0,30.8,9.11,28.1,24.86,18.5
BM Halliday,T20I,12,101,115,10,32,4,1,16.8,6.83,11.5,31.68,10.1
L Shetty,T20I,10,152,172,10,75,10,2,25.3,6.79,17.2,49.34,15.2
AM Hardie,ODI,13,426,399,10,241,6,0,71.0,5.62,39.9,56.57,42.6
R Clarke,ODI,12,410,357,10,220,19,6,68.3,5.22,35.7,53.66,41.0
L Taylor,T20I,13,248,197,10,125,14,2,41.3,4.77,19.7,50.4,24.8
L Nyarko,T20I,8,148,107,10,90,2,0,24.7,4.34,10.7,60.81,14.8
KB Ahir,T20I,9,150,196,10,77,9,0,25.0,7.84,19.6,51.33,15.0
J Syed Mohammad,IPL,11,192,286,10,50,4,0,32.0,8.94,28.6,26.04,19.2
Prashant Shukla,T20I,4,85,59,10,56,4,1,14.2,4.16,5.9,65.88,8.5
IDR Bradshaw,Test,3,899,440,10,681,4,16,149.8,2.94,44.0,75.75,89.9
DT Christian,PSL,10,137,251,10,34,5,0,22.8,10.99,25.1,24.82,13.7
CV Varun,ODI,4,241,190,10,119,5,1,40.2,4.73,19.0,49.38,24.1
CZ Harris,ODI,17,598,404,10,358,4,3,99.7,4.05,40.4,59.87,59.8
K Pierre,T20I,12,198,319,10,68,12,0,33.0,9.67,31.9,34.34,19.8
PLS Gamage,ODI,9,408,397,10,227,10,6,68.0,5.84,39.7,55.64,40.8
PLS Gamage,Test,5,1125,586,10,812,0,13,187.5,3.13,58.6,72.18,112.5
LC Sthalekar,Test,5,1032,302,10,880,0,0,172.0,1.76,30.2,85.27,103.2
Ibtisam Sheikh,PSL,8,144,179,10,47,1,0,24.0,7.46,17.9,32.64,14.4
D Ganesh,T20I,8,180,190,10,89,9,0,30.0,6.33,19.0,49.44,18.0
BJ Arnel,Test,6,1009,583,10,786,1,2,168.2,3.47,58.3,77.9,100.9
L Keny,T20I,7,72,46,10,48,4,0,12.0,3.83,4.6,66.67,7.2
Mohamed Mahfooz,T20I,10,186,220,10,76,1,0,31.0,7.1,22.0,40.86,18.6
Codi Yusuf,Test,2,284,127,10,217,0,2,47.3,2.68,12.7,76.41,28.4
MD Rae,Test,2,392,237,10,303,2,0,65.3,3.63,23.7,77.3,39.2
S Dharnidharka,ODI,8,363,236,10,252,29,0,60.5,3.9,23.6,69.42,36.3
MT Waqanisau,T20I,8,165,145,10,91,23,3,27.5,5.27,14.5,55.15,16.5
BDH Stevens,T20I,9,140,161,10,61,7,0,23.3,6.9,16.1,43.57,14.0
PJ Wiseman,Test,4,1092,615,10,821,3,0,182.0,3.38,61.5,75.18,109.2
P Timong,T20I,3,60,35,10,42,6,0,10.0,3.5,3.5,70.0,6.0
BV Sears,ODI,4,206,198,10,108,8,0,34.3,5.77,19.8,52.43,20.6
JD Unadkat,ODI,8,342,231,10,225,2,0,57.0,4.05,23.1,65.79,34.2
AR Leo,T20I,9,151,196,10,60,9,1,25.2,7.79,19.6,39.74,15.1
Irfan Ahmed,T20I,6,127,144,10,62,6,1,21.2,6.8,14.4,48.82,12.7
TS Omary,T20I,9,168,123,10,94,3,0,28.0,4.39,12.3,55.95,16.8
N Chabula,T20I,7,138,132,10,65,20,0,23.0,5.74,13.2,47.1,13.8
GDR Eranga,T20I,8,170,192,10,82,14,2,28.3,6.78,19.2,48.24,17.0
J Sumerauer,ODI,4,236,213,10,140,10,2,39.3,5.42,21.3,59.32,23.6
N Choden,T20I,10,150,108,10,77,9,0,25.0,4.32,10.8,51.33,15.0
M Strano,T20I,7,150,158,10,56,0,0,25.0,6.32,15.8,37.33,15.0
Iftikhar Ahmed,T20I,25,295,357,10,87,4,0,49.2,7.26,35.7,29.49,29.5
A Phillip,Test,6,830,671,10,528,8,8,138.3,4.85,67.1,63.61,83.0
BP Adapaka,T20I,11,224,274,10,87,10,1,37.3,7.34,27.4,38.84,22.4
C White,ODI,5,273,181,10,172,0,3,45.5,3.98,18.1,63.0,27.3
Muhammad Ismail,PSL,7,106,195,10,37,9,1,17.7,11.04,19.5,34.91,10.6
AR White,ODI,16,325,253,10,149,3,0,54.2,4.67,25.3,45.85,32.5
Anand Rajan,IPL,8,150,206,10,62,12,1,25.0,8.24,20.6,41.33,15.0
Anjali Chand,T20I,3,43,4,10,40,1,0,7.2,0.56,0.4,93.02,4.3
WAE Burton,T20I,14,210,327,10,86,23,1,35.0,9.34,32.7,40.95,21.0
DK Dahyabhai Ahir,T20I,7,132,113,10,70,0,0,22.0,5.14,11.3,53.03,13.2
J Proctor,T20I,11,201,215,10,103,7,1,33.5,6.42,21.5,51.24,20.1
E Mbofana,T20I,6,120,102,10,72,15,0,20.0,5.1,10.2,60.0,12.0
Kuldeep Gurjar,T20I,9,127,198,10,44,8,0,21.2,9.35,19.8,34.65,12.7
E Gouge,T20I,14,220,199,10,98,16,0,36.7,5.43,19.9,44.55,22.0
CD de Lange,T20I,6,138,132,10,57,4,0,23.0,5.74,13.2,41.3,13.8
E Liddell,Test,2,480,133,10,411,2,0,80.0,1.66,13.3,85.62,48.0
E Malinga,T20I,8,139,221,10,56,16,2,23.2,9.54,22.1,40.29,13.9
Omar Hayat,T20I,6,96,123,10,36,0,0,16.0,7.69,12.3,37.5,9.6
K Cawte,T20I,11,188,233,10,76,6,1,31.3,7.44,23.3,40.43,18.8
K Christie,T20I,10,217,280,10,89,7,1,36.2,7.74,28.0,41.01,21.7
K Dangol,T20I,10,119,92,10,67,6,1,19.8,4.64,9.2,56.3,11.9
G Setshwane,T20I,7,151,93,10,95,5,1,25.2,3.7,9.3,62.91,15.1
Saniyah Zia,T20I,9,165,129,10,104,16,3,27.5,4.69,12.9,63.03,16.5
Saqlain Arshad,T20I,11,132,158,10,49,0,0,22.0,7.18,15.8,37.12,13.2
MA Aponso,ODI,9,423,381,10,225,8,0,70.5,5.4,38.1,53.19,42.3
WD Balaji Rao,ODI,7,354,330,10,166,3,0,59.0,5.59,33.0,46.89,35.4
Hazrat Bilal,ODI,7,270,225,10,170,10,0,45.0,5.0,22.5,62.96,27.0
Jobayer Hossen,T20I,8,150,185,10,65,10,0,25.0,7.4,18.5,43.33,15.0
Saud Shakeel,PSL,15,144,192,10,39,2,0,24.0,8.0,19.2,27.08,14.4
JG Kimaro,T20I,9,152,145,10,77,14,2,25.3,5.72,14.5,50.66,15.2
AS van Beuge,T20I,11,210,206,10,105,4,0,35.0,5.89,20.6,50.0,21.0
SA Akenji,T20I,7,128,141,10,62,24,3,21.3,6.61,14.1,48.44,12.8
S Sola,T20I,12,221,286,10,85,5,0,36.8,7.76,28.6,38.46,22.1
S Tino,T20I,8,168,125,10,91,9,0,28.0,4.46,12.5,54.17,16.8
Amandeep Singh,T20I,12,198,245,10,81,3,0,33.0,7.42,24.5,40.91,19.8
WK McCallan,T20I,6,119,138,10,40,1,0,19.8,6.96,13.8,33.61,11.9
CI Manidom,T20I,8,137,135,10,75,10,2,22.8,5.91,13.5,54.74,13.7
N Peter,T20I,12,211,333,10,69,9,1,35.2,9.47,33.3,32.7,21.1
AB Slebsager,T20I,10,183,239,10,91,36,9,30.5,7.84,23.9,49.73,18.3
Ilyas Ataullah,T20I,12,198,290,10,64,7,1,33.0,8.79,29.0,32.32,19.8
Rajin Saleh,ODI,11,281,252,10,127,9,2,46.8,5.38,25.2,45.2,28.1
Avishka Iroshan,T20I,8,104,165,10,36,4,0,17.3,9.52,16.5,34.62,10.4
GH O'Brien,T20I,9,191,214,10,102,11,2,31.8,6.72,21.4,53.4,19.1
KMA Paul,IPL,8,168,239,10,54,12,5,28.0,8.54,23.9,32.14,16.8
J Martins,T20I,5,91,126,10,33,0,1,15.2,8.31,12.6,36.26,9.1
TK Lal,T20I,7,168,173,10,73,6,0,28.0,6.18,17.3,43.45,16.8
OF Smith,ODI,9,287,264,10,178,27,4,47.8,5.52,26.4,62.02,28.7
MN Samuels,IPL,11,214,285,10,80,5,0,35.7,7.99,28.5,37.38,21.4
D Langford-Smith,ODI,10,461,362,10,292,28,5,76.8,4.71,36.2,63.34,46.1
D Mohammed,ODI,4,233,171,10,129,3,0,38.8,4.4,17.1,55.36,23.3
D Mohammed,Test,3,639,424,10,421,0,0,106.5,3.98,42.4,65.88,63.9
OAC Banks,Test,3,871,503,10,636,0,0,145.2,3.46,50.3,73.02,87.1
Ali Sheikh,T20I,6,132,141,10,50,0,0,22.0,6.41,14.1,37.88,13.2
JJ Nyambo,T20I,10,182,219,10,84,8,0,30.3,7.22,21.9,46.15,18.2
ATS Silva,T20I,12,162,141,10,97,16,0,27.0,5.22,14.1,59.88,16.2
Khaled Mahmud,Test,4,759,391,10,587,8,3,126.5,3.09,39.1,77.34,75.9
Khalid Niazi,T20I,6,97,124,10,37,3,0,16.2,7.67,12.4,38.14,9.7
Kim Daeyeon,T20I,9,144,197,10,54,2,0,24.0,8.21,19.7,37.5,14.4
E Kusuda-Nairn,T20I,13,200,198,10,107,33,1,33.3,5.94,19.8,53.5,20.0
RSM Lili'i,T20I,5,111,68,10,68,1,0,18.5,3.68,6.8,61.26,11.1
DJ Hooda,IPL,34,379,550,10,106,12,0,63.2,8.71,55.0,27.97,37.9
DJ Hussey,IPL,26,317,485,10,92,6,0,52.8,9.18,48.5,29.02,31.7
Azmatullah Omarzai,PSL,6,140,237,10,47,7,0,23.3,10.16,23.7,33.57,14.0
B Mavuta,T20I,11,204,234,10,83,11,0,34.0,6.88,23.4,40.69,20.4
Kanchan Rana,T20I,10,172,158,10,91,22,4,28.7,5.51,15.8,52.91,17.2
Saghir Khan,T20I,6,128,179,10,37,6,2,21.3,8.39,17.9,28.91,12.8
SA Sathiya,T20I,10,210,167,10,104,10,0,35.0,4.77,16.7,49.52,21.0
SACA King,T20I,16,215,242,10,87,20,0,35.8,6.75,24.2,40.47,21.5
A Dercksen,T20I,26,264,362,10,110,30,4,44.0,8.23,36.2,41.67,26.4
H Lin Oo,T20I,13,156,228,10,66,17,0,26.0,8.77,22.8,42.31,15.6
SC Ganguly,Test,25,1042,509,10,813,1,15,173.7,2.93,50.9,78.02,104.2
Jaweed Sadran,T20I,13,205,291,10,81,13,2,34.2,8.52,29.1,39.51,20.5
Sajad Ahmadzai,T20I,11,194,250,10,83,18,2,32.3,7.73,25.0,42.78,19.4
SZ Thakor,ODI,10,427,378,10,250,15,2,71.2,5.31,37.8,58.55,42.7
Mohammad Shahzad (2),T20I,13,188,249,10,72,3,0,31.3,7.95,24.9,38.3,18.8
Mohammad Umar,PSL,10,210,331,10,74,2,1,35.0,9.46,33.1,35.24,21.0
M de Lange,ODI,4,210,199,10,129,10,1,35.0,5.69,19.9,61.43,21.0
D Paterson,T20I,8,179,270,10,68,7,0,29.8,9.05,27.0,37.99,17.9
Nimish Lathief,T20I,15,229,310,10,80,9,0,38.2,8.12,31.0,34.93,22.9
Mohammad Basit,PSL,6,133,175,10,60,4,0,22.2,7.89,17.5,45.11,13.3
CS Delport,PSL,14,193,295,10,48,7,2,32.2,9.17,29.5,24.87,19.3
CS Fraser,ODI,18,468,479,10,274,56,0,78.0,6.14,47.9,58.55,46.8
MADI Hemantha,T20I,8,176,267,10,50,4,0,29.3,9.1,26.7,28.41,17.6
MC Henriques,ODI,12,403,354,10,194,5,1,67.2,5.27,35.4,48.14,40.3
Jagrat Dubey,T20I,6,129,119,10,68,15,3,21.5,5.53,11.9,52.71,12.9
T Sangha,T20I,7,168,249,10,45,3,0,28.0,8.89,24.9,26.79,16.8
T Shamsi,PSL,8,188,262,10,55,6,2,31.3,8.36,26.2,29.26,18.8
RM Farrell,Test,2,427,98,10,374,0,1,71.2,1.38,9.8,87.59,42.7
E Niyomugabo,T20I,11,159,200,10,59,5,1,26.5,7.55,20.0,37.11,15.9
KO Meth,ODI,8,388,416,10,182,12,0,64.7,6.43,41.6,46.91,38.8
RN ten Doeschate,T20I,6,126,163,10,44,5,0,21.0,7.76,16.3,34.92,12.6
T Mulepati,T20I,8,114,75,10,70,16,0,19.0,3.95,7.5,61.4,11.4
RP Meredith,PSL,7,151,244,10,51,12,1,25.2,9.7,24.4,33.77,15.1
KP Pietersen,Test,45,1310,919,10,805,0,0,218.3,4.21,91.9,61.45,131.0
RK Paudel,ODI,13,359,254,10,206,5,0,59.8,4.25,25.4,57.38,35.9
RL Grundy,T20I,10,222,210,10,95,7,0,37.0,5.68,21.0,42.79,22.2
XJ Doherty,T20I,11,228,302,10,79,5,0,38.0,7.95,30.2,34.65,22.8
YP Dayal,T20I,13,246,288,10,108,5,0,41.0,7.02,28.8,43.9,24.6
C Waiswa,T20I,6,114,145,10,51,6,0,19.0,7.63,14.5,44.74,11.4
SK Ravuri,T20I,9,157,142,10,79,9,1,26.2,5.43,14.2,50.32,15.7
CT Mumba,Test,3,599,374,10,432,0,0,99.8,3.75,37.4,72.12,59.9
JM Holland,Test,4,960,581,10,646,0,0,160.0,3.63,58.1,67.29,96.0
SR Thompson,ODI,11,338,333,10,187,19,4,56.3,5.91,33.3,55.33,33.8
DM Gondaria,T20I,9,161,170,10,72,5,0,26.8,6.34,17.0,44.72,16.1
HRA Rainey,ODI,6,196,195,10,112,15,2,32.7,5.97,19.5,57.14,19.6
TD Astle,ODI,8,270,247,10,138,3,0,45.0,5.49,24.7,51.11,27.0
GJ Batty,Test,6,1214,664,10,852,0,0,202.3,3.28,66.4,70.18,121.4
T Thushara,IPL,6,137,164,10,60,7,2,22.8,7.18,16.4,43.8,13.7
RK Kleinveldt,Test,4,691,433,10,506,4,24,115.2,3.76,43.3,73.23,69.1
B Laughlin,IPL,9,169,284,10,44,10,1,28.2,10.08,28.4,26.04,16.9
B Mavuta,ODI,11,421,396,10,217,21,1,70.2,5.64,39.6,51.54,42.1
RJ Nicol,ODI,17,339,332,10,161,8,0,56.5,5.88,33.2,47.49,33.9
N Mabila,T20I,16,276,316,10,135,63,6,46.0,6.87,31.6,48.91,27.6
RL Johnson,ODI,8,356,206,10,251,11,2,59.3,3.47,20.6,70.51,35.6
RL Johnson,Test,1,200,93,10,157,1,1,33.3,2.79,9.3,78.5,20.0
TA Lavia,T20I,11,199,130,10,105,2,0,33.2,3.92,13.0,52.76,19.9
A Hlubi,ODI,12,478,500,10,263,16,4,79.7,6.28,50.0,55.02,47.8
C Chatonzwa,ODI,8,276,267,10,142,5,0,46.0,5.8,26.7,51.45,27.6
M Labuschagne,ODI,16,323,358,10,126,3,0,53.8,6.65,35.8,39.01,32.3
SO Tikolo,T20I,5,88,92,10,43,1,2,14.7,6.27,9.2,48.86,8.8
G Chohan,T20I,16,216,356,10,83,18,2,36.0,9.89,35.6,38.43,21.6
Afida Afthab,T20I,19,264,216,10,140,15,3,44.0,4.91,21.6,53.03,26.4
Mohammad Irfan,Test,4,726,405,10,530,1,14,121.0,3.35,40.5,73.0,72.6
DE Bernard,ODI,15,543,486,10,289,32,3,90.5,5.37,48.6,53.22,54.3
DE Bollinger,T20I,9,210,253,10,96,4,0,35.0,7.23,25.3,45.71,21.0
HK Bennett,T20I,11,218,337,10,69,9,3,36.3,9.28,33.7,31.65,21.8
M Khojbariya,T20I,12,223,246,10,100,0,1,37.2,6.62,24.6,44.84,22.3
Zinaida Jeremiah,T20I,7,126,110,10,59,4,0,21.0,5.24,11.0,46.83,12.6
A Augastin,T20I,8,128,115,9,77,4,0,21.3,5.39,12.78,60.16,14.22
A Alexander,T20I,8,100,105,9,52,8,1,16.7,6.3,11.67,52.0,11.11
Nadeem Khan,ODI,3,174,138,9,85,1,0,29.0,4.76,15.33,48.85,19.33
Z James,T20I,20,225,296,9,100,7,2,37.5,7.89,32.89,44.44,25.0
Nasir Hossain,Test,17,924,461,9,654,0,0,154.0,2.99,51.22,70.78,102.67
Yasir Arafat,Test,3,635,457,9,444,0,8,105.8,4.32,50.78,69.92,70.56
Yuvraj Singh,Test,23,866,523,9,563,0,1,144.3,3.62,58.11,65.01,96.22
SR Rocket,T20I,11,182,246,9,66,10,2,30.3,8.11,27.33,36.26,20.22
SMSM Senanayake,IPL,8,192,211,9,75,3,0,32.0,6.59,23.44,39.06,21.33
JR Lennox,ODI,5,294,206,9,152,2,0,49.0,4.2,22.89,51.7,32.67
A Das,T20I,9,164,156,9,72,2,0,27.3,5.71,17.33,43.9,18.22
C Munro,ODI,25,552,483,9,258,11,0,92.0,5.25,53.67,46.74,61.33
NR Sciver,Test,7,716,321,9,562,1,1,119.3,2.69,35.67,78.49,79.56
Yusuf Ebrahim,T20I,13,129,203,9,50,5,0,21.5,9.44,22.56,38.76,14.33
M Faheem,T20I,7,121,141,9,65,12,1,20.2,6.99,15.67,53.72,13.44
M Chabula,T20I,7,140,152,9,55,18,4,23.3,6.51,16.89,39.29,15.56
M Ariokot,T20I,14,190,180,9,124,16,1,31.7,5.68,20.0,65.26,21.11
A Hlubi,T20I,9,167,248,9,71,7,5,27.8,8.91,27.56,42.51,18.56
YS To,T20I,7,132,114,9,47,7,0,22.0,5.18,12.67,35.61,14.67
M Aboagye,T20I,12,193,236,9,81,7,1,32.2,7.34,26.22,41.97,21.44
Lovedeep Singh,T20I,8,153,173,9,84,12,3,25.5,6.78,19.22,54.9,17.0
Wang Meng,T20I,8,156,92,9,96,1,0,26.0,3.54,10.22,61.54,17.33
Adnan Mirza,T20I,11,181,242,9,66,2,1,30.2,8.02,26.89,36.46,20.11
Xiuli Jin,T20I,3,54,38,9,27,4,0,9.0,4.22,4.22,50.0,6.0
C Chatphaisan,T20I,10,133,142,9,65,9,1,22.2,6.41,15.78,48.87,14.78
MN Waller,ODI,25,570,497,9,257,10,0,95.0,5.23,55.22,45.09,63.33
OP Stone,ODI,9,394,411,9,213,9,0,65.7,6.26,45.67,54.06,43.78
C Sutthiruang,ODI,13,366,308,9,232,24,1,61.0,5.05,34.22,63.39,40.67
Harshit Rana,T20I,8,169,300,9,67,3,1,28.2,10.65,33.33,39.64,18.78
Harry Johnson,T20I,10,191,285,9,72,16,2,31.8,8.95,31.67,37.7,21.22
WW Hinds,Test,4,371,224,9,265,1,1,61.8,3.62,24.89,71.43,41.22
WG Jacks,ODI,15,434,453,9,202,8,2,72.3,6.26,50.33,46.54,48.22
M Levitt,ODI,12,450,359,9,249,3,0,75.0,4.79,39.89,55.33,50.0
NM Ambo,T20I,8,126,99,9,76,11,0,21.0,4.71,11.0,60.32,14.0
NK Yadav,ODI,5,236,236,9,134,17,2,39.3,6.0,26.22,56.78,26.22
W Behr,T20I,6,108,108,9,57,1,0,18.0,6.0,12.0,52.78,12.0
Aftab Kayani,T20I,6,90,101,9,50,8,0,15.0,6.73,11.22,55.56,10.0
SR Bhudia,T20I,15,190,184,9,85,8,0,31.7,5.81,20.44,44.74,21.11
WG Jacks,IPL,15,157,274,9,46,7,1,26.2,10.47,30.44,29.3,17.44
P Parameswaran,IPL,8,155,226,9,66,4,1,25.8,8.75,25.11,42.58,17.22
LN Onyango,ODI,8,252,214,9,152,2,1,42.0,5.1,23.78,60.32,28.0
M Mavunga,T20I,7,114,114,9,63,4,0,19.0,6.0,12.67,55.26,12.67
A Mithun,Test,4,725,473,9,523,4,5,120.8,3.91,52.56,72.14,80.56
BW Hilfenhaus,T20I,7,159,170,9,79,4,3,26.5,6.42,18.89,49.69,17.67
PA Chatterji,ODI,14,473,425,9,268,39,0,78.8,5.39,47.22,56.66,52.56
LA Simango,T20I,9,149,174,9,72,8,5,24.8,7.01,19.33,48.32,16.56
PE Kruger,T20I,7,118,181,9,30,9,2,19.7,9.2,20.11,25.42,13.11
I Chuma,T20I,11,176,184,9,91,22,1,29.3,6.27,20.44,51.7,19.56
I Mugisha,T20I,13,192,232,9,87,3,0,32.0,7.25,25.78,45.31,21.33
VRV Singh,Test,5,704,438,9,514,1,36,117.3,3.73,48.67,73.01,78.22
Gurpreet Singh,T20I,9,163,182,9,77,4,1,27.2,6.7,20.22,47.24,18.11
H Graham,T20I,5,91,143,9,34,1,1,15.2,9.43,15.89,37.36,10.11
A Pusthay,T20I,7,101,130,9,39,5,1,16.8,7.72,14.44,38.61,11.22
MP Vaughan,ODI,18,519,429,9,229,3,3,86.5,4.96,47.67,44.12,57.67
JL Tutty,T20I,8,182,188,9,102,16,2,30.3,6.2,20.89,56.04,20.22
ST Frohnmayer,T20I,15,248,259,9,122,35,2,41.3,6.27,28.78,49.19,27.56
Jai Sinh,T20I,3,66,84,9,31,3,0,11.0,7.64,9.33,46.97,7.33
SL Quintyne,ODI,7,252,176,9,143,8,0,42.0,4.19,19.56,56.75,28.0
SKS Gill,T20I,15,216,280,9,80,7,1,36.0,7.78,31.11,37.04,24.0
N Thushara,IPL,8,183,289,9,61,15,3,30.5,9.48,32.11,33.33,20.33
A Vailoa,T20I,6,99,101,9,63,11,3,16.5,6.12,11.22,63.64,11.0
Geovanis Uwase,T20I,12,169,152,9,101,15,1,28.2,5.4,16.89,59.76,18.78
BJ McMullen,T20I,19,249,373,9,98,4,4,41.5,8.99,41.44,39.36,27.67
L Mabhero,ODI,11,450,330,9,242,8,0,75.0,4.4,36.67,53.78,50.0
AA Paradkar,ODI,6,222,245,9,116,2,0,37.0,6.62,27.22,52.25,24.67
IG Holland,T20I,5,120,95,9,66,4,0,20.0,4.75,10.56,55.0,13.33
Tian Sen Qun,T20I,9,180,194,9,98,11,1,30.0,6.47,21.56,54.44,20.0
IS Sodhi,IPL,8,181,204,9,66,1,0,30.2,6.76,22.67,36.46,20.11
Prachi Kumari,T20I,11,177,184,9,73,13,3,29.5,6.24,20.44,41.24,19.67
L Filer,Test,4,590,419,9,402,5,2,98.3,4.26,46.56,68.14,65.56
L Filer,T20I,12,252,316,9,121,17,6,42.0,7.52,35.11,48.02,28.0
Qanita Jalil,T20I,20,294,289,9,153,17,0,49.0,5.9,32.11,52.04,32.67
Qais Ahmad,PSL,6,138,248,9,38,7,0,23.0,10.78,27.56,27.54,15.33
SF Daley,ODI,13,498,411,9,272,9,0,83.0,4.95,45.67,54.62,55.33
Aizaz Cheema,T20I,5,102,119,9,34,5,0,17.0,7.0,13.22,33.33,11.33
Ahsan Malik,ODI,5,201,197,9,104,6,0,33.5,5.88,21.89,51.74,22.33
R Avery,T20I,8,156,185,9,61,5,0,26.0,7.12,20.56,39.1,17.33
MGSM Fernando,T20I,6,144,123,9,65,4,0,24.0,5.12,13.67,45.14,16.0
D Hemalatha,T20I,8,122,132,9,46,2,0,20.3,6.49,14.67,37.7,13.56
AB McDonald,Test,4,735,330,9,602,0,3,122.5,2.69,36.67,81.9,81.67
GR Codrington,ODI,6,306,267,9,148,1,0,51.0,5.24,29.67,48.37,34.0
GP Meade,T20I,11,183,189,9,69,7,1,30.5,6.2,21.0,37.7,20.33
DJ Mitchell,T20I,14,110,197,9,35,6,1,18.3,10.75,21.89,31.82,12.22
TS Chisoro,T20I,11,247,278,9,105,9,1,41.2,6.75,30.89,42.51,27.44
AC Botha,T20I,5,96,90,9,45,3,0,16.0,5.62,10.0,46.88,10.67
AC Agar,Test,5,1010,506,9,757,0,4,168.3,3.01,56.22,74.95,112.22
TM Odoyo,T20I,6,127,115,9,71,6,1,21.2,5.43,12.78,55.91,14.11
SE Bond,IPL,8,186,225,9,76,5,0,31.0,7.26,25.0,40.86,20.67
Al-Amin Hossain,Test,7,1018,572,9,754,3,2,169.7,3.37,63.56,74.07,113.11
Faisal Akram,PSL,9,164,258,9,48,3,0,27.3,9.44,28.67,29.27,18.22
Akhil Arjunan,T20I,12,227,274,9,92,6,0,37.8,7.24,30.44,40.53,25.22
Akash Singh,IPL,10,205,326,9,73,3,0,34.2,9.54,36.22,35.61,22.78
MA Suji,ODI,11,518,355,9,356,4,2,86.3,4.11,39.44,68.73,57.56
BAW Mendis,IPL,10,245,306,9,79,3,1,40.8,7.49,34.0,32.24,27.22
GM Harris,ODI,6,258,164,9,155,3,0,43.0,3.81,18.22,60.08,28.67
RA Abolarin,T20I,8,151,144,9,90,13,1,25.2,5.72,16.0,59.6,16.78
TL Cutler,T20I,11,216,291,9,89,4,0,36.0,8.08,32.33,41.2,24.0
B Shetty,T20I,10,221,227,9,103,14,0,36.8,6.16,25.22,46.61,24.56
RC Irani,ODI,10,473,370,9,257,2,0,78.8,4.69,41.11,54.33,52.56
RAS Lakmal,T20I,11,209,338,9,72,11,1,34.8,9.7,37.56,34.45,23.22
M Prasidh Krishna,T20I,5,121,224,9,42,5,1,20.2,11.11,24.89,34.71,13.44
SW Tait,PSL,8,187,233,9,97,13,1,31.2,7.48,25.89,51.87,20.78
Aarif Sheikh,ODI,34,888,701,9,478,17,1,148.0,4.74,77.89,53.83,98.67
JJ van der Wath,T20I,7,168,216,9,68,5,0,28.0,7.71,24.0,40.48,18.67
G Oliveira,T20I,12,170,178,9,78,9,2,28.3,6.28,19.78,45.88,18.89
Saim Ayub,ODI,14,445,375,9,231,3,0,74.2,5.06,41.67,51.91,49.44
Javid Patel,T20I,10,217,236,9,88,13,1,36.2,6.53,26.22,40.55,24.11
Jannatul Ferdus,ODI,5,223,171,9,124,5,1,37.2,4.6,19.0,55.61,24.78
MW Short,T20I,10,108,206,9,25,8,0,18.0,11.44,22.89,23.15,12.0
N Niranjana,T20I,9,163,150,9,84,3,0,27.2,5.52,16.67,51.53,18.11
CG Williams,T20I,13,174,187,9,65,3,0,29.0,6.45,20.78,37.36,19.33
KV Vakuruivalu,T20I,9,165,157,9,110,47,4,27.5,5.71,17.44,66.67,18.33
RJ Gleeson,T20I,6,126,188,9,44,4,0,21.0,8.95,20.89,34.92,14.0
KTH Ratnayake,Test,2,605,393,9,365,3,1,100.8,3.9,43.67,60.33,67.22
RK Kleinveldt,T20I,6,122,174,9,53,5,0,20.3,8.56,19.33,43.44,13.56
RJ Trott,ODI,4,190,158,9,95,3,0,31.7,4.99,17.56,50.0,21.11
Kamran Ahmadzai,T20I,8,113,154,9,55,6,0,18.8,8.18,17.11,48.67,12.56
B Bhadriraju,T20I,6,114,95,9,46,3,0,19.0,5.0,10.56,40.35,12.67
T Ritawa,T20I,7,96,134,9,40,2,0,16.0,8.38,14.89,41.67,10.67
JJ Davidson,T20I,6,127,174,9,43,9,1,21.2,8.22,19.33,33.86,14.11
Mohammad Talha,Test,4,761,513,9,522,4,21,126.8,4.04,57.0,68.59,84.56
JKC Claxton,T20I,8,158,222,9,63,15,2,26.3,8.43,24.67,39.87,17.56
Sabnam Rai,T20I,13,239,226,9,140,10,0,39.8,5.67,25.11,58.58,26.56
TB Sole,ODI,8,402,291,9,233,10,0,67.0,4.34,32.33,57.96,44.67
TAM Siriwardana,T20I,12,132,192,9,47,3,0,22.0,8.73,21.33,35.61,14.67
TAM Siriwardana,ODI,21,601,554,9,283,7,0,100.2,5.53,61.56,47.09,66.78
AF Milne,IPL,10,208,339,9,77,9,1,34.7,9.78,37.67,37.02,23.11
KP Pietersen,IPL,13,174,218,9,57,6,0,29.0,7.52,24.22,32.76,19.33
RP Meredith,T20I,6,138,228,9,58,5,1,23.0,9.91,25.33,42.03,15.33
RP Arnold,ODI,20,381,367,9,154,7,1,63.5,5.78,40.78,40.42,42.33
T Natarajan,T20I,4,96,123,9,30,2,0,16.0,7.69,13.67,31.25,10.67
J Jojo,T20I,10,198,208,9,94,6,0,33.0,6.3,23.11,47.47,22.0
T Shamsi,Test,2,483,287,9,340,0,0,80.5,3.57,31.89,70.39,53.67
KOK Williams,ODI,7,331,294,9,164,9,1,55.2,5.33,32.67,49.55,36.78
Saranya Kotha,T20I,7,82,59,9,61,26,4,13.7,4.32,6.56,74.39,9.11
S Vaz,T20I,5,96,110,9,45,6,0,16.0,6.88,12.22,46.88,10.67
FA Allen,ODI,17,648,604,9,280,0,0,108.0,5.59,67.11,43.21,72.0
SB Styris,IPL,11,216,278,9,85,6,0,36.0,7.72,30.89,39.35,24.0
Saeed Ajmal,PSL,10,202,273,9,65,2,0,33.7,8.11,30.33,32.18,22.44
T Abdulquadri,T20I,6,139,124,9,83,12,2,23.2,5.35,13.78,59.71,15.44
Mehboob Ali,T20I,10,193,291,9,85,16,1,32.2,9.05,32.33,44.04,21.44
D Dewald,T20I,8,174,192,9,72,4,0,29.0,6.62,21.33,41.38,19.33
EL Arlott,T20I,6,145,194,9,61,7,1,24.2,8.03,21.56,42.07,16.11
RR Sharan,T20I,13,221,263,9,93,4,0,36.8,7.14,29.22,42.08,24.56
Azam Khalil,T20I,9,186,181,9,97,3,0,31.0,5.84,20.11,52.15,20.67
AK Bangura,T20I,12,145,182,9,67,14,2,24.2,7.53,20.22,46.21,16.11
T Granger,T20I,5,97,44,9,74,6,1,16.2,2.72,4.89,76.29,10.78
T Cheki,T20I,8,124,135,9,54,13,1,20.7,6.53,15.0,43.55,13.78
T Araliya,T20I,10,153,180,9,63,24,7,25.5,7.06,20.0,41.18,17.0
RW Price,T20I,12,273,336,9,116,18,0,45.5,7.38,37.33,42.49,30.33
RV Scholes,T20I,5,112,75,9,69,7,0,18.7,4.02,8.33,61.61,12.44
RV Hawkins,T20I,10,218,156,9,114,9,1,36.3,4.29,17.33,52.29,24.22
Rameesha Shahid,T20I,17,241,293,9,112,15,10,40.2,7.29,32.56,46.47,26.78
S Tippoch,ODI,7,208,100,9,151,3,0,34.7,2.88,11.11,72.6,23.11
S Sreesanth,T20I,9,205,294,9,110,14,1,34.2,8.6,32.67,53.66,22.78
S Williams,T20I,15,249,301,9,110,6,3,41.5,7.25,33.44,44.18,27.67
Sakib Hussain,IPL,6,132,203,9,44,13,0,22.0,9.23,22.56,33.33,14.67
Ragne Hallik,T20I,9,168,181,9,83,26,12,28.0,6.46,20.11,49.4,18.67
Asif Javed,T20I,5,102,80,9,55,5,0,17.0,4.71,8.89,53.92,11.33
Reehana Khan,T20I,7,106,83,9,64,11,4,17.7,4.7,9.22,60.38,11.78
Avesh Khan,ODI,8,358,330,9,204,13,2,59.7,5.53,36.67,56.98,39.78
Sumaiya Siddiqi,T20I,10,186,155,9,109,6,0,31.0,5.0,17.22,58.6,20.67
Subashis Roy,Test,4,754,472,9,536,5,5,125.7,3.76,52.44,71.09,83.78
Sylvia Usabyimana,T20I,12,169,153,9,90,15,1,28.2,5.43,17.0,53.25,18.78
Aslan Jafri,T20I,7,138,177,9,49,0,0,23.0,7.7,19.67,35.51,15.33
Sandeep Goud,T20I,17,203,310,9,59,10,4,33.8,9.16,34.44,29.06,22.56
G Shukla,T20I,13,252,220,9,151,35,4,42.0,5.24,24.44,59.92,28.0
S Sigaiwasa,T20I,12,178,157,9,85,13,4,29.7,5.29,17.44,47.75,19.78
S Siegers,ODI,8,271,243,9,149,12,1,45.2,5.38,27.0,54.98,30.11
Ameel Mauroof,T20I,17,202,288,9,68,6,0,33.7,8.55,32.0,33.66,22.44
S Asha,T20I,6,138,147,9,51,2,0,23.0,6.39,16.33,36.96,15.33
M Siddharth,IPL,9,189,285,9,60,4,3,31.5,9.05,31.67,31.75,21.0
GF Linde,Test,3,473,261,9,351,0,0,78.8,3.31,29.0,74.21,52.56
Steven Ryan Taylor,ODI,10,292,235,9,178,4,0,48.7,4.83,26.11,60.96,32.44
GES Sullivan,T20I,8,169,130,9,104,4,1,28.2,4.62,14.44,61.54,18.78
Chare Smith,T20I,9,170,196,9,101,22,1,28.3,6.92,21.78,59.41,18.89
Mohammad Aadil Alam,T20I,9,132,153,9,50,4,0,22.0,6.95,17.0,37.88,14.67
Mohammad Aadil Alam,ODI,6,267,166,9,171,5,3,44.5,3.73,18.44,64.04,29.67
S Dabholkatr,T20I,9,172,141,9,109,51,4,28.7,4.92,15.67,63.37,19.11
S Horley,ODI,4,133,80,9,89,3,0,22.2,3.61,8.89,66.92,14.78
Shahid Afridi,IPL,10,181,237,9,65,4,1,30.2,7.86,26.33,35.91,20.11
M Vivekanandan,T20I,10,210,362,9,59,15,0,35.0,10.34,40.22,28.1,23.33
M de Lange,Test,2,449,286,9,323,2,1,74.8,3.82,31.78,71.94,49.89
Saqlain Mushtaq,Test,3,732,450,9,504,0,21,122.0,3.69,50.0,68.85,81.33
DEM Carter,ODI,10,395,278,9,247,11,1,65.8,4.22,30.89,62.53,43.89
M Vandrasi,T20I,8,144,177,9,46,5,0,24.0,7.38,19.67,31.94,16.0
K Vislapuu,T20I,16,240,357,9,93,11,1,40.0,8.93,39.67,38.75,26.67
J Yadav,IPL,20,392,447,9,155,6,2,65.3,6.84,49.67,39.54,43.56
AM Nayar,IPL,19,229,323,9,70,10,0,38.2,8.46,35.89,30.57,25.44
Shaik Basha,T20I,9,90,154,9,30,5,0,15.0,10.27,17.11,33.33,10.0
JB Reva,T20I,8,128,152,9,57,0,1,21.3,7.12,16.89,44.53,14.22
S Loubser,T20I,16,268,279,9,105,5,0,44.7,6.25,31.0,39.18,29.78
S Kotte,ODI,5,246,111,9,180,6,0,41.0,2.71,12.33,73.17,27.33
S Mtae,T20I,8,84,75,9,44,3,0,14.0,5.36,8.33,52.38,9.33
Chan Sau Har,T20I,5,88,74,9,35,1,4,14.7,5.05,8.22,39.77,9.78
S Nisansala,ODI,7,299,240,9,153,6,0,49.8,4.82,26.67,51.17,33.22
Shagharai Sefat,T20I,4,98,115,9,38,5,2,16.3,7.04,12.78,38.78,10.89
K Inakale,T20I,21,232,253,9,129,28,7,38.7,6.54,28.11,55.6,25.78
Amir Butt,T20I,8,129,172,9,38,5,0,21.5,8.0,19.11,29.46,14.33
S Ravikumar,T20I,11,163,193,9,72,10,1,27.2,7.1,21.44,44.17,18.11
JEC Franklin,IPL,15,153,225,9,41,2,2,25.5,8.82,25.0,26.8,17.0
JDF Vandersay,T20I,17,368,499,9,113,4,0,61.3,8.14,55.44,30.71,40.89
Shahid Mahmood,T20I,11,217,333,9,84,6,1,36.2,9.21,37.0,38.71,24.11
Mohammad Asif,IPL,8,193,307,9,71,6,1,32.2,9.54,34.11,36.79,21.44
F Samanyika,T20I,16,232,252,9,111,18,0,38.7,6.52,28.0,47.84,25.78
NT Gireesh,T20I,10,133,190,9,56,18,1,22.2,8.57,21.11,42.11,14.78
NSK Mehta,T20I,8,187,205,9,82,6,1,31.2,6.58,22.78,43.85,20.78
Z Kamara,T20I,11,217,163,9,141,21,0,36.2,4.51,18.11,64.98,24.11
D Rawat,T20I,8,138,170,9,55,6,0,23.0,7.39,18.89,39.86,15.33
ML Schutt,Test,4,536,196,9,454,1,4,89.3,2.19,21.78,84.7,59.56
Zawar Farid,ODI,7,201,195,8,111,4,0,33.5,5.82,24.38,55.22,25.12
Zaid Ahmad,T20I,7,109,142,8,50,10,1,18.2,7.82,17.75,45.87,13.62
A Bierwisch,T20I,6,96,68,8,69,8,4,16.0,4.25,8.5,71.88,12.0
Zeeshan Ansari,IPL,10,204,334,8,48,5,1,34.0,9.82,41.75,23.53,25.5
Nasir Hossain,T20I,11,179,263,8,60,9,0,29.8,8.82,32.88,33.52,22.38
Z Groenewald,T20I,10,168,167,8,85,5,0,28.0,5.96,20.88,50.6,21.0
A Dalzell,ODI,9,320,298,8,184,36,2,53.3,5.59,37.25,57.5,40.0
A Conteh,T20I,5,110,114,8,45,6,2,18.3,6.22,14.25,40.91,13.75
ZP Ikiua,T20I,12,234,236,8,106,9,1,39.0,6.05,29.5,45.3,29.25
ZB Lion-Cachet,ODI,8,188,171,8,103,4,0,31.3,5.46,21.38,54.79,23.5
MJM Kavana,T20I,6,88,100,8,36,1,1,14.7,6.82,12.5,40.91,11.0
A Bosch,T20I,12,151,184,8,52,1,1,25.2,7.31,23.0,34.44,18.88
SEA Ruck,ODI,6,349,254,8,238,10,0,58.2,4.37,31.75,68.19,43.62
S Nadeem,Test,2,468,277,8,335,0,10,78.0,3.55,34.62,71.58,58.5
K Jaikaran,T20I,6,84,97,8,44,6,0,14.0,6.93,12.12,52.38,10.5
S Sandeep Warrier,IPL,10,170,257,8,75,6,2,28.3,9.07,32.12,44.12,21.25
S Ravoka,T20I,5,120,128,8,54,2,0,20.0,6.4,16.0,45.0,15.0
S Randiv,T20I,7,126,139,8,44,2,0,21.0,6.62,17.38,34.92,15.75
S Randiv,IPL,8,174,223,8,60,6,0,29.0,7.69,27.88,34.48,21.75
L Little,ODI,7,308,313,8,159,22,1,51.3,6.1,39.12,51.62,38.5
JM Apio,T20I,5,66,50,8,44,6,0,11.0,4.55,6.25,66.67,8.25
Qadeer Ahmed,T20I,9,170,237,8,75,2,2,28.3,8.36,29.62,44.12,21.25
L Gregory,PSL,12,175,282,8,49,1,0,29.2,9.67,35.25,28.0,21.88
Pratis GC,T20I,10,204,289,8,68,7,0,34.0,8.5,36.12,33.33,25.5
Gagandeep Singh,T20I,17,270,408,8,122,32,6,45.0,9.07,51.0,45.19,33.75
Toqeer Ahmad,T20I,6,118,137,8,54,8,0,19.7,6.97,17.12,45.76,14.75
R Airee,T20I,6,96,95,8,32,7,0,16.0,5.94,11.88,33.33,12.0
Dhananjay Rao,T20I,8,132,157,8,66,15,0,22.0,7.14,19.62,50.0,16.5
BJ Dwarshuis,ODI,5,240,228,8,120,6,0,40.0,5.7,28.5,50.0,30.0
AAhan Achar,T20I,9,156,155,8,61,0,0,26.0,5.96,19.38,39.1,19.5
S Kolcunova,T20I,13,282,349,8,123,73,18,47.0,7.43,43.62,43.62,35.25
S Molineux,Test,3,462,174,8,369,0,0,77.0,2.26,21.75,79.87,57.75
DC Delany,T20I,7,147,200,8,52,9,0,24.5,8.16,25.0,35.37,18.38
Mohammad Ashraful,ODI,26,397,358,8,182,7,0,66.2,5.41,44.75,45.84,49.62
K Mahekdeep,T20I,9,142,129,8,69,11,2,23.7,5.45,16.12,48.59,17.75
MN Waller,Test,6,456,223,8,305,0,0,76.0,2.93,27.88,66.89,57.0
M Ntini,IPL,9,212,257,8,108,1,2,35.3,7.27,32.12,50.94,26.5
L Phiri,ODI,12,342,294,8,170,18,0,57.0,5.16,36.75,49.71,42.75
V Buruka,T20I,4,82,84,8,42,4,1,13.7,6.15,10.5,51.22,10.25
Dolar Mahmud,ODI,7,213,259,8,109,10,3,35.5,7.3,32.38,51.17,26.62
CS MacLeod,ODI,33,733,635,8,389,41,5,122.2,5.2,79.38,53.07,91.62
JL Hunter,ODI,11,380,257,8,260,9,1,63.3,4.06,32.12,68.42,47.5
Aaron Jones,T20I,11,116,139,8,47,1,0,19.3,7.19,17.38,40.52,14.5
Anshuman Rath,T20I,14,216,291,8,67,4,2,36.0,8.08,36.38,31.02,27.0
Sheikh Rasik,T20I,10,174,191,8,71,4,0,29.0,6.59,23.88,40.8,21.75
AM Zepeda,T20I,15,326,308,8,171,47,8,54.3,5.67,38.5,52.45,40.75
Shohely Akhter,T20I,8,132,113,8,57,1,0,22.0,5.14,14.12,43.18,16.5
Shariz Ahmad,T20I,12,168,227,8,58,3,0,28.0,8.11,28.38,34.52,21.0
Shahnawaz Dhani,T20I,11,213,323,8,85,8,1,35.5,9.1,40.38,39.91,26.62
Shivang Kumar,IPL,8,156,241,8,44,1,0,26.0,9.27,30.12,28.21,19.5
Shivam Sharma,ODI,6,270,236,8,143,7,0,45.0,5.24,29.5,52.96,33.75
Yudhvir Singh,IPL,9,139,257,8,56,6,1,23.2,11.09,32.12,40.29,17.38
SS Weerakkody,T20I,21,252,262,8,121,7,0,42.0,6.24,32.75,48.02,31.5
G Kodali,ODI,9,363,349,8,211,23,0,60.5,5.77,43.62,58.13,45.38
SJ Hughes-Pinan,T20I,7,164,111,8,103,3,0,27.3,4.06,13.88,62.8,20.5
Q Joseph,T20I,13,216,207,8,90,1,0,36.0,5.75,25.88,41.67,27.0
D Golechha,T20I,9,199,116,8,145,29,2,33.2,3.5,14.5,72.86,24.88
Tanwir Afzal,ODI,12,500,396,8,325,7,2,83.3,4.75,49.5,65.0,62.5
JW Hastings,T20I,9,187,255,8,80,5,1,31.2,8.18,31.88,42.78,23.38
CT Mumba,ODI,7,274,329,8,138,9,2,45.7,7.2,41.12,50.36,34.25
M Enkhzul,T20I,9,158,204,8,61,34,2,26.3,7.75,25.5,38.61,19.75
Nithish Kumar Reddy,Test,9,519,372,8,333,1,3,86.5,4.3,46.5,64.16,64.88
M Chadha,T20I,5,97,150,8,34,0,1,16.2,9.28,18.75,35.05,12.12
Saqib Zulfiqar,ODI,10,276,304,8,124,8,0,46.0,6.61,38.0,44.93,34.5
Muhammad Tanveer,T20I,16,215,305,8,65,4,0,35.8,8.51,38.12,30.23,26.88
Shuvagata Hom,Test,7,846,533,8,540,2,0,141.0,3.78,66.62,63.83,105.75
S MacMahon,ODI,10,356,320,8,186,27,2,59.3,5.39,40.0,52.25,44.5
CS Martin,T20I,6,139,197,8,62,2,1,23.2,8.5,24.62,44.6,17.38
N Robertson-Jack,T20I,5,82,91,8,43,4,0,13.7,6.66,11.38,52.44,10.25
CE Dean,Test,3,408,268,8,277,0,0,68.0,3.94,33.5,67.89,51.0
E Kallous,T20I,10,141,160,8,49,19,10,23.5,6.81,20.0,34.75,17.62
MJ Guptill,Test,15,429,302,8,267,0,1,71.5,4.22,37.75,62.24,53.62
MP Ainsworth,T20I,12,158,217,8,65,10,8,26.3,8.24,27.12,41.14,19.75
Yair Nagavkar,T20I,7,154,165,8,64,4,0,25.7,6.43,20.62,41.56,19.25
YYM Jakda,T20I,7,114,165,8,43,10,1,19.0,8.68,20.62,37.72,14.25
C Bwanali,T20I,12,154,134,8,74,6,2,25.7,5.22,16.75,48.05,19.25
Noah Mead,T20I,11,163,243,8,56,4,1,27.2,8.94,30.38,34.36,20.38
S Gokhale,T20I,10,144,126,8,80,8,0,24.0,5.25,15.75,55.56,18.0
KC Cariappa,IPL,11,218,349,8,62,6,2,36.3,9.61,43.62,28.44,27.25
AR Nurse,T20I,13,240,324,8,70,3,0,40.0,8.1,40.5,29.17,30.0
BB Sran,ODI,6,303,275,8,168,14,1,50.5,5.45,34.38,55.45,37.88
BAD Manenti,T20I,12,264,337,8,105,9,0,44.0,7.66,42.12,39.77,33.0
E Marx,T20I,10,188,254,8,91,23,0,31.3,8.11,31.75,48.4,23.5
Khin Aye,T20I,14,169,261,8,70,16,1,28.2,9.27,32.62,41.42,21.12
GRD Munasinghe,T20I,4,96,112,8,44,4,0,16.0,7.0,14.0,45.83,12.0
TM Macalou,T20I,9,109,135,8,47,1,2,18.2,7.43,16.88,43.12,13.62
SC Kumari,T20I,8,102,63,8,75,5,0,17.0,3.71,7.88,73.53,12.75
Karma Dorji,T20I,15,183,228,8,76,13,2,30.5,7.48,28.5,41.53,22.88
PM Liyanagamage,ODI,10,377,449,8,185,26,1,62.8,7.15,56.12,49.07,47.12
CL Cairns,Test,2,374,196,8,290,0,6,62.3,3.14,24.5,77.54,46.75
Abdullah Jasat,T20I,7,138,179,8,63,9,0,23.0,7.78,22.38,45.65,17.25
Abdul Waheed,T20I,13,132,161,8,52,5,0,22.0,7.32,20.12,39.39,16.5
SR Thompson,Test,2,306,169,8,226,1,7,51.0,3.31,21.12,73.86,38.25
S Bhardwaj,T20I,9,104,90,8,63,25,3,17.3,5.19,11.25,60.58,13.0
MD Gunathilaka,ODI,22,402,375,8,175,3,0,67.0,5.6,46.88,43.53,50.25
C Chatonzwa,T20I,11,169,192,8,77,1,1,28.2,6.82,24.0,45.56,21.12
V Permaul,ODI,7,331,277,8,177,6,0,55.2,5.02,34.62,53.47,41.38
I Sharma,T20I,14,282,414,8,113,8,4,47.0,8.81,51.75,40.07,35.25
PKD Chase,T20I,7,145,251,8,49,7,4,24.2,10.39,31.38,33.79,18.12
PR Surve,T20I,15,183,248,8,66,1,0,30.5,8.13,31.0,36.07,22.88
BM Halliday,ODI,18,315,295,8,156,8,3,52.5,5.62,36.88,49.52,39.38
PP Hinge,IPL,4,98,199,8,35,5,2,16.3,12.18,24.88,35.71,12.25
AB Kaur,T20I,19,252,324,8,106,11,0,42.0,7.71,40.5,42.06,31.5
Arshad Khan,ODI,7,337,258,8,170,2,1,56.2,4.59,32.25,50.45,42.12
O Erdenebaatar,T20I,14,233,240,8,105,30,9,38.8,6.18,30.0,45.06,29.12
OEG Baartman,ODI,6,252,223,8,145,11,0,42.0,5.31,27.88,57.54,31.5
D Medagoda,T20I,9,150,156,8,90,48,3,25.0,6.24,19.5,60.0,18.75
N Caruana,T20I,7,94,55,8,69,22,4,15.7,3.51,6.88,73.4,11.75
N Brand,Test,1,234,174,8,134,2,0,39.0,4.46,21.75,57.26,29.25
JDS Neesham,IPL,13,216,342,8,68,6,0,36.0,9.5,42.75,31.48,27.0
AE Paraam,T20I,9,186,276,8,65,2,0,31.0,8.9,34.5,34.95,23.25
R Telemachus,ODI,4,228,222,8,122,8,12,38.0,5.84,27.75,53.51,28.5
R Satheesan,T20I,17,210,319,8,77,23,1,35.0,9.11,39.88,36.67,26.25
E Ndubudem,T20I,7,138,127,8,69,7,0,23.0,5.52,15.88,50.0,17.25
Mahmudullah,PSL,7,105,139,8,38,0,1,17.5,7.94,17.38,36.19,13.12
Mahbubul Alam,ODI,5,222,284,8,119,15,0,37.0,7.68,35.5,53.6,27.75
Javeria Khan,ODI,13,289,271,8,143,10,0,48.2,5.63,33.88,49.48,36.12
Jamshid Nasiri,T20I,7,114,107,8,55,2,0,19.0,5.63,13.38,48.25,14.25
Kamrul Islam Rabbi,Test,7,753,516,8,516,5,3,125.5,4.11,64.5,68.53,94.12
Kamran Wahid,T20I,4,85,126,8,27,2,1,14.2,8.89,15.75,31.76,10.62
B Mejaro,T20I,5,121,139,8,48,4,1,20.2,6.89,17.38,39.67,15.12
N M'shangwe,Test,2,790,457,8,535,1,0,131.7,3.47,57.12,67.72,98.75
Mushfiqur Rahman,ODI,14,643,509,8,405,9,0,107.2,4.75,63.62,62.99,80.38
S Bhari,T20I,8,151,185,8,59,1,1,25.2,7.35,23.12,39.07,18.88
KJ Garth,Test,4,552,282,8,426,1,0,92.0,3.07,35.25,77.17,69.0
KDC Clarke,ODI,3,163,188,8,66,4,1,27.2,6.92,23.5,40.49,20.38
Rumman Raees,T20I,8,174,222,8,76,5,1,29.0,7.66,27.75,43.68,21.75
J Stanigze,T20I,6,100,127,8,38,6,0,16.7,7.62,15.88,38.0,12.5
Mohamed Turay,T20I,10,137,168,8,47,1,2,22.8,7.36,21.0,34.31,17.12
Kabir Berlia,T20I,6,115,162,8,46,1,0,19.2,8.45,20.25,40.0,14.38
LA Dawson,Test,4,898,452,8,644,0,0,149.7,3.02,56.5,71.71,112.25
VM Vaghela,T20I,3,60,41,8,33,1,0,10.0,4.1,5.12,55.0,7.5
DW Steyn,PSL,7,131,183,8,57,7,1,21.8,8.38,22.88,43.51,16.38
DV Macome,T20I,6,108,138,8,52,6,0,18.0,7.67,17.25,48.15,13.5
L Wahmowe,T20I,3,60,58,8,30,10,0,10.0,5.8,7.25,50.0,7.5
RJ van Vuuren,ODI,5,302,306,8,165,5,2,50.3,6.08,38.25,54.64,37.75
Kainat Imtiaz,T20I,10,121,131,8,46,2,1,20.2,6.5,16.38,38.02,15.12
OGL Bascome,T20I,6,85,101,8,29,4,0,14.2,7.13,12.62,34.12,10.62
WB Rankin,Test,3,449,329,8,298,0,6,74.8,4.4,41.12,66.37,56.12
Waheed Ahmed,T20I,12,186,227,8,65,3,0,31.0,7.32,28.38,34.95,23.25
Ebadat Hossain,T20I,4,94,147,8,34,9,3,15.7,9.38,18.38,36.17,11.75
Roheed Akhtar,T20I,11,222,234,8,95,8,0,37.0,6.32,29.25,42.79,27.75
Riyaa Bhasin,T20I,6,74,63,8,48,9,2,12.3,5.11,7.88,64.86,9.25
G Mckeon,T20I,10,160,182,8,70,8,1,26.7,6.82,22.75,43.75,20.0
G Snyman,ODI,5,297,293,8,152,17,9,49.5,5.92,36.62,51.18,37.12
Muzahir Raza,T20I,6,114,164,8,51,8,0,19.0,8.63,20.5,44.74,14.25
LC Sthalekar,ODI,8,440,265,8,290,4,0,73.3,3.61,33.12,65.91,55.0
VM Nyauchi,ODI,10,403,363,8,250,25,1,67.2,5.4,45.38,62.03,50.38
A Neill,T20I,4,96,125,8,43,6,0,16.0,7.81,15.62,44.79,12.0
I Udana,IPL,10,174,286,8,49,8,0,29.0,9.86,35.75,28.16,21.75
LF Muller,T20I,8,90,113,8,46,8,0,15.0,7.53,14.12,51.11,11.25
JL Jonassen,Test,6,834,332,8,653,0,1,139.0,2.39,41.5,78.3,104.25
NJ Shaw,Test,2,489,182,8,391,1,0,81.5,2.23,22.75,79.96,61.12
LR Doolan,T20I,6,126,126,8,44,8,0,21.0,6.0,15.75,34.92,15.75
P Bhart,T20I,9,180,186,8,82,10,0,30.0,6.2,23.25,45.56,22.5
P Bhandari,T20I,9,153,180,8,86,44,4,25.5,7.06,22.5,56.21,19.12
Regina Khan,T20I,7,151,143,8,81,3,1,25.2,5.68,17.88,53.64,18.88
GC Viljoen,IPL,6,138,229,8,47,8,0,23.0,9.96,28.62,34.06,17.25
M de Lange,T20I,6,142,231,8,51,13,2,23.7,9.76,28.88,35.92,17.75
CM Wright,ODI,7,306,230,8,197,11,0,51.0,4.51,28.75,64.38,38.25
Mohammad Tauqir,ODI,8,342,291,8,168,4,1,57.0,5.11,36.38,49.12,42.75
Mohammad Shahzad (2),ODI,3,156,134,8,82,2,0,26.0,5.15,16.75,52.56,19.5
E Schiferli,ODI,9,381,331,8,225,7,3,63.5,5.21,41.38,59.06,47.62
GJ Maxwell,Test,7,462,349,8,298,0,0,77.0,4.53,43.62,64.5,57.75
GJ Maxwell,PSL,6,96,136,8,27,2,0,16.0,8.5,17.0,28.12,12.0
AJ Hosein,IPL,6,132,169,8,53,0,2,22.0,7.68,21.12,40.15,16.5
Syeda Aroob Shah,T20I,14,235,275,8,90,3,1,39.2,7.02,34.38,38.3,29.38
Rameez Khan,T20I,6,114,144,8,46,8,0,19.0,7.58,18.0,40.35,14.25
S Tosic,T20I,12,144,260,8,51,2,0,24.0,10.83,32.5,35.42,18.0
AS van Beuge,ODI,6,181,159,8,87,2,0,30.2,5.27,19.88,48.07,22.62
Sajjida Shah,ODI,3,178,88,8,124,0,2,29.7,2.97,11.0,69.66,22.25
JK Mukhiya,T20I,9,132,154,8,59,5,0,22.0,7.0,19.25,44.7,16.5
JK Kamande,T20I,4,90,98,8,36,2,0,15.0,6.53,12.25,40.0,11.25
JG Bethell,T20I,6,93,142,8,32,3,0,15.5,9.16,17.75,34.41,11.62
JG Bethell,ODI,14,298,374,8,118,11,0,49.7,7.53,46.75,39.6,37.25
RN Lewis,ODI,9,385,335,8,174,3,4,64.2,5.22,41.88,45.19,48.12
A Mithun,IPL,16,297,477,8,95,15,9,49.5,9.64,59.62,31.99,37.12
DR Sams,T20I,10,180,307,8,60,8,0,30.0,10.23,38.38,33.33,22.5
B Dugic,T20I,10,133,242,8,45,12,1,22.2,10.92,30.25,33.83,16.62
B Doggett,Test,2,292,228,8,181,0,2,48.7,4.68,28.5,61.99,36.5
Sadamali Bhakshala,T20I,19,334,400,8,147,33,0,55.7,7.19,50.0,44.01,41.75
DR Smith,T20I,11,143,214,8,44,8,1,23.8,8.98,26.75,30.77,17.88
Baz Aybui,T20I,8,120,140,8,45,5,0,20.0,7.0,17.5,37.5,15.0
I Kamara,T20I,6,91,79,8,43,0,0,15.2,5.21,9.88,47.25,11.38
SKDT Madusanka,T20I,9,108,172,8,42,3,0,18.0,9.56,21.5,38.89,13.5
SK Lahiri,T20I,3,54,64,8,29,2,0,9.0,7.11,8.0,53.7,6.75
JP Greaves,ODI,12,456,521,8,220,16,0,76.0,6.86,65.12,48.25,57.0
Syed Aqeel Israr,T20I,9,154,156,8,69,9,1,25.7,6.08,19.5,44.81,19.25
Sufiyan Muqeem,ODI,4,223,186,8,114,3,1,37.2,5.0,23.25,51.12,27.88
DJG Sammy,PSL,15,155,253,8,35,5,1,25.8,9.79,31.62,22.58,19.38
NJ Astle,ODI,21,401,346,8,178,3,0,66.8,5.18,43.25,44.39,50.12
NJ Amongin,T20I,6,127,70,8,82,3,0,21.2,3.31,8.75,64.57,15.88
NB Mahwire,ODI,9,366,297,8,228,23,8,61.0,4.87,37.12,62.3,45.75
H Deshan,T20I,8,108,140,8,47,0,0,18.0,7.78,17.5,43.52,13.5
A Mohamed,T20I,11,172,158,8,83,11,0,28.7,5.51,19.75,48.26,21.5
KP Pietersen,ODI,22,389,368,8,179,14,0,64.8,5.68,46.0,46.02,48.62
T Muzarabani,ODI,6,252,195,8,159,4,1,42.0,4.64,24.38,63.1,31.5
T Musekiwa,T20I,5,109,105,8,49,4,1,18.2,5.78,13.12,44.95,13.62
JS Ndanu,T20I,18,232,231,8,119,24,0,38.7,5.97,28.88,51.29,29.0
SS Shukla,T20I,7,114,97,8,50,0,0,19.0,5.11,12.12,43.86,14.25
T Makusha,ODI,10,398,327,8,244,43,3,66.3,4.93,40.88,61.31,49.75
T Amarmend,T20I,10,182,282,8,56,20,6,30.3,9.3,35.25,30.77,22.75
CJ Dias,T20I,10,161,156,8,78,19,0,26.8,5.81,19.5,48.45,20.12
CJ Boyce,T20I,7,138,152,8,48,0,0,23.0,6.61,19.0,34.78,17.25
RS Quyn,T20I,15,327,299,8,167,10,0,54.5,5.49,37.38,51.07,40.88
D Bishoo,T20I,7,123,137,8,51,1,2,20.5,6.68,17.12,41.46,15.38
Marcelle Hanekom,T20I,8,128,181,8,42,13,2,21.3,8.48,22.62,32.81,16.0
D Wabwire,T20I,7,130,157,8,69,6,3,21.7,7.25,19.62,53.08,16.25
Agha Salman,PSL,20,211,297,8,63,4,0,35.2,8.45,37.12,29.86,26.38
LN McCarthy,T20I,9,192,183,8,92,6,0,32.0,5.72,22.88,47.92,24.0
A Levaci,T20I,6,93,102,8,53,12,3,15.5,6.58,12.75,56.99,11.62
H Khogiyani,T20I,11,200,247,8,80,7,2,33.3,7.41,30.88,40.0,25.0
Humaira Tasneem,T20I,6,65,68,8,30,2,0,10.8,6.28,8.5,46.15,8.12
DR Sams,PSL,10,205,348,8,61,12,1,34.2,10.19,43.5,29.76,25.62
P Pushparajan,T20I,8,116,145,8,50,2,0,19.3,7.5,18.12,43.1,14.5
Azhar Ali,Test,31,868,630,8,466,0,1,144.7,4.35,78.75,53.69,108.5
S Waqas Ahmed,T20I,8,138,156,8,52,6,0,23.0,6.78,19.5,37.68,17.25
Ali Yalmaz,T20I,7,102,161,8,32,7,0,17.0,9.47,20.12,31.37,12.75
AW Hawkins-Kay,T20I,9,132,168,8,54,3,0,22.0,7.64,21.0,40.91,16.5
AK Gonerara,T20I,10,148,167,8,78,21,4,24.7,6.77,20.88,52.7,18.5
GH Lewis,ODI,11,379,373,8,166,11,2,63.2,5.91,46.62,43.8,47.38
Yves Cyusa,T20I,11,186,204,8,79,6,0,31.0,6.58,25.5,42.47,23.25
Abdur Rauf,ODI,4,220,217,8,118,4,6,36.7,5.92,27.12,53.64,27.5
Abubacarr Kuyateh,T20I,8,150,211,8,69,15,0,25.0,8.44,26.38,46.0,18.75
JO Adedeji,T20I,13,204,223,8,83,1,0,34.0,6.56,27.88,40.69,25.5
JN Mohammed,ODI,16,440,342,8,220,2,0,73.3,4.66,42.75,50.0,55.0
APC Kilowan,ODI,4,198,66,8,168,11,0,33.0,2.0,8.25,84.85,24.75
AN Lascu,T20I,7,128,196,8,50,3,2,21.3,9.19,24.5,39.06,16.0
Mohammad Ashraful,T20I,8,139,211,8,35,4,1,23.2,9.11,26.38,25.18,17.38
ML Cummins,ODI,8,397,448,8,189,13,7,66.2,6.77,56.0,47.61,49.62
M Idambo,T20I,8,180,118,8,107,7,0,30.0,3.93,14.75,59.44,22.5
IMHC Joyce,ODI,8,375,233,8,238,8,5,62.5,3.73,29.12,63.47,46.88
AA Chavan,IPL,13,248,339,8,110,7,0,41.3,8.2,42.38,44.35,31.0
A Simelane,T20I,10,164,273,8,40,6,2,27.3,9.99,34.12,24.39,20.5
Zeeshan Goraya,T20I,9,144,223,8,77,7,0,24.0,9.29,27.88,53.47,18.0
HHC Gunaratne,ODI,4,198,169,8,119,7,0,33.0,5.12,21.12,60.1,24.75
D Pretorius,Test,3,480,260,7,379,1,0,80.0,3.25,37.14,78.96,68.57
D Ramani,T20I,6,126,183,7,55,18,0,21.0,8.71,26.14,43.65,18.0
Zahid Shah,ODI,2,120,103,7,60,8,0,20.0,5.15,14.71,50.0,17.14
Zulqarnain Haider,T20I,5,78,77,7,44,0,0,13.0,5.92,11.0,56.41,11.14
Zohaib Sarwar,T20I,9,135,199,7,44,9,2,22.5,8.84,28.43,32.59,19.29
HH Aung,T20I,8,138,104,7,76,12,0,23.0,4.52,14.86,55.07,19.71
PW Gunaratne,ODI,7,279,288,7,148,7,0,46.5,6.19,41.14,53.05,39.86
Pan Ei Phyu,T20I,10,136,124,7,68,9,0,22.7,5.47,17.71,50.0,19.43
Urooj Mumtaz,ODI,2,65,70,7,27,2,0,10.8,6.46,10.0,41.54,9.29
Guido Angeletti,T20I,5,94,97,7,46,8,0,15.7,6.19,13.86,48.94,13.43
Pargat Singh,ODI,6,173,142,7,93,2,0,28.8,4.92,20.29,53.76,24.71
AN Davidson-Richards,ODI,5,156,152,7,89,6,0,26.0,5.85,21.71,57.05,22.29
SMA Priyanjan,ODI,14,265,236,7,117,5,0,44.2,5.34,33.71,44.15,37.86
Adam Senn,T20I,12,242,253,7,122,5,2,40.3,6.27,36.14,50.41,34.57
SR Patel,Test,6,858,426,7,634,0,0,143.0,2.98,60.86,73.89,122.57
HF Gurney,IPL,8,163,239,7,51,6,1,27.2,8.8,34.14,31.29,23.29
D Pretorius,IPL,7,150,242,7,46,16,0,25.0,9.68,34.57,30.67,21.43
SB Martinez,T20I,5,113,78,7,85,23,6,18.8,4.14,11.14,75.22,16.14
SB Styris,Test,12,764,399,7,603,0,2,127.3,3.13,57.0,78.93,109.14
ED Silva,T20I,7,96,125,7,39,6,0,16.0,7.81,17.86,40.62,13.71
B Akhil,IPL,13,189,246,7,64,4,1,31.5,7.81,35.14,33.86,27.0
P Sarraf,ODI,10,322,257,7,174,4,0,53.7,4.79,36.71,54.04,46.0
Ramandeep Singh,IPL,6,56,95,7,14,10,0,9.3,10.18,13.57,25.0,8.0
D Dawa,T20I,5,84,107,7,34,8,0,14.0,7.64,15.29,40.48,12.0
MEK Hussey,Test,25,590,324,7,404,6,3,98.3,3.29,46.29,68.47,84.29
DA Marillier,ODI,9,360,269,7,182,9,0,60.0,4.48,38.43,50.56,51.43
Ayan Khan,T20I,26,276,389,7,101,14,0,46.0,8.46,55.57,36.59,39.43
T Kahamker,T20I,3,60,70,7,27,5,0,10.0,7.0,10.0,45.0,8.57
AG Weligamage,T20I,10,187,333,7,77,25,1,31.2,10.68,47.57,41.18,26.71
W O'Rourke,T20I,7,165,195,7,78,13,3,27.5,7.09,27.86,47.27,23.57
H Deol,T20I,9,110,141,7,37,3,2,18.3,7.69,20.14,33.64,15.71
Vaishnavi Sharma,T20I,5,115,121,7,41,2,1,19.2,6.31,17.29,35.65,16.43
P Taylor,T20I,4,84,115,7,25,1,0,14.0,8.21,16.43,29.76,12.0
Sufyan Mehmood,ODI,6,209,152,7,116,3,0,34.8,4.36,21.71,55.5,29.86
Swapnil Singh,IPL,14,163,241,7,39,2,1,27.2,8.87,34.43,23.93,23.29
KM Asif,IPL,7,135,232,7,46,8,2,22.5,10.31,33.14,34.07,19.29
RR Raje,IPL,10,140,214,7,41,4,1,23.3,9.17,30.57,29.29,20.0
RS Gayakwad,Test,4,725,299,7,581,0,0,120.8,2.47,42.71,80.14,103.57
Agha Salman,T20I,13,114,150,7,38,3,0,19.0,7.89,21.43,33.33,16.29
Hilva Noor,T20I,5,55,16,7,50,9,0,9.2,1.75,2.29,90.91,7.86
W Kokaua,T20I,4,61,106,7,21,7,1,10.2,10.43,15.14,34.43,8.71
JL Martel,T20I,3,66,61,7,30,2,0,11.0,5.55,8.71,45.45,9.43
T Sandaruwan,T20I,4,91,132,7,36,2,1,15.2,8.7,18.86,39.56,13.0
PA Hitchcock,ODI,7,296,258,7,172,8,14,49.3,5.23,36.86,58.11,42.29
PC Connell,ODI,4,180,199,7,94,7,0,30.0,6.63,28.43,52.22,25.71
PC Valthaty,IPL,10,151,207,7,46,2,0,25.2,8.23,29.57,30.46,21.57
BS Stephenson,T20I,7,147,176,7,73,7,3,24.5,7.18,25.14,49.66,21.0
Baseer Khan,T20I,6,126,160,7,51,8,0,21.0,7.62,22.86,40.48,18.0
LK Bennett,T20I,5,108,98,7,54,10,0,18.0,5.44,14.0,50.0,15.43
W Madhevere,Test,6,396,260,7,269,0,0,66.0,3.94,37.14,67.93,56.57
A Mesarovic,T20I,7,148,129,7,82,22,8,24.7,5.23,18.43,55.41,21.14
Amal Jacob,T20I,10,186,247,7,68,19,0,31.0,7.97,35.29,36.56,26.57
Amjad Javed,ODI,13,511,522,7,277,15,1,85.2,6.13,74.57,54.21,73.0
Rameen Shamim,T20I,11,235,278,7,85,3,0,39.2,7.1,39.71,36.17,33.57
S Sugaya-Slater,T20I,10,149,199,7,59,13,0,24.8,8.01,28.43,39.6,21.29
KK Cooper,PSL,6,104,165,7,40,4,2,17.3,9.52,23.57,38.46,14.86
Syeda Aroob Shah,ODI,5,221,180,7,115,3,0,36.8,4.89,25.71,52.04,31.57
J Mulder,T20I,3,72,62,7,32,2,0,12.0,5.17,8.86,44.44,10.29
RN Patel,T20I,7,50,53,7,23,0,0,8.3,6.36,7.57,46.0,7.14
TD Astle,T20I,5,78,119,7,27,1,0,13.0,9.15,17.0,34.62,11.14
J Dzulfikar,T20I,7,101,73,7,67,6,0,16.8,4.34,10.43,66.34,14.43
Sachin Kumar,T20I,9,136,210,7,37,6,4,22.7,9.26,30.0,27.21,19.43
Jay Odedra,T20I,11,180,225,7,68,2,0,30.0,7.5,32.14,37.78,25.71
Faisal Akram,ODI,4,177,122,7,97,1,0,29.5,4.14,17.43,54.8,25.29
Mohammed Qasim,T20I,3,66,62,7,34,4,0,11.0,5.64,8.86,51.52,9.43
JJ Krejza,ODI,8,425,340,7,205,5,0,70.8,4.8,48.57,48.24,60.71
MM Penfold,T20I,11,160,206,7,71,18,1,26.7,7.72,29.43,44.38,22.86
KIC Asalanka,T20I,16,190,252,7,59,3,0,31.7,7.96,36.0,31.05,27.14
Rabbjyot Rajput,T20I,10,126,103,7,72,5,0,21.0,4.9,14.71,57.14,18.0
Rakibul Hasan,T20I,7,126,149,7,48,1,0,21.0,7.1,21.29,38.1,18.0
Bilawal Bhatti,ODI,10,410,448,7,211,10,1,68.3,6.56,64.0,51.46,58.57
P Amarnath,IPL,6,132,241,7,34,0,0,22.0,10.95,34.43,25.76,18.86
P Cabebula,T20I,5,99,116,7,47,11,0,16.5,7.03,16.57,47.47,14.14
P Dakainivanua,T20I,5,120,113,7,54,1,0,20.0,5.65,16.14,45.0,17.14
C de Grandhomme,IPL,19,218,323,7,62,12,2,36.3,8.89,46.14,28.44,31.14
NKD Murtiari,T20I,5,97,21,7,88,4,1,16.2,1.3,3.0,90.72,13.86
G Madanayake,T20I,8,126,112,7,73,32,5,21.0,5.33,16.0,57.94,18.0
N Mutasa,T20I,4,72,46,7,50,5,0,12.0,3.83,6.57,69.44,10.29
CC van Slobbe,T20I,5,105,91,7,51,8,0,17.5,5.2,13.0,48.57,15.0
DJ Willey,IPL,11,216,277,7,84,5,0,36.0,7.69,39.57,38.89,30.86
J Danikula,T20I,5,114,156,7,54,4,0,19.0,8.21,22.29,47.37,16.29
MW Parkinson,T20I,6,120,201,7,32,5,0,20.0,10.05,28.71,26.67,17.14
LA Goncalves,T20I,4,74,61,7,46,5,2,12.3,4.95,8.71,62.16,10.57
Vikramjit Singh,ODI,14,247,261,7,131,10,1,41.2,6.34,37.29,53.04,35.29
Hussain Talat,T20I,8,74,108,7,24,5,2,12.3,8.76,15.43,32.43,10.57
I Asif,T20I,5,69,90,7,22,4,1,11.5,7.83,12.86,31.88,9.86
Mushfiqur Rahman,Test,4,500,342,7,370,0,5,83.3,4.1,48.86,74.0,71.43
JF Kloppenburg,ODI,4,189,138,7,96,3,1,31.5,4.38,19.71,50.79,27.0
AS Hansra,T20I,6,90,94,7,31,1,0,15.0,6.27,13.43,34.44,12.86
Ritik Tomar,T20I,13,186,272,7,66,15,0,31.0,8.77,38.86,35.48,26.57
M Martinez,T20I,14,254,238,7,136,25,7,42.3,5.62,34.0,53.54,36.29
OJ Webster,T20I,5,115,132,7,50,2,1,19.2,6.89,18.86,43.48,16.43
LS Baker,ODI,6,271,225,7,156,4,1,45.2,4.98,32.14,57.56,38.71
DVD Madampage,T20I,7,132,197,7,60,10,0,22.0,8.95,28.14,45.45,18.86
LC Sthalekar,T20I,9,192,171,7,92,4,0,32.0,5.34,24.43,47.92,27.43
A Mongar,T20I,7,86,84,7,39,2,0,14.3,5.86,12.0,45.35,12.29
A Munisar,ODI,8,306,239,7,173,7,0,51.0,4.69,34.14,56.54,43.71
I Muntean,T20I,6,125,136,7,62,31,5,20.8,6.53,19.43,49.6,17.86
H Chamto,T20I,12,198,175,7,94,12,0,33.0,5.3,25.0,47.47,28.29
V Shankar,T20I,6,128,191,7,39,7,2,21.3,8.95,27.29,30.47,18.29
BM Wheeler,T20I,6,130,216,7,53,10,2,21.7,9.97,30.86,40.77,18.57
Arun Yadav,T20I,6,78,110,7,37,2,0,13.0,8.46,15.71,47.44,11.14
Ehsan Adil,PSL,5,119,172,7,50,7,0,19.8,8.67,24.57,42.02,17.0
KD Shah,ODI,3,110,79,7,53,0,0,18.3,4.31,11.29,48.18,15.71
S Austin,T20I,5,78,82,7,37,8,0,13.0,6.31,11.71,47.44,11.14
Aslam Bera,T20I,9,168,212,7,66,5,1,28.0,7.57,30.29,39.29,24.0
S Channa,T20I,7,143,136,7,80,11,5,23.8,5.71,19.43,55.94,20.43
S Chaudhary,T20I,9,131,190,7,68,21,1,21.8,8.7,27.14,51.91,18.71
Elias Sunny,T20I,4,78,89,7,35,0,0,13.0,6.85,12.71,44.87,11.14
S Crowie,T20I,6,105,97,7,56,0,0,17.5,5.54,13.86,53.33,15.0
Kainat Imtiaz,ODI,12,426,465,7,199,25,0,71.0,6.55,66.43,46.71,60.86
B Siddharth,ODI,6,263,190,7,166,8,0,43.8,4.33,27.14,63.12,37.57
B Stanlake,IPL,6,144,200,7,64,6,0,24.0,8.33,28.57,44.44,20.57
Ma Qiancheng,T20I,8,149,180,7,75,14,0,24.8,7.25,25.71,50.34,21.29
Joyleen Kaur,T20I,7,137,136,7,67,6,0,22.8,5.96,19.43,48.91,19.57
SC Getkate,ODI,4,192,146,7,113,2,0,32.0,4.56,20.86,58.85,27.43
Saad Masood,PSL,9,177,260,7,48,7,3,29.5,8.81,37.14,27.12,25.29
Malyun Yusuf,T20I,4,67,57,7,43,17,1,11.2,5.1,8.14,64.18,9.57
RD Chahar,T20I,6,133,173,7,50,4,1,22.2,7.8,24.71,37.59,19.0
GM Harris,T20I,10,150,139,7,60,4,0,25.0,5.56,19.86,40.0,21.43
TR Sadhu,ODI,8,368,312,7,225,14,0,61.3,5.09,44.57,61.14,52.57
TL Best,T20I,6,120,167,7,54,7,0,20.0,8.35,23.86,45.0,17.14
R Shukla,IPL,7,123,217,7,44,7,3,20.5,10.59,31.0,35.77,17.57
R Slater,ODI,5,186,145,7,120,13,2,31.0,4.68,20.71,64.52,26.57
R Smith,T20I,7,108,137,7,40,7,0,18.0,7.61,19.57,37.04,15.43
R Ugarkar,ODI,3,115,85,7,81,6,0,19.2,4.43,12.14,70.43,16.43
E Prokic,T20I,9,133,144,7,53,23,15,22.2,6.5,20.57,39.85,19.0
B Shotorova,T20I,9,158,193,7,77,52,9,26.3,7.33,27.57,48.73,22.57
TL Suman,IPL,11,152,198,7,44,0,2,25.3,7.82,28.29,28.95,21.71
TD Astle,Test,5,667,372,7,456,0,0,111.2,3.35,53.14,68.37,95.29
Shahid Aziz,PSL,6,72,104,7,24,5,0,12.0,8.67,14.86,33.33,10.29
Brijesh Sharma,IPL,7,138,215,7,43,10,1,23.0,9.35,30.71,31.16,19.71
OA Shah,ODI,10,193,184,7,74,6,0,32.2,5.72,26.29,38.34,27.57
LS Simelane,T20I,7,134,226,7,39,38,2,22.3,10.12,32.29,29.1,19.14
OF Smith,IPL,6,91,179,7,36,4,1,15.2,11.8,25.57,39.56,13.0
O Amarjargal,T20I,12,173,178,7,74,28,2,28.8,6.17,25.43,42.77,24.71
XJ Doherty,Test,4,918,566,7,678,0,0,153.0,3.7,80.86,73.86,131.14
Y Fourie,ODI,6,223,151,7,145,13,1,37.2,4.06,21.57,65.02,31.86
JM Watkin,T20I,7,123,133,7,59,3,0,20.5,6.49,19.0,47.97,17.57
TG Norris,ODI,5,252,191,7,159,16,0,42.0,4.55,27.29,63.1,36.0
TJ Vlaeminck,ODI,7,265,190,7,187,26,1,44.2,4.3,27.14,70.57,37.86
BK Stroud,T20I,12,216,214,7,119,5,0,36.0,5.94,30.57,55.09,30.86
L Ramjit,T20I,6,108,81,7,61,3,0,18.0,4.5,11.57,56.48,15.43
L Siaka,T20I,8,91,103,7,31,3,1,15.2,6.79,14.71,34.07,13.0
V Jatinder Kumar,T20I,9,180,236,7,79,3,0,30.0,7.87,33.71,43.89,25.71
V Kohli,ODI,50,664,681,7,240,7,2,110.7,6.15,97.29,36.14,94.86
V Mahajan,T20I,11,198,172,7,105,8,0,33.0,5.21,24.57,53.03,28.29
PKM Mahawattage,T20I,10,179,170,7,88,8,1,29.8,5.7,24.29,49.16,25.57
XC Bartlett,IPL,12,239,433,7,75,7,1,39.8,10.87,61.86,31.38,34.14
Chaudhary Akram,T20I,6,85,107,7,27,1,1,14.2,7.55,15.29,31.76,12.14
S Dube,IPL,17,142,260,7,31,7,0,23.7,10.99,37.14,21.83,20.29
SP Gauchan,T20I,6,138,127,7,76,1,0,23.0,5.52,18.14,55.07,19.71
CT Mutombodzi,T20I,8,138,171,7,50,2,0,23.0,7.43,24.43,36.23,19.71
CP Tremain,ODI,4,240,257,7,112,9,0,40.0,6.42,36.71,46.67,34.29
Y Fourie,T20I,8,108,124,7,43,6,0,18.0,6.89,17.71,39.81,15.43
A Khan,T20I,9,137,150,7,70,7,0,22.8,6.57,21.43,51.09,19.57
Waqar Younis,ODI,4,183,181,7,108,6,2,30.5,5.93,25.86,59.02,26.14
Akhil Kumar,ODI,5,188,155,7,110,9,1,31.3,4.95,22.14,58.51,26.86
Akif Javed,ODI,3,171,177,7,96,13,3,28.5,6.21,25.29,56.14,24.43
AB de Villiers,ODI,9,192,205,7,88,9,0,32.0,6.41,29.29,45.83,27.43
R Rohmalia,T20I,2,38,9,7,35,5,0,6.3,1.42,1.29,92.11,5.43
B Stanlake,ODI,7,354,330,7,203,5,0,59.0,5.59,47.14,57.34,50.57
E Kuncova,T20I,14,253,301,7,106,49,7,42.2,7.14,43.0,41.9,36.14
E Marx,ODI,9,336,309,7,204,30,0,56.0,5.52,44.14,60.71,48.0
HN Ya France,T20I,15,174,192,7,67,3,0,29.0,6.62,27.43,38.51,24.86
Younis Khan,Test,20,596,366,7,418,2,8,99.3,3.68,52.29,70.13,85.14
JDS Neesham,PSL,9,162,244,7,54,2,0,27.0,9.04,34.86,33.33,23.14
S Gasteratos,T20I,3,53,55,7,31,9,0,8.8,6.23,7.86,58.49,7.57
S Gimhani,T20I,7,109,127,7,52,4,1,18.2,6.99,18.14,47.71,15.57
Luca Petre,T20I,9,107,187,7,42,24,0,17.8,10.49,26.71,39.25,15.29
Noor Ahmad,PSL,8,186,257,7,69,20,0,31.0,8.29,36.71,37.1,26.57
Nouman Sarwar,T20I,6,96,144,7,38,4,0,16.0,9.0,20.57,39.58,13.71
HS Baidwan,T20I,7,127,162,7,54,6,1,21.2,7.65,23.14,42.52,18.14
Imran Yousaf,T20I,6,120,129,7,63,4,0,20.0,6.45,18.43,52.5,17.14
Inshaf Farook,T20I,5,102,93,7,50,9,0,17.0,5.47,13.29,49.02,14.57
MO Odumbe,ODI,8,360,307,7,169,4,0,60.0,5.12,43.86,46.94,51.43
MJ Hoggard,ODI,9,463,468,7,237,8,9,77.2,6.06,66.86,51.19,66.14
Tanveer Ahmed,ODI,6,229,213,7,127,6,0,38.2,5.58,30.43,55.46,32.71
L Balaji,Test,2,418,273,7,327,4,4,69.7,3.92,39.0,78.23,59.71
E Jabarkhel,T20I,8,187,252,7,83,15,3,31.2,8.09,36.0,44.39,26.71
DJ Mitchell,PSL,11,144,247,7,31,7,1,24.0,10.29,35.29,21.53,20.57
MC Henriques,T20I,10,138,198,7,47,4,0,23.0,8.61,28.29,34.06,19.71
CS Martin,ODI,10,512,416,7,315,6,2,85.3,4.88,59.43,61.52,73.14
AM Salvi,IPL,7,150,205,7,61,6,0,25.0,8.2,29.29,40.67,21.43
M Ansari,T20I,6,138,203,7,55,6,0,23.0,8.83,29.0,39.86,19.71
K Srandeva,T20I,13,215,281,7,99,52,17,35.8,7.84,40.14,46.05,30.71
Sidhant Singh,T20I,8,138,219,7,38,12,0,23.0,9.52,31.29,27.54,19.71
Mujeeb Ur Rahman,PSL,11,264,385,7,96,7,0,44.0,8.75,55.0,36.36,37.71
Mukesh Kumar,Test,3,295,184,7,228,1,11,49.2,3.74,26.29,77.29,42.14
Nazwan Ismail,T20I,6,104,189,7,27,8,0,17.3,10.9,27.0,25.96,14.86
M Biu,T20I,11,215,225,7,96,9,1,35.8,6.28,32.14,44.65,30.71
DM Kimmince,ODI,5,142,96,7,87,4,0,23.7,4.06,13.71,61.27,20.29
GP Tom,ODI,9,291,196,7,187,12,3,48.5,4.04,28.0,64.26,41.57
Tauqeer Hussain,T20I,4,51,56,7,21,1,0,8.5,6.59,8.0,41.18,7.29
D Saxena,T20I,7,108,103,7,59,8,0,18.0,5.72,14.71,54.63,15.43
MV Matsau,T20I,8,93,157,7,27,6,1,15.5,10.13,22.43,29.03,13.29
L Balaji,T20I,4,75,104,7,31,0,0,12.5,8.32,14.86,41.33,10.71
Ahmed Baladraf,T20I,4,78,84,7,35,0,0,13.0,6.46,12.0,44.87,11.14
Jahandad Khan,T20I,8,109,211,7,38,2,1,18.2,11.61,30.14,34.86,15.57
SSB Magala,T20I,6,127,230,7,38,6,7,21.2,10.87,32.86,29.92,18.14
A Das,ODI,3,165,119,7,95,1,0,27.5,4.33,17.0,57.58,23.57
HC Knight,Test,8,419,179,7,320,0,0,69.8,2.56,25.57,76.37,59.86
GB Hogg,T20I,15,294,381,7,108,6,0,49.0,7.78,54.43,36.73,42.0
AM Guruge,ODI,4,171,138,7,110,3,0,28.5,4.84,19.71,64.33,24.43
JC Tredwell,T20I,15,317,422,7,97,1,0,52.8,7.99,60.29,30.6,45.29
Shivam Mavi,T20I,6,85,124,7,33,5,1,14.2,8.75,17.71,38.82,12.14
S Pillai,T20I,11,227,238,7,121,17,0,37.8,6.29,34.0,53.3,32.43
Aakash Chand,T20I,3,61,85,7,25,4,1,10.2,8.36,12.14,40.98,8.71
JL Denly,T20I,6,72,99,7,27,1,0,12.0,8.25,14.14,37.5,10.29
IC Simao,T20I,9,193,249,7,77,6,1,32.2,7.74,35.57,39.9,27.57
V Dhaniram,T20I,6,132,93,7,76,1,0,22.0,4.23,13.29,57.58,18.86
Umm-e-Hani,T20I,9,191,198,7,82,2,0,31.8,6.22,28.29,42.93,27.29
M Ntini,T20I,10,192,302,7,77,6,0,32.0,9.44,43.14,40.1,27.43
NA Saini,ODI,7,393,458,7,185,10,3,65.5,6.99,65.43,47.07,56.14
PP Chawla,Test,3,494,285,7,368,0,2,82.3,3.46,40.71,74.49,70.57
F de Wet,Test,2,436,189,7,341,1,10,72.7,2.6,27.0,78.21,62.29
CW Perchard,ODI,4,211,174,7,122,5,1,35.2,4.95,24.86,57.82,30.14
F Copley,T20I,4,81,46,7,50,4,0,13.5,3.41,6.57,61.73,11.57
S Miyaji,T20I,10,212,191,7,98,1,0,35.3,5.41,27.29,46.23,30.29
Y Jasti,T20I,6,106,101,7,56,6,0,17.7,5.72,14.43,52.83,15.14
H Satheedevi,T20I,8,123,200,7,47,11,3,20.5,9.76,28.57,38.21,17.57
Y Venugopal Rao,IPL,20,216,338,7,60,6,0,36.0,9.39,48.29,27.78,30.86
M Gouws,T20I,9,158,243,7,60,9,0,26.3,9.23,34.71,37.97,22.57
C Tchale,T20I,10,174,262,7,63,13,0,29.0,9.03,37.43,36.21,24.86
C Raack,ODI,4,201,120,7,118,10,3,33.5,3.58,17.14,58.71,28.71
C Murrombe,T20I,6,112,154,7,33,10,1,18.7,8.25,22.0,29.46,16.0
AAP Atkinson,T20I,4,66,123,7,23,1,1,11.0,11.18,17.57,34.85,9.43
BJ Dwarshuis,PSL,7,126,224,7,57,9,0,21.0,10.67,32.0,45.24,18.0
R Abdulrasak,T20I,7,128,85,7,83,2,0,21.3,3.98,12.14,64.84,18.29
GS Sequeira,T20I,3,70,55,7,40,4,0,11.7,4.71,7.86,57.14,10.0
Abhishek Sharma,T20I,19,165,240,7,46,2,0,27.5,8.73,34.29,27.88,23.57
JT Smuts,T20I,17,289,353,7,95,2,0,48.2,7.33,50.43,32.87,41.29
L Sormus,T20I,8,181,174,7,81,17,25,30.2,5.77,24.86,44.75,25.86
M Zondeki,ODI,8,367,338,7,223,17,1,61.2,5.53,48.29,60.76,52.43
Amir Hayat,T20I,4,85,106,7,38,1,1,14.2,7.48,15.14,44.71,12.14
G Venkateswaran,T20I,9,146,239,7,47,1,0,24.3,9.82,34.14,32.19,20.86
Shahab Alam,T20I,8,138,223,7,49,1,0,23.0,9.7,31.86,35.51,19.71
S Nitschke,Test,4,664,206,7,561,4,0,110.7,1.86,29.43,84.49,94.86
M Kadyan,T20I,9,156,236,7,71,26,0,26.0,9.08,33.71,45.51,22.29
Amoluk Singh,T20I,10,126,136,7,62,5,0,21.0,6.48,19.43,49.21,18.0
Andre Jarju,T20I,8,145,248,7,46,12,1,24.2,10.26,35.43,31.72,20.71
JL Aras,T20I,11,132,136,7,69,14,0,22.0,6.18,19.43,52.27,18.86
MJG Rippon,ODI,6,240,202,7,124,2,0,40.0,5.05,28.86,51.67,34.29
HL Harji,T20I,9,150,194,7,61,6,0,25.0,7.76,27.71,40.67,21.43
ZXM Vukusic,T20I,7,130,193,7,61,6,1,21.7,8.91,27.57,46.92,18.57
M Jobarteh,T20I,8,142,250,7,70,34,1,23.7,10.56,35.71,49.3,20.29
Haider Ali,ODI,8,462,307,7,282,2,0,77.0,3.99,43.86,61.04,66.0
Yasir Mohammad,ODI,7,252,249,7,125,1,0,42.0,5.93,35.57,49.6,36.0
D Mullen,T20I,6,123,154,7,54,4,0,20.5,7.51,22.0,43.9,17.57
D Ruynekova,T20I,9,138,172,7,59,38,10,23.0,7.48,24.57,42.75,19.71
Zeeshan Ali,T20I,5,90,121,6,46,9,0,15.0,8.07,20.17,51.11,15.0
MK Anafie,T20I,6,90,107,6,48,3,0,15.0,7.13,17.83,53.33,15.0
Z Shurentsetseg,T20I,10,138,233,6,29,8,5,23.0,10.13,38.83,21.01,23.0
Zabiullah Zahid,T20I,7,155,144,6,87,9,0,25.8,5.57,24.0,56.13,25.83
S Nair,T20I,6,132,122,6,64,8,0,22.0,5.55,20.33,48.48,22.0
K Khejroliya,IPL,8,141,250,6,40,7,2,23.5,10.64,41.67,28.37,23.5
S Sadarangani,T20I,10,173,190,6,78,24,2,28.8,6.59,31.67,45.09,28.83
S Rukmal,T20I,12,234,284,6,118,16,0,39.0,7.28,47.33,50.43,39.0
A Capsey,T20I,15,156,189,6,62,9,0,26.0,7.27,31.5,39.74,26.0
NR Kumar,T20I,11,156,167,6,63,0,0,26.0,6.42,27.83,40.38,26.0
NM Sheikh,T20I,6,97,73,6,58,5,1,16.2,4.52,12.17,59.79,16.17
NM Meepage,ODI,4,198,117,6,127,0,0,33.0,3.55,19.5,64.14,33.0
Nazmul Islam,ODI,4,216,197,6,110,2,0,36.0,5.47,32.83,50.93,36.0
M Gorases,T20I,6,60,78,6,22,4,0,10.0,7.8,13.0,36.67,10.0
H Rashid,T20I,7,132,178,6,57,3,0,22.0,8.09,29.67,43.18,22.0
S Mahmood,Test,2,373,145,6,292,0,7,62.2,2.33,24.17,78.28,62.17
Mohammad Ali,Test,4,632,420,6,427,1,8,105.3,3.99,70.0,67.56,105.33
GC Tonge,ODI,5,302,229,6,171,5,2,50.3,4.55,38.17,56.62,50.33
GC Smith,Test,19,915,625,6,583,1,5,152.5,4.1,104.17,63.72,152.5
Ammar Khalid,ODI,4,199,152,6,120,4,1,33.2,4.58,25.33,60.3,33.17
Tariq Aziz,T20I,3,72,63,6,33,6,0,12.0,5.25,10.5,45.83,12.0
AB Agarkar,Test,3,544,341,6,405,5,9,90.7,3.76,56.83,74.45,90.67
M Musinguzi,T20I,6,77,85,6,32,2,0,12.8,6.62,14.17,41.56,12.83
N Tyagi,T20I,7,120,167,6,46,11,0,20.0,8.35,27.83,38.33,20.0
N Tokizawa,T20I,6,113,83,6,71,14,0,18.8,4.41,13.83,62.83,18.83
N Sitompul,T20I,3,70,44,6,44,8,0,11.7,3.77,7.33,62.86,11.67
IE O'Brien,T20I,4,78,119,6,31,0,0,13.0,9.15,19.83,39.74,13.0
L Paul,ODI,20,519,456,6,253,29,8,86.5,5.27,76.0,48.75,86.5
Qanita Jalil,ODI,10,306,171,6,222,17,0,51.0,3.35,28.5,72.55,51.0
DE Burgess,T20I,8,101,132,6,42,2,0,16.8,7.84,22.0,41.58,16.83
SG Whittingham,ODI,4,212,192,6,127,14,3,35.3,5.43,32.0,59.91,35.33
Fariha Trisna,ODI,8,235,191,6,148,9,0,39.2,4.88,31.83,62.98,39.17
Aizaz Cheema,PSL,5,105,138,6,37,2,3,17.5,7.89,23.0,35.24,17.5
Ahsan Khan,T20I,10,128,235,6,51,13,2,21.3,11.02,39.17,39.84,21.33
L Hamilton,T20I,4,72,54,6,41,2,0,12.0,4.5,9.0,56.94,12.0
BG Lister,ODI,4,216,228,6,100,5,0,36.0,6.33,38.0,46.3,36.0
M Robinson,T20I,3,60,56,6,26,8,1,10.0,5.6,9.33,43.33,10.0
M Ramafifi,T20I,8,144,130,6,87,15,1,24.0,5.42,21.67,60.42,24.0
R Malhotra,T20I,5,72,72,6,27,2,0,12.0,6.0,12.0,37.5,12.0
R Drake,T20I,13,161,279,6,66,18,5,26.8,10.4,46.5,40.99,26.83
R Dhakal,T20I,8,157,214,6,63,8,1,26.2,8.18,35.67,40.13,26.17
R Muriyalo,T20I,6,109,71,6,69,9,2,18.2,3.91,11.83,63.3,18.17
TS Braat,T20I,5,85,136,6,31,4,1,14.2,9.6,22.67,36.47,14.17
Imran Haider,T20I,9,146,205,6,50,5,2,24.3,8.42,34.17,34.25,24.33
MO Jones,ODI,6,267,265,6,146,13,2,44.5,5.96,44.17,54.68,44.5
Aarti Priya,T20I,6,123,143,6,53,26,3,20.5,6.98,23.83,43.09,20.5
SJ Coyte,Test,3,523,139,6,449,0,0,87.2,1.59,23.17,85.85,87.17
SL Pujare,ODI,2,120,46,6,91,2,0,20.0,2.3,7.67,75.83,20.0
BJ Bennett,T20I,16,141,193,6,56,4,1,23.5,8.21,32.17,39.72,23.5
BE Hendricks,Test,1,231,181,6,144,2,0,38.5,4.7,30.17,62.34,38.5
BD Glover,ODI,7,325,343,6,188,49,1,54.2,6.33,57.17,57.85,54.17
D Hemalatha,ODI,10,218,193,6,119,1,0,36.3,5.31,32.17,54.59,36.33
TMM Newton,ODI,9,337,251,6,204,17,1,56.2,4.47,41.83,60.53,56.17
R Sharma,ODI,4,206,178,6,98,2,0,34.3,5.18,29.67,47.57,34.33
R Sathish,IPL,14,139,233,6,31,5,0,23.2,10.06,38.83,22.3,23.17
V Puthur,IPL,5,72,109,6,24,1,0,12.0,9.08,18.17,33.33,12.0
PRP Boissevain,T20I,6,138,198,6,51,2,0,23.0,8.61,33.0,36.96,23.0
TS Chisoro,Test,3,693,336,6,515,1,0,115.5,2.91,56.0,74.31,115.5
BB Sran,T20I,2,49,46,6,33,4,1,8.2,5.63,7.67,67.35,8.17
R Sandeep,T20I,12,176,163,6,94,7,0,29.3,5.56,27.17,53.41,29.33
R Rijke,ODI,4,156,110,6,96,11,0,26.0,4.23,18.33,61.54,26.0
Khushdil Shah,T20I,9,97,117,6,40,4,0,16.2,7.24,19.5,41.24,16.17
Imran Ahmed Kaneez,T20I,7,123,133,6,73,11,0,20.5,6.49,22.17,59.35,20.5
SD Valjalo,T20I,5,90,134,6,42,3,0,15.0,8.93,22.33,46.67,15.0
Alam Nakash,T20I,9,127,147,6,53,4,0,21.2,6.94,24.5,41.73,21.17
TM Faimalo,T20I,2,44,30,6,29,9,2,7.3,4.09,5.0,65.91,7.33
J Albin,T20I,11,168,305,6,47,18,0,28.0,10.89,50.83,27.98,28.0
N Pooran,ODI,7,173,174,6,67,5,4,28.8,6.03,29.0,38.73,28.83
B Lewis,T20I,5,78,75,6,45,1,0,13.0,5.77,12.5,57.69,13.0
V Sehwag,IPL,15,137,236,6,45,1,1,22.8,10.34,39.33,32.85,22.83
VS Malik,IPL,13,207,268,6,88,5,2,34.5,7.77,44.67,42.51,34.5
VR Iyer,T20I,4,55,75,6,19,1,0,9.2,8.18,12.5,34.55,9.17
MG Bracewell,IPL,5,66,95,6,26,0,0,11.0,8.64,15.83,39.39,11.0
Sabbir Rahman,T20I,8,67,78,6,25,2,0,11.2,6.99,13.0,37.31,11.17
SC Kuggeleijn,Test,3,355,316,6,219,9,1,59.2,5.34,52.67,61.69,59.17
FH Edwards,IPL,6,141,160,6,75,9,1,23.5,6.81,26.67,53.19,23.5
Jaskaran Singh,IPL,7,106,174,6,42,5,4,17.7,9.85,29.0,39.62,17.67
RA Reifer,ODI,5,162,150,6,68,4,1,27.0,5.56,25.0,41.98,27.0
TH David,T20I,11,164,257,6,52,5,0,27.3,9.4,42.83,31.71,27.33
Izatullah Dawlatzai,T20I,7,146,155,6,70,4,1,24.3,6.37,25.83,47.95,24.33
TLW Cooper,ODI,13,311,282,6,158,4,0,51.8,5.44,47.0,50.8,51.83
Kerry Fraser,T20I,5,91,95,6,31,15,1,15.2,6.26,15.83,34.07,15.17
AC Voges,ODI,13,241,240,6,94,6,0,40.2,5.98,40.0,39.0,40.17
GM Ewing,ODI,6,270,186,6,135,3,0,45.0,4.13,31.0,50.0,45.0
B Kasinja,T20I,8,144,100,6,83,6,0,24.0,4.17,16.67,57.64,24.0
Kamal Soukhiya,T20I,6,132,198,6,58,24,0,22.0,9.0,33.0,43.94,22.0
LAR Bommareddy,T20I,8,136,144,6,70,23,4,22.7,6.35,24.0,51.47,22.67
PHKD Mendis,T20I,15,175,238,6,54,3,1,29.2,8.16,39.67,30.86,29.17
PHKD Mendis,ODI,15,300,330,6,128,10,0,50.0,6.6,55.0,42.67,50.0
A Obulor,T20I,6,102,111,6,45,7,0,17.0,6.53,18.5,44.12,17.0
I Elec,T20I,7,114,127,6,52,3,0,19.0,6.68,21.17,45.61,19.0
Vikramjit Singh,T20I,8,101,169,6,26,1,2,16.8,10.04,28.17,25.74,16.83
Vichanath Singh,T20I,11,213,205,6,94,4,0,35.5,5.77,34.17,44.13,35.5
MW Jones,T20I,3,60,79,6,25,4,0,10.0,7.9,13.17,41.67,10.0
MJ Clarke,T20I,15,156,227,6,46,3,0,26.0,8.73,37.83,29.49,26.0
J Cutinho,T20I,4,48,60,6,25,2,0,8.0,7.5,10.0,52.08,8.0
J Buchanan,T20I,8,151,162,6,57,4,1,25.2,6.44,27.0,37.75,25.17
J Blades,T20I,6,120,181,6,55,11,1,20.0,9.05,30.17,45.83,20.0
RJ Nicol,T20I,13,123,169,6,43,6,0,20.5,8.24,28.17,34.96,20.5
B Maes Loch,T20I,4,84,54,6,54,12,0,14.0,3.86,9.0,64.29,14.0
KMDN Kulasekara,IPL,5,102,122,6,47,5,0,17.0,7.18,20.33,46.08,17.0
LJ Payas,T20I,7,104,102,6,51,24,6,17.3,5.88,17.0,49.04,17.33
LJ Burger,ODI,6,331,300,6,170,5,1,55.2,5.44,50.0,51.36,55.17
Bashar Khan,T20I,4,76,52,6,46,1,1,12.7,4.11,8.67,60.53,12.67
Baljit Singh,T20I,7,120,118,6,56,4,0,20.0,5.9,19.67,46.67,20.0
PC Connell,T20I,4,73,75,6,42,2,1,12.2,6.16,12.5,57.53,12.17
PA Desai,ODI,4,181,115,6,118,0,1,30.2,3.81,19.17,65.19,30.17
B Gaanamong,T20I,4,70,73,6,22,5,10,11.7,6.26,12.17,31.43,11.67
M de Lange,IPL,5,110,171,6,41,6,2,18.3,9.33,28.5,37.27,18.33
KT Sandher,ODI,4,210,172,6,113,3,0,35.0,4.91,28.67,53.81,35.0
KT Maphaka,ODI,3,131,199,6,65,12,0,21.8,9.11,33.17,49.62,21.83
KS Williamson,T20I,12,118,164,6,34,2,0,19.7,8.34,27.33,28.81,19.67
T Thushara,T20I,5,114,162,6,42,8,0,19.0,8.53,27.0,36.84,19.0
GJ Delany,ODI,11,348,374,6,139,3,0,58.0,6.45,62.33,39.94,58.0
J Dowling,T20I,7,100,125,6,45,7,4,16.7,7.5,20.83,45.0,16.67
TCW Veillard,T20I,3,72,80,6,31,1,0,12.0,6.67,13.33,43.06,12.0
Saeed Waqar Ali,T20I,9,140,260,6,51,13,2,23.3,11.14,43.33,36.43,23.33
AV Lalcheta,T20I,11,228,263,6,110,1,0,38.0,6.92,43.83,48.25,38.0
P Pratt,T20I,4,74,69,6,44,8,2,12.3,5.59,11.5,59.46,12.33
NH Patel,T20I,4,96,58,6,59,2,0,16.0,3.62,9.67,61.46,16.0
P Subrayen,Test,2,328,180,6,224,0,0,54.7,3.29,30.0,68.29,54.67
A Ndiraya,T20I,4,44,26,6,21,0,0,7.3,3.55,4.33,47.73,7.33
I Nandakumar,ODI,3,156,118,6,83,1,0,26.0,4.54,19.67,53.21,26.0
W O'Rourke,IPL,3,62,132,6,15,2,0,10.3,12.77,22.0,24.19,10.33
TA Copeland,Test,3,648,233,6,541,1,0,108.0,2.16,38.83,83.49,108.0
E Waithaka,T20I,7,145,112,6,84,9,1,24.2,4.63,18.67,57.93,24.17
T Oyella,T20I,3,72,39,6,45,4,0,12.0,3.25,6.5,62.5,12.0
AJ Kenealy,ODI,6,214,186,6,131,16,4,35.7,5.21,31.0,61.21,35.67
T Maruma,ODI,8,213,204,6,104,4,1,35.5,5.75,34.0,48.83,35.5
T Malinga,T20I,12,236,259,6,121,54,4,39.3,6.58,43.17,51.27,39.33
J Kila,ODI,8,236,203,6,142,3,7,39.3,5.16,33.83,60.17,39.33
J Hurley,T20I,4,96,115,6,47,1,0,16.0,7.19,19.17,48.96,16.0
N Kakor,T20I,9,134,154,6,65,16,2,22.3,6.9,25.67,48.51,22.33
Metty Fernandes,T20I,6,98,80,6,62,23,8,16.3,4.9,13.33,63.27,16.33
EL Arlott,ODI,4,118,90,6,82,8,0,19.7,4.58,15.0,69.49,19.67
EJ Villani,ODI,10,204,216,6,91,18,0,34.0,6.35,36.0,44.61,34.0
EJ Tice,T20I,9,193,231,6,62,6,1,32.2,7.18,38.5,32.12,32.17
SR Patel,T20I,14,234,319,6,81,2,0,39.0,8.18,53.17,34.62,39.0
SS Grimmond,ODI,8,237,191,6,115,7,2,39.5,4.84,31.83,48.52,39.5
Hassan Mehmood,T20I,4,74,101,6,31,4,1,12.3,8.19,16.83,41.89,12.33
A Mansale,T20I,7,91,114,6,32,1,1,15.2,7.52,19.0,35.16,15.17
WF Stelling,ODI,4,190,117,6,133,3,4,31.7,3.69,19.5,70.0,31.67
P Kumar,T20I,9,138,189,6,53,3,0,23.0,8.22,31.5,38.41,23.0
LK Hamilton,Test,1,114,65,6,88,0,0,19.0,3.42,10.83,77.19,19.0
Azhar Mahmood,ODI,10,394,324,6,237,13,6,65.7,4.93,54.0,60.15,65.67
DJ Hooda,T20I,7,89,73,6,37,1,0,14.8,4.92,12.17,41.57,14.83
SB Bangar,IPL,9,150,221,6,57,3,0,25.0,8.84,36.83,38.0,25.0
Sahil Chauhan,T20I,6,72,86,6,26,6,0,12.0,7.17,14.33,36.11,12.0
S Stanikzay,T20I,9,192,224,6,86,10,0,32.0,7.0,37.33,44.79,32.0
S van Zyl,Test,9,403,152,6,319,2,0,67.2,2.26,25.33,79.16,67.17
JK Vifah,T20I,7,101,115,6,44,11,0,16.8,6.83,19.17,43.56,16.83
LMP Simmons,T20I,5,43,72,6,12,1,0,7.2,10.05,12.0,27.91,7.17
SK Springer,T20I,4,60,93,6,18,4,0,10.0,9.3,15.5,30.0,10.0
SJ Patel,T20I,7,90,110,6,36,4,0,15.0,7.33,18.33,40.0,15.0
JP Faulkner,Test,1,166,99,6,122,0,0,27.7,3.58,16.5,73.49,27.67
Fazalhaq Farooqi,IPL,12,254,440,6,83,12,0,42.3,10.39,73.33,32.68,42.33
Ahmad Khalid Ahmadzai,T20I,4,79,94,6,31,3,1,13.2,7.14,15.67,39.24,13.17
KMA Paul,Test,3,353,192,6,268,2,11,58.8,3.26,32.0,75.92,58.83
RR Powar,Test,2,253,118,6,192,1,1,42.2,2.8,19.67,75.89,42.17
Suzan Turan,T20I,4,70,59,6,35,10,4,11.7,5.06,9.83,50.0,11.67
RV Nascimento,T20I,5,84,86,6,39,4,0,14.0,6.14,14.33,46.43,14.0
RV Gomez,IPL,9,96,130,6,38,1,0,16.0,8.12,21.67,39.58,16.0
M Shehani,T20I,11,135,160,6,46,0,1,22.5,7.11,26.67,34.07,22.5
N Liyanage,T20I,5,90,102,6,38,23,0,15.0,6.8,17.0,42.22,15.0
FG Kemp,ODI,4,138,136,6,77,10,0,23.0,5.91,22.67,55.8,23.0
S Simpson,T20I,2,50,47,6,25,1,2,8.3,5.64,7.83,50.0,8.33
M Levitt,T20I,7,96,146,6,32,1,0,16.0,9.12,24.33,33.33,16.0
C Sridev,T20I,4,78,110,6,24,5,0,13.0,8.46,18.33,30.77,13.0
P Chabuta,T20I,4,73,69,6,37,13,1,12.2,5.67,11.5,50.68,12.17
Bilawal Bhatti,Test,2,440,296,6,312,1,2,73.3,4.04,49.33,70.91,73.33
Bilawal Bhatti,T20I,8,144,233,6,38,5,6,24.0,9.71,38.83,26.39,24.0
Bilawal Bhatti,PSL,8,159,211,6,59,7,2,26.5,7.96,35.17,37.11,26.5
Rahat Ali,T20I,5,110,138,6,55,10,2,18.3,7.53,23.0,50.0,18.33
Rhys Burinaga,T20I,3,49,58,6,21,0,0,8.2,7.1,9.67,42.86,8.17
Sulaiman Ali,T20I,9,113,185,6,42,11,1,18.8,9.82,30.83,37.17,18.83
AK Markram,Test,21,627,324,6,429,0,0,104.5,3.1,54.0,68.42,104.5
AK Markram,IPL,23,222,344,6,56,4,1,37.0,9.3,57.33,25.23,37.0
J Perman,T20I,7,115,141,6,49,9,1,19.2,7.36,23.5,42.61,19.17
Atif Rasheed,T20I,5,54,64,6,32,0,1,9.0,7.11,10.67,59.26,9.0
S Thuraisingam,ODI,5,184,162,6,114,7,0,30.7,5.28,27.0,61.96,30.67
Soniya Dabir,T20I,4,96,67,6,60,3,0,16.0,4.19,11.17,62.5,16.0
Sohel Patel,T20I,5,91,89,6,44,3,1,15.2,5.87,14.83,48.35,15.17
JA Duffy,IPL,3,73,139,6,30,7,1,12.2,11.42,23.17,41.1,12.17
D Lohia,ODI,5,143,109,6,77,3,1,23.8,4.57,18.17,53.85,23.83
MM Sharma,T20I,8,138,190,6,60,1,0,23.0,8.26,31.67,43.48,23.0
Bilal Tahir,T20I,6,74,76,6,25,1,0,12.3,6.16,12.67,33.78,12.33
LS Baker,Test,3,511,326,6,361,5,1,85.2,3.83,54.33,70.65,85.17
OT Wallerson,T20I,6,105,85,6,60,6,3,17.5,4.86,14.17,57.14,17.5
Waheeda Akhtar,T20I,6,122,160,6,58,4,2,20.3,7.87,26.67,47.54,20.33
WT Mubayiwa,T20I,5,114,92,6,60,0,0,19.0,4.84,15.33,52.63,19.0
WPUJC Vaas,T20I,6,133,134,6,64,0,1,22.2,6.05,22.33,48.12,22.17
WM Delgado,T20I,4,66,61,6,40,29,9,11.0,5.55,10.17,60.61,11.0
Edward Fleming,T20I,5,108,113,6,44,0,0,18.0,6.28,18.83,40.74,18.0
KH Sciver-Brunt,T20I,5,100,125,6,48,5,2,16.7,7.5,20.83,48.0,16.67
AS Mehmi,T20I,9,135,172,6,50,4,1,22.5,7.64,28.67,37.04,22.5
G Singh,ODI,5,113,97,6,59,0,0,18.8,5.15,16.17,52.21,18.83
S Horley,T20I,8,120,142,6,52,7,0,20.0,7.1,23.67,43.33,20.0
SNJ O'Keefe,T20I,7,114,151,6,40,2,0,19.0,7.95,25.17,35.09,19.0
JM Muirhead,T20I,5,90,111,6,31,3,0,15.0,7.4,18.5,34.44,15.0
Abdur Rauf,Test,3,455,290,6,322,0,4,75.8,3.82,48.33,70.77,75.83
O Davidson,T20I,6,108,134,6,35,2,0,18.0,7.44,22.33,32.41,18.0
D Unhale,T20I,8,164,124,6,100,12,2,27.3,4.54,20.67,60.98,27.33
Suraiya Azmin,T20I,4,66,37,6,50,3,0,11.0,3.36,6.17,75.76,11.0
N Burger,T20I,8,178,251,6,75,10,4,29.7,8.46,41.83,42.13,29.67
DG Nalkande,IPL,6,85,150,6,24,4,1,14.2,10.59,25.0,28.24,14.17
Emily Merrien,T20I,3,65,65,6,34,4,5,10.8,6.0,10.83,52.31,10.83
Elan Talker,T20I,7,120,153,6,58,4,0,20.0,7.65,25.5,48.33,20.0
S Bist,T20I,11,193,181,6,109,19,1,32.2,5.63,30.17,56.48,32.17
S Tyagi,IPL,14,212,304,6,99,8,3,35.3,8.6,50.67,46.7,35.33
Aslam Mohammad,T20I,7,132,155,6,70,11,0,22.0,7.05,25.83,53.03,22.0
Asif Afridi,Test,1,231,103,6,173,0,0,38.5,2.68,17.17,74.89,38.5
Ashok Sharma,IPL,6,127,233,6,53,9,1,21.2,11.01,38.83,41.73,21.17
Mominul Haque,ODI,10,156,137,6,77,1,0,26.0,5.27,22.83,49.36,26.0
A Kanukuntla,T20I,11,186,184,6,97,18,0,31.0,5.94,30.67,52.15,31.0
Wan Nor Zulaika,T20I,11,157,160,6,71,11,1,26.2,6.11,26.67,45.22,26.17
Abdul-Shakoor Rahimzei,T20I,7,100,99,6,47,3,1,16.7,5.94,16.5,47.0,16.67
SS Cottrell,IPL,6,120,177,6,59,11,0,20.0,8.85,29.5,49.17,20.0
DDP D'Silva,ODI,5,187,121,6,124,7,1,31.2,3.88,20.17,66.31,31.17
CR Pagydyala,T20I,3,30,20,6,17,4,0,5.0,4.0,3.33,56.67,5.0
SO Ngoche,ODI,5,258,217,6,126,2,0,43.0,5.05,36.17,48.84,43.0
S Elmsjoo,T20I,4,66,63,6,30,10,0,11.0,5.73,10.5,45.45,11.0
MD Gunathilaka,T20I,12,123,157,6,41,5,0,20.5,7.66,26.17,33.33,20.5
DC Drakes,T20I,10,192,296,6,54,9,0,32.0,9.25,49.33,28.12,32.0
Chen Zhuo Yue,T20I,8,127,182,6,47,6,0,21.2,8.6,30.33,37.01,21.17
Mohammad Abbas,PSL,3,72,71,6,37,0,0,12.0,5.92,11.83,51.39,12.0
Mirza Ahmed,T20I,6,97,119,6,49,2,1,16.2,7.36,19.83,50.52,16.17
Aryan Lakra,ODI,12,318,285,6,174,4,0,53.0,5.38,47.5,54.72,53.0
S Davizi,T20I,8,109,152,6,38,8,1,18.2,8.37,25.33,34.86,18.17
JA Clarkson,T20I,4,49,60,6,13,2,1,8.2,7.35,10.0,26.53,8.17
J Yon,T20I,5,72,84,6,35,4,0,12.0,7.0,14.0,48.61,12.0
Shubham Ranjane,ODI,4,168,146,6,90,9,0,28.0,5.21,24.33,53.57,28.0
S Kaushik,IPL,10,205,304,6,72,5,1,34.2,8.9,50.67,35.12,34.17
S Jayasinghe,T20I,5,104,111,6,53,7,2,17.3,6.4,18.5,50.96,17.33
A Desai,T20I,4,69,85,6,26,4,3,11.5,7.39,14.17,37.68,11.5
Niv Nagavkar,T20I,8,162,194,6,77,8,0,27.0,7.19,32.33,47.53,27.0
O Lutbayar,T20I,12,195,355,6,48,13,5,32.5,10.92,59.17,24.62,32.5
O Kirsten,ODI,4,174,124,6,113,6,0,29.0,4.28,20.67,64.94,29.0
O Kgeresi,T20I,7,88,59,6,57,12,4,14.7,4.02,9.83,64.77,14.67
F Chipare,ODI,7,237,190,6,149,21,1,39.5,4.81,31.67,62.87,39.5
S Haggo,T20I,8,90,86,6,42,10,0,15.0,5.73,14.33,46.67,15.0
KC Ramamoorthy,T20I,5,83,106,6,37,5,0,13.8,7.66,17.67,44.58,13.83
JE Taylor,IPL,5,118,167,6,54,4,1,19.7,8.49,27.83,45.76,19.67
JE Root,T20I,9,84,141,6,30,3,0,14.0,10.07,23.5,35.71,14.0
CL White,Test,4,558,356,6,352,2,0,93.0,3.83,59.33,63.08,93.0
S Immadi,ODI,8,351,210,6,229,6,0,58.5,3.59,35.0,65.24,58.5
AM Patel,T20I,9,109,108,6,61,20,1,18.2,5.94,18.0,55.96,18.17
Shahzaib,T20I,5,90,78,6,54,7,0,15.0,5.2,13.0,60.0,15.0
JB Reva,ODI,5,191,165,6,91,1,0,31.8,5.18,27.5,47.64,31.83
S Koppolu,T20I,10,165,276,6,57,16,0,27.5,10.04,46.0,34.55,27.5
HB Dickson,T20I,6,138,128,6,71,12,0,23.0,5.57,21.33,51.45,23.0
Naved-ul-Hasan,T20I,3,69,73,6,26,0,2,11.5,6.35,12.17,37.68,11.5
Navdeep Saini,IPL,5,91,177,6,29,4,1,15.2,11.67,29.5,31.87,15.17
DLS van Bunge,ODI,7,151,181,6,73,3,0,25.2,7.19,30.17,48.34,25.17
Nitesh Hooda,T20I,4,60,45,6,38,2,0,10.0,4.5,7.5,63.33,10.0
Nishita Akter Nishi,ODI,7,295,208,6,177,2,1,49.2,4.23,34.67,60.0,49.17
Nazmul Islam,T20I,9,159,205,6,59,4,0,26.5,7.74,34.17,37.11,26.5
MA Algi,T20I,5,84,132,6,52,7,0,14.0,9.43,22.0,61.9,14.0
Santiago Duggan,T20I,7,120,102,6,66,10,0,20.0,5.1,17.0,55.0,20.0
M Trajkovi,T20I,7,113,94,6,65,29,5,18.8,4.99,15.67,57.52,18.83
Muhammad Shoaib Ahmed,T20I,5,109,109,6,50,6,1,18.2,6.0,18.17,45.87,18.17
HL Colvin,Test,3,424,220,6,300,0,3,70.7,3.11,36.67,70.75,70.67
Z Groenewald,ODI,3,150,110,6,93,1,0,25.0,4.4,18.33,62.0,25.0
HDPK Dharmasena,ODI,8,422,277,6,239,3,0,70.3,3.94,46.17,56.64,70.33
Fawad Alam,ODI,13,398,379,6,151,4,0,66.3,5.71,63.17,37.94,66.33
Aditya Panwar,T20I,6,83,122,6,35,3,0,13.8,8.82,20.33,42.17,13.83
Adil Khan,T20I,5,85,122,6,42,11,1,14.2,8.61,20.33,49.41,14.17
Adeel Raja,ODI,7,281,288,6,128,0,1,46.8,6.15,48.0,45.55,46.83
JNT Seales,T20I,8,157,282,6,51,5,1,26.2,10.78,47.0,32.48,26.17
Shafat Ali Syed,T20I,6,84,113,6,38,12,0,14.0,8.07,18.83,45.24,14.0
JD Nel,T20I,4,85,85,6,49,3,1,14.2,6.0,14.17,57.65,14.17
S Muthusamy,ODI,5,220,233,6,100,2,0,36.7,6.35,38.83,45.45,36.67
F Song,T20I,4,53,32,6,31,4,0,8.8,3.62,5.33,58.49,8.83
Anique Uddin,T20I,7,78,101,6,35,2,0,13.0,7.77,16.83,44.87,13.0
Anasim Khan,T20I,5,109,145,6,38,2,1,18.2,7.98,24.17,34.86,18.17
DK Pallekonda,T20I,8,114,204,6,35,9,0,19.0,10.74,34.0,30.7,19.0
S Narwal,IPL,6,106,203,6,38,7,0,17.7,11.49,33.83,35.85,17.67
Ibrar Ahmad,T20I,3,40,57,6,19,6,1,6.7,8.55,9.5,47.5,6.67
Ibrahim Nashath,T20I,7,114,120,6,46,1,0,19.0,6.32,20.0,40.35,19.0
Gaurav Mishra,T20I,12,198,244,6,85,18,0,33.0,7.39,40.67,42.93,33.0
U Shahid,T20I,4,74,77,6,38,6,0,12.3,6.24,12.83,51.35,12.33
IR Bell,ODI,6,92,89,6,40,0,4,15.3,5.8,14.83,43.48,15.33
Pratika Rawal,ODI,12,210,191,6,101,2,1,35.0,5.46,31.83,48.1,35.0
L Mamba,T20I,13,266,300,6,136,55,9,44.3,6.77,50.0,51.13,44.33
Phoup Srey Pheak,T20I,7,118,114,6,74,27,3,19.7,5.8,19.0,62.71,19.67
IJL Trott,Test,28,708,413,6,495,0,0,118.0,3.5,68.83,69.92,118.0
PW Borren,ODI,14,486,442,6,247,8,0,81.0,5.46,73.67,50.82,81.0
HHC Gunaratne,T20I,8,152,159,6,72,6,0,25.3,6.28,26.5,47.37,25.33
M Heingo,T20I,7,102,190,6,31,4,0,17.0,11.18,31.67,30.39,17.0
C Connolly,ODI,5,156,138,6,71,0,0,26.0,5.31,23.0,45.51,26.0
M Kaukura,T20I,4,98,103,6,35,5,2,16.3,6.31,17.17,35.71,16.33
M Jevdjenovic,T20I,7,142,146,6,76,38,2,23.7,6.17,24.33,53.52,23.67
A Codrington,ODI,5,181,169,6,112,6,1,30.2,5.6,28.17,61.88,30.17
Wasim Ali,ODI,9,111,136,5,45,3,0,18.5,7.35,27.2,40.54,22.2
A Ilahi,T20I,4,96,91,5,44,16,0,16.0,5.69,18.2,45.83,19.2
Y Choden,T20I,5,43,48,5,19,7,0,7.2,6.7,9.6,44.19,8.6
Haseeb Amjad,ODI,2,108,82,5,74,5,0,18.0,4.56,16.4,68.52,21.6
A Kato-Stafford,T20I,4,84,58,5,52,4,0,14.0,4.14,11.6,61.9,16.8
H Leko,T20I,6,139,114,5,76,25,2,23.2,4.92,22.8,54.68,27.8
MMR Obili,T20I,8,144,178,5,59,6,0,24.0,7.42,35.6,40.97,28.8
D Tucker,ODI,8,299,253,5,163,8,0,49.8,5.08,50.6,54.52,59.8
WT Gavera,T20I,5,91,109,5,40,0,1,15.2,7.19,21.8,43.96,18.2
A Lupascu,T20I,3,63,71,5,24,12,3,10.5,6.76,14.2,38.1,12.6
A Maheshwari,T20I,7,114,193,5,38,5,1,19.0,10.16,38.6,33.33,22.8
W Ginindza,T20I,7,126,204,5,48,26,14,21.0,9.71,40.8,38.1,25.2
W Hornero-Garcia,T20I,8,118,177,5,44,21,0,19.7,9.0,35.4,37.29,23.6
I Tchakou,T20I,5,39,67,5,20,17,1,6.5,10.31,13.4,51.28,7.8
A Munisar,T20I,10,176,170,5,68,4,2,29.3,5.8,34.0,38.64,35.2
V Vithanage,T20I,4,90,78,5,43,4,0,15.0,5.2,15.6,47.78,18.0
Bilal Asif,ODI,3,132,96,5,68,1,0,22.0,4.36,19.2,51.52,26.4
LM Sims,T20I,3,30,26,5,17,5,0,5.0,5.2,5.2,56.67,6.0
Omid Shafi Rahman,T20I,5,83,89,5,43,5,1,13.8,6.43,17.8,51.81,16.6
LO Telea,T20I,2,42,15,5,34,0,0,7.0,2.14,3.0,80.95,8.4
LR Doolan,ODI,4,174,151,5,95,2,0,29.0,5.21,30.2,54.6,34.8
M Mani,T20I,3,66,60,5,34,6,0,11.0,5.45,12.0,51.52,13.2
OF Smith,PSL,6,124,217,5,40,11,1,20.7,10.5,43.4,32.26,24.8
DR Briggs,T20I,6,108,201,5,31,5,0,18.0,11.17,40.2,28.7,21.6
Bukhar Illikkal,T20I,10,168,197,5,59,3,0,28.0,7.04,39.4,35.12,33.6
C Beckford,T20I,4,61,53,5,38,4,1,10.2,5.21,10.6,62.3,12.2
O Shields,Test,2,254,186,5,180,10,2,42.3,4.39,37.2,70.87,50.8
O Thomas,IPL,4,62,85,5,22,1,2,10.3,8.23,17.0,35.48,12.4
Nur Nadihirah,T20I,9,143,123,5,80,6,5,23.8,5.16,24.6,55.94,28.6
Lopamudra,T20I,14,200,208,5,105,16,6,33.3,6.24,41.6,52.5,40.0
Lujaina,T20I,3,42,36,5,22,3,0,7.0,5.14,7.2,52.38,8.4
Nooruddin Mujadady,T20I,7,126,208,5,54,6,0,21.0,9.9,41.6,42.86,25.2
BV Sears,PSL,4,91,149,5,36,4,1,15.2,9.82,29.8,39.56,18.2
BV Sears,Test,1,199,163,5,131,0,1,33.2,4.91,32.6,65.83,39.8
DS Lehmann,Test,6,398,173,5,310,0,0,66.3,2.61,34.6,77.89,79.6
P Senjug,T20I,6,138,136,5,77,34,2,23.0,5.91,27.2,55.8,27.6
P Sharma,T20I,9,122,131,5,55,2,0,20.3,6.44,26.2,45.08,24.4
LI Salomone,T20I,5,102,128,5,51,2,0,17.0,7.53,25.6,50.0,20.4
CA Keita,T20I,4,43,54,5,16,1,0,7.2,7.53,10.8,37.21,8.6
NG Jones,ODI,4,156,85,5,99,2,0,26.0,3.27,17.0,63.46,31.2
P Manning,T20I,9,103,130,5,38,5,1,17.2,7.57,26.0,36.89,20.6
P Nedeljkovic,T20I,6,139,155,5,66,7,1,23.2,6.69,31.0,47.48,27.8
P Pustoslemsek,T20I,5,75,95,5,30,5,0,12.5,7.6,19.0,40.0,15.0
LK Newton,Test,2,314,143,5,253,0,1,52.3,2.73,28.6,80.57,62.8
LR Morris,ODI,3,124,98,5,74,2,1,20.7,4.74,19.6,59.68,24.8
P Dimri,Test,1,246,124,5,190,0,0,41.0,3.02,24.8,77.24,49.2
P Jayawickrama,ODI,5,198,178,5,87,3,0,33.0,5.39,35.6,43.94,39.6
Bikram Sob,ODI,5,127,116,5,76,2,0,21.2,5.48,23.2,59.84,25.4
Parveen Kumar,ODI,6,303,203,5,188,2,0,50.5,4.02,40.6,62.05,60.6
Pooja Kumari,T20I,2,48,27,5,33,3,0,8.0,3.38,5.4,68.75,9.6
PV Vuniwaqa,T20I,5,68,101,5,20,3,2,11.3,8.91,20.2,29.41,13.6
Dewald Pretorius,Test,2,388,287,5,281,6,10,64.7,4.44,57.4,72.42,77.6
L McCarthy,ODI,3,152,185,5,80,7,2,25.3,7.3,37.0,52.63,30.4
L Polaki,T20I,5,90,101,5,53,26,3,15.0,6.73,20.2,58.89,18.0
CAJ Meschede,T20I,4,96,85,5,52,4,0,16.0,5.31,17.0,54.17,19.2
N de Klerk,Test,4,483,340,5,342,3,2,80.5,4.22,68.0,70.81,96.6
M Nguni,T20I,5,96,139,5,41,16,0,16.0,8.69,27.8,42.71,19.2
BL Morgan,Test,4,563,213,5,472,1,0,93.8,2.27,42.6,83.84,112.6
L Visser,T20I,5,60,73,5,27,5,0,10.0,7.3,14.6,45.0,12.0
LA McBride,ODI,3,115,72,5,65,2,0,19.2,3.76,14.4,56.52,23.0
BV Vitori,T20I,11,240,329,5,97,13,2,40.0,8.22,65.8,40.42,48.0
PD Collingwood,IPL,6,89,101,5,24,1,0,14.8,6.81,20.2,26.97,17.8
DV Devjani Mutreja,T20I,8,80,96,5,43,13,0,13.3,7.2,19.2,53.75,16.0
P Vekaria,T20I,7,126,160,5,56,7,0,21.0,7.62,32.0,44.44,25.2
E Mbofana,ODI,6,254,250,5,122,15,2,42.3,5.91,50.0,48.03,50.8
Khusboo Kandpal,T20I,6,99,102,5,41,13,3,16.5,6.18,20.4,41.41,19.8
Khushdil Shah,ODI,8,327,335,5,126,3,0,54.5,6.15,67.0,38.53,65.4
R Endo,T20I,5,60,71,5,27,9,5,10.0,7.1,14.2,45.0,12.0
R Francis,T20I,6,97,119,5,49,4,1,16.2,7.36,23.8,50.52,19.4
R Frylinck,T20I,3,60,63,5,27,1,0,10.0,6.3,12.6,45.0,12.0
R Haiong,T20I,13,159,144,5,89,29,4,26.5,5.43,28.8,55.97,31.8
M Ortiz,T20I,3,75,58,5,53,6,3,12.5,4.64,11.6,70.67,15.0
BCJ Cutting,ODI,4,216,160,5,134,4,0,36.0,4.44,32.0,62.04,43.2
BCJ Cutting,T20I,7,126,216,5,24,6,0,21.0,10.29,43.2,19.05,25.2
L Ablish,IPL,3,42,76,5,11,3,0,7.0,10.86,15.2,26.19,8.4
Qadeer Ahmed,ODI,8,363,331,5,203,6,9,60.5,5.47,66.2,55.92,72.6
BG Rogers,ODI,5,169,202,5,54,2,1,28.2,7.17,40.4,31.95,33.8
L Holmgaard,T20I,5,78,65,5,44,16,6,13.0,5.0,13.0,56.41,15.6
BK Majji,T20I,3,47,32,5,30,1,0,7.8,4.09,6.4,63.83,9.4
Panna Ghosh,ODI,11,349,265,5,228,6,0,58.2,4.56,53.0,65.33,69.8
B Leo,T20I,5,94,132,5,38,0,0,15.7,8.43,26.4,40.43,18.8
RJ Hatchman,T20I,15,209,435,5,55,18,5,34.8,12.49,87.0,26.32,41.8
RJ Kirtley,ODI,3,176,137,5,106,5,1,29.3,4.67,27.4,60.23,35.2
EA Osborne,Test,1,251,83,5,208,0,0,41.8,1.98,16.6,82.87,50.2
Kabir Ali,Test,1,220,140,5,159,0,4,36.7,3.82,28.0,72.27,44.0
CG Williams,ODI,9,260,201,5,144,4,2,43.3,4.64,40.2,55.38,52.0
N Niranjana,Test,1,164,66,5,134,1,0,27.3,2.41,13.2,81.71,32.8
B Muzarabani,IPL,2,42,79,5,13,2,0,7.0,11.29,15.8,30.95,8.4
RD Atangana,T20I,6,96,84,5,52,5,0,16.0,5.25,16.8,54.17,19.2
RG Aga,ODI,6,225,202,5,117,5,3,37.5,5.39,40.4,52.0,45.0
RH Candy,ODI,4,192,175,5,109,9,0,32.0,5.47,35.0,56.77,38.4
R Sharma,T20I,4,74,119,5,25,3,0,12.3,9.65,23.8,33.78,14.8
B White,Test,3,461,440,5,236,0,2,76.8,5.73,88.0,51.19,92.2
BAW Mendis,PSL,4,72,99,5,22,1,0,12.0,8.25,19.8,30.56,14.4
BA Murphy,ODI,4,181,143,5,98,2,1,30.2,4.74,28.6,54.14,36.2
R Parag,T20I,5,75,83,5,29,0,1,12.5,6.64,16.6,38.67,15.0
Awais Ikram,T20I,5,78,134,5,28,9,5,13.0,10.31,26.8,35.9,15.6
Ayyaz Qureshi,T20I,4,80,114,5,29,2,0,13.3,8.55,22.8,36.25,16.0
KL Nagarkoti,IPL,11,180,287,5,52,5,0,30.0,9.57,57.4,28.89,36.0
RR Emrit,T20I,4,96,161,5,29,1,0,16.0,10.06,32.2,30.21,19.2
RR Joshi,T20I,7,131,184,5,52,9,1,21.8,8.43,36.8,39.69,26.2
EK Hubbard,T20I,10,147,143,5,70,9,3,24.5,5.84,28.6,47.62,29.4
M Theekshana,Test,2,365,191,5,248,0,0,60.8,3.14,38.2,67.95,73.0
N David,ODI,2,96,25,5,84,2,0,16.0,1.56,5.0,87.5,19.2
N Hirani,T20I,3,54,60,5,23,0,0,9.0,6.67,12.0,42.59,10.8
ECM Egodagamage,T20I,2,42,35,5,25,2,0,7.0,5.0,7.0,59.52,8.4
Aziz Sualley,T20I,6,101,106,5,48,0,5,16.8,6.3,21.2,47.52,20.2
B Balala,T20I,18,215,320,5,86,14,3,35.8,8.93,64.0,40.0,43.0
EFB Estrada,T20I,5,110,73,5,68,17,26,18.3,3.98,14.6,61.82,22.0
KR Jha,T20I,6,54,81,5,22,4,0,9.0,9.0,16.2,40.74,10.8
EAJ Richardson,ODI,6,213,209,5,98,8,3,35.5,5.89,41.8,46.01,42.6
RJW Topley,IPL,6,120,222,5,44,5,0,20.0,11.1,44.4,36.67,24.0
S Budhathoki,T20I,2,50,36,5,23,7,2,8.3,4.32,7.2,46.0,10.0
S Chinawa,T20I,8,79,69,5,46,16,2,13.2,5.24,13.8,58.23,15.8
Elias Sunny,ODI,4,204,162,5,119,3,0,34.0,4.76,32.4,58.33,40.8
Emma Patel,T20I,8,101,150,5,48,19,5,16.8,8.91,30.0,47.52,20.2
N Advani,T20I,5,62,74,5,22,1,0,10.3,7.16,14.8,35.48,12.4
Ehsan Adil,Test,3,484,269,5,373,2,3,80.7,3.33,53.8,77.07,96.8
S Asha,ODI,2,106,74,5,60,1,0,17.7,4.19,14.8,56.6,21.2
Riya Pradhan,T20I,5,90,85,5,45,1,0,15.0,5.67,17.0,50.0,18.0
Rizwan Cheema,T20I,8,144,191,5,47,1,0,24.0,7.96,38.2,32.64,28.8
Riaz Afridi,T20I,3,64,97,5,24,6,1,10.7,9.09,19.4,37.5,12.8
Asif Mehmood,PSL,2,30,53,5,7,0,0,5.0,10.6,10.6,23.33,6.0
Ehsan Nawaz,T20I,6,65,109,5,29,2,1,10.8,10.06,21.8,44.62,13.0
KM Dabengwa,Test,2,384,219,5,280,1,0,64.0,3.42,43.8,72.92,76.8
Rabia Mushtaq,T20I,3,61,74,5,29,5,1,10.2,7.28,14.8,47.54,12.2
Aung Ko Ko,T20I,5,70,74,5,31,2,1,11.7,6.34,14.8,44.29,14.0
Avi Dixit,T20I,4,78,84,5,37,7,0,13.0,6.46,16.8,47.44,15.6
S Kolcharam,T20I,7,120,149,5,55,13,2,20.0,7.45,29.8,45.83,24.0
S Krisheta,T20I,3,57,54,5,26,8,2,9.5,5.68,10.8,45.61,11.4
S Ladda,IPL,9,139,225,5,49,2,1,23.2,9.71,45.0,35.25,27.8
S Ishaque,T20I,3,61,81,5,23,1,1,10.2,7.97,16.2,37.7,12.2
S Kaul,T20I,3,59,85,5,25,1,1,9.8,8.64,17.0,42.37,11.8
K Weeraratne,T20I,4,72,105,5,24,2,0,12.0,8.75,21.0,33.33,14.4
Ethan D'Souza,T20I,4,48,53,5,19,0,1,8.0,6.62,10.6,39.58,9.6
Mukesh Kumar,ODI,6,239,221,5,158,10,5,39.8,5.55,44.2,66.11,47.8
Murat Yilmaz,T20I,6,77,108,5,24,4,0,12.8,8.42,21.6,31.17,15.4
CJ Metcalfe,ODI,7,352,268,5,231,6,0,58.7,4.57,53.6,65.62,70.4
Arjun Vinod,T20I,17,198,283,5,68,1,0,33.0,8.58,56.6,34.34,39.6
S Hanson,T20I,4,75,56,5,44,7,0,12.5,4.48,11.2,58.67,15.0
KA Bazil,T20I,7,143,211,5,47,1,0,23.8,8.85,42.2,32.87,28.6
KAB Hynam-Nyberg,T20I,6,114,170,5,37,11,6,19.0,8.95,34.0,32.46,22.8
Asad Rasheed,T20I,2,48,78,5,18,6,0,8.0,9.75,15.6,37.5,9.6
S Gajnabi,ODI,6,144,130,5,76,4,0,24.0,5.42,26.0,52.78,28.8
Amina Kashif,T20I,6,88,120,5,34,27,4,14.7,8.18,24.0,38.64,17.6
K Babu,T20I,7,102,161,5,38,6,0,17.0,9.47,32.2,37.25,20.4
K Birkenstock,ODI,10,227,230,5,101,9,0,37.8,6.08,46.0,44.49,45.4
K Chigora,ODI,6,238,244,5,136,27,4,39.7,6.15,48.8,57.14,47.6
K Gilham,T20I,3,72,87,5,38,4,0,12.0,7.25,17.4,52.78,14.4
Muhammad Fahim,T20I,9,150,197,5,68,6,0,25.0,7.88,39.4,45.33,30.0
Muhammad Saqib,T20I,5,100,158,5,37,4,0,16.7,9.48,31.6,37.0,20.0
K Kamyuka,ODI,2,47,48,5,25,0,0,7.8,6.13,9.6,53.19,9.4
S Ranade,T20I,4,50,42,5,22,8,2,8.3,5.04,8.4,44.0,10.0
S Murari,T20I,6,120,123,5,61,3,0,20.0,6.15,24.6,50.83,24.0
S Muthusamy,T20I,5,108,128,5,44,1,0,18.0,7.11,25.6,40.74,21.6
S Nitschke,T20I,5,120,101,5,53,1,0,20.0,5.05,20.2,44.17,24.0
S Ozkunduz,T20I,6,91,102,5,46,30,7,15.2,6.73,20.4,50.55,18.2
F Hand,T20I,11,142,236,5,52,11,2,23.7,9.97,47.2,36.62,28.4
S Meyenborg,T20I,3,43,39,5,24,5,1,7.2,5.44,7.8,55.81,8.6
S Kharvi,T20I,6,36,62,5,16,2,0,6.0,10.33,12.4,44.44,7.2
SH Johnson,IPL,9,164,289,5,61,8,0,27.3,10.57,57.8,37.2,32.8
SD Ranawaka,T20I,5,100,114,5,39,14,3,16.7,6.84,22.8,39.0,20.0
Jaspal Singh,T20I,11,175,236,5,61,10,0,29.2,8.09,47.2,34.86,35.0
SC Kuggeleijn,ODI,2,84,62,5,59,3,0,14.0,4.43,12.4,70.24,16.8
Ali Hussain,T20I,10,144,227,5,54,7,0,24.0,9.46,45.4,37.5,28.8
Mohammad Nawaz (3),Test,3,385,149,5,294,0,2,64.2,2.32,29.8,76.36,77.0
Mohammad Shahid,Test,4,635,292,5,489,3,5,105.8,2.76,58.4,77.01,127.0
Mohsin Khan,T20I,3,54,73,5,24,2,0,9.0,8.11,14.6,44.44,10.8
M Zwilling,T20I,4,55,58,5,28,9,1,9.2,6.33,11.6,50.91,11.0
SA Engelbrecht,T20I,5,48,71,5,11,1,0,8.0,8.88,14.2,22.92,9.6
SA Fritz,ODI,3,121,38,5,99,4,0,20.2,1.88,7.6,81.82,24.2
Ali Shafiq,PSL,4,77,93,5,35,1,2,12.8,7.25,18.6,45.45,15.4
SB Wagh,IPL,8,102,147,5,50,6,0,17.0,8.65,29.4,49.02,20.4
S Yildirim,T20I,3,40,23,5,26,2,0,6.7,3.45,4.6,65.0,8.0
FN Walsh,T20I,2,49,86,5,19,1,1,8.2,10.53,17.2,38.78,9.8
Junaid Siddiqui,ODI,8,353,276,5,174,6,1,58.8,4.69,55.2,49.29,70.6
Fazil Muhammad,T20I,5,85,103,5,31,2,2,14.2,7.27,20.6,36.47,17.0
Abu Hider,T20I,10,174,290,5,66,8,0,29.0,10.0,58.0,37.93,34.8
Abu Jayed,ODI,2,108,121,5,54,5,0,18.0,6.72,24.2,50.0,21.6
Firas Hussain,T20I,6,79,115,5,25,2,1,13.2,8.73,23.0,31.65,15.8
JO Ngoche,ODI,6,303,223,5,184,3,0,50.5,4.42,44.6,60.73,60.6
Adnan Razzaq,T20I,6,96,144,5,34,7,0,16.0,9.0,28.8,35.42,19.2
CT Mutombodzi,ODI,7,275,271,5,126,7,0,45.8,5.91,54.2,45.82,55.0
Mohammad Kashif,ODI,3,114,92,5,82,0,0,19.0,4.84,18.4,71.93,22.8
Mohammad Khalil,ODI,3,145,144,5,69,8,1,24.2,5.96,28.8,47.59,29.0
Fawad Alam,T20I,5,72,88,5,27,0,0,12.0,7.33,17.6,37.5,14.4
SK Reddy,T20I,4,85,61,5,55,10,1,14.2,4.31,12.2,64.71,17.0
SL Munroe,T20I,8,116,114,5,64,8,0,19.3,5.9,22.8,55.17,23.2
Ahmed Aqeel,T20I,14,162,179,5,58,3,0,27.0,6.63,35.8,35.8,32.4
JT Smuts,ODI,4,180,164,5,76,0,0,30.0,5.47,32.8,42.22,36.0
Farhad Reza,T20I,10,152,262,5,31,4,1,25.3,10.34,52.4,20.39,30.4
Farial Zia Safdar,T20I,2,44,30,5,30,8,1,7.3,4.09,6.0,68.18,8.8
Sejal Vinod,T20I,2,43,27,5,31,10,1,7.2,3.77,5.4,72.09,8.6
Sanwar Hossain,ODI,6,194,157,5,98,2,0,32.3,4.86,31.4,50.52,38.8
ATS Silva,ODI,4,156,126,5,91,2,0,26.0,4.85,25.2,58.33,31.2
SW Masakadza,T20I,7,118,213,5,30,6,1,19.7,10.83,42.6,25.42,23.6
SW Tait,Test,3,428,314,5,284,4,14,71.3,4.4,62.8,66.36,85.6
MBS Jonkman,ODI,4,140,110,5,93,4,1,23.3,4.71,22.0,66.43,28.0
CT Mumba,T20I,9,126,193,5,61,7,0,21.0,9.19,38.6,48.41,25.2
ST Finn,PSL,5,96,130,5,41,5,0,16.0,8.12,26.0,42.71,19.2
Aarif Sheikh,T20I,9,96,136,5,37,1,0,16.0,8.5,27.2,38.54,19.2
Abdul Majid,T20I,6,122,120,5,57,6,2,20.3,5.9,24.0,46.72,24.4
Abdullahi Ismail,T20I,4,84,96,5,43,8,0,14.0,6.86,19.2,51.19,16.8
SS Pathirana,T20I,5,95,119,5,34,3,0,15.8,7.52,23.8,35.79,19.0
SR Patil,ODI,3,180,143,5,100,3,0,30.0,4.77,28.6,55.56,36.0
JM Watkin,ODI,4,153,108,5,86,2,0,25.5,4.24,21.6,56.21,30.6
SP Jones,ODI,4,210,177,5,133,12,0,35.0,5.06,35.4,63.33,42.0
G Fatouros,T20I,3,54,67,5,25,6,0,9.0,7.44,13.4,46.3,10.8
GA Rogers,ODI,4,153,138,5,87,1,1,25.5,5.41,27.6,56.86,30.6
Shaiman Anwar,ODI,7,117,136,5,52,0,0,19.5,6.97,27.2,44.44,23.4
Shakeel Zeb,T20I,3,64,81,5,28,3,1,10.7,7.59,16.2,43.75,12.8
Shamma Ali,T20I,6,99,144,5,39,9,3,16.5,8.73,28.8,39.39,19.8
Shariq Munir,T20I,8,124,190,5,46,2,4,20.7,9.19,38.0,37.1,24.8
DAS Gunaratne,T20I,10,149,206,5,37,3,0,24.8,8.3,41.2,24.83,29.8
AN Toube,T20I,6,116,145,5,50,2,2,19.3,7.5,29.0,43.1,23.2
AO Suji,ODI,9,237,249,5,110,5,8,39.5,6.3,49.8,46.41,47.4
AP Devcich,ODI,11,325,295,5,148,10,1,54.2,5.45,59.0,45.54,65.0
JD Ryder,Test,9,459,266,5,347,1,3,76.5,3.48,53.2,75.6,91.8
JDF Vandersay,Test,2,288,254,5,135,0,0,48.0,5.29,50.8,46.88,57.6
AP Dole,IPL,3,67,114,5,21,6,1,11.2,10.21,22.8,31.34,13.4
Shahid Ahmadzai,ODI,6,306,186,5,198,2,0,51.0,3.65,37.2,64.71,61.2
GA Elwiss,T20I,6,91,89,5,38,1,0,15.2,5.87,17.8,41.76,18.2
JE Titmuss,T20I,4,69,55,5,37,5,0,11.5,4.78,11.0,53.62,13.8
JI Rodrigues,ODI,3,38,13,5,29,1,0,6.3,2.05,2.6,76.32,7.6
Sunzamul Islam,ODI,3,150,79,5,92,3,0,25.0,3.16,15.8,61.33,30.0
GE Mathurin,T20I,3,61,69,5,29,1,1,10.2,6.79,13.8,47.54,12.2
Sohail Khan,T20I,4,84,122,5,31,4,0,14.0,8.71,24.4,36.9,16.8
Sohail Tanvir,Test,2,509,329,5,366,0,5,84.8,3.88,65.8,71.91,101.8
Sok Srey Maov,T20I,6,110,122,5,64,29,2,18.3,6.65,24.4,58.18,22.0
J Thomas,T20I,6,102,138,5,46,5,0,17.0,8.12,27.6,45.1,20.4
Mohamed Ishmath,T20I,8,157,191,5,65,7,1,26.2,7.3,38.2,41.4,31.4
AL Seddon,T20I,10,176,202,5,80,5,6,29.3,6.89,40.4,45.45,35.2
J Winster,T20I,4,90,65,5,53,2,0,15.0,4.33,13.0,58.89,18.0
Shoaib Ahmed,IPL,7,102,154,5,35,1,0,17.0,9.06,30.8,34.31,20.4
Shoaib Akhtar,IPL,3,42,54,5,23,4,0,7.0,7.71,10.8,54.76,8.4
AM Guruge,T20I,5,96,126,5,44,1,0,16.0,7.88,25.2,45.83,19.2
GD Drummond,T20I,6,122,161,5,46,3,2,20.3,7.92,32.2,37.7,24.4
GD McGrath,T20I,2,48,79,5,15,1,0,8.0,9.88,15.8,31.25,9.6
JAN Ngono,T20I,7,122,126,5,65,20,2,20.3,6.2,25.2,53.28,24.4
JC Archer,PSL,2,49,56,5,23,0,1,8.2,6.86,11.2,46.94,9.8
J Khadka,T20I,4,97,144,5,48,6,1,16.2,8.91,28.8,49.48,19.4
J Lassayo,T20I,6,73,93,5,22,2,1,12.2,7.64,18.6,30.14,14.6
GH Vihari,Test,7,347,182,5,236,1,2,57.8,3.15,36.4,68.01,69.4
T Muzarabani,T20I,7,132,218,5,46,4,0,22.0,9.91,43.6,34.85,26.4
T Nightingale,T20I,13,162,195,5,64,12,0,27.0,7.22,39.0,39.51,32.4
J Lewis,T20I,2,42,56,5,20,0,0,7.0,8.0,11.2,47.62,8.4
D Finau,T20I,7,84,138,5,30,3,0,14.0,9.86,27.6,35.71,16.8
Mehran Mumtaz,PSL,6,120,141,5,42,3,0,20.0,7.05,28.2,35.0,24.0
MF Maharoof,T20I,7,139,181,5,52,6,1,23.2,7.81,36.2,37.41,27.8
T Ariuntsetseg,T20I,9,167,162,5,81,24,5,27.8,5.82,32.4,48.5,33.4
T Gwandu,ODI,5,178,194,5,93,3,2,29.7,6.54,38.8,52.25,35.6
T Kolcunova,T20I,12,263,284,5,132,73,13,43.8,6.48,56.8,50.19,52.6
T Luka,T20I,2,42,38,5,26,7,0,7.0,5.43,7.6,61.9,8.4
Syed Rasel,T20I,8,175,207,5,86,3,1,29.2,7.1,41.4,49.14,35.0
J Nyumbu,Test,3,663,388,5,441,0,0,110.5,3.51,77.6,66.52,132.6
Suabika Manivannan,T20I,10,145,179,5,75,11,2,24.2,7.41,35.8,51.72,29.0
J Batinibulu,T20I,4,93,124,5,31,2,0,15.5,8.0,24.8,33.33,18.6
TK Patel,ODI,5,174,120,5,114,2,0,29.0,4.14,24.0,65.52,34.8
TM Dilshan,IPL,25,271,368,5,81,4,0,45.2,8.15,73.6,29.89,54.2
TG Thamae,T20I,4,72,97,5,29,1,0,12.0,8.08,19.4,40.28,14.4
MW Parkinson,ODI,5,208,203,5,95,3,0,34.7,5.86,40.6,45.67,41.6
Madhawa Basnayaka,T20I,4,68,99,5,25,6,2,11.3,8.74,19.8,36.76,13.6
Manjural Islam,ODI,5,217,189,5,145,10,0,36.2,5.23,37.8,66.82,43.4
J Henry,T20I,6,82,119,5,23,2,0,13.7,8.71,23.8,28.05,16.4
TC Vine,T20I,7,103,143,5,39,3,1,17.2,8.33,28.6,37.86,20.6
AE Isesele,T20I,5,41,63,5,18,1,0,6.8,9.22,12.6,43.9,8.2
T Thorpe,T20I,9,96,95,5,50,6,0,16.0,5.94,19.0,52.08,19.2
T Vanuarua,T20I,5,103,118,5,63,23,1,17.2,6.87,23.6,61.17,20.6
AG Rao,T20I,5,90,82,5,45,4,0,15.0,5.47,16.4,50.0,18.0
TA Dudnath,T20I,5,85,88,5,43,10,1,14.2,6.21,17.6,50.59,17.0
AJ Finch,ODI,21,284,259,5,121,3,0,47.3,5.47,51.8,42.61,56.8
J Kariko,ODI,3,126,114,5,61,4,0,21.0,5.43,22.8,48.41,25.2
AA Jimoh,T20I,5,73,73,5,35,3,0,12.2,6.0,14.6,47.95,14.6
AA Noffke,T20I,2,45,41,5,21,1,0,7.5,5.47,8.2,46.67,9.0
A Zampa,PSL,7,168,219,5,48,1,0,28.0,7.82,43.8,28.57,33.6
Thilina Silva,T20I,4,84,78,5,39,1,0,14.0,5.57,15.6,46.43,16.8
U Bayarjavkhlan,T20I,6,101,121,5,44,31,0,16.8,7.19,24.2,43.56,20.2
IS Sohi,ODI,2,91,79,5,52,3,1,15.2,5.21,15.8,57.14,18.2
Ibrahim Jabarkhel,T20I,7,102,103,5,43,0,0,17.0,6.06,20.6,42.16,20.4
MS Kasprowicz,T20I,2,42,57,5,12,1,0,7.0,8.14,11.4,28.57,8.4
MVT Fernando,ODI,8,298,342,5,143,10,1,49.7,6.89,68.4,47.99,59.6
GM Ntambalika,T20I,5,75,96,5,40,4,3,12.5,7.68,19.2,53.33,15.0
TZ Chataira,T20I,3,46,57,5,24,2,4,7.7,7.43,11.4,52.17,9.2
TS Nethula,ODI,5,264,250,5,132,4,0,44.0,5.68,50.0,50.0,52.8
Imtiaz Khan,T20I,4,72,107,5,25,4,0,12.0,8.92,21.4,34.72,14.4
TS Sekhukhune,Test,3,324,224,5,228,1,0,54.0,4.15,44.8,70.37,64.8
TS Waqavakatoga,T20I,9,138,168,5,54,0,0,23.0,7.3,33.6,39.13,27.6
TT Aung,T20I,7,48,55,5,25,2,2,8.0,6.88,11.0,52.08,9.6
VB Viyala,T20I,7,88,109,5,47,29,4,14.7,7.43,21.8,53.41,17.6
VC Drakes,Test,2,445,249,5,323,0,7,74.2,3.36,49.8,72.58,89.0
A Parima,T20I,3,62,85,5,27,4,2,10.3,8.23,17.0,43.55,12.4
V Khanduri,T20I,4,72,100,5,26,5,0,12.0,8.33,20.0,36.11,14.4
V Kohli,IPL,26,257,371,5,55,7,6,42.8,8.66,74.2,21.4,51.4
V Kohli,T20I,13,153,207,5,44,2,1,25.5,8.12,41.4,28.76,30.6
V Nagpaul,T20I,5,102,106,5,43,2,0,17.0,6.24,21.2,42.16,20.4
Gurkeerat Singh,IPL,6,78,97,5,26,4,0,13.0,7.46,19.4,33.33,15.6
D Joseph,ODI,4,186,174,5,122,16,0,31.0,5.61,34.8,65.59,37.2
D Kansonkho,T20I,9,97,121,5,49,4,0,16.2,7.48,24.2,50.52,19.4
MJ Henry,IPL,9,162,314,5,43,4,0,27.0,11.63,62.8,26.54,32.4
Usama Mir,T20I,5,120,175,5,41,3,0,20.0,8.75,35.0,34.17,24.0
Usman Arif,T20I,5,66,94,5,24,2,0,11.0,8.55,18.8,36.36,13.2
A Sharma,T20I,5,84,99,5,29,1,0,14.0,7.07,19.8,34.52,16.8
A Taylor,T20I,8,130,129,5,63,33,10,21.7,5.95,25.8,48.46,26.0
A Suwanchonrathi,T20I,6,92,77,5,49,6,2,15.3,5.02,15.4,53.26,18.4
A Andrews,T20I,3,60,64,5,29,2,0,10.0,6.4,12.8,48.33,12.0
A Athanaze,ODI,4,128,71,5,84,1,2,21.3,3.33,14.2,65.62,25.6
A Beresford-Peirse,T20I,9,187,261,5,79,15,1,31.2,8.37,52.2,42.25,37.4
A Beggs,ODI,3,133,131,5,61,3,1,22.2,5.91,26.2,45.86,26.6
ML Lewis,ODI,5,230,264,5,102,2,2,38.3,6.89,52.8,44.35,46.0
ML Nkala,ODI,10,291,315,5,138,20,1,48.5,6.49,63.0,47.42,58.2
MLN Sissako,T20I,11,143,163,5,75,26,4,23.8,6.84,32.6,52.45,28.6
D Murphy,T20I,10,116,123,5,62,30,4,19.3,6.36,24.6,53.45,23.2
D Nanda,T20I,3,55,33,5,40,7,1,9.2,3.6,6.6,72.73,11.0
ZS Ansari,Test,3,408,288,5,263,0,0,68.0,4.24,57.6,64.46,81.6
HL Ferling,T20I,8,145,139,5,80,8,1,24.2,5.75,27.8,55.17,29.0
A Choudhary,IPL,5,102,144,5,42,6,1,17.0,8.47,28.8,41.18,20.4
A Davidson-Soler,T20I,9,176,152,5,103,18,2,29.3,5.18,30.4,58.52,35.2
HR Shokeen,IPL,13,206,320,5,82,7,2,34.3,9.32,64.0,39.81,41.2
A Flintoff,T20I,7,150,164,5,67,5,0,25.0,6.56,32.8,44.67,30.0
Yash Singh,T20I,6,109,143,5,35,2,1,18.2,7.87,28.6,32.11,21.8
C Breteche,T20I,6,83,71,5,47,15,0,13.8,5.13,14.2,56.63,16.6
M Badenhorst,T20I,5,66,104,5,20,5,0,11.0,9.45,20.8,30.3,13.2
Naved-ul-Hasan,Test,1,201,99,5,143,0,9,33.5,2.96,19.8,71.14,40.2
Nayab Razwan,T20I,3,26,21,5,15,7,0,4.3,4.85,4.2,57.69,5.2
M Fru,T20I,4,79,138,5,27,8,1,13.2,10.48,27.6,34.18,15.8
C Overton,ODI,7,308,298,5,162,6,0,51.3,5.81,59.6,52.6,61.6
Nanthita Boonsukham,ODI,2,83,50,5,54,3,0,13.8,3.61,10.0,65.06,16.6
C Greenshields,T20I,3,48,58,5,16,5,0,8.0,7.25,11.6,33.33,9.6
Nabaa Naseem,T20I,3,73,110,5,26,2,1,12.2,9.04,22.0,35.62,14.6
Zaman Khan,T20I,7,129,177,5,44,7,3,21.5,8.23,35.4,34.11,25.8
A Aitken-Drummond,T20I,6,83,65,5,46,1,1,13.8,4.7,13.0,55.42,16.6
MK Tiwary,ODI,6,132,150,5,64,4,0,22.0,6.82,30.0,48.48,26.4
MK Villiers,ODI,2,90,83,5,40,3,0,15.0,5.53,16.6,44.44,18.0
Zahid Ali,ODI,3,114,132,5,50,5,0,19.0,6.95,26.4,43.86,22.8
Zahid Ali,T20I,6,102,154,5,36,10,0,17.0,9.06,30.8,35.29,20.4
Zahid Zadran,T20I,6,131,174,5,62,5,1,21.8,7.97,34.8,47.33,26.2
A Busing-Volschenk,T20I,2,42,55,4,17,1,0,7.0,7.86,13.75,40.48,10.5
Zia-ul-Haq,PSL,3,48,70,4,24,2,0,8.0,8.75,17.5,50.0,12.0
Zain Ali,T20I,2,48,45,4,27,1,0,8.0,5.62,11.25,56.25,12.0
HF Gurney,T20I,2,48,56,4,20,1,0,8.0,7.0,14.0,41.67,12.0
Zong Yuechao,T20I,4,73,87,4,41,12,1,12.2,7.15,21.75,56.16,18.25
Zafer Durmaz,T20I,6,66,83,4,25,3,0,11.0,7.55,20.75,37.88,16.5
Zulfiqar Babar,ODI,5,294,247,4,164,3,0,49.0,5.04,61.75,55.78,73.5
A Badoni,IPL,8,41,64,4,9,0,0,6.8,9.37,16.0,21.95,10.25
Ziaur Rahman,Test,1,180,78,4,151,0,0,30.0,2.6,19.5,83.89,45.0
Zahid Mahmood,ODI,4,216,221,4,95,2,0,36.0,6.14,55.25,43.98,54.0
PD Blignaut,T20I,5,83,86,4,37,0,0,13.8,6.22,21.5,44.58,20.75
HMCM Bandara,T20I,4,84,97,4,33,2,0,14.0,6.93,24.25,39.29,21.0
D Tucker,T20I,12,169,194,4,60,0,1,28.2,6.89,48.5,35.5,42.25
MM Patel,T20I,3,60,87,4,26,0,0,10.0,8.7,21.75,43.33,15.0
MM Mabathoana,T20I,6,105,189,4,21,19,15,17.5,10.8,47.25,20.0,26.25
HAM Samuddika,ODI,7,324,214,4,193,8,0,54.0,3.96,53.5,59.57,81.0
Yasir Mehmood,T20I,4,72,85,4,32,5,0,12.0,7.08,21.25,44.44,18.0
LE Plunkett,IPL,7,150,228,4,42,4,0,25.0,9.12,57.0,28.0,37.5
LD Madushanka,ODI,4,145,177,4,48,3,1,24.2,7.32,44.25,33.1,36.25
DP Vijaykumar,IPL,9,154,205,4,69,5,2,25.7,7.99,51.25,44.81,38.5
BRM Taylor,ODI,16,258,279,4,97,4,0,43.0,6.49,69.75,37.6,64.5
BL Kotze,ODI,5,260,282,4,111,6,2,43.3,6.51,70.5,42.69,65.0
PP Chawla,T20I,7,138,154,4,51,0,0,23.0,6.7,38.5,36.96,34.5
Yang Shen,T20I,4,73,56,4,47,9,1,12.2,4.6,14.0,64.38,18.25
D Tucker,Test,2,255,233,4,146,0,1,42.5,5.48,58.25,57.25,63.75
YM Murrure,T20I,12,197,164,4,122,32,1,32.8,4.99,41.0,61.93,49.25
Y Nagar,IPL,8,70,125,4,16,2,4,11.7,10.71,31.25,22.86,17.5
H Roy,T20I,2,42,28,4,21,4,0,7.0,4.0,7.0,50.0,10.5
Z Mali,T20I,7,136,188,4,44,1,1,22.7,8.29,47.0,32.35,34.0
Z Mali,ODI,6,133,81,4,90,6,1,22.2,3.65,20.25,67.67,33.25
Z Hoque,T20I,7,126,127,4,65,0,0,21.0,6.05,31.75,51.59,31.5
L Vuadreu,T20I,1,24,25,4,11,6,0,4.0,6.25,6.25,45.83,6.0
LY Loch Srey,T20I,7,134,125,4,83,26,0,22.3,5.6,31.25,61.94,33.5
LW Potthoff,T20I,2,30,33,4,13,4,0,5.0,6.6,8.25,43.33,7.5
L Lamin,T20I,7,89,120,4,31,2,1,14.8,8.09,30.0,34.83,22.25
Parvez Rasool,IPL,11,198,273,4,62,2,0,33.0,8.27,68.25,31.31,49.5
PWH de Silva,Test,4,677,403,4,440,0,3,112.8,3.57,100.75,64.99,169.25
OC McCoy,ODI,2,84,110,4,29,3,0,14.0,7.86,27.5,34.52,21.0
OAC Banks,ODI,2,108,69,4,62,2,0,18.0,3.83,17.25,57.41,27.0
O Sam Arthur,T20I,6,73,90,4,31,7,1,12.2,7.4,22.5,42.47,18.25
C Boyle,T20I,7,114,120,4,52,17,0,19.0,6.32,30.0,45.61,28.5
C Bosch,IPL,4,74,115,4,35,5,1,12.3,9.32,28.75,47.3,18.5
Dok Da Nit,T20I,3,55,60,4,27,12,1,9.2,6.55,15.0,49.09,13.75
L Gregory,ODI,3,116,97,4,68,2,2,19.3,5.02,24.25,58.62,29.0
L Krvaric,T20I,6,129,103,4,74,22,3,21.5,4.79,25.75,57.36,32.25
L Klokgieters,T20I,4,67,93,4,25,2,1,11.2,8.33,23.25,37.31,16.75
Waqar Younis,Test,2,322,213,4,231,0,4,53.7,3.97,53.25,71.74,80.5
Wang Qi,T20I,4,61,48,4,34,6,0,10.2,4.72,12.0,55.74,15.25
A Kaul,T20I,3,35,31,4,14,0,0,5.8,5.31,7.75,40.0,8.75
MP Yadav,T20I,3,74,87,4,35,3,2,12.3,7.05,21.75,47.3,18.5
MP O'Dowd,T20I,11,106,158,4,40,6,0,17.7,8.94,39.5,37.74,26.5
Hamid Safi,T20I,5,42,76,4,15,1,2,7.0,10.86,19.0,35.71,10.5
Hala Azmat,T20I,4,60,56,4,30,2,0,10.0,5.6,14.0,50.0,15.0
Hadia Siddiqui,T20I,7,104,122,4,47,23,2,17.3,7.04,30.5,45.19,26.0
L Jones,T20I,4,72,45,4,50,3,0,12.0,3.75,11.25,69.44,18.0
L Jones,ODI,2,95,92,4,51,13,0,15.8,5.81,23.0,53.68,23.75
BG Illing,T20I,6,121,125,4,73,10,1,20.2,6.2,31.25,60.33,30.25
L Martin,T20I,2,40,55,4,16,11,0,6.7,8.25,13.75,40.0,10.0
L Maritz,ODI,3,132,158,4,57,8,1,22.0,7.18,39.5,43.18,33.0
L Makgale,T20I,2,24,10,4,18,2,0,4.0,2.5,2.5,75.0,6.0
R Dhar,T20I,5,92,124,4,37,3,1,15.3,8.09,31.0,40.22,23.0
L Dalbina,T20I,6,132,132,4,63,28,6,22.0,6.0,33.0,47.73,33.0
L Cheatle,T20I,5,72,68,4,40,2,0,12.0,5.67,17.0,55.56,18.0
WRS de Silva,Test,1,148,65,4,120,2,4,24.7,2.64,16.25,81.08,37.0
D Tanase,T20I,3,55,57,4,34,15,1,9.2,6.22,14.25,61.82,13.75
MJ Guptill,ODI,11,110,100,4,53,6,1,18.3,5.45,25.0,48.18,27.5
Heal Theara,T20I,6,99,96,4,44,10,3,16.5,5.82,24.0,44.44,24.75
A Hartley,T20I,6,100,105,4,36,4,0,16.7,6.3,26.25,36.0,25.0
Wasim Ali,T20I,9,140,162,4,47,2,2,23.3,6.94,40.5,33.57,35.0
Kyte Gullem Keen,T20I,3,49,45,4,31,10,1,8.2,5.51,11.25,63.27,12.25
O Bastin,T20I,6,116,106,4,47,9,2,19.3,5.48,26.5,40.52,29.0
DNA Ankrah,T20I,6,86,121,4,37,6,2,14.3,8.44,30.25,43.02,21.5
M Ayodhya,T20I,3,55,92,4,21,6,1,9.2,10.04,23.0,38.18,13.75
R Clarke,Test,2,174,60,4,148,0,0,29.0,2.07,15.0,85.06,43.5
R Baruah,T20I,6,61,90,4,22,5,1,10.2,8.85,22.5,36.07,15.25
BF Mailata,T20I,7,90,156,4,31,6,0,15.0,10.4,39.0,34.44,22.5
Qudratullah Mir Afzail,T20I,6,95,100,4,52,6,0,15.8,6.32,25.0,54.74,23.75
E Frimpong,T20I,4,60,33,4,41,0,0,10.0,3.3,8.25,68.33,15.0
W Wotu,T20I,8,95,114,4,36,4,3,15.8,7.2,28.5,37.89,23.75
D Gough,T20I,2,42,51,4,26,1,1,7.0,7.29,12.75,61.9,10.5
Virendra Kumar,T20I,4,61,74,4,34,1,1,10.2,7.28,18.5,55.74,15.25
Hassan Khan Mohammad,T20I,5,91,124,4,39,9,1,15.2,8.18,31.0,42.86,22.75
Harshit Rana,Test,2,274,205,4,182,0,4,45.7,4.49,51.25,66.42,68.5
E Ernest,T20I,6,114,94,4,65,2,0,19.0,4.95,23.5,57.02,28.5
R Khullar,T20I,6,71,87,4,36,18,1,11.8,7.35,21.75,50.7,17.75
C Campher,Test,8,578,459,4,361,2,2,96.3,4.76,114.75,62.46,144.5
Nisha Ali,T20I,5,82,70,4,39,0,0,13.7,5.12,17.5,47.56,20.5
M Corazon,T20I,5,60,29,4,38,5,0,10.0,2.9,7.25,63.33,15.0
R Dhiman,T20I,4,68,86,4,30,6,2,11.3,7.59,21.5,44.12,17.0
R Powell,T20I,13,115,201,4,21,4,2,19.2,10.49,50.25,18.26,28.75
VD Philander,T20I,6,83,118,4,39,4,0,13.8,8.53,29.5,46.99,20.75
A Nehra,Test,2,374,225,4,273,3,8,62.3,3.61,56.25,72.99,93.5
I Uboh,T20I,6,78,112,4,23,2,0,13.0,8.62,28.0,29.49,19.5
I Stewart,T20I,3,48,68,4,17,1,0,8.0,8.5,17.0,35.42,12.0
I Quee,T20I,2,30,19,4,17,3,0,5.0,3.8,4.75,56.67,7.5
D du Preez,IPL,2,43,56,4,18,0,1,7.2,7.81,14.0,41.86,10.75
D Wulandari,T20I,8,128,87,4,79,11,2,21.3,4.08,21.75,61.72,32.0
Hassnain Shah,T20I,4,66,106,4,19,3,0,11.0,9.64,26.5,28.79,16.5
H Khuttan,T20I,6,75,78,4,34,3,1,12.5,6.24,19.5,45.33,18.75
WA Mota,IPL,7,73,98,4,25,2,1,12.2,8.05,24.5,34.25,18.25
BA Williams,Test,1,235,121,4,194,2,1,39.2,3.09,30.25,82.55,58.75
M Chaudhary,T20I,2,48,37,4,29,3,0,8.0,4.62,9.25,60.42,12.0
DP Michael,T20I,2,33,53,4,7,1,1,5.5,9.64,13.25,21.21,8.25
Nazmul Islam,Test,1,174,76,4,131,0,0,29.0,2.62,19.0,75.29,43.5
R Mondol,T20I,5,78,128,4,33,1,0,13.0,9.85,32.0,42.31,19.5
Kashif Khan,T20I,4,73,75,4,37,0,0,12.2,6.16,18.75,50.68,18.25
R Sai Kishore,T20I,2,49,38,4,31,1,1,8.2,4.65,9.5,63.27,12.25
E Malinga,ODI,7,224,230,4,118,12,2,37.3,6.16,57.5,52.68,56.0
E Leie,T20I,2,36,49,4,12,1,0,6.0,8.17,12.25,33.33,9.0
MW Machan,ODI,9,222,223,4,81,4,0,37.0,6.03,55.75,36.49,55.5
MW Jones,ODI,3,121,167,4,56,6,1,20.2,8.28,41.75,46.28,30.25
V Sibanda,ODI,11,267,267,4,112,9,0,44.5,6.0,66.75,41.95,66.75
VN Veetil,T20I,7,124,166,4,35,1,0,20.7,8.03,41.5,28.23,31.0
B Ward,ODI,4,181,186,4,79,2,0,30.2,6.17,46.5,43.65,45.25
M Grzinic,T20I,2,36,18,4,27,0,0,6.0,3.0,4.5,75.0,9.0
M Gaur,ODI,2,74,55,4,52,6,0,12.3,4.46,13.75,70.27,18.5
M Faraz Akram,ODI,3,169,164,4,78,3,1,28.2,5.82,41.0,46.15,42.25
Nawaf Ahmed,T20I,7,94,129,4,36,8,1,15.7,8.23,32.25,38.3,23.5
Kamran Hussain,ODI,2,102,70,4,68,1,0,17.0,4.12,17.5,66.67,25.5
Mahewish Khan,T20I,2,42,31,4,26,1,0,7.0,4.43,7.75,61.9,10.5
Mahbubul Alam,Test,3,372,209,4,285,0,1,62.0,3.37,52.25,76.61,93.0
Maham Tariq,ODI,4,180,206,4,84,8,0,30.0,6.87,51.5,46.67,45.0
Maahi Madhavan,ODI,2,90,76,4,48,0,0,15.0,5.07,19.0,53.33,22.5
IECM Wong,ODI,3,114,122,4,65,4,0,19.0,6.42,30.5,57.02,28.5
A Phillip,ODI,5,195,210,4,97,6,0,32.5,6.46,52.5,49.74,48.75
E Richard,T20I,6,80,89,4,50,19,0,13.3,6.68,22.25,62.5,20.0
B Maximo,T20I,3,66,81,4,28,19,6,11.0,7.36,20.25,42.42,16.5
R Thapliyal,T20I,3,66,97,4,24,2,0,11.0,8.82,24.25,36.36,16.5
Khalander Mustafa,T20I,2,42,55,4,24,5,0,7.0,7.86,13.75,57.14,10.5
Khaibar Deldar,T20I,5,74,123,4,27,8,2,12.3,9.97,30.75,36.49,18.5
KV Sharma,Test,1,294,238,4,170,0,0,49.0,4.86,59.5,57.82,73.5
RJ Harris,T20I,3,70,95,4,28,2,0,11.7,8.14,23.75,40.0,17.5
B Mahesh,T20I,5,85,117,4,42,11,1,14.2,8.26,29.25,49.41,21.25
B Laughlin,ODI,5,224,221,4,115,5,0,37.3,5.92,55.25,51.34,56.0
C Floyd,ODI,9,379,321,4,185,2,1,63.2,5.08,80.25,48.81,94.75
E Ochieng,T20I,6,114,166,4,43,4,0,19.0,8.74,41.5,37.72,28.5
Kamran Shazad,ODI,2,103,104,4,56,2,1,17.2,6.06,26.0,54.37,25.75
B Biza,ODI,12,302,255,4,158,12,1,50.3,5.07,63.75,52.32,75.5
RL Powell,ODI,9,180,183,4,76,9,0,30.0,6.1,45.75,42.22,45.0
IM Vaghela,ODI,6,248,221,4,154,32,2,41.3,5.35,55.25,62.1,62.0
IGTP Wiguna,T20I,7,97,130,4,44,3,1,16.2,8.04,32.5,45.36,24.25
Gurjapneet Singh,IPL,6,109,168,4,35,4,0,18.2,9.25,42.0,32.11,27.25
Manpreet Singh,T20I,13,211,299,4,74,6,1,35.2,8.5,74.75,35.07,52.75
V Shankar,ODI,9,233,212,4,116,8,0,38.8,5.46,53.0,49.79,58.25
V Ravindran,T20I,2,40,21,4,24,0,0,6.7,3.15,5.25,60.0,10.0
V Marghashayam,T20I,4,60,102,4,22,0,0,10.0,10.2,25.5,36.67,15.0
E Vukusic,T20I,4,98,73,4,66,5,2,16.3,4.47,18.25,67.35,24.5
KT Maphaka,Test,2,261,185,4,172,2,1,43.5,4.25,46.25,65.9,65.25
RK Parwin,T20I,2,48,38,4,26,2,0,8.0,4.75,9.5,54.17,12.0
C Jennings,T20I,3,67,66,4,36,9,1,11.2,5.91,16.5,53.73,16.75
RJG Palmer,T20I,6,102,103,4,45,2,0,17.0,6.06,25.75,44.12,25.5
B Jerkovic,T20I,5,55,100,4,11,2,1,9.2,10.91,25.0,20.0,13.75
Kamal Raiz,T20I,3,61,50,4,35,0,1,10.2,4.92,12.5,57.38,15.25
KR Frost,T20I,3,60,37,4,39,5,0,10.0,3.7,9.25,65.0,15.0
KR Ebanks,T20I,8,115,178,4,38,7,1,19.2,9.29,44.5,33.04,28.75
RP Lefebvre,ODI,4,192,126,4,119,7,0,32.0,3.94,31.5,61.98,48.0
IT Guha,ODI,3,121,65,4,96,6,1,20.2,3.22,16.25,79.34,30.25
UDU Chandana,Test,3,634,378,4,457,0,1,105.7,3.58,94.5,72.08,158.5
DA Warner,Test,17,343,276,4,197,1,1,57.2,4.83,69.0,57.43,85.75
Tilak Varma,T20I,7,57,56,4,26,1,0,9.5,5.89,14.0,45.61,14.25
A Sharma,ODI,8,264,183,4,185,9,0,44.0,4.16,45.75,70.08,66.0
A Shahzad,Test,1,102,63,4,72,1,0,17.0,3.71,15.75,70.59,25.5
KS Gautam,ODI,6,266,270,4,129,2,0,44.3,6.09,67.5,48.5,66.5
M Kanno,T20I,6,97,85,4,51,6,1,16.2,5.26,21.25,52.58,24.25
RML Taylor,T20I,7,114,160,4,41,2,0,19.0,8.42,40.0,35.96,28.5
RTM Mendis,ODI,3,72,74,4,32,5,0,12.0,6.17,18.5,44.44,18.0
EJB Miles,ODI,3,120,117,4,63,0,0,20.0,5.85,29.25,52.5,30.0
RS Higgins,ODI,3,158,128,4,71,0,0,26.3,4.86,32.0,44.94,39.5
Tapash Baisya,Test,5,640,457,4,448,6,5,106.7,4.28,114.25,70.0,160.0
Tanvir Islam,T20I,6,102,140,4,41,1,0,17.0,8.24,35.0,40.2,25.5
Tamoor Sajjad,T20I,6,125,155,4,45,1,0,20.8,7.44,38.75,36.0,31.25
Mariam Hasan,T20I,2,42,23,4,22,3,0,7.0,3.29,5.75,52.38,10.5
D Forrester,PSL,5,35,72,4,7,2,1,5.8,12.34,18.0,20.0,8.75
GSNFG Jayasuriya,T20I,11,137,213,4,38,1,0,22.8,9.33,53.25,27.74,34.25
A Zimunu,T20I,10,162,192,4,82,14,0,27.0,7.11,48.0,50.62,40.5
AA Paradkar,T20I,3,54,72,4,20,1,0,9.0,8.0,18.0,37.04,13.5
C Outerbridge,T20I,4,54,51,4,27,3,0,9.0,5.67,12.75,50.0,13.5
RR Simmonds,T20I,2,30,40,4,12,2,0,5.0,8.0,10.0,40.0,7.5
RR Sarwan,Test,16,722,486,4,448,5,1,120.3,4.04,121.5,62.05,180.5
KO Meth,Test,2,324,102,4,268,0,0,54.0,1.89,25.5,82.72,81.0
Azri Azhar,T20I,8,101,116,4,48,10,1,16.8,6.89,29.0,47.52,25.25
Rahim Khan,T20I,4,78,61,4,28,0,0,13.0,4.69,15.25,35.9,19.5
Rachel Delaney,T20I,9,100,114,4,45,4,1,16.7,6.84,28.5,45.0,25.0
Imran Khan (2),PSL,3,64,101,4,19,0,0,10.7,9.47,25.25,29.69,16.0
D Ajekun,T20I,7,73,89,4,27,1,0,12.2,7.32,22.25,36.99,18.25
Md Shuayeb,T20I,4,36,50,4,14,2,0,6.0,8.33,12.5,38.89,9.0
Mazharul Islam,T20I,6,83,98,4,31,0,0,13.8,7.08,24.5,37.35,20.75
Matiullah Khan,T20I,5,99,152,4,38,5,3,16.5,9.21,38.0,38.38,24.75
GJ Whittall,ODI,5,135,121,4,75,2,0,22.5,5.38,30.25,55.56,33.75
TMM Newton,T20I,3,54,50,4,27,4,0,9.0,5.56,12.5,50.0,13.5
GMK Jayaweera,T20I,3,21,33,4,11,0,1,3.5,9.43,8.25,52.38,5.25
Raag Kapur,T20I,5,72,90,4,25,2,0,12.0,7.5,22.5,34.72,18.0
KL George,ODI,2,75,71,4,45,7,0,12.5,5.68,17.75,60.0,18.75
C Munro,T20I,12,118,186,4,27,1,0,19.7,9.46,46.5,22.88,29.5
NS Dhaliwal,T20I,6,60,61,4,31,1,0,10.0,6.1,15.25,51.67,15.0
NR Kirton,T20I,7,54,97,4,16,0,0,9.0,10.78,24.25,29.63,13.5
NR Kirton,ODI,7,132,107,4,63,2,0,22.0,4.86,26.75,47.73,33.0
Azhar Ali,ODI,14,258,262,4,102,6,0,43.0,6.09,65.5,39.53,64.5
Ayesha Zafar,T20I,2,30,34,4,13,1,0,5.0,6.8,8.5,43.33,7.5
Rohan Bhavesh Patel,T20I,4,66,83,4,23,1,0,11.0,7.55,20.75,34.85,16.5
KJ Patel,T20I,5,109,113,4,43,1,0,18.2,6.22,28.25,39.45,27.25
Asif Iqbal,T20I,2,30,42,4,8,0,0,5.0,8.4,10.5,26.67,7.5
Isa Zaroo,T20I,3,54,91,4,20,2,0,9.0,10.11,22.75,37.04,13.5
AC Cummins,ODI,4,186,181,4,101,17,6,31.0,5.84,45.25,54.3,46.5
TL Chivanga,ODI,4,177,187,4,101,12,2,29.5,6.34,46.75,57.06,44.25
Merwais Shinwari,T20I,3,42,61,4,18,5,0,7.0,8.71,15.25,42.86,10.5
Meghna Singh,T20I,9,111,153,4,52,1,0,18.5,8.27,38.25,46.85,27.75
TKP Rajapaksha,T20I,6,96,138,4,31,8,0,16.0,8.62,34.5,32.29,24.0
J Daley,T20I,2,37,32,4,25,1,1,6.2,5.19,8.0,67.57,9.25
Taher Muhammad,T20I,10,144,246,4,37,4,2,24.0,10.25,61.5,25.69,36.0
Irfan Ahmed,ODI,3,150,145,4,89,4,0,25.0,5.8,36.25,59.33,37.5
NND de Silva,ODI,14,331,294,4,189,20,1,55.2,5.33,73.5,57.1,82.75
C Roberts,T20I,4,37,60,4,16,1,1,6.2,9.73,15.0,43.24,9.25
C Pavely,T20I,2,48,60,4,18,0,0,8.0,7.5,15.0,37.5,12.0
ET Williams,T20I,5,95,101,4,51,8,2,15.8,6.38,25.25,53.68,23.75
KK Dobell,T20I,3,42,47,4,25,10,0,7.0,6.71,11.75,59.52,10.5
Elias Tilman,T20I,8,109,176,4,32,24,1,18.2,9.69,44.0,29.36,27.25
KD Mehta,T20I,2,42,43,4,21,1,0,7.0,6.14,10.75,50.0,10.5
S Borakambi,T20I,3,57,45,4,27,5,1,9.5,4.74,11.25,47.37,14.25
S Bhanushali,T20I,3,48,57,4,20,2,0,8.0,7.12,14.25,41.67,12.0
AE Smith,ODI,3,108,51,4,88,7,0,18.0,2.83,12.75,81.48,27.0
GJ Batty,ODI,5,252,184,4,118,2,0,42.0,4.38,46.0,46.83,63.0
J Drysdale,ODI,4,132,101,4,89,7,0,22.0,4.59,25.25,67.42,33.0
MEK Hussey,ODI,13,240,237,4,116,9,0,40.0,5.93,59.25,48.33,60.0
MEC de Fouw,T20I,3,64,75,4,28,4,0,10.7,7.03,18.75,43.75,16.0
MEC de Fouw,ODI,2,120,69,4,82,2,0,20.0,3.45,17.25,68.33,30.0
TB Sole,T20I,5,102,111,4,35,2,0,17.0,6.53,27.75,34.31,25.5
AC Septien,T20I,3,61,40,4,46,12,1,10.2,3.93,10.0,75.41,15.25
Ismaila Tanba,T20I,5,60,99,4,23,3,0,10.0,9.9,24.75,38.33,15.0
S Banamali,T20I,5,95,153,4,33,5,0,15.8,9.66,38.25,34.74,23.75
S Badree,PSL,7,156,194,4,60,2,0,26.0,7.46,48.5,38.46,39.0
M Mani,ODI,3,120,129,4,42,3,0,20.0,6.45,32.25,35.0,30.0
C Smith,T20I,5,83,91,4,33,4,1,13.8,6.58,22.75,39.76,20.75
KE Pike,ODI,1,60,25,4,51,0,0,10.0,2.5,6.25,85.0,15.0
KE Ebrahim,ODI,4,108,83,4,62,2,0,18.0,4.61,20.75,57.41,27.0
Rudolph Fox,T20I,6,81,99,4,32,4,0,13.5,7.33,24.75,39.51,20.25
Ehsan Adil,ODI,6,226,229,4,119,3,1,37.7,6.08,57.25,52.65,56.5
Ashfaq Ahmed,ODI,6,199,166,4,98,0,0,33.2,5.01,41.5,49.25,49.75
Arjun Tendulkar,IPL,5,74,117,4,33,9,1,12.3,9.49,29.25,44.59,18.5
Arish Ali,PSL,2,42,64,4,18,1,0,7.0,9.14,16.0,42.86,10.5
Archara Supriya,T20I,5,53,48,4,23,3,2,8.8,5.43,12.0,43.4,13.25
T Tumursukh,T20I,7,105,180,4,24,12,3,17.5,10.29,45.0,22.86,26.25
J Kominkova,T20I,10,150,187,4,62,36,18,25.0,7.48,46.75,41.33,37.5
J Kgang,T20I,4,53,42,4,34,6,0,8.8,4.75,10.5,64.15,13.25
T Stubbs,IPL,5,36,69,4,12,1,0,6.0,11.5,17.25,33.33,9.0
J Blackwood,Test,17,454,274,4,300,0,0,75.7,3.62,68.5,66.08,113.5
TE Kane,T20I,3,49,67,4,18,2,0,8.2,8.2,16.75,36.73,12.25
T Natarajan,ODI,2,121,144,4,59,11,1,20.2,7.14,36.0,48.76,30.25
Mohammad Ahsan,T20I,3,54,94,4,14,1,0,9.0,10.44,23.5,25.93,13.5
J Glasgow,T20I,7,69,79,4,36,4,0,11.5,6.87,19.75,52.17,17.25
J Ghadiyali,T20I,4,59,56,4,31,1,0,9.8,5.69,14.0,52.54,14.75
T Yotharat,T20I,5,62,59,4,28,3,2,10.3,5.71,14.75,45.16,15.5
S Dhawan,IPL,6,48,72,4,20,1,0,8.0,9.0,18.0,41.67,12.0
S Dhakal,ODI,7,229,149,4,133,0,0,38.2,3.9,37.25,58.08,57.25
Asad Mohammad,T20I,7,110,132,4,39,1,2,18.3,7.2,33.0,35.45,27.5
NKDP Putri,T20I,4,77,20,4,67,5,0,12.8,1.56,5.0,87.01,19.25
C van der Westhuizen,ODI,2,90,35,4,71,2,0,15.0,2.33,8.75,78.89,22.5
S Joseph,ODI,6,253,274,4,127,15,2,42.2,6.5,68.5,50.2,63.25
S Jeelany,T20I,4,33,27,4,17,5,0,5.5,4.91,6.75,51.52,8.25
DJM Short,T20I,9,114,152,4,30,1,0,19.0,8.0,38.0,26.32,28.5
KA Jamieson,PSL,2,42,64,4,20,0,0,7.0,9.14,16.0,47.62,10.5
Arshad Iqbal,T20I,3,54,53,4,27,3,0,9.0,5.89,13.25,50.0,13.5
KC D'Souza,T20I,5,86,84,4,42,6,2,14.3,5.86,21.0,48.84,21.5
KAR Hodge,Test,6,264,199,4,146,0,0,44.0,4.52,49.75,55.3,66.0
K Sathish,T20I,4,60,74,4,18,1,0,10.0,7.4,18.5,30.0,15.0
K Samten,T20I,5,105,80,4,48,4,0,17.5,4.57,20.0,45.71,26.25
Ankit Soni,IPL,6,109,145,4,38,3,0,18.2,7.98,36.25,34.86,27.25
T Basile,T20I,2,15,7,4,13,3,0,2.5,2.8,1.75,86.67,3.75
J Overton,Test,2,452,326,4,308,7,2,75.3,4.33,81.5,68.14,113.0
DB Lakhani,T20I,3,33,43,4,15,3,1,5.5,7.82,10.75,45.45,8.25
MD Dai,T20I,7,126,121,4,46,0,0,21.0,5.76,30.25,36.51,31.5
MD Bates,T20I,3,66,108,4,20,1,0,11.0,9.82,27.0,30.3,16.5
CV Harrison,T20I,4,76,119,4,27,8,4,12.7,9.39,29.75,35.53,19.0
Mohammad Asaduzzaman,T20I,7,138,177,4,50,11,0,23.0,7.7,44.25,36.23,34.5
Mohammad Amir Khan,PSL,9,145,244,4,42,2,1,24.2,10.1,61.0,28.97,36.25
J Matharu,T20I,5,78,125,4,24,5,0,13.0,9.62,31.25,30.77,19.5
J Liyanage,ODI,16,350,311,4,162,15,0,58.3,5.33,77.75,46.29,87.5
Anjuli Ghalley,T20I,7,100,77,4,57,7,4,16.7,4.62,19.25,57.0,25.0
NJ Astle,T20I,2,41,51,4,15,0,0,6.8,7.46,12.75,36.59,10.25
NE Farrant,ODI,5,211,179,4,128,7,0,35.2,5.09,44.75,60.66,52.75
S Nadigotla,T20I,4,62,71,4,28,4,0,10.3,6.87,17.75,45.16,15.5
F Clarke,T20I,4,78,96,4,31,9,0,13.0,7.38,24.0,39.74,19.5
Surinder Singh,T20I,5,85,139,4,27,7,1,14.2,9.81,34.75,31.76,21.25
Sumaiya Siddiqi,ODI,6,234,166,4,145,9,0,39.0,4.26,41.5,61.97,58.5
Chado Om,T20I,3,48,53,4,17,4,0,8.0,6.62,13.25,35.42,12.0
Suhrawadi Shuvo,Test,1,297,150,4,208,0,0,49.5,3.03,37.5,70.03,74.25
Suhail Sattar,T20I,7,79,128,4,21,13,1,13.2,9.72,32.0,26.58,19.75
T Hanum,T20I,2,35,31,4,16,2,0,5.8,5.31,7.75,45.71,8.75
T Gwandu,Test,2,220,224,4,117,0,4,36.7,6.11,56.0,53.18,55.0
T Filer,T20I,2,26,26,4,10,0,0,4.3,6.0,6.5,38.46,6.5
T Dlamini,T20I,11,179,221,4,85,55,6,29.8,7.41,55.25,47.49,44.75
K Oala,T20I,6,84,81,4,37,6,0,14.0,5.79,20.25,44.05,21.0
S Malwatta,T20I,3,27,29,4,14,2,0,4.5,6.44,7.25,51.85,6.75
CA Numungu,T20I,1,24,8,4,21,1,0,4.0,2.0,2.0,87.5,6.0
NA Saini,Test,2,257,172,4,177,0,6,42.8,4.02,43.0,68.87,64.25
K Sinclair,T20I,6,108,151,4,25,1,0,18.0,8.39,37.75,23.15,27.0
K Dorji,T20I,4,71,114,4,21,5,1,11.8,9.63,28.5,29.58,17.75
S Sharma,Test,1,108,34,4,96,1,0,18.0,1.89,8.5,88.89,27.0
S Sengupta,T20I,5,96,160,4,36,9,0,16.0,10.0,40.0,37.5,24.0
K Lake,T20I,5,66,61,4,43,11,0,11.0,5.55,15.25,65.15,16.5
GC Viljoen,PSL,5,90,141,4,30,5,0,15.0,9.4,35.25,33.33,22.5
JA Clarkson,ODI,6,126,130,4,59,6,0,21.0,6.19,32.5,46.83,31.5
J van Heerden,T20I,2,43,58,4,15,3,1,7.2,8.09,14.5,34.88,10.75
J Wilson,T20I,5,93,170,4,32,4,0,15.5,10.97,42.5,34.41,23.25
Mohammad Mohsin,T20I,4,72,72,4,31,0,0,12.0,6.0,18.0,43.06,18.0
Mohammad Imran (2),PSL,6,138,172,4,53,1,0,23.0,7.48,43.0,38.41,34.5
AJ Turner,T20I,6,78,83,4,36,5,0,13.0,6.38,20.75,46.15,19.5
K Kapadia,T20I,10,102,82,4,62,6,0,17.0,4.82,20.5,60.78,25.5
Amir Zaib,T20I,6,52,80,4,20,2,0,8.7,9.23,20.0,38.46,13.0
NA Maiolo,T20I,4,97,92,4,46,2,1,16.2,5.69,23.0,47.42,24.25
M Mwamadi,T20I,4,62,76,4,22,4,0,10.3,7.35,19.0,35.48,15.5
K Macheka,T20I,2,41,60,4,23,2,2,6.8,8.78,15.0,56.1,10.25
K Modise,T20I,2,30,41,4,13,0,0,5.0,8.2,10.25,43.33,7.5
S Namusha,T20I,6,120,48,4,90,6,0,20.0,2.4,12.0,75.0,30.0
FC Leydon-Davis,T20I,2,48,40,4,20,1,0,8.0,5.0,10.0,41.67,12.0
K Canavarci,T20I,8,130,158,4,58,27,4,21.7,7.29,39.5,44.62,32.5
GD Elliott,Test,4,282,151,4,220,0,0,47.0,3.21,37.75,78.01,70.5
DE Bernard,Test,2,199,126,4,142,1,7,33.2,3.8,31.5,71.36,49.75
MA Parker,T20I,3,61,66,4,33,3,1,10.2,6.49,16.5,54.1,15.25
JAR Blain,T20I,3,72,64,4,36,1,0,12.0,5.33,16.0,50.0,18.0
J Srinath,Test,1,198,97,4,151,0,0,33.0,2.94,24.25,76.26,49.5
GF Linde,ODI,4,151,142,4,72,1,1,25.2,5.64,35.5,47.68,37.75
Soumya Sarkar,Test,10,486,311,4,332,3,2,81.0,3.84,77.75,68.31,121.5
Sohail Ahmed,T20I,9,116,155,4,46,2,0,19.3,8.02,38.75,39.66,29.0
Ameer Saiyed,T20I,6,70,105,4,24,2,0,11.7,9.0,26.25,34.29,17.5
S Tabuisulu,T20I,6,115,151,4,47,7,0,19.2,7.88,37.75,40.87,28.75
DJ Muthuswami,IPL,6,84,108,4,47,0,0,14.0,7.71,27.0,55.95,21.0
DJ Mitchell,Test,21,778,404,4,570,2,3,129.7,3.12,101.0,73.26,194.5
CAH Stevenson,T20I,4,72,101,4,25,2,0,12.0,8.42,25.25,34.72,18.0
K Goud,T20I,9,168,239,4,66,9,0,28.0,8.54,59.75,39.29,42.0
Jubair Hossain,ODI,3,115,115,4,52,0,1,19.2,6.0,28.75,45.22,28.75
FL Patel,T20I,7,96,124,4,50,13,0,16.0,7.75,31.0,52.08,24.0
FL Albanjari,T20I,2,20,8,4,14,1,0,3.3,2.4,2.0,70.0,5.0
SA Campbelle,ODI,6,174,130,4,108,21,0,29.0,4.48,32.5,62.07,43.5
Mohammad Talha,ODI,3,123,147,4,57,3,1,20.5,7.17,36.75,46.34,30.75
CP Schofield,T20I,4,77,92,4,29,1,0,12.8,7.17,23.0,37.66,19.25
JC Balt,T20I,10,164,189,4,60,3,0,27.3,6.91,47.25,36.59,41.0
Shashank Singh,IPL,6,60,91,4,15,2,0,10.0,9.1,22.75,25.0,15.0
Sohag Gazi,T20I,10,210,303,4,77,5,0,35.0,8.66,75.75,36.67,52.5
Shruti Yadav,T20I,6,102,127,4,40,8,0,17.0,7.47,31.75,39.22,25.5
CE McConchie,ODI,5,168,136,4,77,1,0,28.0,4.86,34.0,45.83,42.0
CD Mboe,T20I,2,36,21,4,27,5,0,6.0,3.5,5.25,75.0,9.0
M Prasanna,T20I,4,80,131,4,22,3,2,13.3,9.82,32.75,27.5,20.0
M Podosky,T20I,5,117,142,4,36,2,3,19.5,7.28,35.5,30.77,29.25
S Tyagi,ODI,4,166,146,4,102,3,1,27.7,5.28,36.5,61.45,41.5
Akif Raja,ODI,5,230,175,4,148,4,2,38.3,4.57,43.75,64.35,57.5
Faisal Khan,T20I,10,96,157,4,33,2,0,16.0,9.81,39.25,34.38,24.0
Javeria Khan,T20I,3,42,38,4,20,1,0,7.0,5.43,9.5,47.62,10.5
GA Lamb,T20I,5,73,80,4,32,2,0,12.2,6.58,20.0,43.84,18.25
G Wijekoon,T20I,3,66,101,4,15,2,0,11.0,9.18,25.25,22.73,16.5
Mohammed Alamgir,T20I,6,67,102,4,25,5,1,11.2,9.13,25.5,37.31,16.75
CM Wright,T20I,2,30,49,4,10,1,0,5.0,9.8,12.25,33.33,7.5
CM McBride,ODI,9,180,138,4,105,13,0,30.0,4.6,34.5,58.33,45.0
Shafiullah Zakhel,T20I,4,78,122,4,34,0,0,13.0,9.38,30.5,43.59,19.5
Shivam Sharma,IPL,5,114,165,4,37,0,0,19.0,8.68,41.25,32.46,28.5
Sheraz Sirwari,T20I,5,99,127,4,44,2,0,16.5,7.7,31.75,44.44,24.75
JD Bhatt,T20I,2,36,57,4,16,1,0,6.0,9.5,14.25,44.44,9.0
JC Molina,T20I,2,37,20,4,30,3,1,6.2,3.24,5.0,81.08,9.25
Joginder Sharma,T20I,4,87,143,4,31,4,0,14.5,9.86,35.75,35.63,21.75
Jitin Singh,T20I,3,27,48,4,9,0,1,4.5,10.67,12.0,33.33,6.75
N Ndzeute,T20I,3,60,79,4,29,1,0,10.0,7.9,19.75,48.33,15.0
SG Satghare,ODI,3,138,112,4,92,10,0,23.0,4.87,28.0,66.67,34.5
SG Borthwick,Test,1,78,82,4,36,0,0,13.0,6.31,20.5,46.15,19.5
Jaskaran Singh,ODI,3,154,140,4,87,19,4,25.7,5.45,35.0,56.49,38.5
Jannatul Ferdus,T20I,3,66,88,4,29,0,0,11.0,8.0,22.0,43.94,16.5
Shafali Verma,ODI,7,156,137,4,64,3,0,26.0,5.27,34.25,41.03,39.0
Momin Qamar,PSL,4,72,114,4,21,1,0,12.0,9.5,28.5,29.17,18.0
MA Aponso,T20I,3,60,79,4,21,0,0,10.0,7.9,19.75,35.0,15.0
JG Bethell,Test,4,238,166,4,144,1,0,39.7,4.18,41.5,60.5,59.5
G Sultana,T20I,10,209,225,4,88,2,0,34.8,6.46,56.25,42.11,52.25
Sareer Shah,T20I,6,126,197,4,48,8,0,21.0,9.38,49.25,38.1,31.5
AN Hyobeom,T20I,6,67,87,4,25,8,1,11.2,7.79,21.75,37.31,16.75
AN Davidson-Richards,T20I,6,72,90,4,27,6,0,12.0,7.5,22.5,37.5,18.0
N Mamba,T20I,9,103,126,4,42,16,1,17.2,7.34,31.5,40.78,25.75
N M'shangwe,T20I,5,97,142,4,29,5,1,16.2,8.78,35.5,29.9,24.25
SDJJ Dima,T20I,4,84,121,4,25,0,0,14.0,8.64,30.25,29.76,21.0
SD Parry,T20I,5,96,138,4,29,0,0,16.0,8.62,34.5,30.21,24.0
SD Parry,ODI,2,114,94,4,64,2,0,19.0,4.95,23.5,56.14,28.5
Aleena Khan,T20I,12,175,211,4,65,7,3,29.2,7.23,52.75,37.14,43.75
JW Hastings,PSL,3,60,78,4,25,1,0,10.0,7.8,19.5,41.67,15.0
AS Luseno,ODI,2,64,58,4,40,4,4,10.7,5.44,14.5,62.5,16.0
G Mubiru,T20I,3,54,48,4,25,0,0,9.0,5.33,12.0,46.3,13.5
G Morales,T20I,3,61,44,4,48,12,1,10.2,4.33,11.0,78.69,15.25
G Onions,ODI,4,204,189,4,125,11,0,34.0,5.56,47.25,61.27,51.0
JEA Doctora,T20I,5,45,65,4,15,3,1,7.5,8.67,16.25,33.33,11.25
AR Adams,T20I,4,77,108,4,32,1,0,12.8,8.42,27.0,41.56,19.25
N Kayani,T20I,2,26,26,4,14,8,2,4.3,6.0,6.5,53.85,6.5
N Jagadish,T20I,5,85,84,4,49,13,1,14.2,5.93,21.0,57.65,21.25
CJ Gannon,T20I,3,55,68,4,21,2,1,9.2,7.42,17.0,38.18,13.75
SH Lewis,ODI,1,59,67,4,25,3,0,9.8,6.81,16.75,42.37,14.75
SG Whittingham,T20I,3,60,79,4,22,4,0,10.0,7.9,19.75,36.67,15.0
SG Satghare,Test,1,124,57,4,94,0,0,20.7,2.76,14.25,75.81,31.0
Farzan Afzal,T20I,3,72,46,4,36,2,0,12.0,3.83,11.5,50.0,18.0
Muhammad Kashif,T20I,5,77,121,4,28,1,0,12.8,9.43,30.25,36.36,19.25
Saim Ayub,Test,4,148,143,4,67,0,0,24.7,5.8,35.75,45.27,37.0
AY Karim,ODI,4,140,69,4,97,1,0,23.3,2.96,17.25,69.29,35.0
Sarandeep Singh,Test,1,127,57,4,96,0,1,21.2,2.69,14.25,75.59,31.75
Saqlain Mushtaq,ODI,4,166,132,4,96,0,6,27.7,4.77,33.0,57.83,41.5
Saqib Zulfiqar,T20I,6,78,83,4,29,0,0,13.0,6.38,20.75,37.18,19.5
Saqib Anwar,T20I,4,73,89,4,37,4,1,12.2,7.32,22.25,50.68,18.25
JW Chilia,T20I,8,170,181,4,79,3,0,28.3,6.39,45.25,46.47,42.5
Aiman Anwer,ODI,8,264,189,4,180,11,0,44.0,4.3,47.25,68.18,66.0
Aimal Khan,PSL,5,90,178,4,28,3,0,15.0,11.87,44.5,31.11,22.5
N Deonarine,ODI,16,394,368,4,159,5,1,65.7,5.6,92.0,40.36,98.5
N Davidovic,T20I,2,42,53,4,17,3,0,7.0,7.57,13.25,40.48,10.5
M Tilau,T20I,2,42,49,4,19,3,0,7.0,7.0,12.25,45.24,10.5
M Theekshana,PSL,3,72,99,4,23,1,0,12.0,8.25,24.75,31.94,18.0
M Smit,ODI,5,144,139,4,58,7,0,24.0,5.79,34.75,40.28,36.0
Jai Prakash Yadav,ODI,5,186,157,4,98,0,0,31.0,5.06,39.25,52.69,46.5
SM Benade,T20I,4,90,77,4,58,6,0,15.0,5.13,19.25,64.44,22.5
SM Benade,ODI,3,100,43,4,80,11,0,16.7,2.58,10.75,80.0,25.0
Ahmed Safi Abdullah,PSL,3,48,69,4,18,0,0,8.0,8.62,17.25,37.5,12.0
Ahmed Hassan,T20I,2,48,49,4,28,4,0,8.0,6.12,12.25,58.33,12.0
Muhammad Shahdad,ODI,7,201,191,4,85,2,0,33.5,5.7,47.75,42.29,50.25
M Whelan,T20I,8,96,191,4,28,8,0,16.0,11.94,47.75,29.17,24.0
SYD Chan,T20I,6,105,97,4,58,16,3,17.5,5.54,24.25,55.24,26.25
JJC Lawson,ODI,4,217,216,4,125,8,7,36.2,5.97,54.0,57.6,54.25
SL Kalis,T20I,3,63,47,4,32,5,3,10.5,4.48,11.75,50.79,15.75
M Shumba,T20I,5,72,103,4,23,1,0,12.0,8.58,25.75,31.94,18.0
Aftab Ahmed,Test,6,230,157,4,147,1,0,38.3,4.1,39.25,63.91,57.5
Aftab Ahmed,ODI,18,402,379,4,166,9,0,67.0,5.66,94.75,41.29,100.5
JS Kundi,T20I,9,78,94,4,25,0,0,13.0,7.23,23.5,32.05,19.5
DF Jacobs,T20I,2,30,26,4,16,0,0,5.0,5.2,6.5,53.33,7.5
SM Harwood,T20I,3,72,115,4,26,3,0,12.0,9.58,28.75,36.11,18.0
SM Ervine,Test,1,186,154,4,121,0,0,31.0,4.97,38.5,65.05,46.5
JM Willathgamuwa,ODI,4,134,99,4,79,2,0,22.3,4.43,24.75,58.96,33.5
Muhammed Turkmen,T20I,4,60,76,4,29,7,0,10.0,7.6,19.0,48.33,15.0
Muhammed Imran,T20I,2,33,42,4,15,2,0,5.5,7.64,10.5,45.45,8.25
Muhammad Usman,T20I,7,119,133,4,52,4,0,19.8,6.71,33.25,43.7,29.75
G Jafta,T20I,3,60,46,4,27,2,0,10.0,4.6,11.5,45.0,15.0
G Ilarionova,T20I,10,153,221,4,68,42,10,25.5,8.67,55.25,44.44,38.25
G Hoey,Test,1,306,201,4,180,0,0,51.0,3.94,50.25,58.82,76.5
Saeed Ahmed,T20I,3,60,100,4,16,3,0,10.0,10.0,25.0,26.67,15.0
JL Carter,ODI,12,136,162,4,46,7,0,22.7,7.15,40.5,33.82,34.0
SPS Shikongo,T20I,6,72,78,4,31,2,0,12.0,6.5,19.5,43.06,18.0
CJ McKay,T20I,6,137,183,4,50,3,1,22.8,8.01,45.75,36.5,34.25
Musaddiq Ahmed,T20I,5,95,128,4,22,4,5,15.8,8.08,32.0,23.16,23.75
G Cengiz,T20I,9,108,142,4,42,14,6,18.0,7.89,35.5,38.89,27.0
SP Krishnamurthi,ODI,7,100,79,4,47,0,0,16.7,4.74,19.75,47.0,25.0
ST Yalimaiwai,T20I,3,61,62,4,28,1,1,10.2,6.1,15.5,45.9,15.25
HJC Mol,ODI,4,116,106,4,56,2,0,19.3,5.48,26.5,48.28,29.0
D Paterson,ODI,4,209,222,4,119,4,0,34.8,6.37,55.5,56.94,52.25
D Polpitiya,T20I,4,66,96,4,27,1,0,11.0,8.73,24.0,40.91,16.5
D Pavelic,T20I,2,48,41,4,22,7,6,8.0,5.12,10.25,45.83,12.0
MJ Tumukunde,T20I,6,81,72,4,38,9,0,13.5,5.33,18.0,46.91,20.25
MJ Saggers,Test,1,116,66,4,90,0,1,19.3,3.41,16.5,77.59,29.0
P Khadka,ODI,7,276,194,4,164,3,0,46.0,4.22,48.5,59.42,69.0
P Kerai,T20I,4,54,75,4,19,0,0,9.0,8.33,18.75,35.19,13.5
P Pirabakaran,T20I,3,36,48,4,17,4,0,6.0,8.0,12.0,47.22,9.0
P Arrighi,T20I,3,72,88,4,33,2,0,12.0,7.33,22.0,45.83,18.0
Osama Mahmood,T20I,5,96,112,4,51,7,0,16.0,7.0,28.0,53.12,24.0
Omar Rassol,T20I,9,116,223,4,40,8,8,19.3,11.53,55.75,34.48,29.0
ML Lewis,T20I,2,45,50,4,19,0,0,7.5,6.67,12.5,42.22,11.25
Zahid Hussain,ODI,2,120,96,3,60,0,0,20.0,4.8,32.0,50.0,40.0
ML Kostic,T20I,5,72,158,3,25,5,1,12.0,13.17,52.67,34.72,24.0
ML Bojang,T20I,5,96,81,3,51,4,0,16.0,5.06,27.0,53.12,32.0
Zahir Khan,PSL,4,91,124,3,29,3,1,15.2,8.18,41.33,31.87,30.33
Zahid Mahmood,T20I,1,24,40,3,8,1,0,4.0,10.0,13.33,33.33,8.0
LN Onyango,T20I,4,60,111,3,17,0,0,10.0,11.1,37.0,28.33,20.0
A Cossa,T20I,6,64,83,3,28,5,2,10.7,7.78,27.67,43.75,21.33
MM Siddique,T20I,3,42,34,3,25,5,0,7.0,4.86,11.33,59.52,14.0
Younis Khan,T20I,1,22,20,3,13,0,0,3.7,5.45,6.67,59.09,7.33
Yasir Ali,Test,1,120,56,3,94,0,0,20.0,2.8,18.67,78.33,40.0
A Donovan,T20I,11,126,149,3,59,2,0,21.0,7.1,49.67,46.83,42.0
LJ Woodcock,ODI,4,164,156,3,75,2,0,27.3,5.71,52.0,45.73,54.67
Bakhtiar Tahiri,T20I,6,79,130,3,28,7,1,13.2,9.87,43.33,35.44,26.33
LK O'Reilly,ODI,5,162,125,3,100,18,0,27.0,4.63,41.67,61.73,54.0
P Sahu,IPL,5,105,152,3,27,2,0,17.5,8.69,50.67,25.71,35.0
P Roy,T20I,3,42,51,3,16,0,0,7.0,7.29,17.0,38.1,14.0
LHD Dilhara,ODI,3,124,101,3,68,2,4,20.7,4.89,33.67,54.84,41.33
Obed Yosef,T20I,5,78,101,3,33,3,0,13.0,7.77,33.67,42.31,26.0
DR Brown,ODI,4,138,163,3,63,2,0,23.0,7.09,54.33,45.65,46.0
LRPL Taylor,Test,7,99,48,3,69,0,0,16.5,2.91,16.0,69.7,33.0
DS Kulkarni,T20I,2,48,61,3,25,2,0,8.0,7.62,20.33,52.08,16.0
PC de Silva,ODI,6,258,227,3,121,3,0,43.0,5.28,75.67,46.9,86.0
Abhinandan Singh,IPL,3,58,122,3,15,2,0,9.7,12.62,40.67,25.86,19.33
Aarnav Patel,T20I,3,42,54,3,22,2,0,7.0,7.71,18.0,52.38,14.0
ST Gabriel,T20I,2,42,58,3,21,6,0,7.0,8.29,19.33,50.0,14.0
ST Eyyunni,T20I,5,87,80,3,35,3,2,14.5,5.52,26.67,40.23,29.0
G Goudie,ODI,1,42,18,3,28,0,0,7.0,2.57,6.0,66.67,14.0
G Fontenla,ODI,3,92,65,3,63,10,1,15.3,4.24,21.67,68.48,30.67
AUKDS Kalugala,T20I,3,42,51,3,19,3,0,7.0,7.29,17.0,45.24,14.0
Sachin Baby,IPL,2,10,8,3,5,0,0,1.7,4.8,2.67,50.0,3.33
Sabir Ali,T20I,3,49,74,3,24,3,1,8.2,9.06,24.67,48.98,16.33
Abul Hasan,Test,3,536,378,3,352,5,8,89.3,4.23,126.0,65.67,178.67
Mujibur Ali,ODI,8,208,183,3,95,3,1,34.7,5.28,61.0,45.67,69.33
Muhammet Kursat,T20I,3,30,39,3,20,5,0,5.0,7.8,13.0,66.67,10.0
Fawad Ahmed,T20I,2,48,70,3,12,1,0,8.0,8.75,23.33,25.0,16.0
JP Cabrera,T20I,5,78,75,3,29,3,0,13.0,5.77,25.0,37.18,26.0
Adama Kamara,T20I,5,90,87,3,38,1,0,15.0,5.8,29.0,42.22,30.0
JM Kemp,IPL,5,44,58,3,18,3,0,7.3,7.91,19.33,40.91,14.67
SK Gedara,T20I,3,43,68,3,17,8,0,7.2,9.49,22.67,39.53,14.33
SK Dolawatte,T20I,5,48,43,3,21,0,0,8.0,5.38,14.33,43.75,16.0
SK Dolawatte,ODI,3,78,56,3,35,0,0,13.0,4.31,18.67,44.87,26.0
SN Pradhan,T20I,1,23,30,3,9,1,0,3.8,7.83,10.0,39.13,7.67
Aftab Ibrahim,PSL,3,43,61,3,14,0,1,7.2,8.51,20.33,32.56,14.33
Afif Hossain,ODI,10,111,116,3,49,0,0,18.5,6.27,38.67,44.14,37.0
JT Darrell,T20I,2,42,23,3,25,1,0,7.0,3.29,7.67,59.52,14.0
JT Ball,Test,4,613,359,3,453,6,1,102.2,3.51,119.67,73.9,204.33
DE Roache,T20I,1,18,23,3,10,3,0,3.0,7.67,7.67,55.56,6.0
SM Harwood,IPL,3,60,74,3,34,7,0,10.0,7.4,24.67,56.67,20.0
SM Dhanusri,T20I,7,86,70,3,52,5,3,14.3,4.88,23.33,60.47,28.67
SM Boland,T20I,3,66,92,3,26,4,0,11.0,8.36,30.67,39.39,22.0
SM Boland,IPL,2,42,56,3,15,1,0,7.0,8.0,18.67,35.71,14.0
SS Cottrell,PSL,3,48,82,3,27,5,0,8.0,10.25,27.33,56.25,16.0
JMJ Lynn,T20I,1,24,22,3,10,2,0,4.0,5.5,7.33,41.67,8.0
JM Nthenya,T20I,4,58,46,3,34,2,0,9.7,4.76,15.33,58.62,19.33
Sabbir Rahman,ODI,19,288,337,3,97,1,0,48.0,7.02,112.33,33.68,96.0
M Zhu,T20I,4,65,61,3,30,6,2,10.8,5.63,20.33,46.15,21.67
M Yousaf,T20I,4,48,29,3,32,5,0,8.0,3.62,9.67,66.67,16.0
SW Currie,ODI,3,121,87,3,73,5,1,20.2,4.31,29.0,60.33,40.33
Aamer Jamal,T20I,5,85,162,3,32,5,1,14.2,11.44,54.0,37.65,28.33
JM Mennie,ODI,2,120,135,3,56,2,0,20.0,6.75,45.0,46.67,40.0
AT Nidamanuru,T20I,1,24,30,3,7,0,0,4.0,7.5,10.0,29.17,8.0
AS Withanage,T20I,5,60,78,3,26,4,0,10.0,7.8,26.0,43.33,20.0
Sajedul Islam,Test,3,336,239,3,249,6,6,56.0,4.27,79.67,74.11,112.0
JK Fuller,PSL,3,66,105,3,25,1,0,11.0,9.55,35.0,37.88,22.0
N Bidaisee,T20I,3,48,62,3,17,5,0,8.0,7.75,20.67,35.42,16.0
N Asuramanage,T20I,10,126,152,3,52,13,0,21.0,7.24,50.67,41.27,42.0
N Al Khadeer,Test,1,201,114,3,144,0,0,33.5,3.4,38.0,71.64,67.0
Myat Thu Aung,T20I,3,18,29,3,7,3,0,3.0,9.67,9.67,38.89,6.0
Mustapha Yusuf,T20I,5,84,122,3,40,3,0,14.0,8.71,40.67,47.62,28.0
SK Warne,ODI,2,122,88,3,69,3,2,20.3,4.33,29.33,56.56,40.67
Fakhar Zaman,PSL,7,60,58,3,27,0,0,10.0,5.8,19.33,45.0,20.0
JW Hastings,IPL,3,59,66,3,31,2,1,9.8,6.71,22.0,52.54,19.67
JJ van der Wath,IPL,3,74,134,3,31,2,2,12.3,10.86,44.67,41.89,24.67
JJ Tucker,ODI,9,308,261,3,174,3,2,51.3,5.08,87.0,56.49,102.67
Muhammad Faizan,PSL,3,42,72,3,15,1,0,7.0,10.29,24.0,35.71,14.0
CL Tryon,Test,2,188,153,3,115,0,0,31.3,4.88,51.0,61.17,62.67
CL Hooper,ODI,4,200,166,3,93,2,1,33.3,4.98,55.33,46.5,66.67
Sai Hla Htwe,T20I,5,52,61,3,23,7,2,8.7,7.04,20.33,44.23,17.33
Sagar Pun,T20I,6,99,97,3,38,0,0,16.5,5.88,32.33,38.38,33.0
AV Lazarus,T20I,7,69,76,3,28,3,2,11.5,6.61,25.33,40.58,23.0
Sanjay Kumar Ahir,T20I,7,72,82,3,36,8,0,12.0,6.83,27.33,50.0,24.0
Aishath Meesa Rameez,T20I,3,73,118,3,20,7,1,12.2,9.7,39.33,27.4,24.33
Ahsan Hafeez,PSL,5,48,80,3,15,2,0,8.0,10.0,26.67,31.25,16.0
Ahmed Daniyal,T20I,2,42,40,3,23,2,0,7.0,5.71,13.33,54.76,14.0
Sabir Ali,ODI,4,105,93,3,66,4,3,17.5,5.31,31.0,62.86,35.0
Sabikun Nahar Jesmin,T20I,2,48,45,3,24,2,0,8.0,5.62,15.0,50.0,16.0
Muhammad Ansar,T20I,2,36,56,3,16,2,0,6.0,9.33,18.67,44.44,12.0
Mubasir Khan,PSL,13,129,194,3,39,1,0,21.5,9.02,64.67,30.23,43.0
JI de Villiers,T20I,7,120,167,3,37,1,0,20.0,8.35,55.67,30.83,40.0
JI de Villiers,ODI,5,139,156,3,71,5,1,23.2,6.73,52.0,51.08,46.33
Samarth Shetty,T20I,3,30,36,3,9,0,0,5.0,7.2,12.0,30.0,10.0
Samader Shadab,T20I,3,48,86,3,19,7,0,8.0,10.75,28.67,39.58,16.0
AT Rayudu,ODI,9,122,128,3,53,2,1,20.3,6.3,42.67,43.44,40.67
G Quaicoe,T20I,2,42,57,3,16,5,0,7.0,8.14,19.0,38.1,14.0
APC Kilowan,T20I,1,20,20,3,12,1,0,3.3,6.0,6.67,60.0,6.67
SI Mahmood,T20I,4,89,155,3,35,4,5,14.8,10.45,51.67,39.33,29.67
N Khumalo,T20I,4,79,122,3,23,11,2,13.2,9.27,40.67,29.11,26.33
N Gwanzura,ODI,3,62,47,3,35,3,0,10.3,4.55,15.67,56.45,20.67
Ajhar Alam,T20I,3,66,109,3,23,3,0,11.0,9.91,36.33,34.85,22.0
SH Lewis,Test,2,240,166,3,151,1,0,40.0,4.15,55.33,62.92,80.0
SK Atai,T20I,9,90,111,3,26,3,0,15.0,7.4,37.0,28.89,30.0
Fakhrul Mohon,T20I,6,104,133,3,44,4,2,17.3,7.67,44.33,42.31,34.67
Seungmin Song,T20I,4,97,72,3,68,17,1,16.2,4.45,24.0,70.1,32.33
G Toka,ODI,5,100,111,3,53,2,1,16.7,6.66,37.0,53.0,33.33
Sarfaraj Patel,T20I,3,36,39,3,16,2,0,6.0,6.5,13.0,44.44,12.0
JD Unadkat,Test,4,477,232,3,356,1,3,79.5,2.92,77.33,74.63,159.0
JD Newton,T20I,4,79,69,3,42,5,0,13.2,5.24,23.0,53.16,26.33
JE Pitcher,T20I,6,78,106,3,33,6,0,13.0,8.15,35.33,42.31,26.0
Jaikumar Thakur,T20I,4,90,128,3,31,5,0,15.0,8.53,42.67,34.44,30.0
SE Rutherford,ODI,5,108,161,3,40,7,1,18.0,8.94,53.67,37.04,36.0
N Mokoena,T20I,3,63,79,3,27,4,0,10.5,7.52,26.33,42.86,21.0
DJ Hooda,ODI,6,150,123,3,79,4,0,25.0,4.92,41.0,52.67,50.0
Al Maseera Jahangir,T20I,4,44,19,3,29,0,1,7.3,2.59,6.33,65.91,14.67
JWW Gardner,T20I,5,97,141,3,38,3,1,16.2,8.72,47.0,39.18,32.33
JWM Dalrymple,T20I,3,30,40,3,14,2,0,5.0,8.0,13.33,46.67,10.0
SJ Cameron,ODI,2,110,123,3,50,4,1,18.3,6.71,41.0,45.45,36.67
SJ Bruce,T20I,5,72,83,3,39,7,0,12.0,6.92,27.67,54.17,24.0
AS Abioye,T20I,3,49,70,3,16,0,1,8.2,8.57,23.33,32.65,16.33
Mohsin Zaki,T20I,5,61,79,3,18,0,1,10.2,7.77,26.33,29.51,20.33
Mohammed Aslam,T20I,1,24,20,3,13,1,0,4.0,5.0,6.67,54.17,8.0
Shahbaz Ahmed,ODI,3,156,129,3,75,0,0,26.0,4.96,43.0,48.08,52.0
Shah Faisal,ODI,2,121,124,3,64,2,1,20.2,6.15,41.33,52.89,40.33
JD Nel,ODI,7,270,244,3,158,6,0,45.0,5.42,81.33,58.52,90.0
Ali Abdulla Popalzae,T20I,1,18,22,3,4,0,0,3.0,7.33,7.33,22.22,6.0
Jiyeon Park,T20I,4,80,66,3,39,4,1,13.3,4.95,22.0,48.75,26.67
M Pascal,T20I,5,41,41,3,20,2,0,6.8,6.0,13.67,48.78,13.67
N Peter,ODI,2,72,73,3,33,3,0,12.0,6.08,24.33,45.83,24.0
N Pathan,T20I,5,46,81,3,18,4,0,7.7,10.57,27.0,39.13,15.33
N Ncube,ODI,1,55,71,3,30,3,2,9.2,7.75,23.67,54.55,18.33
CG Osborne,T20I,2,24,33,3,6,0,0,4.0,8.25,11.0,25.0,8.0
Ali Waqar,T20I,5,96,135,3,29,7,0,16.0,8.44,45.0,30.21,32.0
SE Rutherford,T20I,3,36,64,3,9,3,0,6.0,10.67,21.33,25.0,12.0
Shafia Hassan,T20I,3,63,67,3,30,9,3,10.5,6.38,22.33,47.62,21.0
AR Valdez,T20I,6,114,149,3,41,14,0,19.0,7.84,49.67,35.96,38.0
Mohammad Waheed,T20I,3,54,89,3,17,3,1,9.0,9.89,29.67,31.48,18.0
AM Rajpurohit,T20I,3,65,107,3,22,1,0,10.8,9.88,35.67,33.85,21.67
Shamsullah Ehsan,T20I,3,42,67,3,14,4,0,7.0,9.57,22.33,33.33,14.0
Shamim Hossain,T20I,10,97,119,3,25,0,0,16.2,7.36,39.67,25.77,32.33
Sinan Khan,T20I,3,42,69,3,17,5,0,7.0,9.86,23.0,40.48,14.0
Sikandar Raza,IPL,7,85,146,3,22,3,1,14.2,10.31,48.67,25.88,28.33
Shuvagata Hom,T20I,4,66,72,3,25,0,0,11.0,6.55,24.0,37.88,22.0
S Vats,T20I,5,102,173,3,35,9,0,17.0,10.18,57.67,34.31,34.0
S Vasilakis,T20I,4,62,76,3,29,2,2,10.3,7.35,25.33,46.77,20.67
M Salum,T20I,1,18,6,3,17,2,0,3.0,2.0,2.0,94.44,6.0
M Saastamoinen,T20I,6,74,88,3,32,15,2,12.3,7.14,29.33,43.24,24.67
M Raikes,T20I,6,59,140,3,19,5,0,9.8,14.24,46.67,32.2,19.67
S Vaia,T20I,5,114,97,3,63,7,0,19.0,5.11,32.33,55.26,38.0
SC Meaker,T20I,2,47,73,3,18,7,0,7.8,9.32,24.33,38.3,15.67
Ali Khan,PSL,4,68,109,3,28,7,0,11.3,9.62,36.33,41.18,22.67
GA Lamb,Test,1,192,144,3,119,0,0,32.0,4.5,48.0,61.98,64.0
JA Richardson,IPL,4,90,162,3,32,4,0,15.0,10.8,54.0,35.56,30.0
DCC Borden,ODI,4,78,95,3,28,4,0,13.0,7.31,31.67,35.9,26.0
MA Beer,Test,2,407,186,3,306,0,1,67.8,2.74,62.0,75.18,135.67
CN Nation,T20I,2,48,45,3,22,1,0,8.0,5.62,15.0,45.83,16.0
AM Fernando,T20I,5,96,178,3,30,4,0,16.0,11.12,59.33,31.25,32.0
GB Brent,T20I,2,42,53,3,19,2,0,7.0,7.57,17.67,45.24,14.0
Sohail Ahmad,T20I,6,61,140,3,17,12,1,10.2,13.77,46.67,27.87,20.33
S Thakur,T20I,4,72,108,3,27,3,0,12.0,9.0,36.0,37.5,24.0
S Talamarla,T20I,2,37,44,3,18,11,1,6.2,7.14,14.67,48.65,12.33
S Sriram,ODI,1,56,43,3,30,0,2,9.3,4.61,14.33,53.57,18.67
DJ Thornely,IPL,4,42,40,3,19,2,0,7.0,5.71,13.33,45.24,14.0
DJ Reekers,ODI,4,138,133,3,87,5,0,23.0,5.78,44.33,63.04,46.0
SA Millanta,ODI,3,149,164,3,78,4,0,24.8,6.6,54.67,52.35,49.67
JC Hartenhof,ODI,2,100,75,3,62,5,0,16.7,4.5,25.0,62.0,33.33
CM Edwards,Test,4,242,104,3,192,0,1,40.3,2.58,34.67,79.34,80.67
Mohammad Wasim,Test,2,358,231,3,247,0,0,59.7,3.87,77.0,68.99,119.33
CS MacLeod,T20I,12,138,184,3,47,3,0,23.0,8.0,61.33,34.06,46.0
AM Bacher,ODI,3,108,66,3,59,0,0,18.0,3.67,22.0,54.63,36.0
AL Watkins,T20I,2,48,44,3,17,2,0,8.0,5.5,14.67,35.42,16.0
AL Menaria,IPL,12,110,144,3,40,3,0,18.3,7.85,48.0,36.36,36.67
AJA Samuels,T20I,6,99,139,3,47,9,3,16.5,8.42,46.33,47.47,33.0
J Raubenheimer,T20I,1,24,24,3,14,1,0,4.0,6.0,8.0,58.33,8.0
AJ Turner,PSL,7,78,108,3,21,4,0,13.0,8.31,36.0,26.92,26.0
AJ Michael,T20I,3,46,52,3,22,0,0,7.7,6.78,17.33,47.83,15.33
Amir Khan,T20I,2,26,17,3,16,1,0,4.3,3.92,5.67,61.54,8.67
S Rossi,T20I,4,90,115,3,35,4,0,15.0,7.67,38.33,38.89,30.0
S Ramautar,T20I,5,84,77,3,46,5,0,14.0,5.5,25.67,54.76,28.0
S Pandey,Test,2,201,125,3,151,2,0,33.5,3.73,41.67,75.12,67.0
FA Allen,PSL,3,48,83,3,7,2,0,8.0,10.38,27.67,14.58,16.0
K Burrows,T20I,1,12,22,3,6,0,0,2.0,11.0,7.33,50.0,4.0
K Anjali Sarvani,T20I,6,132,196,3,57,6,0,22.0,8.91,65.33,43.18,44.0
Shorifa Khatun,T20I,11,162,214,3,66,4,0,27.0,7.93,71.33,40.74,54.0
K Ogola,T20I,4,50,34,3,31,1,0,8.3,4.08,11.33,62.0,16.67
MB van Schelven,T20I,2,42,37,3,25,0,0,7.0,5.29,12.33,59.52,14.0
MA Tsemane,T20I,8,140,181,3,59,26,2,23.3,7.76,60.33,42.14,46.67
Camila Valdes,T20I,4,78,136,3,17,5,6,13.0,10.46,45.33,21.79,26.0
Sulaimon Runsewe,T20I,3,27,37,3,8,1,0,4.5,8.22,12.33,29.63,9.0
Sukhjinder Singh,T20I,4,78,71,3,38,0,0,13.0,5.46,23.67,48.72,26.0
Steven Ryan Taylor,T20I,5,78,71,3,46,3,0,13.0,5.46,23.67,58.97,26.0
T Dissanayake,T20I,7,147,128,3,92,22,3,24.5,5.22,42.67,62.59,49.0
S Magar,T20I,8,105,78,3,51,1,3,17.5,4.46,26.0,48.57,35.0
S Mabuza,T20I,7,114,178,3,31,22,18,19.0,9.37,59.33,27.19,38.0
NCK Liyanage,T20I,4,73,84,3,44,3,1,12.2,6.9,28.0,60.27,24.33
CA Young,Test,3,318,193,3,227,2,0,53.0,3.64,64.33,71.38,106.0
NA de Groot,ODI,3,81,88,3,34,0,0,13.5,6.52,29.33,41.98,27.0
K Sequiera,T20I,3,69,53,3,35,9,3,11.5,4.61,17.67,50.72,23.0
S Selvaraj,T20I,5,109,119,3,46,1,1,18.2,6.55,39.67,42.2,36.33
J de Figueiredo,T20I,3,66,49,3,39,2,0,11.0,4.45,16.33,59.09,22.0
Syed Ali Gillani,T20I,3,54,81,3,19,4,0,9.0,9.0,27.0,35.19,18.0
DAS Gunaratne,Test,5,161,115,3,102,1,5,26.8,4.29,38.33,63.35,53.67
MD Bates,ODI,2,84,53,3,54,0,0,14.0,3.79,17.67,64.29,28.0
AJ Burger,ODI,5,96,104,3,38,2,0,16.0,6.5,34.67,39.58,32.0
J Logtenberg,ODI,2,36,18,3,23,0,0,6.0,3.0,6.0,63.89,12.0
J Lewis,Test,1,249,122,3,195,0,3,41.5,2.94,40.67,78.31,83.0
Ankit Dubey,T20I,2,30,23,3,18,3,0,5.0,4.6,7.67,60.0,10.0
S Kucuksucu,T20I,3,64,62,3,33,15,4,10.7,5.81,20.67,51.56,21.33
NH Patel,ODI,4,174,103,3,107,3,0,29.0,3.55,34.33,61.49,58.0
NH Naureen,T20I,1,18,32,3,10,0,0,3.0,10.67,10.67,55.56,6.0
NH Ekanayake,T20I,3,60,60,3,26,3,1,10.0,6.0,20.0,43.33,20.0
NG Smith,T20I,2,30,47,3,11,3,0,5.0,9.4,15.67,36.67,10.0
S Kijiana,T20I,4,67,66,3,35,5,1,11.2,5.91,22.0,52.24,22.33
Esperanza Rubio,T20I,2,59,116,3,15,11,11,9.8,11.8,38.67,25.42,19.67
F Guirrugo,T20I,3,74,69,3,38,7,2,12.3,5.59,23.0,51.35,24.67
K Phillip,ODI,3,154,159,3,88,17,1,25.7,6.19,53.0,57.14,51.33
S Devasia,T20I,1,18,15,3,10,1,0,3.0,5.0,5.0,55.56,6.0
Asad Shafiq,Test,14,341,197,3,206,3,1,56.8,3.47,65.67,60.41,113.67
NL Ujawe,T20I,4,54,62,3,24,1,0,9.0,6.89,20.67,44.44,18.0
C Zavoiu,T20I,6,42,68,3,15,8,1,7.0,9.71,22.67,35.71,14.0
C White,Test,2,248,159,3,178,0,2,41.3,3.85,53.0,71.77,82.67
K Winda Prastini,T20I,2,48,48,3,16,4,0,8.0,6.0,16.0,33.33,16.0
K Subramanian,T20I,1,24,27,3,9,1,0,4.0,6.75,9.0,37.5,8.0
S Kaneria,T20I,4,94,92,3,52,18,2,15.7,5.87,30.67,55.32,31.33
S Kamate,T20I,5,61,95,3,22,7,1,10.2,9.34,31.67,36.07,20.33
Aqif Farooq,T20I,3,66,124,3,27,5,0,11.0,11.27,41.33,40.91,22.0
KA Knight,T20I,2,42,42,3,22,4,0,7.0,6.0,14.0,52.38,14.0
KA Knight,ODI,2,102,115,3,49,3,0,17.0,6.76,38.33,48.04,34.0
F Behardien,T20I,3,30,27,3,11,0,0,5.0,5.4,9.0,36.67,10.0
Arsalan Ahmed,T20I,3,42,67,3,21,0,0,7.0,9.57,22.33,50.0,14.0
K Santokie,IPL,2,48,91,3,16,3,0,8.0,11.38,30.33,33.33,16.0
Ansh Patel,ODI,2,84,87,3,48,4,0,14.0,6.21,29.0,57.14,28.0
T Shabani,T20I,4,66,32,3,46,3,0,11.0,2.91,10.67,69.7,22.0
J Byrappa,T20I,5,54,66,3,19,4,0,9.0,7.33,22.0,35.19,18.0
J Broad,T20I,6,69,94,3,25,4,0,11.5,8.17,31.33,36.23,23.0
TGJ Gruijters,T20I,5,72,76,3,38,1,0,12.0,6.33,25.33,52.78,24.0
T Natarajan,Test,1,238,125,3,185,0,8,39.7,3.15,41.67,77.73,79.33
T Munyonga,T20I,5,78,64,3,36,3,0,13.0,4.92,21.33,46.15,26.0
AJ Hall,T20I,2,48,61,3,18,1,0,8.0,7.62,20.33,37.5,16.0
T Mpatane,T20I,4,54,78,3,21,6,0,9.0,8.67,26.0,38.89,18.0
D Ahir,T20I,3,66,78,3,22,2,0,11.0,7.09,26.0,33.33,22.0
MDK Perera,T20I,3,60,74,3,25,1,0,10.0,7.4,24.67,41.67,20.0
GHS Garton,IPL,5,92,136,3,32,5,2,15.3,8.87,45.33,34.78,30.67
GH O'Brien,ODI,1,60,32,3,44,2,0,10.0,3.2,10.67,73.33,20.0
GG Banner,T20I,2,36,59,3,17,4,0,6.0,9.83,19.67,47.22,12.0
J Glasgow,ODI,8,205,208,3,106,10,1,34.2,6.09,69.33,51.71,68.33
T Yangchen,T20I,5,54,62,3,30,2,0,9.0,6.89,20.67,55.56,18.0
S Dhakal,T20I,6,120,162,3,35,2,0,20.0,8.1,54.0,29.17,40.0
ADL Stokoe,T20I,4,72,67,3,41,2,0,12.0,5.58,22.33,56.94,24.0
ME Violleau,T20I,12,130,177,3,36,13,4,21.7,8.17,59.0,27.69,43.33
J Hayes,Test,1,214,66,3,182,0,0,35.7,1.85,22.0,85.05,71.33
TM Head,IPL,6,58,113,3,9,0,0,9.7,11.69,37.67,15.52,19.33
J Baker,T20I,3,42,65,3,17,5,0,7.0,9.29,21.67,40.48,14.0
Itibarshah Deedar,T20I,6,103,147,3,35,7,1,17.2,8.56,49.0,33.98,34.33
Ashish Rana,T20I,2,30,29,3,14,2,0,5.0,5.8,9.67,46.67,10.0
Ashi Chopla,T20I,6,108,123,3,60,29,7,18.0,6.83,41.0,55.56,36.0
S Gajnabi,T20I,12,117,158,3,31,2,0,19.5,8.1,52.67,26.5,39.0
S Farooq,T20I,8,133,99,3,80,4,3,22.2,4.47,33.0,60.15,44.33
J Kila,T20I,9,105,99,3,46,3,3,17.5,5.66,33.0,43.81,35.0
J Hull,Test,1,102,95,3,61,2,0,17.0,5.59,31.67,59.8,34.0
J Hill,T20I,2,36,50,3,11,1,0,6.0,8.33,16.67,30.56,12.0
Chayanisa Phengpaen,T20I,4,53,52,3,28,5,0,8.8,5.89,17.33,52.83,17.67
Mohamed Khan,T20I,4,36,41,3,15,0,0,6.0,6.83,13.67,41.67,12.0
T Shamsi,IPL,5,120,185,3,32,0,0,20.0,9.25,61.67,26.67,40.0
KJ Young,T20I,3,73,94,3,27,0,0,12.2,7.73,31.33,36.99,24.33
TLW Cooper,T20I,9,90,118,3,24,0,0,15.0,7.87,39.33,26.67,30.0
Mina Baek,T20I,2,49,45,3,20,2,1,8.2,5.51,15.0,40.82,16.33
Mehrab Hossain jnr,ODI,6,187,155,3,73,1,0,31.2,4.97,51.67,39.04,62.33
Mehak Thakur,T20I,4,28,17,3,16,2,0,4.7,3.64,5.67,57.14,9.33
AB de Villiers,Test,5,204,108,3,144,1,0,34.0,3.18,36.0,70.59,68.0
Irfan Khan,ODI,1,30,51,3,8,4,0,5.0,10.2,17.0,26.67,10.0
Iqbal Hossain,T20I,2,30,31,3,9,1,0,5.0,6.2,10.33,30.0,10.0
Renuka Singh,Test,3,301,195,3,219,0,1,50.2,3.89,65.0,72.76,100.33
Razaullah,PSL,2,40,85,3,12,5,0,6.7,12.75,28.33,30.0,13.33
C Pervez,T20I,3,42,50,3,24,1,0,7.0,7.14,16.67,57.14,14.0
NM Meepage,T20I,4,66,110,3,19,1,0,11.0,10.0,36.67,28.79,22.0
EM Sampson,Test,1,267,93,3,217,0,0,44.5,2.09,31.0,81.27,89.0
EL Lamb,ODI,6,126,116,3,54,2,0,21.0,5.52,38.67,42.86,42.0
KD Jayawant,T20I,2,29,17,3,24,4,0,4.8,3.52,5.67,82.76,9.67
ADP Diaz,T20I,2,25,21,3,19,10,1,4.2,5.04,7.0,76.0,8.33
RP Mitchell,T20I,4,96,148,3,36,8,0,16.0,9.25,49.33,37.5,32.0
Asrar Ahmed,T20I,3,66,117,3,32,2,0,11.0,10.64,39.0,48.48,22.0
Rashid Khan,T20I,2,42,97,3,11,5,0,7.0,13.86,32.33,26.19,14.0
Rafiulah Alokozai,T20I,6,98,163,3,43,12,2,16.3,9.98,54.33,43.88,32.67
Imran Khan (1),T20I,3,72,106,3,18,2,0,12.0,8.83,35.33,25.0,24.0
Imran Khan (1),PSL,3,65,102,3,12,1,1,10.8,9.42,34.0,18.46,21.67
GLS Scrimshaw,ODI,1,58,67,3,22,2,6,9.7,6.93,22.33,37.93,19.33
GJ Rennie,ODI,3,84,65,3,40,6,0,14.0,4.64,21.67,47.62,28.0
Tayyab Abbas,PSL,3,36,52,3,12,5,0,6.0,8.67,17.33,33.33,12.0
Ikbal Hossain,T20I,3,60,63,3,38,4,0,10.0,6.3,21.0,63.33,20.0
Tasmia Rubab,ODI,2,64,44,3,46,3,0,10.7,4.12,14.67,71.88,21.33
Tasaduq Hussain,T20I,3,54,66,3,25,5,0,9.0,7.33,22.0,46.3,18.0
KL Gordon,Test,1,220,119,3,163,0,0,36.7,3.25,39.67,74.09,73.33
KL George,T20I,5,78,117,3,28,7,0,13.0,9.0,39.0,35.9,26.0
NO Tindo,T20I,3,60,69,3,21,2,0,10.0,6.9,23.0,35.0,20.0
Rizwanullah,PSL,2,40,69,3,13,1,0,6.7,10.35,23.0,32.5,13.33
RM West,T20I,5,114,148,3,34,5,0,19.0,7.79,49.33,29.82,38.0
RV Auora,T20I,7,121,125,3,68,10,7,20.2,6.2,41.67,56.2,40.33
EH Hutchinson,ODI,7,222,168,3,141,5,0,37.0,4.54,56.0,63.51,74.0
AB Agarkar,T20I,3,63,85,3,26,0,0,10.5,8.1,28.33,41.27,21.0
Mariska Kornet,T20I,4,86,102,3,28,3,2,14.3,7.12,34.0,32.56,28.67
Maria Ahsan,T20I,2,43,29,3,18,1,1,7.2,4.05,9.67,41.86,14.33
Imran Butt,T20I,2,42,72,3,18,7,0,7.0,10.29,24.0,42.86,14.0
Imran Arif,T20I,2,49,67,3,27,3,1,8.2,8.2,22.33,55.1,16.33
GS Dinusha,Test,1,75,32,3,54,0,0,12.5,2.56,10.67,72.0,25.0
GS Sandhu,ODI,2,120,108,3,53,3,0,20.0,5.4,36.0,44.17,40.0
AAH Bhikari,T20I,4,28,53,3,8,3,0,4.7,11.36,17.67,28.57,9.33
RS Hangargekar,IPL,2,37,60,3,14,6,1,6.2,9.73,20.0,37.84,12.33
M Klaas,Test,2,228,172,3,159,0,0,38.0,4.53,57.33,69.74,76.0
RR Watson,T20I,3,42,59,3,15,1,0,7.0,8.43,19.67,35.71,14.0
RR Watson,ODI,4,126,88,3,71,0,0,21.0,4.19,29.33,56.35,42.0
RR Emrit,PSL,1,24,31,3,12,0,0,4.0,7.75,10.33,50.0,8.0
IY Mckeon,T20I,3,54,62,3,25,9,3,9.0,6.89,20.67,46.3,18.0
Mansoor Amjad,T20I,1,7,3,3,4,0,1,1.2,2.57,1.0,57.14,2.33
MG Hunter,T20I,3,45,47,3,25,6,0,7.5,6.27,15.67,55.56,15.0
DAJ Bracewell,IPL,1,24,32,3,10,1,0,4.0,8.0,10.67,41.67,8.0
U Bhagwan,ODI,4,147,173,3,72,3,0,24.5,7.06,57.67,48.98,49.0
Tshering Choden,T20I,9,120,124,3,45,7,1,20.0,6.2,41.33,37.5,40.0
A Shahzad,T20I,3,66,101,3,26,1,0,11.0,9.18,33.67,39.39,22.0
V Buruka,ODI,5,137,106,3,81,6,5,22.8,4.64,35.33,59.12,45.67
V Balakrishnan,T20I,7,51,45,3,25,3,0,8.5,5.29,15.0,49.02,17.0
RN Lewis,Test,1,125,68,3,89,0,1,20.8,3.26,22.67,71.2,41.67
Naeem Islam,T20I,6,91,123,3,30,1,1,15.2,8.11,41.0,32.97,30.33
DL Maddy,T20I,2,18,27,3,7,0,0,3.0,9.0,9.0,38.89,6.0
M Kachingo,T20I,6,100,121,3,39,17,2,16.7,7.26,40.33,39.0,33.33
NW Bracken,Test,2,450,236,3,342,1,0,75.0,3.15,78.67,76.0,150.0
RN Bhatia,ODI,9,344,337,3,176,4,0,57.3,5.88,112.33,51.16,114.67
RMS Eranga,T20I,3,66,95,3,30,5,0,11.0,8.64,31.67,45.45,22.0
IK Cheema,T20I,3,65,76,3,33,21,11,10.8,7.02,25.33,50.77,21.67
IJL Trott,ODI,10,184,174,3,77,1,1,30.7,5.67,58.0,41.85,61.33
Umar Amin,Test,3,132,63,3,99,2,0,22.0,2.86,21.0,75.0,44.0
Manjural Islam,Test,2,349,185,3,267,4,1,58.2,3.18,61.67,76.5,116.33
Manish Sharma,T20I,3,54,78,3,27,2,0,9.0,8.67,26.0,50.0,18.0
A Uniyal,IPL,2,36,67,3,9,2,0,6.0,11.17,22.33,25.0,12.0
Gagandeep Singh,IPL,4,84,142,3,26,0,0,14.0,10.14,47.33,30.95,28.0
I Wardlaw,T20I,1,24,43,3,4,1,0,4.0,10.75,14.33,16.67,8.0
V Rathinasamy,T20I,3,36,37,3,19,5,0,6.0,6.17,12.33,52.78,12.0
RKJ Dawson,Test,2,325,240,3,218,0,0,54.2,4.43,80.0,67.08,108.33
RK Singh,T20I,3,16,19,3,9,0,0,2.7,7.12,6.33,56.25,5.33
Najeeb Amar,ODI,2,120,75,3,65,0,0,20.0,3.75,25.0,54.17,40.0
B Keganne,T20I,4,60,78,3,25,0,0,10.0,7.8,26.0,41.67,20.0
RO Hurley,ODI,3,186,130,3,102,0,6,31.0,4.19,43.33,54.84,62.0
RN ten Doeschate,IPL,10,78,94,3,22,5,0,13.0,7.23,31.33,28.21,26.0
US Hathinjar,T20I,2,30,45,3,13,5,0,5.0,9.0,15.0,43.33,10.0
DM Braat,T20I,3,60,41,3,40,4,0,10.0,4.1,13.67,66.67,20.0
RA Austin,Test,2,332,155,3,247,0,6,55.3,2.8,51.67,74.4,110.67
R de Swardt,Test,2,270,125,3,200,1,0,45.0,2.78,41.67,74.07,90.0
Khaled Ahmed,ODI,2,80,72,3,46,0,0,13.3,5.4,24.0,57.5,26.67
KY Wilfried,T20I,4,60,127,3,15,14,0,10.0,12.7,42.33,25.0,20.0
B Geeves,ODI,2,94,79,3,51,1,4,15.7,5.04,26.33,54.26,31.33
RJ Peterson,IPL,4,48,70,3,21,0,0,8.0,8.75,23.33,43.75,16.0
B Laughlin,PSL,3,60,80,3,21,0,0,10.0,8.0,26.67,35.0,20.0
M Heingo,ODI,2,97,100,3,53,5,0,16.2,6.19,33.33,54.64,32.33
C Connolly,T20I,9,150,231,3,51,4,0,25.0,9.24,77.0,34.0,50.0
Natim Hassam,T20I,5,78,83,3,36,3,0,13.0,6.38,27.67,46.15,26.0
Natalia Pervaiz,T20I,7,67,100,3,23,3,1,11.2,8.96,33.33,34.33,22.33
Kamran Shazad,T20I,3,52,79,3,20,1,0,8.7,9.12,26.33,38.46,17.33
B Casson,Test,1,192,130,3,144,0,0,32.0,4.06,43.33,75.0,64.0
RL Haynes,Test,4,157,54,3,128,2,1,26.2,2.06,18.0,81.53,52.33
RL Grundy,ODI,3,168,148,3,100,3,0,28.0,5.29,49.33,59.52,56.0
RD Chahar,ODI,1,62,58,3,31,0,2,10.3,5.61,19.33,50.0,20.67
RA Reifer,Test,6,338,170,3,253,1,2,56.3,3.02,56.67,74.85,112.67
B Ndipo,T20I,3,49,39,3,29,9,1,8.2,4.78,13.0,59.18,16.33
E Samson,T20I,2,30,36,3,11,2,0,5.0,7.2,12.0,36.67,10.0
V Krishnamurthy,ODI,5,108,58,3,74,5,0,18.0,3.22,19.33,68.52,36.0
V Iriho,T20I,5,96,78,3,53,1,0,16.0,4.88,26.0,55.21,32.0
Mah Noor Amir,T20I,8,145,304,3,39,38,4,24.2,12.58,101.33,26.9,48.33
Maaz Sadaqat,ODI,2,36,32,3,18,0,0,6.0,5.33,10.67,50.0,12.0
Ghulam Abbas Butt,T20I,7,108,113,3,56,6,0,18.0,6.28,37.67,51.85,36.0
IECM Wong,Test,1,163,108,3,125,1,0,27.2,3.98,36.0,76.69,54.33
MS Tshabalala,ODI,4,151,152,3,76,5,1,25.2,6.04,50.67,50.33,50.33
A Razmilic,T20I,7,76,167,3,15,10,2,12.7,13.18,55.67,19.74,25.33
A Patel,ODI,2,60,73,3,34,6,0,10.0,7.3,24.33,56.67,20.0
A Ostergaard,T20I,6,107,118,3,58,21,5,17.8,6.62,39.33,54.21,35.67
B Murtagh,T20I,3,60,52,3,37,11,1,10.0,5.2,17.33,61.67,20.0
Naveed Shahid,T20I,5,84,104,3,37,3,0,14.0,7.43,34.67,44.05,28.0
MJ Clarke,IPL,5,66,72,3,24,0,0,11.0,6.55,24.0,36.36,22.0
MI Tato,T20I,2,42,22,3,26,2,0,7.0,3.14,7.33,61.9,14.0
MI Shakim,T20I,3,48,41,3,26,5,0,8.0,5.12,13.67,54.17,16.0
MGMCP Gunawardene,T20I,4,66,73,3,18,1,0,11.0,6.64,24.33,27.27,22.0
MG Neser,ODI,4,221,239,3,119,3,1,36.8,6.49,79.67,53.85,73.67
V Shaw,T20I,4,43,41,3,18,2,0,7.2,5.72,13.67,41.86,14.33
H Dhami,ODI,1,49,54,3,25,2,1,8.2,6.61,18.0,51.02,16.33
A Nagarajan,T20I,7,90,136,3,23,5,0,15.0,9.07,45.33,25.56,30.0
VR Iyer,IPL,9,82,145,3,17,2,1,13.7,10.61,48.33,20.73,27.33
VM Nyauchi,T20I,2,42,66,3,12,1,0,7.0,9.43,22.0,28.57,14.0
Khalil Ahmed,PSL,3,61,99,3,21,2,1,10.2,9.74,33.0,34.43,20.33
Khalid Usman,PSL,4,90,116,3,32,2,0,15.0,7.73,38.67,35.56,30.0
Nazmul Hossain,Test,1,174,80,3,136,0,0,29.0,2.76,26.67,78.16,58.0
M Fontaine,T20I,5,43,57,3,21,11,0,7.2,7.95,19.0,48.84,14.33
B Verdon,T20I,1,13,3,3,11,1,1,2.2,1.38,1.0,84.62,4.33
Khuzaima Tanveer,ODI,3,135,112,3,81,6,0,22.5,4.98,37.33,60.0,45.0
R Parag,ODI,1,54,54,3,22,1,0,9.0,6.0,18.0,40.74,18.0
I Suhun,T20I,7,94,132,3,27,15,4,15.7,8.43,44.0,28.72,31.33
I Nandera,T20I,2,43,36,3,28,5,1,7.2,5.02,12.0,65.12,14.33
H Hiri,ODI,7,102,114,3,43,1,0,17.0,6.71,38.0,42.16,34.0
MT Chinouya,Test,2,342,195,3,265,3,0,57.0,3.42,65.0,77.49,114.0
H Kaur,Test,4,180,101,3,124,0,0,30.0,3.37,33.67,68.89,60.0
H Hiri,T20I,3,24,13,3,11,0,0,4.0,3.25,4.33,45.83,8.0
M Charlie,T20I,2,30,28,3,12,1,0,5.0,5.6,9.33,40.0,10.0
M Breban,T20I,1,24,24,3,10,1,0,4.0,6.0,8.0,41.67,8.0
M Batnasan,T20I,1,28,42,3,9,4,4,4.7,9.0,14.0,32.14,9.33
Nazril Rahman,T20I,8,96,164,3,26,4,0,16.0,10.25,54.67,27.08,32.0
Nazmul Huda,T20I,4,44,65,3,16,5,1,7.3,8.86,21.67,36.36,14.67
R Ninan,IPL,2,36,65,3,8,0,0,6.0,10.83,21.67,22.22,12.0
B van Zyl,T20I,2,48,36,3,31,2,0,8.0,4.5,12.0,64.58,16.0
V Zanko,T20I,5,41,56,3,18,3,1,6.8,8.2,18.67,43.9,13.67
V Sukumaran,ODI,6,120,83,3,71,2,0,20.0,4.15,27.67,59.17,40.0
D Gim,T20I,4,36,65,3,8,0,0,6.0,10.83,21.67,22.22,12.0
MS Chapman,T20I,6,66,76,3,24,1,0,11.0,6.91,25.33,36.36,22.0
A McGrath,ODI,6,210,163,3,118,6,0,35.0,4.66,54.33,56.19,70.0
Huzaif Yousuf,T20I,4,59,109,3,21,11,1,9.8,11.08,36.33,35.59,19.67
H Eulenkamp,T20I,2,51,70,3,22,7,3,8.5,8.24,23.33,43.14,17.0
MP Kuhnemann,T20I,8,163,220,3,58,2,1,27.2,8.1,73.33,35.58,54.33
A Kanada,T20I,2,18,28,3,8,4,1,3.0,9.33,9.33,44.44,6.0
H Osinde,T20I,4,66,103,3,35,4,0,11.0,9.36,34.33,53.03,22.0
E Eduard,T20I,2,36,31,3,20,1,0,6.0,5.17,10.33,55.56,12.0
Nizakat Khan,ODI,5,108,89,3,55,2,0,18.0,4.94,29.67,50.93,36.0
Nithish Kumar Reddy,T20I,3,54,76,3,17,1,0,9.0,8.44,25.33,31.48,18.0
R Kanoh,T20I,5,96,73,3,59,4,0,16.0,4.56,24.33,61.46,32.0
R Galgalikar,T20I,1,18,9,3,10,0,0,3.0,3.0,3.0,55.56,6.0
Khurram Khan,ODI,4,162,187,3,45,2,0,27.0,6.93,62.33,27.78,54.0
R Powell,ODI,13,254,261,3,92,2,0,42.3,6.17,87.0,36.22,84.67
R Parkin,T20I,4,66,94,3,33,11,0,11.0,8.55,31.33,50.0,22.0
D St Ange,T20I,4,66,68,3,30,0,0,11.0,6.18,22.67,45.45,22.0
WK Bitis,T20I,4,78,118,3,28,2,0,13.0,9.08,39.33,35.9,26.0
Hina Hussain,T20I,1,25,21,3,16,3,1,4.2,5.04,7.0,64.0,8.33
A Gupta,T20I,4,67,99,3,25,4,1,11.2,8.87,33.0,37.31,22.33
H Mbam,T20I,1,10,7,3,9,6,0,1.7,4.2,2.33,90.0,3.33
Hardeep Singh,T20I,4,77,117,3,31,6,0,12.8,9.12,39.0,40.26,25.67
DO Leicher,T20I,7,72,118,3,21,1,0,12.0,9.83,39.33,29.17,24.0
M Anyigo,T20I,1,15,5,3,12,1,0,2.5,2.0,1.67,80.0,5.0
E Bisht,Test,1,228,44,3,209,0,0,38.0,1.16,14.67,91.67,76.0
R McLaren,Test,2,267,163,3,200,2,3,44.5,3.66,54.33,74.91,89.0
R MacDonald-Gay,Test,2,210,146,3,148,1,0,35.0,4.17,48.67,70.48,70.0
R Kumar,T20I,10,143,244,3,50,13,0,23.8,10.24,81.33,34.97,47.67
E Isaneez,T20I,3,58,53,3,31,0,2,9.7,5.48,17.67,53.45,19.33
A Mithun,ODI,5,180,210,3,98,8,0,30.0,7.0,70.0,54.44,60.0
MS Graham,T20I,4,66,86,3,33,1,0,11.0,7.82,28.67,50.0,22.0
MS Diawara,T20I,3,55,79,3,17,7,1,9.2,8.62,26.33,30.91,18.33
D Kegasitswe,T20I,3,73,156,3,20,6,1,12.2,12.82,52.0,27.4,24.33
D Kalvin,T20I,6,81,133,3,27,7,2,13.5,9.85,44.33,33.33,27.0
D Jansen,T20I,6,101,119,3,38,3,0,16.8,7.07,39.67,37.62,33.67
A Dizija,T20I,4,62,129,3,21,5,1,10.3,12.48,43.0,33.87,20.67
Yash Talati,T20I,1,24,8,3,20,2,0,4.0,2.0,2.67,83.33,8.0
Luka Woods,T20I,5,101,104,3,42,1,0,16.8,6.18,34.67,41.58,33.67
Lihara Ayeysekara,T20I,5,76,114,3,20,6,0,12.7,9.0,38.0,26.32,25.33
O Gholami,T20I,4,78,83,3,30,3,0,13.0,6.38,27.67,38.46,26.0
O Chare,ODI,3,110,91,3,57,6,0,18.3,4.96,30.33,51.82,36.67
O Bell,ODI,6,288,164,3,199,0,0,48.0,3.42,54.67,69.1,96.0
R Dhakal,ODI,3,147,156,3,74,2,3,24.5,6.37,52.0,50.34,49.0
L Egging,ODI,1,35,23,3,27,6,0,5.8,3.94,7.67,77.14,11.67
Waleed Rana,T20I,3,42,59,3,10,1,2,7.0,8.43,19.67,23.81,14.0
A Kshirsagar,T20I,4,74,96,3,30,11,2,12.3,7.78,32.0,40.54,24.67
A Kontopirakis,T20I,8,103,111,3,49,13,1,17.2,6.47,37.0,47.57,34.33
MS Aulakh,T20I,3,54,85,3,23,8,0,9.0,9.44,28.33,42.59,18.0
LV Mandhate,T20I,2,30,33,3,13,7,0,5.0,6.6,11.0,43.33,10.0
DSK Madushanka,ODI,1,37,26,3,23,2,0,6.2,4.22,8.67,62.16,12.33
PJ Ongondo,T20I,5,110,116,3,65,6,2,18.3,6.33,38.67,59.09,36.67
PI Walter,PSL,5,66,111,3,15,2,0,11.0,10.09,37.0,22.73,22.0
L Little,T20I,15,183,261,3,65,16,3,30.5,8.56,87.0,35.52,61.0
Parvindar Kumar,T20I,6,84,118,3,29,2,0,14.0,8.43,39.33,34.52,28.0
Pargat Singh,T20I,6,55,92,3,15,0,1,9.2,10.04,30.67,27.27,18.33
Paras Singh,T20I,3,44,67,3,20,1,0,7.3,9.14,22.33,45.45,14.67
M Abdulla,T20I,4,87,89,3,39,9,0,14.5,6.14,29.67,44.83,29.0
L Siaka,ODI,11,199,153,3,105,3,1,33.2,4.61,51.0,52.76,66.33
L Sanogo,T20I,5,84,109,3,38,8,0,14.0,7.79,36.33,45.24,28.0
PRCS Kumarihami,T20I,5,66,73,3,19,2,0,11.0,6.64,24.33,28.79,22.0
Qasim Anwar,T20I,3,60,63,3,35,7,0,10.0,6.3,21.0,58.33,20.0
Waseem Muhammad,T20I,8,67,128,3,12,2,3,11.2,11.46,42.67,17.91,22.33
Waqas Ali,T20I,2,29,36,3,10,0,1,4.8,7.45,12.0,34.48,9.67
Waqar Khan,T20I,4,24,69,3,9,6,0,4.0,17.25,23.0,37.5,8.0
PC McGeown,T20I,6,87,71,3,47,5,1,14.5,4.9,23.67,54.02,29.0
PRCS Kumarihami,ODI,14,344,255,3,195,3,0,57.3,4.45,85.0,56.69,114.67
PR Brown,T20I,4,78,131,3,20,5,0,13.0,10.08,43.67,25.64,26.0
PM Siddle,T20I,2,48,65,3,21,1,0,8.0,8.12,21.67,43.75,16.0
Yash Raj Punja,IPL,2,48,66,3,16,0,0,8.0,8.25,22.0,33.33,16.0
Yang Yu Xuan,T20I,2,48,30,3,34,3,0,8.0,3.75,10.0,70.83,16.0
MNR Cooray,T20I,4,86,96,3,28,1,0,14.3,6.7,32.0,32.56,28.67
Hamza Dar,T20I,9,73,104,3,28,5,1,12.2,8.55,34.67,38.36,24.33
Hammad Azam,ODI,7,138,129,3,59,3,0,23.0,5.61,43.0,42.75,46.0
A Hlubi,Test,2,192,135,3,144,2,0,32.0,4.22,45.0,75.0,64.0
Z de Bruyn,Test,2,162,68,3,124,0,0,27.0,2.52,22.67,76.54,54.0
HDRL Thirimanne,ODI,4,104,94,3,47,3,0,17.3,5.42,31.33,45.19,34.67
DW Lawrence,Test,8,260,147,3,191,0,2,43.3,3.39,49.0,73.46,86.67
PL Harris,ODI,3,181,89,3,116,2,1,30.2,2.95,29.67,64.09,60.33
Lata Mondal,T20I,14,157,168,3,73,7,1,26.2,6.42,56.0,46.5,52.33
Lakshit Gupta,T20I,7,84,140,3,27,4,0,14.0,10.0,46.67,32.14,28.0
P Modimo,T20I,2,36,58,3,20,17,0,6.0,9.67,19.33,55.56,12.0
A Chaudhary,T20I,5,79,105,3,33,2,1,13.2,7.97,35.0,41.77,26.33
A Chaubey,T20I,4,79,133,3,35,10,0,13.2,10.1,44.33,44.3,26.33
Zohaib Khan,PSL,8,139,201,3,52,4,1,23.2,8.68,67.0,37.41,46.33
Zahoor Ahmad,T20I,4,72,77,3,32,5,0,12.0,6.42,25.67,44.44,24.0
P Kaveao,T20I,5,71,72,3,29,7,3,11.8,6.08,24.0,40.85,23.67
LP Kasturiarachchige,T20I,3,60,81,3,23,0,0,10.0,8.1,27.0,38.33,20.0
Zumika Azmi,T20I,11,153,169,3,50,6,3,25.5,6.63,56.33,32.68,51.0
A Akurut,T20I,3,44,17,3,33,0,0,7.3,2.32,5.67,75.0,14.67
Zawar Farid,T20I,7,108,155,3,30,3,0,18.0,8.61,51.67,27.78,36.0
A Bosch,Test,2,133,107,3,93,0,1,22.2,4.83,35.67,69.92,44.33
Ziaur Rahman,T20I,7,76,127,3,17,1,1,12.7,10.03,42.33,22.37,25.33
DR Tuffey,T20I,3,60,95,3,25,1,0,10.0,9.5,31.67,41.67,20.0
LB Williams,Test,2,188,111,3,142,1,3,31.3,3.54,37.0,75.53,62.67
PHKD Mendis,Test,7,126,117,3,69,0,0,21.0,5.57,39.0,54.76,42.0
PD Hennessy,T20I,3,42,49,3,22,1,0,7.0,7.0,16.33,52.38,14.0
JL Pattinson,T20I,4,78,105,3,38,5,0,13.0,8.08,35.0,48.72,26.0
Aamer Jamal,ODI,3,96,86,3,65,6,0,16.0,5.38,28.67,67.71,32.0
STR Binny,Test,6,453,260,3,338,1,3,75.5,3.44,86.67,74.61,151.0
Zada Sher,T20I,6,78,113,3,27,3,0,13.0,8.69,37.67,34.62,26.0
HL Ferling,Test,2,246,110,3,195,0,0,41.0,2.68,36.67,79.27,82.0
D Olivier,ODI,2,114,125,3,52,3,0,19.0,6.58,41.67,45.61,38.0
MJ Swepson,ODI,3,158,161,3,67,2,0,26.3,6.11,53.67,42.41,52.67
ZM Tribe,T20I,5,58,57,3,25,0,0,9.7,5.9,19.0,43.1,19.33
LN McCarthy,ODI,5,271,167,3,186,12,1,45.2,3.7,55.67,68.63,90.33
DR Smith,Test,2,294,167,3,227,3,0,49.0,3.41,55.67,77.21,98.0
P Kotoisuva,T20I,4,60,80,3,28,5,0,10.0,8.0,26.67,46.67,20.0
P Raho,T20I,2,18,20,3,5,0,0,3.0,6.67,6.67,27.78,6.0
P Murungi,T20I,5,66,76,3,28,1,0,11.0,6.91,25.33,42.42,22.0
P Buccimazza,T20I,3,67,64,3,34,1,1,11.2,5.73,21.33,50.75,22.33
Bipin Kumar,T20I,8,167,234,3,64,5,5,27.8,8.41,78.0,38.32,55.67
Bilal Safdar,T20I,3,66,63,3,28,0,0,11.0,5.73,21.0,42.42,22.0
Zayneb Fazil,T20I,5,88,122,2,44,18,0,14.7,8.32,61.0,50.0,44.0
Zaman Khan,ODI,1,36,40,2,20,0,0,6.0,6.67,20.0,55.56,18.0
Zara Haider,T20I,1,13,15,2,6,2,1,2.2,6.92,7.5,46.15,6.5
A Ashok,ODI,3,97,120,2,34,0,0,16.2,7.42,60.0,35.05,48.5
A Ashok,T20I,1,24,28,2,9,1,0,4.0,7.0,14.0,37.5,12.0
JL Denly,Test,10,390,227,2,268,0,0,65.0,3.49,113.5,68.72,195.0
JL Ontong,T20I,4,36,83,2,5,1,0,6.0,13.83,41.5,13.89,18.0
Sadat Said,T20I,1,18,17,2,6,1,0,3.0,5.67,8.5,33.33,9.0
AU Rashid,IPL,3,60,91,2,20,0,0,10.0,9.1,45.5,33.33,30.0
AV Lalcheta,ODI,2,84,62,2,54,0,0,14.0,4.43,31.0,64.29,42.0
Saif Hassan,T20I,8,79,83,2,36,3,0,13.2,6.3,41.5,45.57,39.5
Zafar Gohar,ODI,1,60,56,2,34,1,0,10.0,5.6,28.0,56.67,30.0
P Gundecha,T20I,2,31,48,2,10,6,1,5.2,9.29,24.0,32.26,15.5
P Jayawickrama,T20I,5,79,122,2,18,0,0,13.2,9.27,61.0,22.78,39.5
Basir Ahamad,ODI,5,141,100,2,80,0,0,23.5,4.26,50.0,56.74,70.5
Basir Ahamad,T20I,1,24,30,2,10,0,0,4.0,7.5,15.0,41.67,12.0
Bhargav Narasimha,T20I,3,36,56,2,9,3,0,6.0,9.33,28.0,25.0,18.0
CL Fitzpatrick,ODI,1,60,31,2,38,2,0,10.0,3.1,15.5,63.33,30.0
CL White,T20I,5,42,53,2,13,3,0,7.0,7.57,26.5,30.95,21.0
Muhammad Musa,ODI,2,97,102,2,53,2,0,16.2,6.31,51.0,54.64,48.5
Muhammad Tahir,T20I,2,17,21,2,7,1,0,2.8,7.41,10.5,41.18,8.5
Saarah Smith,T20I,2,24,40,2,4,2,0,4.0,10.0,20.0,16.67,12.0
Muhammad Rohid,ODI,3,180,152,2,103,2,0,30.0,5.07,76.0,57.22,90.0
MJ Suthar,IPL,4,48,94,2,17,2,0,8.0,11.75,47.0,35.42,24.0
P Kurup,T20I,1,16,10,2,8,1,0,2.7,3.75,5.0,50.0,8.0
P Madhukar,T20I,2,42,48,2,18,1,0,7.0,6.86,24.0,42.86,21.0
P Masih,T20I,2,42,27,2,24,2,0,7.0,3.86,13.5,57.14,21.0
HK Badani,ODI,2,63,53,2,30,0,0,10.5,5.05,26.5,47.62,31.5
AS Taai,T20I,1,24,9,2,21,0,0,4.0,2.25,4.5,87.5,12.0
JM Davison,T20I,2,36,43,2,6,1,0,6.0,7.17,21.5,16.67,18.0
Aamer Yamin,ODI,4,157,155,2,87,5,1,26.2,5.92,77.5,55.41,78.5
Aamer Yamin,T20I,2,36,38,2,15,1,0,6.0,6.33,19.0,41.67,18.0
DI Allan,T20I,4,26,54,2,4,1,0,4.3,12.46,27.0,15.38,13.0
M Vua,T20I,3,54,49,2,31,9,0,9.0,5.44,24.5,57.41,27.0
Salman Fayyaz,PSL,3,38,61,2,12,2,0,6.3,9.63,30.5,31.58,19.0
Salman Patel,T20I,3,43,78,2,13,4,0,7.2,10.88,39.0,30.23,21.5
Salvin Stanly,T20I,5,66,103,2,21,8,0,11.0,9.36,51.5,31.82,33.0
Abdul Bashir,T20I,4,74,118,2,33,4,2,12.3,9.57,59.0,44.59,37.0
STR Binny,T20I,3,30,55,2,10,1,0,5.0,11.0,27.5,33.33,15.0
STRA de Silva,T20I,7,80,128,2,26,5,2,13.3,9.6,64.0,32.5,40.0
SV Wiig,T20I,2,31,45,2,11,1,1,5.2,8.71,22.5,35.48,15.5
Aakash Chand,ODI,2,78,82,2,30,4,0,13.0,6.31,41.0,38.46,39.0
Sana Ullah,T20I,3,52,69,2,22,3,0,8.7,7.96,34.5,42.31,26.0
P Munorwei,T20I,3,42,49,2,22,2,0,7.0,7.0,24.5,52.38,21.0
P Negi,T20I,1,18,16,2,8,0,0,3.0,5.33,8.0,44.44,9.0
P Rathnayake,T20I,1,12,11,2,4,0,0,2.0,5.5,5.5,33.33,6.0
P Sarraf,T20I,8,90,88,2,43,0,0,15.0,5.87,44.0,47.78,45.0
Z McLaughlin,T20I,3,43,55,2,24,0,0,7.2,7.67,27.5,55.81,21.5
Z Simpson,T20I,1,18,32,2,7,4,1,3.0,10.67,16.0,38.89,9.0
MJ Potts,T20I,1,25,48,2,6,8,1,4.2,11.52,24.0,24.0,12.5
MJ Ross,T20I,4,48,63,2,17,1,0,8.0,7.88,31.5,35.42,24.0
Sandeep Nair,T20I,4,48,70,2,23,7,0,8.0,8.75,35.0,47.92,24.0
CK Holder,Test,1,156,114,2,107,2,0,26.0,4.38,57.0,68.59,78.0
CK Kapugedera,ODI,10,264,226,2,115,7,0,44.0,5.14,113.0,43.56,132.0
Abdullah Sheikh,T20I,4,74,79,2,29,2,2,12.3,6.41,39.5,39.19,37.0
HDPK Dharmasena,Test,1,264,159,2,189,0,0,44.0,3.61,79.5,71.59,132.0
HDRS Silva,ODI,2,73,83,2,29,7,1,12.2,6.82,41.5,39.73,36.5
DR Mousley,T20I,4,54,83,2,25,1,0,9.0,9.22,41.5,46.3,27.0
Babar Azam,Test,7,90,46,2,62,0,0,15.0,3.07,23.0,68.89,45.0
P Alako,T20I,2,37,31,2,20,0,1,6.2,5.03,15.5,54.05,18.5
LN Roche,ODI,3,138,157,2,53,4,0,23.0,6.83,78.5,38.41,69.0
SS Cottrell,Test,2,278,201,2,182,2,2,46.3,4.34,100.5,65.47,139.0
CL Cairns,T20I,2,48,52,2,11,0,0,8.0,6.5,26.0,22.92,24.0
AR White,T20I,1,24,18,2,9,1,0,4.0,4.5,9.0,37.5,12.0
AS Hansra,ODI,12,276,285,2,115,6,0,46.0,6.2,142.5,41.67,138.0
Sania Khan,ODI,3,105,76,2,65,6,0,17.5,4.34,38.0,61.9,52.5
G Bruno,T20I,1,24,43,2,10,3,0,4.0,10.75,21.5,41.67,12.0
G Burrows,T20I,2,18,24,2,7,0,0,3.0,8.0,12.0,38.89,9.0
SR Waugh,Test,7,282,132,2,212,1,0,47.0,2.81,66.0,75.18,141.0
Abdul Samad,IPL,7,57,125,2,12,1,0,9.5,13.16,62.5,21.05,28.5
Abdullah Mohd Yousaf,T20I,3,40,62,2,8,4,1,6.7,9.3,31.0,20.0,20.0
LJ Leokaoke,T20I,3,54,55,2,21,0,0,9.0,6.11,27.5,38.89,27.0
LJ Woodcock,T20I,3,60,73,2,22,0,0,10.0,7.3,36.5,36.67,30.0
LJ Wright,IPL,6,71,125,2,15,4,0,11.8,10.56,62.5,21.13,35.5
LK Ebsary,Test,1,100,46,2,80,3,4,16.7,2.76,23.0,80.0,50.0
P Subrayen,T20I,2,42,35,2,15,0,0,7.0,5.0,17.5,35.71,21.0
P Suyal,IPL,5,100,154,2,39,7,4,16.7,9.24,77.0,39.0,50.0
PA Hitchcock,T20I,1,18,43,2,5,1,0,3.0,14.33,21.5,27.78,9.0
Abul Hasan,T20I,2,36,61,2,15,0,0,6.0,10.17,30.5,41.67,18.0
SR Tendulkar,T20I,1,15,13,2,8,0,0,2.5,5.2,6.5,53.33,7.5
Abeera Waris,T20I,3,43,67,2,15,4,1,7.2,9.35,33.5,34.88,21.5
Abhijeet Ahuja,T20I,1,12,8,2,10,0,0,2.0,4.0,4.0,83.33,6.0
Saran Aslam,T20I,3,42,48,2,22,2,0,7.0,6.86,24.0,52.38,21.0
JH Stander,ODI,2,72,82,2,37,1,0,12.0,6.83,41.0,51.39,36.0
JH Stander,T20I,4,38,85,2,10,3,2,6.3,13.42,42.5,26.32,19.0
Sedik Sahak,T20I,5,95,155,2,24,7,1,15.8,9.79,77.5,25.26,47.5
M de Lange,PSL,5,90,160,2,23,1,0,15.0,10.67,80.0,25.56,45.0
M van Lingen,ODI,9,74,65,2,34,2,0,12.3,5.27,32.5,45.95,37.0
MA Abbas,ODI,3,90,75,2,39,1,0,15.0,5.0,37.5,43.33,45.0
G Chilia,T20I,4,25,26,2,16,4,0,4.2,6.24,13.0,64.0,12.5
HB Shipley,T20I,4,78,144,2,19,5,0,13.0,11.08,72.0,24.36,39.0
MM Iqbal,T20I,1,24,17,2,10,0,0,4.0,4.25,8.5,41.67,12.0
BP Nash,Test,9,451,224,2,319,0,0,75.2,2.98,112.0,70.73,225.5
BR Dorey,ODI,4,163,147,2,105,6,1,27.2,5.41,73.5,64.42,81.5
DS Gamage,T20I,2,30,36,2,17,10,0,5.0,7.2,18.0,56.67,15.0
LS Baker,T20I,3,49,58,2,23,1,1,8.2,7.1,29.0,46.94,24.5
Franz Bur,T20I,2,18,25,2,4,1,0,3.0,8.33,12.5,22.22,9.0
JO Ngoche,T20I,6,120,114,2,65,4,0,20.0,5.7,57.0,54.17,60.0
Fawad Ahmed,ODI,2,84,108,2,27,0,0,14.0,7.71,54.0,32.14,42.0
SP Krishnamurthi,T20I,2,30,21,2,15,0,0,5.0,4.2,10.5,50.0,15.0
Momina Riasat,ODI,1,48,38,2,33,2,0,8.0,4.75,19.0,68.75,24.0
Seri Chang,T20I,4,91,92,2,47,26,1,15.2,6.07,46.0,51.65,45.5
AR Perez Rivero,T20I,1,18,20,2,7,1,0,3.0,6.67,10.0,38.89,9.0
Shafali Verma,Test,2,48,19,2,36,0,0,8.0,2.38,9.5,75.0,24.0
Yasir Arafat,ODI,8,345,327,2,182,10,3,57.5,5.69,163.5,52.75,172.5
Ye Ko Ko,T20I,1,24,29,2,9,1,0,4.0,7.25,14.5,37.5,12.0
HP Rinke,ODI,5,96,114,2,47,1,0,16.0,7.12,57.0,48.96,48.0
DPMD Jayawardene,ODI,5,67,63,2,32,5,0,11.2,5.64,31.5,47.76,33.5
DPMD Jayawardene,Test,7,167,97,2,115,0,0,27.8,3.49,48.5,68.86,83.5
DR Briggs,ODI,1,60,42,2,33,1,0,10.0,4.2,21.0,55.0,30.0
LHB Harrington-Myers,T20I,2,24,26,2,11,3,0,4.0,6.5,13.0,45.83,12.0
PH Solanki,IPL,2,36,39,2,12,0,0,6.0,6.5,19.5,33.33,18.0
PHKD Mendis,IPL,4,42,60,2,11,0,0,7.0,8.57,30.0,26.19,21.0
Shafiq Jan,T20I,2,36,58,2,13,0,0,6.0,9.67,29.0,36.11,18.0
Fawad Alam,Test,3,96,56,2,58,0,0,16.0,3.5,28.0,60.42,48.0
Fawad Ali,PSL,5,74,110,2,24,4,2,12.3,8.92,55.0,32.43,37.0
JPR Scantlebury-Searles,IPL,3,42,89,2,7,3,0,7.0,12.71,44.5,16.67,21.0
Adnan Gondal,T20I,1,12,7,2,8,0,0,2.0,3.5,3.5,66.67,6.0
AR Bisht,ODI,3,78,79,2,35,2,0,13.0,6.08,39.5,44.87,39.0
Shahadat Hossain,T20I,5,96,181,2,33,3,0,16.0,11.31,90.5,34.38,48.0
YS Samra,T20I,1,12,13,2,5,0,0,2.0,6.5,6.5,41.67,6.0
Yahya Suhail,T20I,4,52,75,2,18,3,0,8.7,8.65,37.5,34.62,26.0
HT Tector,ODI,8,180,194,2,69,4,0,30.0,6.47,97.0,38.33,90.0
LC Boylan,ODI,1,18,37,2,5,1,0,3.0,12.33,18.5,27.78,9.0
DS Bajwa,T20I,6,64,103,2,18,3,4,10.7,9.66,51.5,28.12,32.0
BP Loots,ODI,5,185,227,2,75,3,1,30.8,7.36,113.5,40.54,92.5
Danish Aziz,T20I,1,18,29,2,3,0,0,3.0,9.67,14.5,16.67,9.0
Danish Jasnaik,T20I,4,72,121,2,19,0,0,12.0,10.08,60.5,26.39,36.0
Mohammed Awais,T20I,5,79,132,2,34,7,1,13.2,10.03,66.0,43.04,39.5
Mushtaq Ahmed,Test,2,307,202,2,205,0,1,51.2,3.95,101.0,66.78,153.5
JS Iggo,T20I,3,48,68,2,13,0,0,8.0,8.5,34.0,27.08,24.0
JS Malhotra,ODI,4,102,71,2,55,2,0,17.0,4.18,35.5,53.92,51.0
JT Ball,T20I,2,43,88,2,7,2,1,7.2,12.28,44.0,16.28,21.5
Afzaal Haider,ODI,2,78,123,2,30,3,0,13.0,9.46,61.5,38.46,39.0
Ahmad Raza,T20I,5,79,103,2,32,5,1,13.2,7.82,51.5,40.51,39.5
SM Mayers,ODI,4,104,81,2,54,1,0,17.3,4.67,40.5,51.92,52.0
MJ Mason,T20I,3,55,66,2,25,3,1,9.2,7.2,33.0,45.45,27.5
MJ McClenaghan,PSL,5,102,157,2,35,2,0,17.0,9.24,78.5,34.31,51.0
MJ Owen,ODI,3,36,42,2,15,0,0,6.0,7.0,21.0,41.67,18.0
MJ Owen,PSL,2,17,21,2,8,0,0,2.8,7.41,10.5,47.06,8.5
MJ Owen,T20I,4,30,62,2,10,3,0,5.0,12.4,31.0,33.33,15.0
LA Musiani,T20I,5,59,78,2,23,4,0,9.8,7.93,39.0,38.98,29.5
DS Vlachopoulou,T20I,3,20,9,2,17,3,0,3.3,2.7,4.5,85.0,10.0
DSK Madushanka,T20I,2,31,64,2,14,4,0,5.2,12.39,32.0,45.16,15.5
LS Livingstone,PSL,5,84,123,2,24,1,0,14.0,8.79,61.5,28.57,42.0
Lata Mondal,ODI,8,150,129,2,84,9,0,25.0,5.16,64.5,56.0,75.0
Latsha Haleemath,T20I,4,89,156,2,17,4,5,14.8,10.52,78.0,19.1,44.5
SM Mayers,T20I,6,45,52,2,19,1,0,7.5,6.93,26.0,42.22,22.5
JR Lennox,T20I,1,18,28,2,7,0,0,3.0,9.33,14.0,38.89,9.0
M Turay,T20I,3,36,31,2,23,8,1,6.0,5.17,15.5,63.89,18.0
M Turner,T20I,3,54,36,2,38,1,0,9.0,4.0,18.0,70.37,27.0
M Ulmanova,T20I,2,34,39,2,20,11,4,5.7,6.88,19.5,58.82,17.0
DE Martel,T20I,4,74,67,2,35,0,0,12.3,5.43,33.5,47.3,37.0
DH Sharma,T20I,1,26,31,2,7,0,2,4.3,7.15,15.5,26.92,13.0
CJ Sayers,Test,1,294,150,2,227,0,0,49.0,3.06,75.0,77.21,147.0
Mohammed Faraazuddin,T20I,5,84,126,2,17,0,0,14.0,9.0,63.0,20.24,42.0
Mohammed Jamadar,T20I,5,96,91,2,44,5,0,16.0,5.69,45.5,45.83,48.0
Mohammed Qasim,ODI,2,78,43,2,48,0,0,13.0,3.31,21.5,61.54,39.0
A Flintoff,IPL,3,66,106,2,21,0,0,11.0,9.64,53.0,31.82,33.0
A Gulati,T20I,4,42,83,2,6,0,0,7.0,11.86,41.5,14.29,21.0
YA Abdulla,T20I,2,42,44,2,23,3,0,7.0,6.29,22.0,54.76,21.0
JE Scott,T20I,3,54,57,2,31,2,0,9.0,6.33,28.5,57.41,27.0
DJ Malan,Test,6,222,134,2,135,0,0,37.0,3.62,67.0,60.81,111.0
SL Munroe,ODI,5,192,167,2,109,18,0,32.0,5.22,83.5,56.77,96.0
Ahmadschah Ahmadzai,T20I,1,12,24,2,4,0,0,2.0,12.0,12.0,33.33,6.0
Ahmed Shehzad,ODI,9,116,140,2,34,0,1,19.3,7.24,70.0,29.31,58.0
SM Harwood,ODI,1,60,59,2,23,2,0,10.0,5.9,29.5,38.33,30.0
H Patel,ODI,5,102,102,2,47,5,0,17.0,6.0,51.0,46.08,51.0
H Patel,T20I,4,61,78,2,23,1,2,10.2,7.67,39.0,37.7,30.5
H Sawaneh,T20I,3,42,42,2,25,2,0,7.0,6.0,21.0,59.52,21.0
BM Anusha,T20I,2,48,46,2,25,9,0,8.0,5.75,23.0,52.08,24.0
PPS Win,T20I,2,31,28,2,20,3,1,5.2,5.42,14.0,64.52,15.5
PR George,Test,1,168,86,2,122,1,0,28.0,3.07,43.0,72.62,84.0
L Sipamla,ODI,4,183,172,2,96,6,1,30.5,5.64,86.0,52.46,91.5
Y Verma,T20I,4,96,98,2,46,11,0,16.0,6.12,49.0,47.92,48.0
SK Springer,ODI,3,114,133,2,53,5,0,19.0,7.0,66.5,46.49,57.0
SKPD Ayu,T20I,1,12,3,2,9,0,0,2.0,1.5,1.5,75.0,6.0
SKW Kelly,ODI,3,80,74,2,47,4,1,13.3,5.55,37.0,58.75,40.0
Muzahir Raza,ODI,4,96,45,2,75,4,0,16.0,2.81,22.5,78.12,48.0
N Ahir,T20I,7,93,157,2,35,4,3,15.5,10.13,78.5,37.63,46.5
AP Devcich,T20I,4,72,85,2,20,0,0,12.0,7.08,42.5,27.78,36.0
JD Ryder,T20I,5,60,68,2,22,0,0,10.0,6.8,34.0,36.67,30.0
Shahzeb Choudhry,T20I,2,42,34,2,25,3,0,7.0,4.86,17.0,59.52,21.0
Shaila Sharmin,T20I,3,42,46,2,12,1,0,7.0,6.57,23.0,28.57,21.0
H Masakadza,T20I,8,60,98,2,21,2,0,10.0,9.8,49.0,35.0,30.0
A Iopu,T20I,3,18,22,2,6,2,0,3.0,7.33,11.0,33.33,9.0
L Tastuki,T20I,3,72,52,2,45,4,0,12.0,4.33,26.0,62.5,36.0
PVSN Raju,IPL,2,24,54,2,4,5,0,4.0,13.5,27.0,16.67,12.0
Deng Jinqi,T20I,3,51,67,2,20,0,0,8.5,7.88,33.5,39.22,25.5
Dharmendra Manani,T20I,1,18,26,2,8,5,0,3.0,8.67,13.0,44.44,9.0
Shamim Hossain,ODI,3,84,60,2,44,0,0,14.0,4.29,30.0,52.38,42.0
N Dutta,ODI,5,234,177,2,114,2,0,39.0,4.54,88.5,48.72,117.0
SJ Tsukigawa,ODI,1,48,20,2,34,0,0,8.0,2.5,10.0,70.83,24.0
SK Naidu,T20I,3,50,43,2,22,1,1,8.3,5.16,21.5,44.0,25.0
Shan Masood,Test,9,145,93,2,99,0,1,24.2,3.85,46.5,68.28,72.5
Sharif Asadullah,T20I,1,18,21,2,8,1,0,3.0,7.0,10.5,44.44,9.0
AM Samad,ODI,4,67,93,2,31,2,3,11.2,8.33,46.5,46.27,33.5
Mohammad Zahid,Test,1,153,109,2,104,0,3,25.5,4.27,54.5,67.97,76.5
CM Edwards,ODI,2,47,51,2,19,1,1,7.8,6.51,25.5,40.43,23.5
SJ Elliott,Test,2,166,75,2,126,1,1,27.7,2.71,37.5,75.9,83.0
Ahmer Bin Nisar,T20I,5,30,48,2,7,2,0,5.0,9.6,24.0,23.33,15.0
M Smith,T20I,1,18,29,2,7,0,0,3.0,9.67,14.5,38.89,9.0
M Spoors,T20I,1,12,5,2,8,0,0,2.0,2.5,2.5,66.67,6.0
M Stanikzai,T20I,9,109,168,2,39,5,1,18.2,9.25,84.0,35.78,54.5
M Stoman,T20I,1,15,16,2,8,2,0,2.5,6.4,8.0,53.33,7.5
D Kalyankrishna,IPL,3,48,88,2,11,2,0,8.0,11.0,44.0,22.92,24.0
MJ Fisher,Test,1,71,46,2,54,0,0,11.8,3.89,23.0,76.06,35.5
Waqar Abbasi,T20I,2,48,49,2,25,4,0,8.0,6.12,24.5,52.08,24.0
Waqas Maqsood,T20I,1,11,21,2,3,0,0,1.8,11.45,10.5,27.27,5.5
L Monanthane,T20I,6,69,77,2,30,6,0,11.5,6.7,38.5,43.48,34.5
L Nou,T20I,2,42,39,2,19,0,0,7.0,5.57,19.5,45.24,21.0
O Omonkhobio,T20I,5,91,76,2,53,1,1,15.2,5.01,38.0,58.24,45.5
C Agafili,T20I,3,43,35,2,29,3,1,7.2,4.88,17.5,67.44,21.5
C Bevin,T20I,3,55,94,2,21,4,1,9.2,10.25,47.0,38.18,27.5
OC McCoy,PSL,2,42,63,2,18,2,0,7.0,9.0,31.5,42.86,21.0
Pankaj Singh,Test,2,450,300,2,328,2,0,75.0,4.0,150.0,72.89,225.0
Parvez Rasool,ODI,1,60,60,2,25,1,0,10.0,6.0,30.0,41.67,30.0
L Lee,ODI,3,84,56,2,51,2,1,14.0,4.0,28.0,60.71,42.0
CM Madsen,T20I,4,74,137,2,23,11,2,12.3,11.11,68.5,31.08,37.0
JC Cullen,T20I,3,30,41,2,7,2,0,5.0,8.2,20.5,23.33,15.0
N M'shangwe,ODI,4,216,165,2,119,3,0,36.0,4.58,82.5,55.09,108.0
SHT Kandamby,ODI,9,174,175,2,67,3,0,29.0,6.03,87.5,38.51,87.0
SJ Andrews,Test,2,291,92,2,248,0,0,48.5,1.9,46.0,85.22,145.5
Shoaib Khan,ODI,8,145,135,2,68,2,0,24.2,5.59,67.5,46.9,72.5
Shoaib Malik,IPL,5,52,87,2,17,6,1,8.7,10.04,43.5,32.69,26.0
MA Khote,IPL,2,30,52,2,6,0,0,5.0,10.4,26.0,20.0,15.0
DC Thomas,ODI,1,7,11,2,4,2,0,1.2,9.43,5.5,57.14,3.5
DC Thomas,Test,1,99,66,2,67,1,3,16.5,4.0,33.0,67.68,49.5
SG Diaby,T20I,4,61,71,2,35,13,1,10.2,6.98,35.5,57.38,30.5
SH Johnson,ODI,4,182,190,2,97,6,2,30.3,6.26,95.0,53.3,91.0
SH Lawlor,T20I,2,31,46,2,10,6,1,5.2,8.9,23.0,32.26,15.5
Ajaz Patel,T20I,2,30,25,2,12,0,0,5.0,5.0,12.5,40.0,15.0
CJ Connor,Test,2,342,69,2,313,0,0,57.0,1.21,34.5,91.52,171.0
CJ Dala,ODI,3,151,171,2,68,8,1,25.2,6.79,85.5,45.03,75.5
BF Smith,T20I,5,60,60,2,25,2,0,10.0,6.0,30.0,41.67,30.0
O Davidson,ODI,3,120,86,2,72,0,0,20.0,4.3,43.0,60.0,60.0
O Duff,T20I,3,22,45,2,7,9,0,3.7,12.27,22.5,31.82,11.0
Likitha Yadav,T20I,3,56,50,2,15,6,2,9.3,5.36,25.0,26.79,28.0
Lily Lamb,T20I,3,42,58,2,23,11,0,7.0,8.29,29.0,54.76,21.0
Waheeda Akhtar,ODI,1,30,35,2,16,1,0,5.0,7.0,17.5,53.33,15.0
Walid Ghauri,T20I,5,53,73,2,20,3,0,8.8,8.26,36.5,37.74,26.5
Jandu Hamoud,T20I,2,31,52,2,12,3,1,5.2,10.06,26.0,38.71,15.5
SD Chitnis,IPL,2,36,62,2,11,2,0,6.0,10.33,31.0,30.56,18.0
SD Udal,Test,2,336,186,2,231,0,0,56.0,3.32,93.0,68.75,168.0
SE Aley,ODI,1,60,29,2,48,3,0,10.0,2.9,14.5,80.0,30.0
DJ Cullen,ODI,4,202,137,2,115,5,1,33.7,4.07,68.5,56.93,101.0
JA Rudolph,Test,8,270,188,2,164,1,0,45.0,4.18,94.0,60.74,135.0
Luo Shilin,T20I,6,114,146,2,45,3,0,19.0,7.68,73.0,39.47,57.0
Ly Saomakara,T20I,2,50,54,2,28,3,2,8.3,6.48,27.0,56.0,25.0
L Gregory,T20I,5,81,122,2,22,2,3,13.5,9.04,61.0,27.16,40.5
L Greig,T20I,1,25,19,2,13,0,1,4.2,4.56,9.5,52.0,12.5
Davion Codner,T20I,4,43,63,2,13,2,1,7.2,8.79,31.5,30.23,21.5
Dayyaan Galiem,T20I,1,24,21,2,12,3,0,4.0,5.25,10.5,50.0,12.0
Dechen Zangmo,T20I,1,24,10,2,15,0,0,4.0,2.5,5.0,62.5,12.0
Pratis GC,ODI,2,90,54,2,58,3,0,15.0,3.6,27.0,64.44,45.0
JA Turner,ODI,2,66,70,2,42,4,0,11.0,6.36,35.0,63.64,33.0
Fahad Alhashmi,ODI,3,104,106,2,52,12,0,17.3,6.12,53.0,50.0,52.0
SC Meaker,ODI,2,114,113,2,65,3,0,19.0,5.95,56.5,57.02,57.0
Al Maseera Jahangir,ODI,1,30,16,2,22,2,0,5.0,3.2,8.0,73.33,15.0
Alexandros Karvelas,T20I,3,73,90,2,30,1,1,12.2,7.4,45.0,41.1,36.5
N Ndouteng,T20I,1,24,58,2,5,0,0,4.0,14.5,29.0,20.83,12.0
SC Kuggeleijn,IPL,2,48,71,2,17,2,0,8.0,8.88,35.5,35.42,24.0
Ali Majid,PSL,2,48,63,2,18,1,0,8.0,7.88,31.5,37.5,24.0
Shoriful Islam,PSL,5,92,122,2,39,7,2,15.3,7.96,61.0,42.39,46.0
Sikander Zulfiqar,T20I,5,42,56,2,14,0,0,7.0,8.0,28.0,33.33,21.0
Sikder Billah,T20I,3,34,37,2,11,0,0,5.7,6.53,18.5,32.35,17.0
WP Myburgh,T20I,3,48,64,2,12,1,0,8.0,8.0,32.0,25.0,24.0
Qasim Akram,T20I,1,11,6,2,9,0,0,1.8,3.27,3.0,81.82,5.5
BE Fletcher,T20I,2,30,61,2,7,7,0,5.0,12.2,30.5,23.33,15.0
SA Yadav,T20I,1,6,5,2,3,0,0,1.0,5.0,2.5,50.0,3.0
SACA King,ODI,10,270,204,2,178,16,0,45.0,4.53,102.0,65.93,135.0
SB Chamundaiah,T20I,3,52,54,2,18,5,4,8.7,6.23,27.0,34.62,26.0
N Naranbaatar,T20I,7,111,236,2,24,14,9,18.5,12.76,118.0,21.62,55.5
Snigdha Paul,T20I,6,78,91,2,36,5,0,13.0,7.0,45.5,46.15,39.0
Sofia Mardones,T20I,4,64,103,2,23,9,8,10.7,9.66,51.5,35.94,32.0
AM Ellis,T20I,4,60,106,2,12,2,0,10.0,10.6,53.0,20.0,30.0
Jubair Hossain,T20I,1,12,20,2,5,0,0,2.0,10.0,10.0,41.67,6.0
Junaid Sheikh,T20I,4,79,96,2,35,2,1,13.2,7.29,48.0,44.3,39.5
Ali Rasool,T20I,6,74,132,2,25,2,2,12.3,10.7,66.0,33.78,37.0
Alok Kapali,T20I,2,30,35,2,10,1,0,5.0,7.0,17.5,33.33,15.0
Altaf Gill,T20I,3,42,59,2,11,1,0,7.0,8.43,29.5,26.19,21.0
R Cunningham,T20I,2,27,62,2,5,4,1,4.5,13.78,31.0,18.52,13.5
DNT Zoysa,IPL,3,68,100,2,25,1,2,11.3,8.82,50.0,36.76,34.0
DO Leicher,ODI,5,102,110,2,51,7,0,17.0,6.47,55.0,50.0,51.0
D Svilicic,T20I,4,66,142,2,16,8,0,11.0,12.91,71.0,24.24,33.0
MR Montfort,T20I,1,18,27,2,8,3,0,3.0,9.0,13.5,44.44,9.0
MR Swart,ODI,5,144,116,2,70,0,0,24.0,4.83,58.0,48.61,72.0
GD Drummond,ODI,4,156,136,2,93,3,1,26.0,5.23,68.0,59.62,78.0
S Vesawkar,ODI,1,36,21,2,22,0,0,6.0,3.5,10.5,61.11,18.0
S Vithayathil,T20I,1,18,8,2,13,0,0,3.0,2.67,4.0,72.22,9.0
S Yenamandra,T20I,3,66,76,2,25,10,12,11.0,6.91,38.0,37.88,33.0
K Boniface,T20I,2,24,36,2,10,0,0,4.0,9.0,18.0,41.67,12.0
K Brock-Nielsen,T20I,4,78,114,2,19,12,6,13.0,8.77,57.0,24.36,39.0
FA Allen,IPL,4,90,136,2,26,1,0,15.0,9.07,68.0,28.89,45.0
FC Muniz,T20I,3,60,56,2,24,1,0,10.0,5.6,28.0,40.0,30.0
Aminul Islam,T20I,3,50,62,2,15,2,0,8.3,7.44,31.0,30.0,25.0
Aminul Islam Chowdhury,T20I,1,18,15,2,8,1,0,3.0,5.0,7.5,44.44,9.0
J Ulrik,T20I,1,24,14,2,15,2,0,4.0,3.5,7.0,62.5,12.0
AK Kitchen,T20I,3,36,46,2,17,1,0,6.0,7.67,23.0,47.22,18.0
E Konasova,T20I,4,63,76,2,20,14,15,10.5,7.24,38.0,31.75,31.5
L Cheatle,ODI,4,144,142,2,79,10,0,24.0,5.92,71.0,54.86,72.0
R Dhar,ODI,3,96,53,2,73,2,0,16.0,3.31,26.5,76.04,48.0
R Dhar,Test,1,156,55,2,120,0,0,26.0,2.12,27.5,76.92,78.0
S Sunday,T20I,2,18,14,2,9,0,0,3.0,4.67,7.0,50.0,9.0
S Tarawally,T20I,6,114,118,2,56,5,0,19.0,6.21,59.0,49.12,57.0
DBL Powell,T20I,5,102,141,2,54,8,0,17.0,8.29,70.5,52.94,51.0
Mohammad Hafeez,IPL,4,61,71,2,25,2,1,10.2,6.98,35.5,40.98,30.5
MADI Hemantha,ODI,3,158,143,2,68,0,2,26.3,5.43,71.5,43.04,79.0
MBA Lamplough,T20I,8,132,121,2,70,13,0,22.0,5.5,60.5,53.03,66.0
S Simic,T20I,5,61,52,2,29,12,6,10.2,5.11,26.0,47.54,30.5
FDM Devonshire,T20I,2,30,32,2,13,1,0,5.0,6.4,16.0,43.33,15.0
FDM Karunaratne,Test,15,312,210,2,199,0,0,52.0,4.04,105.0,63.78,156.0
N Simelane,T20I,3,40,50,2,18,8,4,6.7,7.5,25.0,45.0,20.0
M Paryani,T20I,1,6,3,2,5,2,0,1.0,3.0,1.5,83.33,3.0
DJ Pattinson,Test,1,182,96,2,130,0,1,30.3,3.16,48.0,71.43,91.0
MBS Jonkman,T20I,1,18,21,2,5,1,0,3.0,7.0,10.5,27.78,9.0
MC Henriques,Test,4,330,172,2,253,1,0,55.0,3.13,86.0,76.67,165.0
Suman Ghimire,T20I,3,48,72,2,15,3,0,8.0,9.0,36.0,31.25,24.0
Suraiya Azmin,ODI,3,45,57,2,26,4,1,7.5,7.6,28.5,57.78,22.5
R Johnson,T20I,2,19,34,2,8,2,1,3.2,10.74,17.0,42.11,9.5
R Kanai,T20I,4,55,50,2,26,5,1,9.2,5.45,25.0,47.27,27.5
R Khasana,T20I,2,43,68,2,17,7,1,7.2,9.49,34.0,39.53,21.5
Nilusha Waruwangodage,T20I,1,26,18,2,17,7,2,4.3,4.15,9.0,65.38,13.0
Noor Hayati Zakaria,T20I,7,133,151,2,51,11,1,22.2,6.81,75.5,38.35,66.5
Hayatullah Niazi,T20I,3,50,66,2,24,4,2,8.3,7.92,33.0,48.0,25.0
Hiba Shamshad,T20I,4,66,52,2,35,2,0,11.0,4.73,26.0,53.03,33.0
A Khullar,T20I,5,78,93,2,36,24,6,13.0,7.15,46.5,46.15,39.0
A Manousis,T20I,3,42,51,2,14,2,0,7.0,7.29,25.5,33.33,21.0
Hassan Nasir,T20I,3,60,58,2,31,3,0,10.0,5.8,29.0,51.67,30.0
Hassan Nawaz,PSL,4,36,65,2,6,0,0,6.0,10.83,32.5,16.67,18.0
Nur Alya Batrisyia,T20I,3,32,34,2,10,1,2,5.3,6.38,17.0,31.25,16.0
C Cassell,T20I,2,30,67,2,5,0,0,5.0,13.4,33.5,16.67,15.0
Kuldeep Lal,T20I,3,30,52,2,8,0,0,5.0,10.4,26.0,26.67,15.0
Kulwinderjeet Singh,T20I,1,5,7,2,4,0,0,0.8,8.4,3.5,80.0,2.5
R Mahajan,T20I,3,60,94,2,12,1,0,10.0,9.4,47.0,20.0,30.0
AJ Redmond,T20I,1,17,24,2,4,1,0,2.8,8.47,12.0,23.53,8.5
AJ Redmond,Test,4,93,73,2,60,0,3,15.5,4.71,36.5,64.52,46.5
AJ Turner,ODI,2,84,60,2,54,2,0,14.0,4.29,30.0,64.29,42.0
AJ Tye,PSL,4,90,164,2,24,2,0,15.0,10.93,82.0,26.67,45.0
M Ogawa,T20I,6,53,69,2,20,6,2,8.8,7.81,34.5,37.74,26.5
K Goud,Test,1,133,78,2,101,0,1,22.2,3.52,39.0,75.94,66.5
J Prodehl,T20I,1,24,10,2,19,0,0,4.0,2.5,5.0,79.17,12.0
J Ramanandi,ODI,6,270,210,2,125,3,0,45.0,4.67,105.0,46.3,135.0
GD Phillips,IPL,4,30,40,2,10,1,0,5.0,8.0,20.0,33.33,15.0
W Smith,T20I,1,24,39,2,8,2,0,4.0,9.75,19.5,33.33,12.0
W Sutherland,ODI,2,51,35,2,28,2,0,8.5,4.12,17.5,54.9,25.5
Humna Bilal,T20I,2,33,53,2,10,0,1,5.5,9.64,26.5,30.3,16.5
R Misra,T20I,4,44,26,2,29,4,0,7.3,3.55,13.0,65.91,22.0
BA Langston,ODI,3,138,70,2,104,0,0,23.0,3.04,35.0,75.36,69.0
Neeraj Mishra,T20I,6,102,164,2,40,10,0,17.0,9.65,82.0,39.22,51.0
M Beardman,T20I,1,25,35,2,10,1,1,4.2,8.4,17.5,40.0,12.5
H Kala,Test,1,90,49,2,54,0,0,15.0,3.27,24.5,60.0,45.0
H Karunaratne,ODI,6,97,103,2,38,4,1,16.2,6.37,51.5,39.18,48.5
H Kaushik,T20I,7,102,122,2,31,1,0,17.0,7.18,61.0,30.39,51.0
CT Tremlett,T20I,1,25,46,2,8,2,1,4.2,11.04,23.0,32.0,12.5
S Samuels,T20I,9,131,162,2,73,16,4,21.8,7.42,81.0,55.73,65.5
MD Garratt,T20I,3,47,64,2,14,2,0,7.8,8.17,32.0,29.79,23.5
DB Kotze,ODI,6,282,258,2,124,3,0,47.0,5.49,129.0,43.97,141.0
J Mulder,ODI,1,60,29,2,39,2,0,10.0,2.9,14.5,65.0,30.0
J Patraj,ODI,2,90,76,2,43,2,0,15.0,5.07,38.0,47.78,45.0
F Sisifo,T20I,3,38,55,2,15,9,2,6.3,8.68,27.5,39.47,19.0
S Saeed,T20I,3,42,54,2,20,0,0,7.0,7.71,27.0,47.62,21.0
M Campopiano,T20I,3,43,43,2,19,0,0,7.2,6.0,21.5,44.19,21.5
R Ntozakhe,T20I,10,156,221,2,47,0,0,26.0,8.5,110.5,30.13,78.0
R Panchal,T20I,7,108,108,2,62,8,0,18.0,6.0,54.0,57.41,54.0
MS Gony,ODI,2,78,78,2,44,3,0,13.0,6.0,39.0,56.41,39.0
T Britton,T20I,1,24,21,2,11,1,0,4.0,5.25,10.5,45.83,12.0
T Chabila,T20I,8,114,139,2,63,15,0,19.0,7.32,69.5,55.26,57.0
T Granger,ODI,3,96,112,2,45,12,0,16.0,7.0,56.0,46.88,48.0
K Mendon,T20I,2,36,35,2,21,4,0,6.0,5.83,17.5,58.33,18.0
K Moingoto,T20I,3,55,45,2,34,13,0,9.2,4.91,22.5,61.82,27.5
K Oala,ODI,2,61,38,2,36,1,1,10.2,3.74,19.0,59.02,30.5
Angela Busa,T20I,6,71,98,2,38,15,1,11.8,8.28,49.0,53.52,35.5
Anik Ahmed,T20I,4,54,76,2,19,3,0,9.0,8.44,38.0,35.19,27.0
K Mahato,ODI,2,78,77,2,44,7,0,13.0,5.92,38.5,56.41,39.0
Kiyo Fujikawa,T20I,5,74,62,2,29,4,2,12.3,5.03,31.0,39.19,37.0
M Elikana,T20I,1,19,6,2,17,2,1,3.2,1.89,3.0,89.47,9.5
M Faraz Akram,T20I,8,116,198,2,36,10,0,19.3,10.24,99.0,31.03,58.0
W Barresi,T20I,3,34,50,2,14,0,0,5.7,8.82,25.0,41.18,17.0
D Foxcroft,ODI,3,105,86,2,52,0,0,17.5,4.91,43.0,49.52,52.5
D Hazell,Test,2,326,178,2,231,0,8,54.3,3.28,89.0,70.86,163.0
S Mostary,ODI,13,128,139,2,55,1,1,21.3,6.52,69.5,42.97,64.0
S Naidu,T20I,6,98,112,2,44,2,2,16.3,6.86,56.0,44.9,49.0
S Nunna,T20I,6,84,106,2,23,8,0,14.0,7.57,53.0,27.38,42.0
F du Plessis,ODI,11,192,191,2,73,5,0,32.0,5.97,95.5,38.02,96.0
K Matigimu,Test,1,129,128,2,76,0,0,21.5,5.95,64.0,58.91,64.5
ND Doshi,IPL,4,56,79,2,24,1,0,9.3,8.46,39.5,42.86,28.0
NE Bolton,ODI,2,30,37,2,16,0,0,5.0,7.4,18.5,53.33,15.0
K Paskova,T20I,2,38,38,2,20,12,2,6.3,6.0,19.0,52.63,19.0
K Pierre,ODI,6,336,267,2,179,3,0,56.0,4.77,133.5,53.27,168.0
F Effiong,T20I,1,12,2,2,11,1,0,2.0,1.0,1.0,91.67,6.0
T Kobeli,T20I,5,73,112,2,22,12,1,12.2,9.21,56.0,30.14,36.5
T Koloi,T20I,3,62,91,2,25,14,2,10.3,8.81,45.5,40.32,31.0
T Lhaden,T20I,3,48,43,2,23,3,0,8.0,5.38,21.5,47.92,24.0
T Makaya,T20I,3,54,54,2,23,1,0,9.0,6.0,27.0,42.59,27.0
T Makusha,T20I,6,96,133,2,42,6,0,16.0,8.31,66.5,43.75,48.0
Vishaul Singh,T20I,2,30,42,2,13,0,0,5.0,8.4,21.0,43.33,15.0
Hwanhee Lee,T20I,1,6,6,2,3,0,0,1.0,6.0,3.0,50.0,3.0
Hyejin Park,T20I,4,36,42,2,18,16,0,6.0,7.0,21.0,50.0,18.0
Nazmul Hossain Shanto,ODI,7,101,103,2,42,2,1,16.8,6.12,51.5,41.58,50.5
B Wani,T20I,4,63,64,2,22,10,15,10.5,6.1,32.0,34.92,31.5
Khan Arbaaz,T20I,2,19,20,2,8,3,1,3.2,6.32,10.0,42.11,9.5
B Yadav,T20I,8,55,89,2,21,6,0,9.2,9.71,44.5,38.18,27.5
R Sewwandi,T20I,2,36,71,2,11,6,0,6.0,11.83,35.5,30.56,18.0
GH Lewis,T20I,5,68,86,2,23,4,2,11.3,7.59,43.0,33.82,34.0
F Martin,T20I,3,32,35,2,14,10,4,5.3,6.56,17.5,43.75,16.0
F Najjumba,T20I,3,66,49,2,31,0,0,11.0,4.45,24.5,46.97,33.0
K Reyneke,ODI,2,67,72,2,28,0,1,11.2,6.45,36.0,41.79,33.5
K Schultz,ODI,1,42,52,2,15,0,0,7.0,7.43,26.0,35.71,21.0
K Sonavale,ODI,2,15,4,2,12,0,0,2.5,1.6,2.0,80.0,7.5
S Lundell,T20I,2,26,33,2,13,2,2,4.3,7.62,16.5,50.0,13.0
C van der Westhuizen,T20I,1,24,12,2,19,1,0,4.0,3.0,6.0,79.17,12.0
T Martin,T20I,2,32,50,2,10,4,2,5.3,9.38,25.0,31.25,16.0
H Dhami,T20I,2,30,41,2,15,0,0,5.0,8.2,20.5,50.0,15.0
Kaung Htet Kyaw,T20I,6,78,104,2,38,8,0,13.0,8.0,52.0,48.72,39.0
B Regmi,ODI,2,66,50,2,36,1,0,11.0,4.55,25.0,54.55,33.0
H Durham,ODI,1,58,48,2,35,4,0,9.7,4.97,24.0,60.34,29.0
A Ndlovu,T20I,7,126,177,2,47,1,0,21.0,8.43,88.5,37.3,63.0
DC Drakes,ODI,3,114,83,2,90,11,0,19.0,4.37,41.5,78.95,57.0
NJ Qaeze,T20I,1,12,15,2,7,2,0,2.0,7.5,7.5,58.33,6.0
S Lackay,T20I,1,24,59,2,4,0,0,4.0,14.75,29.5,16.67,12.0
S Lateh,T20I,3,49,65,2,25,5,1,8.2,7.96,32.5,51.02,24.5
ME Bessala,T20I,7,78,99,2,35,12,0,13.0,7.62,49.5,44.87,39.0
AJ Kenealy,T20I,11,163,198,2,70,7,1,27.2,7.29,99.0,42.94,81.5
B Mosoaboli,T20I,3,54,57,2,27,10,0,9.0,6.33,28.5,50.0,27.0
DM Braat,ODI,2,96,78,2,56,7,0,16.0,4.88,39.0,58.33,48.0
VRB Arachchige,T20I,4,54,84,2,15,2,0,9.0,9.33,42.0,27.78,27.0
I Master,T20I,3,30,56,2,7,3,0,5.0,11.2,28.0,23.33,15.0
AJ McKay,T20I,2,35,32,2,18,0,1,5.8,5.49,16.0,51.43,17.5
J Little,PSL,3,60,104,2,22,2,0,10.0,10.4,52.0,36.67,30.0
J Louw,T20I,2,43,54,2,17,4,1,7.2,7.53,27.0,39.53,21.5
T Ruma,ODI,2,42,30,2,28,3,0,7.0,4.29,15.0,66.67,21.0
NJ Shaw,T20I,2,49,57,2,18,0,1,8.2,6.98,28.5,36.73,24.5
S Jamil,T20I,5,52,84,2,18,2,0,8.7,9.69,42.0,34.62,26.0
Aphsal Ashraf,T20I,1,24,35,2,7,0,0,4.0,8.75,17.5,29.17,12.0
Arafat Minhas,T20I,3,55,56,2,30,1,1,9.2,6.11,28.0,54.55,27.5
S Kakai,T20I,1,18,10,2,13,1,0,3.0,3.33,5.0,72.22,9.0
S Khadka,T20I,6,48,39,2,32,4,0,8.0,4.88,19.5,66.67,24.0
T Sangha,ODI,4,174,200,2,65,0,0,29.0,6.9,100.0,37.36,87.0
T Skordili,T20I,1,12,7,2,9,1,0,2.0,3.5,3.5,75.0,6.0
MT Diaby,T20I,2,15,17,2,8,1,0,2.5,6.8,8.5,53.33,7.5
I Rodriguez,T20I,2,25,29,2,18,8,1,4.2,6.96,14.5,72.0,12.5
A Ndlovu,Test,2,420,281,2,270,0,0,70.0,4.01,140.5,64.29,210.0
A Nel,T20I,2,48,43,2,23,0,0,8.0,5.38,21.5,47.92,24.0
E Robinson,T20I,2,36,59,2,6,2,0,6.0,9.83,29.5,16.67,18.0
Kashif Ali,Test,1,65,41,2,39,0,5,10.8,3.78,20.5,60.0,32.5
Mobashar Ashraf,T20I,2,24,25,2,13,0,0,4.0,6.25,12.5,54.17,12.0
Mohamed Coulibaly,T20I,4,43,77,2,18,8,2,7.2,10.74,38.5,41.86,21.5
S Hussein,T20I,3,68,69,2,40,6,1,11.3,6.09,34.5,58.82,34.0
DJ Worrall,ODI,3,158,173,2,88,4,0,26.3,6.57,86.5,55.7,79.0
DK Butler,ODI,4,202,162,2,119,5,4,33.7,4.81,81.0,58.91,101.0
DK Mathias,T20I,7,84,116,2,28,5,0,14.0,8.29,58.0,33.33,42.0
NJ Shaw,ODI,2,121,45,2,92,1,1,20.2,2.23,22.5,76.03,60.5
Chinyenum George,T20I,2,26,28,2,12,0,0,4.3,6.46,14.0,46.15,13.0
A Orfila,T20I,4,74,102,2,23,4,2,12.3,8.27,51.0,31.08,37.0
A Prince,T20I,4,56,44,2,30,5,2,9.3,4.71,22.0,53.57,28.0
MS Panesar,T20I,1,24,40,2,7,0,0,4.0,10.0,20.0,29.17,12.0
RD Pangestuti,T20I,8,91,75,2,54,12,1,15.2,4.95,37.5,59.34,45.5
RG Sharma,Test,11,383,228,2,248,0,0,63.8,3.57,114.0,64.75,191.5
J Intan,T20I,4,50,57,2,21,6,2,8.3,6.84,28.5,42.0,25.0
KC Hodsoll,T20I,1,18,20,2,9,0,0,3.0,6.67,10.0,50.0,9.0
KC Thompson,ODI,4,125,72,2,90,8,0,20.8,3.46,36.0,72.0,62.5
F Bangur,T20I,6,87,108,2,33,8,3,14.5,7.45,54.0,37.93,43.5
K Yadav,IPL,3,54,85,2,14,0,0,9.0,9.44,42.5,25.93,27.0
KA Maharaj,IPL,2,36,39,2,11,0,0,6.0,6.5,19.5,30.56,18.0
AF Mapu,T20I,11,118,115,2,72,20,4,19.7,5.85,57.5,61.02,59.0
T Zotos,T20I,2,27,30,2,13,3,3,4.5,6.67,15.0,48.15,13.5
J Erdenesuvd,T20I,8,153,186,2,47,10,3,25.5,7.29,93.0,30.72,76.5
ME Trescothick,ODI,7,151,149,2,73,4,1,25.2,5.92,74.5,48.34,75.5
KADM Fernando,ODI,1,42,13,2,36,1,0,7.0,1.86,6.5,85.71,21.0
KAR Hodge,ODI,4,108,113,2,56,1,0,18.0,6.28,56.5,51.85,54.0
H Deol,ODI,6,91,81,2,41,3,1,15.2,5.34,40.5,45.05,45.5
E Mmese,T20I,5,48,34,2,32,9,0,8.0,4.25,17.0,66.67,24.0
E Moiane,T20I,2,25,16,2,17,3,1,4.2,3.84,8.0,68.0,12.5
E Packard,T20I,6,108,144,2,48,5,0,18.0,8.0,72.0,44.44,54.0
Nanthita Boonsukham,T20I,5,62,69,2,27,3,2,10.3,6.68,34.5,43.55,31.0
Naseem Khan,T20I,5,54,85,2,23,2,0,9.0,9.44,42.5,42.59,27.0
Nasir Aziz,ODI,3,156,147,2,74,0,0,26.0,5.65,73.5,47.44,78.0
MW Machan,T20I,3,72,81,2,24,0,0,12.0,6.75,40.5,33.33,36.0
DA Payne,IPL,2,30,70,2,5,1,0,5.0,14.0,35.0,16.67,15.0
DA Payne,ODI,1,54,41,2,34,3,0,9.0,4.56,20.5,62.96,27.0
J Edmiston,T20I,2,24,39,2,12,21,0,4.0,9.75,19.5,50.0,12.0
GI Hume,Test,3,300,216,2,205,0,0,50.0,4.32,108.0,68.33,150.0
C Sakariya,ODI,1,50,34,2,32,1,2,8.3,4.08,17.0,64.0,25.0
Asad Ali,ODI,4,180,120,2,126,3,0,30.0,4.0,60.0,70.0,90.0
S Devata,T20I,1,8,9,2,3,4,2,1.3,6.75,4.5,37.5,4.0
Nauman Ali,PSL,4,67,89,2,26,1,1,11.2,7.97,44.5,38.81,33.5
C Floyd,T20I,4,66,102,2,26,0,0,11.0,9.27,51.0,39.39,33.0
RJ Gleeson,IPL,3,69,111,2,25,4,1,11.5,9.65,55.5,36.23,34.5
B Laughlin,T20I,3,71,123,2,27,1,0,11.8,10.39,61.5,38.03,35.5
B Lekau,T20I,4,91,134,2,42,23,1,15.2,8.84,67.0,46.15,45.5
RJ Pierre,T20I,6,72,116,2,24,4,0,12.0,9.67,58.0,33.33,36.0
B Geeves,T20I,1,21,35,2,7,0,1,3.5,10.0,17.5,33.33,10.5
B George,T20I,6,76,132,2,23,8,1,12.7,10.42,66.0,30.26,38.0
H Beresford-Peirse,T20I,3,56,94,2,22,3,2,9.3,10.07,47.0,39.29,28.0
H Carlyon,ODI,4,180,141,2,103,3,0,30.0,4.7,70.5,57.22,90.0
H Dandapani,T20I,3,42,63,2,10,4,0,7.0,9.0,31.5,23.81,21.0
S Cholasseri,T20I,3,66,90,2,29,7,2,11.0,8.18,45.0,43.94,33.0
Ehsanul Haque,ODI,1,60,37,2,32,1,0,10.0,3.7,18.5,53.33,30.0
Elias Hasan,T20I,6,92,159,2,31,2,2,15.3,10.37,79.5,33.7,46.0
Emaan Ejaz,T20I,3,63,142,2,12,14,9,10.5,13.52,71.0,19.05,31.5
Aryan Lakra,T20I,3,42,46,2,14,0,0,7.0,6.57,23.0,33.33,21.0
TJ Heggelman,ODI,1,42,34,2,21,0,0,7.0,4.86,17.0,50.0,21.0
TJ Stephenson,T20I,2,24,32,2,9,1,0,4.0,8.0,16.0,37.5,12.0
TJG Pringle,ODI,4,199,222,2,82,1,0,33.2,6.69,111.0,41.21,99.5
Nahid Rana,T20I,1,26,50,2,11,2,2,4.3,11.54,25.0,42.31,13.0
C Liebenberg,T20I,3,48,81,2,15,0,0,8.0,10.12,40.5,31.25,24.0
Madeeha Zuberi,T20I,5,69,55,2,33,6,0,11.5,4.78,27.5,47.83,34.5
V Kaverappa,IPL,1,24,36,2,11,0,0,4.0,9.0,18.0,45.83,12.0
I van der Woning,ODI,5,122,140,2,75,20,2,20.3,6.89,70.0,61.48,61.0
TK Canning,ODI,2,84,64,2,53,0,0,14.0,4.57,32.0,63.1,42.0
C Viljoen,ODI,2,30,14,2,21,2,0,5.0,2.8,7.0,70.0,15.0
S Campbell,Test,1,108,71,2,78,1,0,18.0,3.94,35.5,72.22,54.0
S Chaturongrattana,ODI,4,126,118,2,61,3,0,21.0,5.62,59.0,48.41,63.0
J Chirila,T20I,4,84,85,2,52,19,0,14.0,6.07,42.5,61.9,42.0
TK Curran,Test,2,397,201,2,289,1,1,66.2,3.04,100.5,72.8,198.5
AC Voges,T20I,1,12,5,2,7,0,0,2.0,2.5,2.5,58.33,6.0
KE Broadmore,T20I,5,84,86,2,39,3,0,14.0,6.14,43.0,46.43,42.0
KE Ebrahim,T20I,4,36,49,2,13,0,0,6.0,8.17,24.5,36.11,18.0
M Labuschagne,PSL,5,56,102,2,10,1,2,9.3,10.93,51.0,17.86,28.0
M Landsman,T20I,1,24,12,2,17,1,0,4.0,3.0,6.0,70.83,12.0
V Barboza,T20I,4,61,80,2,30,15,1,10.2,7.87,40.0,49.18,30.5
IG Butler,Test,1,242,128,2,180,3,2,40.3,3.17,64.0,74.38,121.0
Ghulam Fatima,T20I,5,99,110,2,39,3,1,16.5,6.67,55.0,39.39,49.5
Gong Yuting,T20I,5,65,49,2,35,7,5,10.8,4.52,24.5,53.85,32.5
MW Short,ODI,14,294,303,2,123,6,0,49.0,6.18,151.5,41.84,147.0
Maaz Khan,PSL,3,42,76,2,12,1,0,7.0,10.86,38.0,28.57,21.0
Maaz Sadaqat,PSL,3,36,38,2,14,2,0,6.0,6.33,19.0,38.89,18.0
KT Maphaka,IPL,4,66,148,2,24,5,0,11.0,13.45,74.0,36.36,33.0
E Schiferli,T20I,4,90,114,2,32,3,0,15.0,7.6,57.0,35.56,45.0
RK Whelan,ODI,2,90,105,2,50,5,0,15.0,7.0,52.5,55.56,45.0
Rumaisa Jawad Nasir,T20I,2,36,56,2,9,2,0,6.0,9.33,28.0,25.0,18.0
Rupesh Singh,T20I,3,60,100,2,22,5,0,10.0,10.0,50.0,36.67,30.0
S Arachchige,T20I,2,24,26,2,9,0,0,4.0,6.5,13.0,37.5,12.0
Meghna Singh,Test,1,127,68,2,94,1,1,21.2,3.21,34.0,74.02,63.5
Mehrab Hossain jnr,Test,5,293,212,2,172,0,0,48.8,4.34,106.0,58.7,146.5
Memoona Riaz,T20I,2,31,22,2,18,5,1,5.2,4.26,11.0,58.06,15.5
AD Janakanthymala,ODI,2,67,47,2,38,0,1,11.2,4.21,23.5,56.72,33.5
TL Moreki,Test,2,402,206,2,312,3,4,67.0,3.07,103.0,77.61,201.0
AC Brodin,T20I,2,31,31,2,20,10,1,5.2,6.0,15.5,64.52,15.5
AC Dawson,ODI,6,240,211,2,110,5,0,40.0,5.28,105.5,45.83,120.0
Gurdeep Singh,T20I,3,36,57,2,13,0,0,6.0,9.5,28.5,36.11,18.0
IL Parks,T20I,1,6,8,2,6,8,0,1.0,8.0,4.0,100.0,3.0
RL Haynes,ODI,2,24,34,2,9,0,0,4.0,8.5,17.0,37.5,12.0
B Evans,Test,1,219,116,2,149,1,3,36.5,3.18,58.0,68.04,109.5
B Fernando,ODI,3,153,140,2,78,6,1,25.5,5.49,70.0,50.98,76.5
B Geeves,IPL,2,48,91,2,15,1,0,8.0,11.38,45.5,31.25,24.0
RM Hill,T20I,1,12,9,2,5,1,0,2.0,4.5,4.5,41.67,6.0
V Atanasova,T20I,5,77,140,2,24,36,13,12.8,10.91,70.0,31.17,38.5
Robiul Islam,ODI,3,133,123,2,75,7,0,22.2,5.55,61.5,56.39,66.5
Ashfaq Ahmed,T20I,2,36,34,2,13,1,0,6.0,5.67,17.0,36.11,18.0
KH Pandya,ODI,5,228,224,2,103,6,0,38.0,5.89,112.0,45.18,114.0
Edward Taylor,T20I,2,39,43,2,20,3,3,6.5,6.62,21.5,51.28,19.5
TOW Chu,T20I,4,38,43,2,11,1,2,6.3,6.79,21.5,28.95,19.0
A Tector,ODI,5,151,170,2,84,6,1,25.2,6.75,85.0,55.63,75.5
A Tripathi,T20I,2,12,26,2,5,1,0,2.0,13.0,13.0,41.67,6.0
Maira Khan,T20I,5,90,184,2,24,29,6,15.0,12.27,92.0,26.67,45.0
RM Magare,T20I,5,96,116,2,33,6,0,16.0,7.25,58.0,34.38,48.0
EF Faalupega,T20I,1,24,24,2,8,0,0,4.0,6.0,12.0,33.33,12.0
KR Mayers,T20I,14,120,197,2,47,8,0,20.0,9.85,98.5,39.17,60.0
M Jenkinson,T20I,2,36,51,2,11,1,0,6.0,8.5,25.5,30.56,18.0
M Joshi,T20I,6,121,145,2,56,2,1,20.2,7.19,72.5,46.28,60.5
Malyun Hassan,T20I,3,44,32,2,27,7,2,7.3,4.36,16.0,61.36,22.0
GJ van Rensburg,T20I,5,42,55,2,13,2,0,7.0,7.86,27.5,30.95,21.0
KJ Abbott,IPL,5,97,182,2,30,5,1,16.2,11.26,91.0,30.93,48.5
KJ Coetzer,T20I,1,18,16,2,8,0,0,3.0,5.33,8.0,44.44,9.0
KJ McCartney,ODI,1,62,76,2,28,10,2,10.3,7.35,38.0,45.16,31.0
Rithika Sriram,T20I,3,67,72,2,23,16,1,11.2,6.45,36.0,34.33,33.5
GJP Kruger,ODI,3,142,143,2,82,8,4,23.7,6.04,71.5,57.75,71.0
GK Davis,ODI,1,23,19,2,14,1,0,3.8,4.96,9.5,60.87,11.5
TP Kanwar,ODI,2,108,75,2,70,1,0,18.0,4.17,37.5,64.81,54.0
AA Noffke,ODI,1,54,47,2,32,0,0,9.0,5.22,23.5,59.26,27.0
A Wellington,Test,1,342,137,2,259,0,0,57.0,2.4,68.5,75.73,171.0
A van der Merwe,ODI,3,126,79,2,76,0,0,21.0,3.76,39.5,60.32,63.0
UWMBCA Welegedara,T20I,2,37,62,2,11,2,1,6.2,10.05,31.0,29.73,18.5
KR Sen,ODI,1,30,37,2,16,3,0,5.0,7.4,18.5,53.33,15.0
KS Airee,ODI,3,114,110,2,62,6,0,19.0,5.79,55.0,54.39,57.0
KS Lokuarachchi,T20I,2,36,48,2,14,3,0,6.0,8.0,24.0,38.89,18.0
IP Swaney,T20I,6,42,99,2,11,0,0,7.0,14.14,49.5,26.19,21.0
GSNFG Jayasuriya,ODI,10,276,259,2,111,2,0,46.0,5.63,129.5,40.22,138.0
NMS Param,T20I,3,48,57,2,16,1,0,8.0,7.12,28.5,33.33,24.0
Raza Hasan,ODI,1,60,68,2,33,2,0,10.0,6.8,34.0,55.0,30.0
Raza-ur-Rehman,T20I,3,54,58,2,21,0,0,9.0,6.44,29.0,38.89,27.0
Asif Ali,PSL,1,18,27,2,3,0,0,3.0,9.0,13.5,16.67,9.0
Ravinderpal Singh,T20I,3,25,29,2,12,1,0,4.2,6.96,14.5,48.0,12.5
NM Carter,T20I,3,66,97,2,24,0,0,11.0,8.82,48.5,36.36,33.0
EE Corder,T20I,3,54,67,2,17,3,0,9.0,7.44,33.5,31.48,27.0
KN Gabhane,T20I,1,18,29,2,7,0,0,3.0,9.67,14.5,38.89,9.0
AA Hussein,T20I,2,37,55,2,13,3,1,6.2,8.92,27.5,35.14,18.5
NM Cherriath,T20I,3,30,42,2,4,0,0,5.0,8.4,21.0,13.33,15.0
NM Hauritz,T20I,2,44,48,2,20,1,0,7.3,6.55,24.0,45.45,22.0
NM Odhiambo,ODI,1,60,39,2,39,1,0,10.0,3.9,19.5,65.0,30.0
Mayank Dagar,IPL,8,137,205,2,44,1,0,22.8,8.98,102.5,32.12,68.5
Mayank Nagayach,T20I,7,150,192,2,56,3,0,25.0,7.68,96.0,37.33,75.0
Md Shafiqul Haque,T20I,1,18,26,2,5,0,0,3.0,8.67,13.0,27.78,9.0
TR Gripper,ODI,2,48,39,2,25,1,0,8.0,4.88,19.5,52.08,24.0
TR Gripper,Test,3,189,161,2,111,0,0,31.5,5.11,80.5,58.73,94.5
TRR Sharfudheen,T20I,2,49,48,2,18,12,1,8.2,5.88,24.0,36.73,24.5
Inam-ul-Haq,T20I,3,60,82,2,24,0,0,10.0,8.2,41.0,40.0,30.0
Tushar Imran,ODI,3,90,59,2,40,0,0,15.0,3.93,29.5,44.44,45.0
U Bhagwan,T20I,4,72,119,2,26,3,0,12.0,9.92,59.5,36.11,36.0
KN Singh,T20I,4,60,78,2,25,3,0,10.0,7.8,39.0,41.67,30.0
RR Joshi,ODI,1,60,77,2,21,3,0,10.0,7.7,38.5,35.0,30.0
RR Patel,ODI,3,84,69,2,40,0,0,14.0,4.93,34.5,47.62,42.0
RR Rossouw,PSL,3,16,18,2,7,0,0,2.7,6.75,9.0,43.75,8.0
RR Sarwan,T20I,1,12,10,2,7,0,0,2.0,5.0,5.0,58.33,6.0
IT Guha,T20I,2,48,53,2,21,1,0,8.0,6.62,26.5,43.75,24.0
IW Budiarta,T20I,3,54,54,2,23,3,0,9.0,6.0,27.0,42.59,27.0
KK Peters,Test,1,120,70,2,97,0,0,20.0,3.5,35.0,80.83,60.0
EMDY Munaweera,T20I,5,60,93,2,15,4,0,10.0,9.3,46.5,25.0,30.0
TU Deshpande,T20I,2,36,55,2,17,1,0,6.0,9.17,27.5,47.22,18.0
TW Hamid,T20I,1,3,1,2,2,0,0,0.5,2.0,0.5,66.67,1.5
Rabia Sahan,T20I,2,25,24,2,13,8,1,4.2,5.76,12.0,52.0,12.5
Raja Farzan,PSL,2,36,36,2,20,2,0,6.0,6.0,18.0,55.56,18.0
C Munro,Test,1,108,40,2,87,0,0,18.0,2.22,20.0,80.56,54.0
RS Bopara,Test,8,441,295,2,279,1,7,73.5,4.01,147.5,63.27,220.5
M Kearvell,T20I,4,54,82,2,24,15,1,9.0,9.11,41.0,44.44,27.0
M Kornet,ODI,2,121,85,2,76,10,1,20.2,4.21,42.5,62.81,60.5
M Kulfiwala,T20I,1,5,1,2,4,0,0,0.8,1.2,0.5,80.0,2.5
C Nanda,IPL,3,48,58,2,14,2,0,8.0,7.25,29.0,29.17,24.0
Tuba Hassan,ODI,4,204,195,2,106,3,0,34.0,5.74,97.5,51.96,102.0
KM Leng,Test,1,121,35,2,105,2,0,20.2,1.74,17.5,86.78,60.5
KMA Aziz,T20I,5,66,121,2,24,10,0,11.0,11.0,60.5,36.36,33.0
RW Staple,ODI,1,60,78,2,23,1,0,10.0,7.8,39.0,38.33,30.0
Ilyas Cetin,T20I,3,23,66,2,5,4,2,3.8,17.22,33.0,21.74,11.5
Imran Farhat,ODI,3,51,44,2,25,0,0,8.5,5.18,22.0,49.02,25.5
Imran Farhat,Test,9,326,221,2,194,0,0,54.3,4.07,110.5,59.51,163.0
D Doyle-Calle,T20I,3,18,20,2,12,7,0,3.0,6.67,10.0,66.67,9.0
D Dzimau,T20I,2,40,33,2,24,4,1,6.7,4.95,16.5,60.0,20.0
D Elgar,ODI,4,97,74,2,48,1,1,16.2,4.58,37.0,49.48,48.5
D Ferreira,ODI,3,138,115,2,75,2,0,23.0,5.0,57.5,54.35,69.0
Tareq Aziz,ODI,1,50,35,2,34,3,2,8.3,4.2,17.5,68.0,25.0
Tarun Yadav,T20I,3,23,22,2,14,0,0,3.8,5.74,11.0,60.87,11.5
NT Nyamhuri,Test,2,197,147,2,129,1,2,32.8,4.48,73.5,65.48,98.5
EH Hutchinson,T20I,3,48,36,2,29,2,0,8.0,4.5,18.0,60.42,24.0
EHSN Silva,T20I,2,42,59,2,16,0,0,7.0,8.43,29.5,38.1,21.0
RSK Samson,T20I,1,12,14,2,6,0,0,2.0,7.0,7.0,50.0,6.0
RT Lyons,T20I,1,24,28,2,8,0,0,4.0,7.0,14.0,33.33,12.0
Iftikhar Anjum,T20I,2,48,69,2,13,0,0,8.0,8.62,34.5,27.08,24.0
D Ferreira,T20I,7,106,154,2,32,6,0,17.7,8.72,77.0,30.19,53.0
RTM Mendis,T20I,3,42,48,2,14,4,0,7.0,6.86,24.0,33.33,21.0
RV Viraj,T20I,3,30,64,2,7,1,0,5.0,12.8,32.0,23.33,15.0
NR Kumar,ODI,2,66,67,2,32,1,0,11.0,6.09,33.5,48.48,33.0
NR Sciver-Brunt,Test,4,286,134,2,215,1,0,47.7,2.81,67.0,75.17,143.0
C Munro,PSL,4,42,72,2,11,1,0,7.0,10.29,36.0,26.19,21.0
Mariam Waseem,T20I,1,19,29,2,5,6,7,3.2,9.16,14.5,26.32,9.5
Tanveer Ahmed,T20I,4,57,90,2,20,2,0,9.5,9.47,45.0,35.09,28.5
Tanvir Ahmed (1),T20I,1,19,13,2,14,2,1,3.2,4.11,6.5,73.68,9.5
A Bhattarai,T20I,1,18,13,2,10,1,0,3.0,4.33,6.5,55.56,9.0
MKGCP Lakshitha,ODI,2,72,67,2,32,0,0,12.0,5.58,33.5,44.44,36.0
ML Green,T20I,4,42,39,2,15,1,0,7.0,5.57,19.5,35.71,21.0
MLG Silva,T20I,1,11,1,2,11,1,0,1.8,0.55,0.5,100.0,5.5
HJ Darlington,ODI,2,72,68,2,32,3,0,12.0,5.67,34.0,44.44,36.0
P Dubey,IPL,5,78,112,2,24,1,0,13.0,8.62,56.0,30.77,39.0
Zaheer Maqsood,ODI,1,60,58,2,28,0,0,10.0,5.8,29.0,46.67,30.0
Zahid Abbas,T20I,2,30,32,2,9,0,0,5.0,6.4,16.0,30.0,15.0
Zhang Xiangxue,T20I,4,48,46,2,27,7,0,8.0,5.75,23.0,56.25,24.0
MK Lomror,IPL,11,90,127,2,22,4,0,15.0,8.47,63.5,24.44,45.0
A Athanaze,Test,4,156,80,1,98,0,0,26.0,3.08,80.0,62.82,156.0
D Salunkhe,IPL,5,48,80,1,15,3,1,8.0,10.0,80.0,31.25,48.0
Zeshan Arif,T20I,2,18,39,1,2,0,0,3.0,13.0,39.0,11.11,18.0
Zeeshan Zameer,PSL,3,27,47,1,8,4,0,4.5,10.44,47.0,29.63,27.0
Zeeshan Abbas,T20I,2,30,45,1,5,2,0,5.0,9.0,45.0,16.67,30.0
Zahid Khan,T20I,6,72,98,1,32,3,0,12.0,8.17,98.0,44.44,72.0
A Chilia,T20I,3,60,53,1,31,5,0,10.0,5.3,53.0,51.67,60.0
A Charles,T20I,1,8,13,1,3,8,2,1.3,9.75,13.0,37.5,8.0
Zaheer Maqsood,T20I,3,54,80,1,9,0,0,9.0,8.89,80.0,16.67,54.0
LR Gaonkar,T20I,2,36,44,1,15,0,0,6.0,7.33,44.0,41.67,36.0
LPC Silva,Test,3,103,65,1,68,0,1,17.2,3.79,65.0,66.02,103.0
LPC Silva,T20I,2,18,16,1,7,0,0,3.0,5.33,16.0,38.89,18.0
JL Denly,ODI,4,102,101,1,41,2,0,17.0,5.94,101.0,40.2,102.0
Saif Badar,PSL,1,12,15,1,5,1,0,2.0,7.5,15.0,41.67,12.0
Saif Hassan,ODI,3,48,37,1,24,1,0,8.0,4.62,37.0,50.0,48.0
Saif Hassan,Test,2,36,27,1,15,0,0,6.0,4.5,27.0,41.67,36.0
G Newton,T20I,3,51,57,1,21,2,0,8.5,6.71,57.0,41.18,51.0
P Gopalkrishnan,T20I,1,6,6,1,4,0,0,1.0,6.0,6.0,66.67,6.0
P Hatzoglou,PSL,1,24,36,1,11,2,0,4.0,9.0,36.0,45.83,24.0
P Hingorani,T20I,3,27,40,1,6,2,0,4.5,8.89,40.0,22.22,27.0
P Jayeshbhai Patel,T20I,2,48,49,1,23,3,0,8.0,6.12,49.0,47.92,48.0
Bilal Aftab,T20I,1,12,14,1,6,0,0,2.0,7.0,14.0,50.0,12.0
A Ahmadhel,T20I,2,10,21,1,4,2,0,1.7,12.6,21.0,40.0,10.0
Zwe Htet Paing,T20I,2,12,30,1,1,0,0,2.0,15.0,30.0,8.33,12.0
LOB Cann,ODI,2,71,92,1,17,8,0,11.8,7.77,92.0,23.94,71.0
LP van Troost,ODI,3,42,82,1,15,1,0,7.0,11.71,82.0,35.71,42.0
LPC Silva,ODI,2,42,34,1,20,2,0,7.0,4.86,34.0,47.62,42.0
CL White,IPL,6,42,86,1,8,4,0,7.0,12.29,86.0,19.05,42.0
Muhammad Fahad,T20I,4,72,98,1,27,0,0,12.0,8.17,98.0,37.5,72.0
C Namugenyi,T20I,4,60,56,1,35,5,0,10.0,5.6,56.0,58.33,60.0
Tripti Gore,T20I,3,34,63,1,9,9,6,5.7,11.12,63.0,26.47,34.0
KK Tillett,T20I,2,14,50,1,3,1,0,2.3,21.43,50.0,21.43,14.0
KL Britt,Test,1,84,40,1,62,2,0,14.0,2.86,40.0,73.81,84.0
KL Pulford,T20I,1,24,17,1,9,0,0,4.0,4.25,17.0,37.5,24.0
KL Rolton,Test,2,120,58,1,98,0,0,20.0,2.9,58.0,81.67,120.0
Rabia Iqbal,T20I,1,13,17,1,4,1,1,2.2,7.85,17.0,30.77,13.0
D Ferreira,IPL,1,6,14,1,1,0,0,1.0,14.0,14.0,16.67,6.0
AAM Eliane,T20I,3,54,78,1,17,9,0,9.0,8.67,78.0,31.48,54.0
Tanzim Hasan Sakib,Test,1,63,49,1,45,1,3,10.5,4.67,49.0,71.43,63.0
NT Paranavitana,Test,6,102,86,1,61,0,0,17.0,5.06,86.0,59.8,102.0
RS Glen,T20I,5,48,69,1,13,1,0,8.0,8.62,69.0,27.08,48.0
KMC Bandara,ODI,1,60,84,1,21,1,0,10.0,8.4,84.0,35.0,60.0
RS Williams,T20I,1,12,18,1,3,1,0,2.0,9.0,18.0,25.0,12.0
RT Lyons,ODI,1,60,41,1,31,2,0,10.0,4.1,41.0,51.67,60.0
Iftikhar Ahmed,Test,4,206,161,1,120,0,0,34.3,4.69,161.0,58.25,206.0
Rahel Khan,T20I,2,24,30,1,8,0,0,4.0,7.5,30.0,33.33,24.0
Rahima Yahaya,T20I,1,12,12,1,5,4,0,2.0,6.0,12.0,41.67,12.0
Rahimgul Naseri,T20I,4,66,94,1,25,0,0,11.0,8.55,94.0,37.88,66.0
Rahman Ademi,T20I,4,60,82,1,25,4,0,10.0,8.2,82.0,41.67,60.0
Raihan Hossain,T20I,3,50,67,1,16,3,2,8.3,8.04,67.0,32.0,50.0
Rajin Saleh,Test,6,201,137,1,120,0,3,33.5,4.09,137.0,59.7,201.0
Ramandeep Singh,T20I,1,20,42,1,4,3,0,3.3,12.6,42.0,20.0,20.0
C Mutasa,T20I,6,74,105,1,32,5,2,12.3,8.51,105.0,43.24,74.0
Ihsanullah Wafa,T20I,2,12,16,1,4,0,0,2.0,8.0,16.0,33.33,12.0
GR Napier,IPL,1,24,28,1,9,0,0,4.0,7.0,28.0,37.5,24.0
Tenjin Rabgey,T20I,3,30,26,1,18,3,0,5.0,5.2,26.0,60.0,30.0
Tharika Sewwandi,T20I,3,43,32,1,30,5,1,7.2,4.47,32.0,69.77,43.0
RS Gavaskar,ODI,2,72,74,1,21,1,0,12.0,6.17,74.0,29.17,72.0
RS Ghosh,IPL,1,18,24,1,6,0,0,3.0,8.0,24.0,33.33,18.0
M Kaswan,T20I,1,20,12,1,10,0,2,3.3,3.6,12.0,50.0,20.0
M Kojo,T20I,2,30,44,1,14,7,0,5.0,8.8,44.0,46.67,30.0
Iram Javed,T20I,6,44,55,1,17,6,1,7.3,7.5,55.0,38.64,44.0
TS Roland-Jones,ODI,1,42,34,1,28,0,0,7.0,4.86,34.0,66.67,42.0
Raqibul Hasan,Test,3,36,15,1,22,0,0,6.0,2.5,15.0,61.11,36.0
Assad Mehmood,T20I,2,42,29,1,21,1,0,7.0,4.14,29.0,50.0,42.0
Attia Diwan Ali,T20I,3,63,83,1,22,16,3,10.5,7.9,83.0,34.92,63.0
EM Sampson,ODI,1,48,29,1,31,0,0,8.0,3.62,29.0,64.58,48.0
EP Thompson,T20I,1,18,20,1,10,1,0,3.0,6.67,20.0,55.56,18.0
AB Mengoumou,T20I,2,31,70,1,7,2,1,5.2,13.55,70.0,22.58,31.0
TT Samaraweera,ODI,3,30,33,1,12,0,0,5.0,6.6,33.0,40.0,30.0
TT Samaraweera,Test,5,66,29,1,49,0,0,11.0,2.64,29.0,74.24,66.0
Tabish Khan,Test,1,156,73,1,129,0,0,26.0,2.81,73.0,82.69,156.0
Tafseer Ali,T20I,3,24,37,1,5,0,0,4.0,9.25,37.0,20.83,24.0
Taijul Islam,T20I,1,18,26,1,9,2,0,3.0,8.67,26.0,50.0,18.0
Raghav Dhawan,T20I,1,12,26,1,4,2,0,2.0,13.0,26.0,33.33,12.0
Raghu Sharma,IPL,2,48,60,1,12,0,0,8.0,7.5,60.0,25.0,48.0
Rahat Kazi,T20I,5,56,101,1,18,12,2,9.3,10.82,101.0,32.14,56.0
AA Kazi,IPL,1,12,21,1,2,1,0,2.0,10.5,21.0,16.67,12.0
AA Noffke,IPL,1,24,41,1,7,1,0,4.0,10.25,41.0,29.17,24.0
NM Lyon,T20I,2,31,48,1,13,2,1,5.2,9.29,48.0,41.94,31.0
C Piparo,T20I,1,7,9,1,2,0,1,1.2,7.71,9.0,28.57,7.0
C Prathyusha,ODI,1,54,60,1,21,2,0,9.0,6.67,60.0,38.89,54.0
D Bhaskara,T20I,4,52,76,1,20,4,2,8.7,8.77,76.0,38.46,52.0
TP Kanwar,T20I,4,96,78,1,50,3,0,16.0,4.88,78.0,52.08,96.0
TP Sudhindra,IPL,3,71,137,1,19,3,1,11.8,11.58,137.0,26.76,71.0
U Bhatti,T20I,2,30,40,1,9,1,0,5.0,8.0,40.0,30.0,30.0
MG Kariata,ODI,1,30,31,1,16,1,0,5.0,6.2,31.0,53.33,30.0
RR Hendricks,ODI,3,42,47,1,13,0,0,7.0,6.71,47.0,30.95,42.0
RR Rossouw,ODI,3,45,44,1,15,1,0,7.5,5.87,44.0,33.33,45.0
Mansoor Amjad,ODI,1,48,45,1,19,0,0,8.0,5.62,45.0,39.58,48.0
D Devnarain,ODI,5,93,91,1,51,4,3,15.5,5.87,91.0,54.84,93.0
D Dlamini,T20I,3,58,74,1,19,4,4,9.7,7.66,74.0,32.76,58.0
Iram Javed,ODI,3,30,41,1,14,4,0,5.0,8.2,41.0,46.67,30.0
Razmal Shigiwal,T20I,1,18,22,1,7,0,0,3.0,7.33,22.0,38.89,18.0
Reon King,ODI,1,60,61,1,25,3,0,10.0,6.1,61.0,41.67,60.0
Reon King,Test,1,186,80,1,133,0,6,31.0,2.58,80.0,71.51,186.0
Raunaq Kapur,T20I,1,12,24,1,2,0,0,2.0,12.0,24.0,16.67,12.0
Ravi Bishnoi,ODI,1,49,73,1,21,4,1,8.2,8.94,73.0,42.86,49.0
Ibrahim Kursad Dalyan,T20I,3,49,67,1,20,2,1,8.2,8.2,67.0,40.82,49.0
Ibrahim Rahimi,T20I,4,18,40,1,8,6,0,3.0,13.33,40.0,44.44,18.0
UKPW Kumaranayaka,T20I,3,60,72,1,25,2,0,10.0,7.2,72.0,41.67,60.0
KP Pietersen,T20I,3,30,55,1,10,0,0,5.0,11.0,55.0,33.33,30.0
KP Walmsley,ODI,1,60,64,1,27,1,0,10.0,6.4,64.0,45.0,60.0
RR Beaton,ODI,2,102,102,1,47,5,0,17.0,6.0,102.0,46.08,102.0
Azhar Mahmood,PSL,2,42,62,1,15,1,0,7.0,8.86,62.0,35.71,42.0
B Akhilesh Reddy,T20I,4,96,85,1,50,1,0,16.0,5.31,85.0,52.08,96.0
KN Mirchandani,T20I,3,53,56,1,20,5,0,8.8,6.34,56.0,37.74,53.0
AA Donald,ODI,3,150,134,1,91,5,1,25.0,5.36,134.0,60.67,150.0
AA Jhunjhunwala,IPL,10,85,130,1,28,3,0,14.2,9.18,130.0,32.94,85.0
GM Ewing,Test,2,336,216,1,231,0,1,56.0,3.86,216.0,68.75,336.0
TP Allen,T20I,2,18,28,1,9,0,0,3.0,9.33,28.0,50.0,18.0
Maryyam Ashraf,T20I,1,24,19,1,11,1,0,4.0,4.75,19.0,45.83,24.0
Mashrafe Mortaza,IPL,1,26,59,1,7,2,2,4.3,13.62,59.0,26.92,26.0
Ugyen Dorji,T20I,3,42,58,1,19,9,0,7.0,8.29,58.0,45.24,42.0
Umair Sharif,T20I,3,42,68,1,19,5,0,7.0,9.71,68.0,45.24,42.0
KS Gautam,T20I,3,48,87,1,15,4,0,8.0,10.88,87.0,31.25,48.0
KS Kasse,T20I,1,10,10,1,7,1,0,1.7,6.0,10.0,70.0,10.0
RN ten Doeschate,PSL,1,10,10,1,3,0,0,1.7,6.0,10.0,30.0,10.0
IR Bell,Test,5,102,67,1,70,0,5,17.0,3.94,67.0,68.63,102.0
GS Sandhu,IPL,2,48,86,1,10,0,0,8.0,10.75,86.0,20.83,48.0
Matilda Fred,T20I,1,12,10,1,9,5,0,2.0,5.0,10.0,75.0,12.0
Matiullah Khan,ODI,1,30,38,1,13,1,0,5.0,7.6,38.0,43.33,30.0
NM Sheikh,ODI,2,60,26,1,42,1,0,10.0,2.6,26.0,70.0,60.0
NO Miller,Test,1,132,67,1,92,0,0,22.0,3.05,67.0,69.7,132.0
Raza-ur-Rehman,ODI,4,111,114,1,55,2,1,18.5,6.16,114.0,49.55,111.0
KHRK Fernando,ODI,2,67,41,1,41,1,1,11.2,3.67,41.0,61.19,67.0
Ebrahim Naseri,T20I,1,6,11,1,3,0,0,1.0,11.0,11.0,50.0,6.0
AC Voges,IPL,7,54,76,1,15,2,0,9.0,8.44,76.0,27.78,54.0
TM Head,T20I,4,36,56,1,7,1,0,6.0,9.33,56.0,19.44,36.0
TO Thilappan,T20I,3,54,86,1,11,3,0,9.0,9.56,86.0,20.37,54.0
GW Aldridge,ODI,2,114,100,1,62,3,0,19.0,5.26,100.0,54.39,114.0
GW Aldridge,T20I,1,24,45,1,7,0,0,4.0,11.25,45.0,29.17,24.0
RM West,ODI,2,108,64,1,71,5,0,18.0,3.56,64.0,65.74,108.0
EGS Kana,T20I,1,11,12,1,5,0,0,1.8,6.55,12.0,45.45,11.0
KR Mayers,PSL,2,18,32,1,6,1,0,3.0,10.67,32.0,33.33,18.0
M Kapp,Test,2,194,63,1,162,2,2,32.3,1.95,63.0,83.51,194.0
Mansi Parmar,T20I,2,29,35,1,10,5,1,4.8,7.24,35.0,34.48,29.0
KJ Abbott,PSL,1,18,25,1,8,1,0,3.0,8.33,25.0,44.44,18.0
KJ Coetzer,ODI,5,168,132,1,84,1,0,28.0,4.71,132.0,50.0,168.0
KJ Harding,ODI,1,62,88,1,24,7,2,10.3,8.52,88.0,38.71,62.0
Rinitha Rajith,T20I,1,12,7,1,11,3,0,2.0,3.5,7.0,91.67,12.0
KDK Vithanage,Test,4,177,137,1,103,1,3,29.5,4.64,137.0,58.19,177.0
KE Broadmore,ODI,2,72,61,1,39,2,0,12.0,5.08,61.0,54.17,72.0
Guillermo Aburto,T20I,2,25,28,1,14,3,1,4.2,6.72,28.0,56.0,25.0
IH Romaine,ODI,4,64,75,1,24,0,1,10.7,7.03,75.0,37.5,64.0
RL Bhudia,ODI,1,48,23,1,37,0,0,8.0,2.88,23.0,77.08,48.0
RL Blake,T20I,4,47,67,1,22,7,1,7.8,8.55,67.0,46.81,47.0
RLB Rambukwella,T20I,2,39,46,1,12,0,0,6.5,7.08,46.0,30.77,39.0
Usman Qadir,ODI,1,54,48,1,24,0,0,9.0,5.33,48.0,44.44,54.0
Usman Rafiq,T20I,1,12,24,1,3,0,0,2.0,12.0,24.0,25.0,12.0
Usman Shinwari,Test,1,90,56,1,65,0,0,15.0,3.73,56.0,72.22,90.0
AC Gilchrist,IPL,1,1,0,1,1,0,0,0.2,0.0,0.0,100.0,1.0
Irshad Mubbashar,T20I,2,12,22,1,3,0,0,2.0,11.0,22.0,25.0,12.0
Robiul Khan,T20I,1,18,26,1,8,2,0,3.0,8.67,26.0,44.44,18.0
Ashar Zaidi,PSL,2,48,59,1,10,0,0,8.0,7.38,59.0,20.83,48.0
Ashir Qureshi,PSL,2,42,62,1,13,0,0,7.0,8.86,62.0,30.95,42.0
KH Abe,T20I,1,6,8,1,3,0,0,1.0,8.0,8.0,50.0,6.0
KE Pike,Test,1,138,39,1,119,0,0,23.0,1.7,39.0,86.23,138.0
M Leporoporo,T20I,1,6,8,1,2,0,0,1.0,8.0,8.0,33.33,6.0
M Mabvuka,T20I,1,13,21,1,5,4,1,2.2,9.69,21.0,38.46,13.0
M Malle,T20I,2,24,35,1,13,5,0,4.0,8.75,35.0,54.17,24.0
M Matobole,T20I,1,13,21,1,6,4,1,2.2,9.69,21.0,46.15,13.0
Ashmal Hashmi,T20I,4,74,113,1,26,18,2,12.3,9.16,113.0,35.14,74.0
A Sathyan,T20I,1,12,16,1,6,4,0,2.0,8.0,16.0,50.0,12.0
A Sharma,Test,1,144,63,1,114,1,0,24.0,2.62,63.0,79.17,144.0
Naiem Bameri,T20I,1,18,14,1,11,0,0,3.0,4.67,14.0,61.11,18.0
Najeeb Amar,T20I,1,18,30,1,5,0,0,3.0,10.0,30.0,27.78,18.0
Najwa Akram,T20I,2,31,59,1,9,7,1,5.2,11.42,59.0,29.03,31.0
RK Singh,ODI,1,6,2,1,4,0,0,1.0,2.0,2.0,66.67,6.0
Roopa Nagraj,T20I,2,30,26,1,19,3,0,5.0,5.2,26.0,63.33,30.0
S Aravind,T20I,1,22,44,1,4,0,0,3.7,12.0,44.0,18.18,22.0
Emmanuella Nyaaba,T20I,1,25,26,1,7,4,1,4.2,6.24,26.0,28.0,25.0
KDC Clarke,T20I,1,24,40,1,8,0,0,4.0,10.0,40.0,33.33,24.0
V Pulibanti,T20I,1,12,15,1,5,2,0,2.0,7.5,15.0,41.67,12.0
J Blades,ODI,3,124,176,1,48,9,4,20.7,8.52,176.0,38.71,124.0
NM Carter,ODI,1,60,56,1,36,1,0,10.0,5.6,56.0,60.0,60.0
S Basharat,T20I,2,25,22,1,12,3,1,4.2,5.28,22.0,48.0,25.0
S Biko,T20I,2,36,33,1,14,0,0,6.0,5.5,33.0,38.89,36.0
S Campbell,ODI,1,54,41,1,38,3,0,9.0,4.56,41.0,70.37,54.0
S Chanderpaul,Test,4,168,108,1,107,2,0,28.0,3.86,108.0,63.69,168.0
J Campbell,T20I,1,12,7,1,7,0,0,2.0,3.5,7.0,58.33,12.0
J Campbell,Test,1,84,47,1,51,1,0,14.0,3.36,47.0,60.71,84.0
J Chialoufas,T20I,2,24,28,1,11,0,0,4.0,7.0,28.0,45.83,24.0
J Dickinson,T20I,1,24,23,1,6,0,0,4.0,5.75,23.0,25.0,24.0
D Birrell,ODI,1,61,54,1,37,5,1,10.2,5.31,54.0,60.66,61.0
D Bourne,T20I,2,30,37,1,16,6,0,5.0,7.4,37.0,53.33,30.0
D Brevis,IPL,1,3,8,1,1,0,0,0.5,16.0,8.0,33.33,3.0
D Brevis,Test,1,26,22,1,18,0,0,4.3,5.08,22.0,69.23,26.0
D Busingye,T20I,1,18,19,1,5,2,0,3.0,6.33,19.0,27.78,18.0
TF van Woerkom,ODI,2,48,75,1,11,0,0,8.0,9.38,75.0,22.92,48.0
TH David,ODI,1,12,20,1,6,0,0,2.0,10.0,20.0,50.0,12.0
TH David,PSL,4,30,50,1,7,2,0,5.0,10.0,50.0,23.33,30.0
TJ Friend,ODI,4,52,69,1,21,5,1,8.7,7.96,69.0,40.38,52.0
TJ Mahe,T20I,3,48,77,1,16,8,6,8.0,9.62,77.0,33.33,48.0
TJ Ramphoma,T20I,1,4,0,1,4,0,0,0.7,0.0,0.0,100.0,4.0
EA Burns,T20I,3,48,38,1,27,1,0,8.0,4.75,38.0,56.25,48.0
KV Sharma,T20I,1,24,29,1,10,0,0,4.0,7.25,29.0,41.67,24.0
Kamran Ghulam,ODI,2,24,16,1,12,0,0,4.0,4.0,16.0,50.0,24.0
B Karki,T20I,1,24,11,1,18,0,0,4.0,2.75,11.0,75.0,24.0
RJ Ranpura,T20I,1,12,15,1,6,0,0,2.0,7.5,15.0,50.0,12.0
C Karunaratne,Test,1,164,148,1,101,0,8,27.3,5.41,148.0,61.59,164.0
C Kauripeke,T20I,1,18,0,1,18,0,0,3.0,0.0,0.0,100.0,18.0
Maham Tariq,T20I,3,48,76,1,18,3,0,8.0,9.5,76.0,37.5,48.0
V Jayant,T20I,4,49,78,1,13,2,2,8.2,9.55,78.0,26.53,49.0
V Kohli,Test,11,176,85,1,129,0,1,29.3,2.9,85.0,73.3,176.0
Miriam Ehsun,T20I,1,18,23,1,9,5,0,3.0,7.67,23.0,50.0,18.0
GI Maiden,T20I,1,12,14,1,7,0,0,2.0,7.0,14.0,58.33,12.0
AEMP Durayalage,T20I,1,24,28,1,13,7,0,4.0,7.0,28.0,54.17,24.0
NKF Rada Rani,T20I,3,67,52,1,33,2,1,11.2,4.66,52.0,49.25,67.0
NL McCullum,PSL,1,18,26,1,8,0,0,3.0,8.67,26.0,44.44,18.0
C Sakariya,T20I,1,22,35,1,8,1,0,3.7,9.55,35.0,36.36,22.0
C Sewsunker,T20I,4,79,166,1,24,29,1,13.2,12.61,166.0,30.38,79.0
S Dhaniram,T20I,2,36,32,1,11,0,0,6.0,5.33,32.0,30.56,36.0
S Dube,ODI,4,107,109,1,50,3,0,17.8,6.11,109.0,46.73,107.0
IA Nicolson,ODI,1,44,74,1,17,0,2,7.3,10.09,74.0,38.64,44.0
IC Porel,IPL,1,24,42,1,10,2,0,4.0,10.5,42.0,41.67,24.0
B Maphosa,T20I,6,84,118,1,37,8,3,14.0,8.43,118.0,44.05,84.0
E Walker,T20I,3,49,76,1,13,3,1,8.2,9.31,76.0,26.53,49.0
Gurkeerat Singh,ODI,3,60,69,1,22,0,0,10.0,6.9,69.0,36.67,60.0
C Wickramasinghe,ODI,4,56,68,1,24,2,0,9.3,7.29,68.0,42.86,56.0
C Wickramasinghe,T20I,3,42,55,1,18,1,0,7.0,7.86,55.0,42.86,42.0
TCB Fernando,ODI,6,215,182,1,126,5,6,35.8,5.08,182.0,58.6,215.0
AD Russell,Test,1,143,104,1,98,5,5,23.8,4.36,104.0,68.53,143.0
MEMO Scott-Hayward,ODI,2,109,99,1,59,4,1,18.2,5.45,99.0,54.13,109.0
MEMO Scott-Hayward,T20I,4,39,58,1,15,9,3,6.5,8.92,58.0,38.46,39.0
S Fouché,T20I,3,36,53,1,9,0,0,6.0,8.83,53.0,25.0,36.0
Ariful Haque,Test,2,66,24,1,52,0,0,11.0,2.18,24.0,78.79,66.0
KC Brathwaite,ODI,5,152,141,1,53,1,0,25.3,5.57,141.0,34.87,152.0
KC Hodsoll,ODI,1,30,28,1,16,0,0,5.0,5.6,28.0,53.33,30.0
H Davids,T20I,2,12,13,1,5,1,0,2.0,6.5,13.0,41.67,12.0
V Subha,T20I,2,30,32,1,13,2,0,5.0,6.4,32.0,43.33,30.0
MIW van den Raad,T20I,4,25,36,1,10,7,1,4.2,8.64,36.0,40.0,25.0
E Mulenga,T20I,4,43,62,1,18,9,1,7.2,8.65,62.0,41.86,43.0
RH Candy,T20I,1,24,14,1,15,3,0,4.0,3.5,14.0,62.5,24.0
RJ Campbell,T20I,2,36,42,1,15,1,0,6.0,7.0,42.0,41.67,36.0
Naman Dhir,IPL,5,52,76,1,11,1,0,8.7,8.77,76.0,21.15,52.0
MW Parkinson,Test,1,93,47,1,66,0,0,15.5,3.03,47.0,70.97,93.0
RG Sharma,T20I,8,62,106,1,10,1,0,10.3,10.26,106.0,16.13,62.0
RG Somashekhar,T20I,3,30,31,1,15,7,0,5.0,6.2,31.0,50.0,30.0
Kamran Ghulam,PSL,7,60,91,1,24,4,0,10.0,9.1,91.0,40.0,60.0
MT Chinouya,ODI,2,66,50,1,45,2,0,11.0,4.55,50.0,68.18,66.0
J Jagroo,T20I,4,55,75,1,19,2,1,9.2,8.18,75.0,34.55,55.0
J Layne,Test,2,234,166,1,158,4,0,39.0,4.26,166.0,67.52,234.0
Arshad Ali,ODI,2,96,101,1,36,0,0,16.0,6.31,101.0,37.5,96.0
S Hector,T20I,3,42,63,1,16,3,0,7.0,9.0,63.0,38.1,42.0
S Hongsi,T20I,2,18,35,1,5,2,0,3.0,11.67,35.0,27.78,18.0
F Choudary,T20I,2,18,32,1,6,0,0,3.0,10.67,32.0,33.33,18.0
KA Heffernan,T20I,2,36,29,1,21,3,0,6.0,4.83,29.0,58.33,36.0
AF Milne,PSL,2,48,92,1,18,3,0,8.0,11.5,92.0,37.5,48.0
AG Prince,Test,4,96,48,1,65,2,0,16.0,3.0,48.0,67.71,96.0
J Fernando,T20I,4,60,94,1,22,3,0,10.0,9.4,94.0,36.67,60.0
J George,T20I,5,86,117,1,32,6,2,14.3,8.16,117.0,37.21,86.0
TC Mataora,T20I,5,54,71,1,20,5,0,9.0,7.89,71.0,37.04,54.0
R Vinay Kumar,Test,1,78,73,1,49,0,0,13.0,5.62,73.0,62.82,78.0
T Smith,T20I,2,18,21,1,6,1,0,3.0,7.0,21.0,33.33,18.0
KAC Wong,T20I,2,32,56,1,8,1,2,5.3,10.5,56.0,25.0,32.0
M Mavunga,ODI,4,115,104,1,64,2,0,19.2,5.43,104.0,55.65,115.0
M Mete,T20I,1,18,11,1,10,2,0,3.0,3.67,11.0,55.56,18.0
DJM Short,IPL,2,18,23,1,8,0,0,3.0,7.67,23.0,44.44,18.0
Mohamed Shiyam,T20I,3,24,63,1,3,2,0,4.0,15.75,63.0,12.5,24.0
Mohammad Abbas,ODI,3,162,158,1,79,5,0,27.0,5.85,158.0,48.77,162.0
Charanjeet Singh,T20I,2,30,35,1,12,0,0,5.0,7.0,35.0,40.0,30.0
V Sukumaran,T20I,2,13,29,1,4,1,1,2.2,13.38,29.0,30.77,13.0
V Thari Thari,T20I,1,20,47,1,2,3,2,3.3,14.1,47.0,10.0,20.0
V Viyaskanth,IPL,3,60,90,1,19,0,0,10.0,9.0,90.0,31.67,60.0
H Gori,T20I,1,12,22,1,6,1,0,2.0,11.0,22.0,50.0,12.0
RD Penalba,T20I,1,12,11,1,4,2,0,2.0,5.5,11.0,33.33,12.0
RD Steede,ODI,2,80,54,1,52,4,2,13.3,4.05,54.0,65.0,80.0
RG More,IPL,2,35,63,1,5,2,0,5.8,10.8,63.0,14.29,35.0
S Kaul,ODI,2,108,126,1,46,0,0,18.0,7.0,126.0,42.59,108.0
K Tari,T20I,1,22,27,1,13,2,4,3.7,7.36,27.0,59.09,22.0
AISD Kainoco,T20I,2,25,38,1,10,5,1,4.2,9.12,38.0,40.0,25.0
AJ Finch,IPL,5,43,67,1,13,1,0,7.2,9.35,67.0,30.23,43.0
T Sarada,T20I,2,40,41,1,16,9,2,6.7,6.15,41.0,40.0,40.0
T Shanmugam,T20I,3,36,38,1,21,2,0,6.0,6.33,38.0,58.33,36.0
T Singye,T20I,2,36,65,1,16,3,0,6.0,10.83,65.0,44.44,36.0
MV Boucher,Test,1,9,6,1,6,0,1,1.5,4.0,6.0,66.67,9.0
H Graham,ODI,1,48,30,1,30,0,0,8.0,3.75,30.0,62.5,48.0
A Nel,IPL,1,18,31,1,7,0,0,3.0,10.33,31.0,38.89,18.0
VE Tembo,T20I,3,37,83,1,9,4,1,6.2,13.46,83.0,24.32,37.0
Naveed Fakhr,T20I,1,24,32,1,10,1,0,4.0,8.0,32.0,41.67,24.0
E Sagoe,T20I,2,24,47,1,10,3,0,4.0,11.75,47.0,41.67,24.0
Karan Singh,T20I,2,42,54,1,13,1,0,7.0,7.71,54.0,30.95,42.0
B Namuunzul,T20I,6,92,147,1,28,34,9,15.3,9.59,147.0,30.43,92.0
RA Reifer,T20I,2,30,60,1,5,2,0,5.0,12.0,60.0,16.67,30.0
Vaishnave Mahesh,ODI,5,159,125,1,95,8,1,26.5,4.72,125.0,59.75,159.0
A Ndiraya,ODI,3,25,16,1,13,1,0,4.2,3.84,16.0,52.0,25.0
I Mwebaze,T20I,2,36,33,1,20,0,0,6.0,5.5,33.0,55.56,36.0
AJ McKay,Test,1,186,126,1,138,1,0,31.0,4.06,126.0,74.19,186.0
T Mufudza,ODI,2,102,75,1,52,1,0,17.0,4.41,75.0,50.98,102.0
T Mupariwa,T20I,2,30,45,1,12,3,0,5.0,9.0,45.0,40.0,30.0
J Long,T20I,1,12,26,1,2,1,0,2.0,13.0,26.0,16.67,12.0
J Mubarak,ODI,5,51,44,1,20,0,0,8.5,5.18,44.0,39.22,51.0
T Pullman,T20I,1,18,26,1,7,3,0,3.0,8.67,26.0,38.89,18.0
K Tereza,T20I,3,64,83,1,16,7,4,10.7,7.78,83.0,25.0,64.0
S Khatiwada,T20I,1,12,1,1,11,0,0,2.0,0.5,1.0,91.67,12.0
S Khurana,T20I,1,12,10,1,9,5,0,2.0,5.0,10.0,75.0,12.0
NE Bonner,ODI,3,67,56,1,27,0,2,11.2,5.01,56.0,40.3,67.0
NE Bonner,Test,7,121,87,1,72,0,7,20.2,4.31,87.0,59.5,121.0
NJM Salima,T20I,2,19,12,1,13,2,1,3.2,3.79,12.0,68.42,19.0
S Kailath,T20I,3,64,98,1,18,8,4,10.7,9.19,98.0,28.12,64.0
Ankush Singh,T20I,1,13,11,1,7,2,1,2.2,5.08,11.0,53.85,13.0
Anoop Orsu,T20I,3,31,53,1,7,3,1,5.2,10.26,53.0,22.58,31.0
ME Leoela,T20I,1,18,20,1,7,0,0,3.0,6.67,20.0,38.89,18.0
ME Sanuth,ODI,3,60,61,1,34,1,0,10.0,6.1,61.0,56.67,60.0
Cynthia Konadu,T20I,1,24,31,1,9,1,0,4.0,7.75,31.0,37.5,24.0
Mohammad Ali,ODI,1,60,60,1,34,5,0,10.0,6.0,60.0,56.67,60.0
T Mpandakwaya,T20I,2,27,35,1,10,0,3,4.5,7.78,35.0,37.04,27.0
RA Birch,Test,2,108,49,1,81,0,0,18.0,2.72,49.0,75.0,108.0
RA Lewis,ODI,2,30,31,1,13,1,0,5.0,6.2,31.0,43.33,30.0
RA Lewis,T20I,3,31,38,1,9,0,1,5.2,7.35,38.0,29.03,31.0
M Holmes,T20I,3,39,38,1,21,5,3,6.5,5.85,38.0,53.85,39.0
DLS van Bunge,T20I,2,14,15,1,4,0,0,2.3,6.43,15.0,28.57,14.0
DM Dupavillon,ODI,2,66,53,1,35,1,0,11.0,4.82,53.0,53.03,66.0
C Gwilliam-Lopez,T20I,1,18,19,1,8,1,0,3.0,6.33,19.0,44.44,18.0
VS Solanki,ODI,5,81,80,1,40,3,0,13.5,5.93,80.0,49.38,81.0
VVS Laxman,Test,3,72,26,1,55,0,0,12.0,2.17,26.0,76.39,72.0
T Mayes,ODI,2,78,78,1,51,1,0,13.0,6.0,78.0,65.38,78.0
T Mishra,T20I,1,6,8,1,3,0,0,1.0,8.0,8.0,50.0,6.0
R Siwa,T20I,1,14,13,1,5,1,2,2.3,5.57,13.0,35.71,14.0
R Sutton,T20I,1,6,6,1,4,4,0,1.0,6.0,6.0,66.67,6.0
Kashif Bhatti,PSL,2,36,60,1,14,0,0,6.0,10.0,60.0,38.89,36.0
Kashif Siddique,T20I,1,2,1,1,1,0,0,0.3,3.0,1.0,50.0,2.0
Kate Awuah,T20I,3,67,93,1,28,6,1,11.2,8.33,93.0,41.79,67.0
R Telemachus,T20I,2,48,74,1,18,4,0,8.0,9.25,74.0,37.5,48.0
R Uwimana,T20I,3,42,34,1,19,5,0,7.0,4.86,34.0,45.24,42.0
B Schuster,T20I,2,25,30,1,11,1,1,4.2,7.2,30.0,44.0,25.0
H Elder,T20I,2,31,33,1,18,5,1,5.2,6.39,33.0,58.06,31.0
A Ndlovu,ODI,2,102,82,1,63,1,0,17.0,4.82,82.0,61.76,102.0
Vishal Sharma,T20I,2,18,38,1,4,4,0,3.0,12.67,38.0,22.22,18.0
T Motlhabaphuti,T20I,2,19,22,1,8,1,1,3.2,6.95,22.0,42.11,19.0
MD Gunathilaka,Test,5,198,113,1,119,0,0,33.0,3.42,113.0,60.1,198.0
NJ Browne,ODI,6,178,203,1,92,12,2,29.7,6.84,203.0,51.69,178.0
T Khabo,T20I,4,72,113,1,40,20,0,12.0,9.42,113.0,55.56,72.0
T Lafai,T20I,7,140,163,1,68,7,2,23.3,6.99,163.0,48.57,140.0
J Mubarak,T20I,2,8,17,1,1,0,0,1.3,12.75,17.0,12.5,8.0
I Bardis,T20I,1,7,12,1,2,1,1,1.2,10.29,12.0,28.57,7.0
M Gherasim,T20I,4,28,37,1,7,4,2,4.7,7.93,37.0,25.0,28.0
M Gill,T20I,2,24,15,1,16,4,0,4.0,3.75,15.0,66.67,24.0
Nazmul Hossain,T20I,3,36,61,1,11,0,0,6.0,10.17,61.0,30.56,36.0
B White,ODI,2,108,119,1,45,2,0,18.0,6.61,119.0,41.67,108.0
E Mapisa,T20I,1,12,14,1,6,7,0,2.0,7.0,14.0,50.0,12.0
E Masuku,ODI,1,30,32,1,17,0,0,5.0,6.4,32.0,56.67,30.0
R Sheshadri,T20I,3,18,20,1,9,0,0,3.0,6.67,20.0,50.0,18.0
GH Dockrell,Test,1,129,112,1,63,0,0,21.5,5.21,112.0,48.84,129.0
GH Vihari,IPL,6,42,48,1,18,1,0,7.0,6.86,48.0,42.86,42.0
Anskumar Ahir,T20I,2,35,37,1,17,2,1,5.8,6.34,37.0,48.57,35.0
GH Worker,T20I,1,12,19,1,4,1,0,2.0,9.5,19.0,33.33,12.0
GHS Garton,T20I,1,25,57,1,7,0,1,4.2,13.68,57.0,28.0,25.0
D Gamage,ODI,2,66,59,1,35,4,1,11.0,5.36,59.0,53.03,66.0
D Gough,Test,1,152,89,1,112,0,2,25.3,3.51,89.0,73.68,152.0
S Mostary,T20I,3,24,39,1,7,1,0,4.0,9.75,39.0,29.17,24.0
S Naidu,ODI,1,30,40,1,11,2,0,5.0,8.0,40.0,36.67,30.0
S Nitschke,ODI,2,90,73,1,56,3,0,15.0,4.87,73.0,62.22,90.0
S Ogundipe,T20I,3,36,25,1,17,1,0,6.0,4.17,25.0,47.22,36.0
S Pakhrin,T20I,2,30,10,1,22,2,0,5.0,2.0,10.0,73.33,30.0
CA Reid,ODI,2,78,64,1,51,3,0,13.0,4.92,64.0,65.38,78.0
NB Singh,IPL,2,24,18,1,16,1,0,4.0,4.5,18.0,66.67,24.0
S Malikzai,T20I,1,18,20,1,9,0,0,3.0,6.67,20.0,50.0,18.0
S Malla,T20I,2,30,42,1,10,0,0,5.0,8.4,42.0,33.33,30.0
S Mandhana,ODI,4,36,48,1,12,1,0,6.0,8.0,48.0,33.33,36.0
K Pierre,Test,2,402,250,1,258,0,0,67.0,3.73,250.0,64.18,402.0
F Hand,ODI,1,48,45,1,27,1,0,8.0,5.62,45.0,56.25,48.0
F Hand,Test,1,114,115,1,58,1,0,19.0,6.05,115.0,50.88,114.0
T Kamungozi,Test,1,156,62,1,123,0,0,26.0,2.38,62.0,78.85,156.0
W Mwayenga,ODI,2,72,86,1,35,2,0,12.0,7.17,86.0,48.61,72.0
T Elikana,T20I,4,55,73,1,19,4,2,9.2,7.96,73.0,34.55,55.0
T Henderson,IPL,2,36,41,1,15,0,0,6.0,6.83,41.0,41.67,36.0
T Hinds,T20I,2,26,58,1,8,5,0,4.3,13.38,58.0,30.77,26.0
K Nanno,T20I,3,30,30,1,13,5,0,5.0,6.0,30.0,43.33,30.0
K Nima,T20I,1,18,22,1,5,0,0,3.0,7.33,22.0,27.78,18.0
Amna Khan,T20I,3,66,122,1,11,10,6,11.0,11.09,122.0,16.67,66.0
K Marasini,T20I,3,24,35,1,7,1,0,4.0,8.75,35.0,29.17,24.0
Kim Rang,T20I,1,25,37,1,7,0,1,4.2,8.88,37.0,28.0,25.0
Kinley Bidha,T20I,2,48,46,1,20,1,0,8.0,5.75,46.0,41.67,48.0
Komalpreet Grewal,T20I,1,26,38,1,8,2,2,4.3,8.77,38.0,30.77,26.0
B Taylan,T20I,4,66,64,1,38,8,0,11.0,5.82,64.0,57.58,66.0
Navid Abdollahpour,T20I,1,18,26,1,11,2,0,3.0,8.67,26.0,61.11,18.0
Nazakat Ali,T20I,2,18,17,1,12,1,0,3.0,5.67,17.0,66.67,18.0
W Kevin,T20I,1,6,9,1,1,1,0,1.0,9.0,9.0,16.67,6.0
W Matabwa,T20I,3,42,58,1,15,7,0,7.0,8.29,58.0,35.71,42.0
F Tunnicliffe,ODI,1,12,8,1,5,0,0,2.0,4.0,8.0,41.67,12.0
F Zirahangaje,T20I,2,36,54,1,15,5,0,6.0,9.0,54.0,41.67,36.0
S Rengarajan,T20I,1,18,29,1,8,1,0,3.0,9.67,29.0,44.44,18.0
S Saenya,T20I,1,6,1,1,5,0,0,1.0,1.0,1.0,83.33,6.0
T Bavuma,Test,5,98,69,1,63,0,2,16.3,4.22,69.0,64.29,98.0
MS Crane,T20I,2,48,62,1,16,0,0,8.0,7.75,62.0,33.33,48.0
MS Crane,Test,1,290,195,1,173,0,2,48.3,4.03,195.0,59.66,290.0
M Brasier,T20I,2,29,56,1,7,6,0,4.8,11.59,56.0,24.14,29.0
BAC Howell,PSL,1,21,34,1,6,0,0,3.5,9.71,34.0,28.57,21.0
R Pasipanodya,ODI,3,38,41,1,17,3,2,6.3,6.47,41.0,44.74,38.0
R Pavlickova,T20I,9,154,172,1,81,45,7,25.7,6.7,172.0,52.6,154.0
R Powell,IPL,2,19,35,1,4,2,1,3.2,11.05,35.0,21.05,19.0
R Powell,PSL,2,18,45,1,4,3,0,3.0,15.0,45.0,22.22,18.0
Khurram Khan,T20I,1,6,8,1,4,0,0,1.0,8.0,8.0,66.67,6.0
MS Dhoni,ODI,2,36,32,1,18,2,0,6.0,5.33,32.0,50.0,36.0
A Mehmood,T20I,4,61,104,1,23,1,1,10.2,10.23,104.0,37.7,61.0
Sweeta Corda,T20I,2,13,25,1,7,5,1,2.2,11.54,25.0,53.85,13.0
Mohammad Ali,T20I,3,43,87,1,20,1,1,7.2,12.14,87.0,46.51,43.0
Mohammad Amin,T20I,2,12,18,1,5,0,0,2.0,9.0,18.0,41.67,12.0
CV Fernandes Torres,T20I,1,13,11,1,11,4,1,2.2,5.08,11.0,84.62,13.0
S Sajana,T20I,6,59,80,1,23,0,1,9.8,8.14,80.0,38.98,59.0
Amir Ali,T20I,4,48,58,1,19,1,0,8.0,7.25,58.0,39.58,48.0
Amir Hamza,T20I,2,12,17,1,7,2,0,2.0,8.5,17.0,58.33,12.0
N Vare,T20I,2,12,20,1,3,0,0,2.0,10.0,20.0,25.0,12.0
M Nanayakkara,ODI,1,24,40,1,7,2,0,4.0,10.0,40.0,29.17,24.0
M Ndhambi,T20I,3,31,33,1,12,2,1,5.2,6.39,33.0,38.71,31.0
MD Fisher,Test,1,162,75,1,127,0,0,27.0,2.78,75.0,78.4,162.0
DB Ravi Teja,IPL,2,18,28,1,4,0,0,3.0,9.33,28.0,22.22,18.0
Syed Amanullah,T20I,1,6,9,1,4,2,0,1.0,9.0,9.0,66.67,6.0
Syed Faizan Tahir,T20I,1,6,8,1,3,0,0,1.0,8.0,8.0,50.0,6.0
Syed Jawad Haider,T20I,1,18,30,1,7,2,0,3.0,10.0,30.0,38.89,18.0
J Neill,Test,2,188,155,1,110,2,2,31.3,4.95,155.0,58.51,188.0
M Noble,T20I,1,24,16,1,17,1,0,4.0,4.0,16.0,70.83,24.0
Amir Mangal,T20I,1,18,17,1,7,0,0,3.0,5.67,17.0,38.89,18.0
K Govind,T20I,1,18,25,1,3,3,0,3.0,8.33,25.0,16.67,18.0
K Gowtham,ODI,1,48,51,1,25,2,0,8.0,6.38,51.0,52.08,48.0
K Kavindi,ODI,4,95,107,1,54,7,1,15.8,6.76,107.0,56.84,95.0
Amit Uniyal,T20I,2,30,31,1,17,1,0,5.0,6.2,31.0,56.67,30.0
J Rokoro,T20I,4,46,62,1,11,11,4,7.7,8.09,62.0,23.91,46.0
W Viraliliu,T20I,5,67,106,1,29,4,1,11.2,9.49,106.0,43.28,67.0
R Malhotra,ODI,5,78,82,1,38,7,0,13.0,6.31,82.0,48.72,78.0
BB McCullum,Test,6,176,97,1,117,0,1,29.3,3.31,97.0,66.48,176.0
BB Seebaran,ODI,3,108,132,1,41,0,0,18.0,7.33,132.0,37.96,108.0
R Nil,T20I,3,48,60,1,11,1,0,8.0,7.5,60.0,22.92,48.0
BA Westdijk,ODI,3,138,176,1,66,8,0,23.0,7.65,176.0,47.83,138.0
GEM Brealey,T20I,4,61,65,1,30,20,1,10.2,6.39,65.0,49.18,61.0
GF Linde,IPL,3,37,55,1,10,0,0,6.2,8.92,55.0,27.03,37.0
Surya Tamang,ODI,2,90,78,1,55,3,0,15.0,5.2,78.0,61.11,90.0
R Kassim,T20I,4,30,26,1,15,1,0,5.0,5.2,26.0,50.0,30.0
M Chereches,T20I,2,43,61,1,19,7,7,7.2,8.51,61.0,44.19,43.0
Nilansh Keswani,ODI,2,54,57,1,23,0,0,9.0,6.33,57.0,42.59,54.0
Noorkhan Ahmedi,T20I,1,12,13,1,6,1,0,2.0,6.5,13.0,50.0,12.0
Hazrat Luqman,T20I,2,36,64,1,14,2,0,6.0,10.67,64.0,38.89,36.0
WJ Malinda,T20I,4,54,66,1,25,4,0,9.0,7.33,66.0,46.3,54.0
WJR Robertson,T20I,1,18,6,1,15,0,0,3.0,2.0,6.0,83.33,18.0
MJ Humphreys,ODI,6,246,217,1,130,2,0,41.0,5.29,217.0,52.85,246.0
A Lyth,PSL,2,19,26,1,7,0,1,3.2,8.21,26.0,36.84,19.0
A Martin,T20I,1,18,20,1,7,0,0,3.0,6.67,20.0,38.89,18.0
C Campher,PSL,1,24,28,1,7,1,0,4.0,7.0,28.0,29.17,24.0
R Klein,T20I,2,24,45,1,5,0,0,4.0,11.25,45.0,20.83,24.0
Krishna Chandran,ODI,6,228,250,1,95,2,0,38.0,6.58,250.0,41.67,228.0
R MacDonald-Gay,ODI,2,66,55,1,34,3,0,11.0,5.0,55.0,51.52,66.0
R MacDonald-Gay,T20I,1,12,25,1,5,3,0,2.0,12.5,25.0,41.67,12.0
R Hubbard,T20I,3,38,51,1,16,6,2,6.3,8.05,51.0,42.11,38.0
AK Peters,ODI,4,84,72,1,47,4,0,14.0,5.14,72.0,55.95,84.0
AK Peters,T20I,3,36,50,1,15,2,0,6.0,8.33,50.0,41.67,36.0
CC Blake,T20I,3,49,50,1,26,3,1,8.2,6.12,50.0,53.06,49.0
N Thushara,PSL,1,12,21,1,5,0,0,2.0,10.5,21.0,41.67,12.0
N Toleva,T20I,10,95,154,1,28,27,18,15.8,9.73,154.0,29.47,95.0
S Stephen,T20I,6,108,121,1,49,1,0,18.0,6.72,121.0,45.37,108.0
S Thanikaithasan,T20I,6,70,91,1,26,0,0,11.7,7.8,91.0,37.14,70.0
Amaya Rajapaksha,T20I,6,72,80,1,22,3,6,12.0,6.67,80.0,30.56,72.0
AL Mangue,T20I,2,37,73,1,8,5,2,6.2,11.84,73.0,21.62,37.0
Sukhkaran Sahi,T20I,3,33,54,1,6,1,0,5.5,9.82,54.0,18.18,33.0
Sultan Ahmed,T20I,2,45,36,1,25,0,0,7.5,4.8,36.0,55.56,45.0
Mohammad Boota,T20I,1,6,13,1,2,0,0,1.0,13.0,13.0,33.33,6.0
S Snater,ODI,2,80,125,1,26,1,1,13.3,9.38,125.0,32.5,80.0
DJ Mitchell,IPL,4,48,97,1,5,3,0,8.0,12.12,97.0,10.42,48.0
Sumit Singh,T20I,1,12,18,1,7,0,0,2.0,9.0,18.0,58.33,12.0
Sunzamul Islam,Test,1,270,154,1,174,0,0,45.0,3.42,154.0,64.44,270.0
GF Linde,PSL,5,84,126,1,24,3,0,14.0,9.0,126.0,28.57,84.0
J Sonia,T20I,1,18,16,1,10,2,0,3.0,5.33,16.0,55.56,18.0
Subashis Roy,ODI,1,60,49,1,38,1,0,10.0,4.9,49.0,63.33,60.0
AK Muslar,T20I,1,24,36,1,7,1,0,4.0,9.0,36.0,29.17,24.0
D Samarawickrama,T20I,1,6,16,1,1,2,0,1.0,16.0,16.0,16.67,6.0
D Soraine,ODI,2,53,38,1,29,2,0,8.8,4.3,38.0,54.72,53.0
D Staddon,T20I,2,19,18,1,12,4,1,3.2,5.68,18.0,63.16,19.0
C Cirlig,T20I,2,44,63,1,17,10,2,7.3,8.59,63.0,38.64,44.0
L Bigula,T20I,2,38,37,1,16,2,2,6.3,5.84,37.0,42.11,38.0
L Botha,T20I,1,18,19,1,8,0,0,3.0,6.33,19.0,44.44,18.0
R Dhawan,ODI,3,150,161,1,61,5,0,25.0,6.44,161.0,40.67,150.0
R Dhawan,T20I,1,24,42,1,7,1,0,4.0,10.5,42.0,29.17,24.0
R Dianish,T20I,2,18,23,1,3,0,0,3.0,7.67,23.0,16.67,18.0
R Gnanaraj,T20I,2,18,32,1,7,1,0,3.0,10.67,32.0,38.89,18.0
R Avdylaj,T20I,5,65,92,1,9,1,6,10.8,8.49,92.0,13.85,65.0
R Bowers-Fleming,T20I,1,7,13,1,3,2,1,1.2,11.14,13.0,42.86,7.0
J Yadav,ODI,2,85,61,1,48,1,1,14.2,4.31,61.0,56.47,85.0
GC Tonge,T20I,1,24,25,1,11,0,0,4.0,6.25,25.0,45.83,24.0
GC Tonge,Test,1,176,114,1,119,0,10,29.3,3.89,114.0,67.61,176.0
GC Viljoen,Test,1,116,102,1,76,1,2,19.3,5.28,102.0,65.52,116.0
CE Taylor,Test,1,102,48,1,83,0,0,17.0,2.82,48.0,81.37,102.0
S Vidyut,IPL,1,12,22,1,5,1,0,2.0,11.0,22.0,41.67,12.0
S Weerakoon,ODI,1,60,49,1,19,1,0,10.0,4.9,49.0,31.67,60.0
S von Berg,Test,1,174,100,1,114,0,0,29.0,3.45,100.0,65.52,174.0
SA Abbott,IPL,3,54,104,1,13,5,0,9.0,11.56,104.0,24.07,54.0
SA Abbott,PSL,1,24,33,1,6,1,0,4.0,8.25,33.0,25.0,24.0
K Birkenstock,T20I,3,24,33,1,5,1,0,4.0,8.25,33.0,20.83,24.0
K Blair,ODI,1,60,32,1,46,5,0,10.0,3.2,32.0,76.67,60.0
M Pushpakumara,T20I,1,18,28,1,7,0,0,3.0,9.33,28.0,38.89,18.0
M Sefati,T20I,2,12,15,1,6,3,0,2.0,7.5,15.0,50.0,12.0
CD McMillan,Test,3,96,41,1,77,0,0,16.0,2.56,41.0,80.21,96.0
Soung Seav,T20I,1,7,13,1,1,2,3,1.2,11.14,13.0,14.29,7.0
Alice Davis,T20I,1,12,17,1,4,2,0,2.0,8.5,17.0,33.33,12.0
Alok Kapali,Test,5,186,113,1,133,0,0,31.0,3.65,113.0,71.51,186.0
CR Smith,T20I,2,48,49,1,19,1,0,8.0,6.12,49.0,39.58,48.0
CR Suryawanshi,T20I,1,12,13,1,4,1,0,2.0,6.5,13.0,33.33,12.0
Mohammad Kashif,T20I,1,12,19,1,4,0,0,2.0,9.5,19.0,33.33,12.0
Mohammad Mohsin,PSL,1,24,36,1,6,0,0,4.0,9.0,36.0,25.0,24.0
R Chanda,T20I,3,50,84,1,10,6,2,8.3,10.08,84.0,20.0,50.0
E Katchay,ODI,1,18,23,1,9,0,0,3.0,7.67,23.0,50.0,18.0
M Ahono,T20I,1,6,13,1,2,5,0,1.0,13.0,13.0,33.33,6.0
M Altankhuyag,T20I,1,13,55,1,1,4,1,2.2,25.38,55.0,7.69,13.0
DP David,T20I,2,42,35,1,16,0,0,7.0,5.0,35.0,38.1,42.0
C Cirino,T20I,2,31,37,1,13,2,1,5.2,7.16,37.0,41.94,31.0
A Konhu,T20I,2,37,40,1,15,4,1,6.2,6.49,40.0,40.54,37.0
A Kuthalingham,T20I,2,30,24,1,14,1,0,5.0,4.8,24.0,46.67,30.0
A Le Ray,T20I,1,24,20,1,10,4,0,4.0,5.0,20.0,41.67,24.0
WP Myburgh,ODI,2,18,21,1,6,0,0,3.0,7.0,21.0,33.33,18.0
R Agamiire,T20I,2,37,15,1,28,0,1,6.2,2.43,15.0,75.68,37.0
BF Smith,ODI,1,48,21,1,31,1,0,8.0,2.62,21.0,64.58,48.0
Sneh Rana,T20I,1,18,27,1,6,0,0,3.0,9.0,27.0,33.33,18.0
SB Joshi,IPL,4,55,82,1,18,0,0,9.2,8.95,82.0,32.73,55.0
SB Odedra,Test,1,163,51,1,135,0,1,27.2,1.88,51.0,82.82,163.0
Jeon Myeong,T20I,1,13,18,1,5,0,1,2.2,8.31,18.0,38.46,13.0
N Nankov,T20I,1,12,14,1,8,1,0,2.0,7.0,14.0,66.67,12.0
CG Campbell,T20I,1,18,43,1,8,5,0,3.0,14.33,43.0,44.44,18.0
CH Abeyratne,T20I,4,60,87,1,23,7,0,10.0,8.7,87.0,38.33,60.0
Sofia Araya,T20I,1,14,25,1,2,0,9,2.3,10.71,25.0,14.29,14.0
Sohaib Maqsood,ODI,4,54,42,1,28,1,0,9.0,4.67,42.0,51.85,54.0
CS Terblanche,ODI,2,78,35,1,60,3,0,13.0,2.69,35.0,76.92,78.0
Mohammad Hamza,PSL,2,42,80,1,14,3,0,7.0,11.43,80.0,33.33,42.0
CR Brathwaite,Test,3,408,245,1,289,5,0,68.0,3.6,245.0,70.83,408.0
SA Pradhan,T20I,2,36,56,1,18,1,0,6.0,9.33,56.0,50.0,36.0
Ali Saleem,T20I,1,6,4,1,4,0,0,1.0,4.0,4.0,66.67,6.0
Shubham Ranjane,T20I,3,24,26,1,10,1,0,4.0,6.5,26.0,41.67,24.0
Shujaat Rasool,T20I,2,17,15,1,9,1,0,2.8,5.29,15.0,52.94,17.0
Shukhtara Rahman,T20I,1,24,18,1,12,0,0,4.0,4.5,18.0,50.0,24.0
Simrah Mirza,T20I,3,51,85,1,7,7,9,8.5,10.0,85.0,13.73,51.0
Smruthi Radhakrishnan,T20I,3,72,86,1,31,3,1,12.0,7.17,86.0,43.06,72.0
WS Jayantha,ODI,3,25,27,1,8,0,0,4.2,6.48,27.0,32.0,25.0
WSLK Narayana,T20I,4,54,67,1,24,4,0,9.0,7.44,67.0,44.44,54.0
WT Gavera,ODI,2,86,82,1,41,2,2,14.3,5.72,82.0,47.67,86.0
WT Mashinge,T20I,2,30,59,1,10,5,0,5.0,11.8,59.0,33.33,30.0
Waheed Ahmed,ODI,6,120,94,1,53,5,0,20.0,4.7,94.0,44.17,120.0
Qasim Akram,PSL,3,36,52,1,9,1,0,6.0,8.67,52.0,25.0,36.0
L Enoch,T20I,1,6,6,1,3,0,0,1.0,6.0,6.0,50.0,6.0
L Gharasim,T20I,2,19,19,1,7,3,4,3.2,6.0,19.0,36.84,19.0
E Bakiweyem,T20I,1,6,5,1,4,1,0,1.0,5.0,5.0,66.67,6.0
E Batkhuyag,T20I,2,23,38,1,5,2,0,3.8,9.91,38.0,21.74,23.0
E Bosch,ODI,1,42,33,1,24,2,0,7.0,4.71,33.0,57.14,42.0
JA Turner,T20I,2,36,64,1,13,1,0,6.0,10.67,64.0,36.11,36.0
Javeria Rauf,ODI,2,36,47,1,16,4,0,6.0,7.83,47.0,44.44,36.0
Javeria Rauf,T20I,2,24,31,1,9,1,0,4.0,7.75,31.0,37.5,24.0
FY Fazal,IPL,2,12,20,1,1,0,0,2.0,10.0,20.0,8.33,12.0
Faisal Hossain,ODI,2,73,54,1,32,0,0,12.2,4.44,54.0,43.84,73.0
Faisal Raza,T20I,3,24,39,1,7,1,0,4.0,9.75,39.0,29.17,24.0
SD Bahadur,T20I,6,90,126,1,33,6,0,15.0,8.4,126.0,36.67,90.0
Akramullah Malikzada,T20I,2,12,22,1,3,0,0,2.0,11.0,22.0,25.0,12.0
Alex Carthew,T20I,1,18,12,1,11,1,0,3.0,4.0,12.0,61.11,18.0
CH van Koolwijk,T20I,2,19,21,1,8,3,1,3.2,6.63,21.0,42.11,19.0
N Ncube,Test,1,210,126,1,157,0,0,35.0,3.6,126.0,74.76,210.0
CD Barnwell,T20I,4,36,51,1,9,2,0,6.0,8.5,51.0,25.0,36.0
Jitesh Patel,T20I,2,42,60,1,15,5,0,7.0,8.57,60.0,35.71,42.0
Joginder Sharma,ODI,2,66,50,1,44,2,0,11.0,4.55,50.0,66.67,66.0
Joseph Angara,ODI,1,48,52,1,20,1,0,8.0,6.5,52.0,41.67,48.0
Shohidul Islam,T20I,1,24,34,1,9,1,1,4.0,8.5,34.0,37.5,24.0
DE Bernard,T20I,1,24,19,1,15,1,0,4.0,4.75,19.0,62.5,24.0
DE Budge,ODI,8,151,112,1,75,2,0,25.2,4.45,112.0,49.67,151.0
DE Budge,T20I,1,7,22,1,2,1,1,1.2,18.86,22.0,28.57,7.0
JA Miranda,T20I,3,43,70,1,21,6,1,7.2,9.77,70.0,48.84,43.0
JA Morkel,Test,1,195,136,1,138,0,3,32.5,4.18,136.0,70.77,195.0
JA Raval,Test,2,84,34,1,58,0,0,14.0,2.43,34.0,69.05,84.0
JA Stiglitz,T20I,6,121,173,1,35,12,5,20.2,8.58,173.0,28.93,121.0
JA Thompson,PSL,1,12,22,1,4,0,0,2.0,11.0,22.0,33.33,12.0
L Khotso,T20I,2,43,64,1,17,11,1,7.2,8.93,64.0,39.53,43.0
L Kooagile,T20I,1,12,6,1,9,1,0,2.0,3.0,6.0,75.0,12.0
BJ Bennett,Test,5,288,200,1,180,0,0,48.0,4.17,200.0,62.5,288.0
BJ Bess,Test,1,86,92,1,44,4,8,14.3,6.42,92.0,51.16,86.0
Preeti Bose,T20I,1,24,20,1,10,0,0,4.0,5.0,20.0,41.67,24.0
Qaiser Ali,ODI,2,84,55,1,54,5,0,14.0,3.93,55.0,64.29,84.0
Dayal Joy,T20I,3,36,63,1,13,8,0,6.0,10.5,63.0,36.11,36.0
Prajna Jagdeesha,T20I,3,30,36,1,16,6,0,5.0,7.2,36.0,53.33,30.0
N Master,T20I,1,24,31,1,7,1,0,4.0,7.75,31.0,29.17,24.0
Jaison Jerome,T20I,6,96,186,1,27,5,0,16.0,11.62,186.0,28.12,96.0
Jalat Khan,PSL,1,18,38,1,6,0,0,3.0,12.67,38.0,33.33,18.0
Jatinder Singh,ODI,4,48,41,1,25,1,0,8.0,5.12,41.0,52.08,48.0
SF Mire,T20I,5,72,118,1,21,3,0,12.0,9.83,118.0,29.17,72.0
SF Mire,Test,2,85,32,1,68,0,1,14.2,2.26,32.0,80.0,85.0
SF Nhavotso,T20I,3,32,42,1,11,1,0,5.3,7.88,42.0,34.38,32.0
SG Borthwick,ODI,2,54,72,1,18,0,0,9.0,8.0,72.0,33.33,54.0
SD Outerbridge,ODI,1,6,11,1,1,0,0,1.0,11.0,11.0,16.67,6.0
SD Udal,ODI,1,42,29,1,19,0,0,7.0,4.14,29.0,45.24,42.0
SE Rutherford,IPL,6,41,60,1,8,5,0,6.8,8.78,60.0,19.51,41.0
M Shahrukh Khan,IPL,3,18,29,1,5,0,0,3.0,9.67,29.0,27.78,18.0
M Sheriff,T20I,3,43,34,1,23,6,1,7.2,4.74,34.0,53.49,43.0
M Shezi,ODI,1,36,8,1,29,1,0,6.0,1.33,8.0,80.56,36.0
M Shiraz,ODI,2,54,48,1,34,0,0,9.0,5.33,48.0,62.96,54.0
DJ Malan,ODI,2,15,17,1,9,0,0,2.5,6.8,17.0,60.0,15.0
Shoaib Ali,T20I,1,24,23,1,11,1,0,4.0,5.75,23.0,45.83,24.0
SG Borthwick,T20I,1,24,15,1,12,0,0,4.0,3.75,15.0,50.0,24.0
SHA Rance,ODI,2,106,110,1,52,1,1,17.7,6.23,110.0,49.06,106.0
CJ Chibhabha,Test,3,250,163,1,171,0,4,41.7,3.91,163.0,68.4,250.0
N Gumaliyele,T20I,2,38,36,1,25,11,2,6.3,5.68,36.0,65.79,38.0
O Batisani,T20I,1,8,4,1,6,2,2,1.3,3.0,4.0,75.0,8.0
Lemar Momand,T20I,6,78,79,1,43,6,0,13.0,6.08,79.0,55.13,78.0
H Nguyen,T20I,4,54,76,1,23,16,4,9.0,8.44,76.0,42.59,54.0
Haroon Shahid,T20I,1,18,31,1,6,1,0,3.0,10.33,31.0,33.33,18.0
Harprit Singh,T20I,2,18,32,1,6,1,0,3.0,10.67,32.0,33.33,18.0
Hasan Cakir,T20I,1,6,5,1,4,1,0,1.0,5.0,5.0,66.67,6.0
Hasibul Hossain,ODI,3,103,121,1,62,4,1,17.2,7.05,121.0,60.19,103.0
Waleed Waqar,T20I,2,18,43,1,4,2,0,3.0,14.33,43.0,22.22,18.0
A Kamboj,Test,1,112,93,1,67,0,4,18.7,4.98,93.0,59.82,112.0
DJ Malan,T20I,1,12,27,1,2,0,0,2.0,13.5,27.0,16.67,12.0
N Magagula,T20I,3,46,74,1,10,5,10,7.7,9.65,74.0,21.74,46.0
L Leemhuis,T20I,2,18,29,1,12,6,0,3.0,9.67,29.0,66.67,18.0
L Maphane,T20I,2,8,15,1,1,0,1,1.3,11.25,15.0,12.5,8.0
D Igihozo,T20I,1,24,11,1,17,1,0,4.0,2.75,11.0,70.83,24.0
D Jamyansuren,T20I,1,25,60,1,3,2,1,4.2,14.4,60.0,12.0,25.0
D Jansen,IPL,1,24,53,1,6,4,0,4.0,13.25,53.0,25.0,24.0
JD Baker,T20I,3,48,68,1,19,4,0,8.0,8.5,68.0,39.58,48.0
AN Cook,Test,2,18,7,1,14,0,0,3.0,2.33,7.0,77.78,18.0
Shayan Khan,T20I,1,12,21,1,3,1,0,2.0,10.5,21.0,25.0,12.0
Shivani Sati,T20I,2,9,14,1,1,4,0,1.5,9.33,14.0,11.11,9.0
Akeem Jordan,ODI,2,66,57,1,45,4,0,11.0,5.18,57.0,68.18,66.0
SIR Dunkley,ODI,2,17,13,1,8,1,0,2.8,4.59,13.0,47.06,17.0
SIR Dunkley,T20I,2,24,13,1,14,0,0,4.0,3.25,13.0,58.33,24.0
SJ Andrews,T20I,2,39,45,1,22,1,0,6.5,6.92,45.0,56.41,39.0
SJ Cook,Test,1,186,121,1,136,1,0,31.0,3.9,121.0,73.12,186.0
Fatima Amir,T20I,4,43,44,1,29,9,1,7.2,6.14,44.0,67.44,43.0
GA Stuurman,Test,1,174,136,1,118,1,0,29.0,4.69,136.0,67.82,174.0
M Simpson-Parker,T20I,1,6,8,1,2,2,0,1.0,8.0,8.0,33.33,6.0
CM Edwards,T20I,4,27,43,1,6,1,0,4.5,9.56,43.0,22.22,27.0
A Khan,Test,1,187,137,1,131,3,14,31.2,4.4,137.0,70.05,187.0
Wania Malik,T20I,2,24,16,1,17,4,0,4.0,4.0,16.0,70.83,24.0
Waqar Salamkheil,PSL,2,42,92,1,9,0,0,7.0,13.14,92.0,21.43,42.0
O Isesele,T20I,4,60,105,1,13,2,0,10.0,10.5,105.0,21.67,60.0
O Kirsten,T20I,1,18,26,1,11,2,0,3.0,8.67,26.0,61.11,18.0
O Touray,T20I,2,18,46,1,3,0,0,3.0,15.33,46.0,16.67,18.0
H Singh,T20I,3,24,44,1,5,1,0,4.0,11.0,44.0,20.83,24.0
A Kanwal,T20I,1,13,16,1,4,1,1,2.2,7.38,16.0,30.77,13.0
A Karn,T20I,1,24,31,1,5,0,0,4.0,7.75,31.0,20.83,24.0
MP O'Dowd,ODI,11,129,154,1,67,5,0,21.5,7.16,154.0,51.94,129.0
MP Vaughan,Test,9,269,176,1,168,0,5,44.8,3.93,176.0,62.45,269.0
MR Dorgan,T20I,1,6,13,1,2,2,0,1.0,13.0,13.0,33.33,6.0
Parvez Rasool,T20I,1,24,32,1,6,0,0,4.0,8.0,32.0,25.0,24.0
Poorvaja Jagdeesha,T20I,5,37,59,1,11,9,2,6.2,9.57,59.0,29.73,37.0
Y Cariah,T20I,2,36,43,1,15,0,0,6.0,7.17,43.0,41.67,36.0
N Deonarine,T20I,4,54,87,1,20,0,0,9.0,9.67,87.0,37.04,54.0
CJ Ana,T20I,3,55,68,1,36,16,1,9.2,7.42,68.0,65.45,55.0
JT Pooranakaran,T20I,5,62,120,1,18,5,2,10.3,11.61,120.0,29.03,62.0
Fakhar Zaman,ODI,7,135,112,1,67,0,0,22.5,4.98,112.0,49.63,135.0
Farhan Ahmed,T20I,2,30,38,1,8,0,0,5.0,7.6,38.0,26.67,30.0
AM Rahane,IPL,1,6,5,1,2,0,0,1.0,5.0,5.0,33.33,6.0
CP Rizwan,ODI,5,58,51,1,35,3,0,9.7,5.28,51.0,60.34,58.0
Mohammad Shahid,T20I,1,18,32,1,8,0,0,3.0,10.67,32.0,44.44,18.0
Mohammad Yousuf,ODI,1,1,0,1,1,0,0,0.2,0.0,0.0,100.0,1.0
JW Hastings,Test,1,234,153,1,167,1,0,39.0,3.92,153.0,71.37,234.0
JW Wilson,ODI,1,54,68,1,25,0,0,9.0,7.56,68.0,46.3,54.0
SJ Harmison,T20I,2,40,43,1,19,2,1,6.7,6.45,43.0,47.5,40.0
SJ Modani,T20I,1,6,2,1,4,0,0,1.0,2.0,2.0,66.67,6.0
Ahsan Ali,PSL,1,6,9,1,2,0,0,1.0,9.0,9.0,33.33,6.0
M Shumba,Test,4,370,252,1,232,0,0,61.7,4.09,252.0,62.7,370.0
SKR Mallidi,T20I,2,18,35,1,8,2,0,3.0,11.67,35.0,44.44,18.0
Mustapha Suwareh,T20I,2,20,52,1,2,2,2,3.3,15.6,52.0,10.0,20.0
N Boje,T20I,1,24,29,1,9,0,0,4.0,7.25,29.0,37.5,24.0
AO Suji,T20I,2,37,54,1,15,2,0,6.2,8.76,54.0,40.54,37.0
JD Wildermuth,T20I,2,18,32,1,3,4,0,3.0,10.67,32.0,16.67,18.0
G Wareham,Test,1,66,40,1,47,0,0,11.0,3.64,40.0,71.21,66.0
Shaila Sharmin,ODI,4,90,79,1,40,7,0,15.0,5.27,79.0,44.44,90.0
Haris Karim,T20I,2,24,53,1,4,1,0,4.0,13.25,53.0,16.67,24.0
Haris Rauf,Test,1,78,79,1,44,1,0,13.0,6.08,79.0,56.41,78.0
Harmeet Singh (2),IPL,1,24,34,1,12,1,0,4.0,8.5,34.0,50.0,24.0
A Hewage,T20I,1,6,0,1,6,0,0,1.0,0.0,0.0,100.0,6.0
A Johnson,T20I,3,30,36,1,12,0,0,5.0,7.2,36.0,40.0,30.0
L Vincent,ODI,2,18,22,1,12,0,0,3.0,7.33,22.0,66.67,18.0
PS Roberts,T20I,4,54,66,1,31,8,0,9.0,7.33,66.0,57.41,54.0
BJ Hodge,ODI,3,66,51,1,30,0,0,11.0,4.64,51.0,45.45,66.0
BJ Hodge,T20I,3,30,45,1,13,1,0,5.0,9.0,45.0,43.33,30.0
AN Petersen,Test,6,114,63,1,72,0,0,19.0,3.32,63.0,63.16,114.0
N D'souza,T20I,4,42,34,1,25,4,0,7.0,4.86,34.0,59.52,42.0
SL Gomez,T20I,6,67,90,1,25,12,1,11.2,8.06,90.0,37.31,67.0
Ahmed Faiz,T20I,5,43,44,1,21,3,0,7.2,6.14,44.0,48.84,43.0
SM Dhakal,T20I,2,36,44,1,14,1,0,6.0,7.33,44.0,38.89,36.0
SM Kavanagh,ODI,3,66,92,1,23,8,0,11.0,8.36,92.0,34.85,66.0
SK Shetty,T20I,1,6,3,1,4,1,0,1.0,3.0,3.0,66.67,6.0
SK Sonpethkar,T20I,1,27,33,1,8,2,3,4.5,7.33,33.0,29.63,27.0
H Pieterse,T20I,1,18,11,1,9,0,0,3.0,3.67,11.0,50.0,18.0
BKG Mendis,Test,8,135,118,1,68,0,3,22.5,5.24,118.0,50.37,135.0
BL Morgan,ODI,1,16,10,1,10,0,0,2.7,3.75,10.0,62.5,16.0
PR Adams,ODI,1,60,30,1,41,2,0,10.0,3.0,30.0,68.33,60.0
PRP Boissevain,ODI,3,130,192,1,43,3,1,21.7,8.86,192.0,33.08,130.0
Y Potgieter,ODI,2,44,38,1,26,0,2,7.3,5.18,38.0,59.09,44.0
Y Prithvi Raj,IPL,2,30,57,1,8,3,0,5.0,11.4,57.0,26.67,30.0
Y Saranonnakkun,T20I,1,18,22,1,6,1,0,3.0,7.33,22.0,33.33,18.0
GA Elwiss,Test,4,175,94,1,130,0,1,29.2,3.22,94.0,74.29,175.0
A Gunasekar,T20I,2,42,57,1,12,5,0,7.0,8.14,57.0,28.57,42.0
OJ Hairs,T20I,1,12,20,1,4,1,0,2.0,10.0,20.0,33.33,12.0
OJ Herrington,T20I,2,24,40,1,9,4,0,4.0,10.0,40.0,37.5,24.0
PK Dimitri,T20I,2,50,89,1,15,5,2,8.3,10.68,89.0,30.0,50.0
PL Mommsen,T20I,2,48,51,1,26,5,0,8.0,6.38,51.0,54.17,48.0
PM Pushpakumara,ODI,2,114,105,1,51,0,0,19.0,5.53,105.0,44.74,114.0
L Ward,T20I,1,6,4,1,2,0,0,1.0,4.0,4.0,33.33,6.0
L Wesley,T20I,1,4,3,1,4,3,0,0.7,4.5,3.0,100.0,4.0
L Wood,IPL,2,37,94,1,9,1,1,6.2,15.24,94.0,24.32,37.0
L Wood,ODI,2,108,117,1,53,3,0,18.0,6.5,117.0,49.07,108.0
PM Sarvesh Kumar,IPL,2,30,42,1,11,1,0,5.0,8.4,42.0,36.67,30.0
YS Chauhan,T20I,2,18,39,1,5,1,0,3.0,13.0,39.0,27.78,18.0
D Uwizeye,T20I,1,12,6,1,9,3,0,2.0,3.0,6.0,75.0,12.0
Shahnawaz Dhani,ODI,2,96,76,1,61,4,0,16.0,4.75,76.0,63.54,96.0
AN Davidson-Richards,Test,1,84,45,1,63,1,0,14.0,3.21,45.0,75.0,84.0
Mohammad Zeeshan,PSL,4,80,134,1,28,4,2,13.3,10.05,134.0,35.0,80.0
Musheer Khan,IPL,1,12,27,1,1,0,0,2.0,13.5,27.0,8.33,12.0
Mustafa Atmaca,T20I,1,6,14,1,2,0,0,1.0,14.0,14.0,33.33,6.0
JS Henriksen,T20I,4,36,81,1,10,2,0,6.0,13.5,81.0,27.78,36.0
JS Paris,ODI,2,96,93,1,47,2,0,16.0,5.81,93.0,48.96,96.0
SM Sharma,T20I,4,66,115,1,22,1,0,11.0,10.45,115.0,33.33,66.0
Afif Khattak,T20I,1,18,25,1,9,1,0,3.0,8.33,25.0,50.0,18.0
MJ Mindley,ODI,1,42,45,1,25,1,0,7.0,6.43,45.0,59.52,42.0
LA Carseldine,IPL,1,6,6,1,4,1,0,1.0,6.0,6.0,66.67,6.0
PJC Hoffmann,ODI,5,192,177,1,120,4,0,32.0,5.53,177.0,62.5,192.0
LS Mulivai,T20I,2,44,36,1,28,2,2,7.3,4.91,36.0,63.64,44.0
Laiba Nasrullah,T20I,5,91,132,1,31,8,1,15.2,8.7,132.0,34.07,91.0
JS Ababu,ODI,2,78,75,1,49,3,0,13.0,5.77,75.0,62.82,78.0
DG Brownlie,Test,4,66,56,1,35,1,0,11.0,5.09,56.0,53.03,66.0
Shahbaz Ahmed,T20I,1,12,13,1,6,1,0,2.0,6.5,13.0,50.0,12.0
Shahid Ahmadzai,T20I,1,12,27,1,3,1,0,2.0,13.5,27.0,25.0,12.0
SMHH Aung,T20I,1,6,17,1,1,1,0,1.0,17.0,17.0,16.67,6.0
SMR Ruelas,T20I,2,30,22,1,15,6,6,5.0,4.4,22.0,50.0,30.0
SMSM Senanayake,Test,1,138,96,1,81,0,0,23.0,4.17,96.0,58.7,138.0
Adhitya Shetty,ODI,1,60,56,1,29,0,0,10.0,5.6,56.0,48.33,60.0
Fazl-e-Akbar,Test,1,244,163,1,176,0,0,40.7,4.01,163.0,72.13,244.0
G Ribeiro,T20I,2,13,14,1,7,1,1,2.2,6.46,14.0,53.85,13.0
G Richardson,T20I,1,25,42,1,10,3,1,4.2,10.08,42.0,40.0,25.0
MO Bacarese,T20I,2,48,32,1,25,1,0,8.0,4.0,32.0,52.08,48.0
A Denuwan,T20I,3,38,51,1,9,2,0,6.3,8.05,51.0,23.68,38.0
LB Williams,IPL,2,38,74,1,13,4,2,6.3,11.68,74.0,34.21,38.0
LC Romero,ODI,1,24,52,1,9,2,0,4.0,13.0,52.0,37.5,24.0
DS Bajwa,ODI,3,54,52,1,34,2,0,9.0,5.78,52.0,62.96,54.0
BMAJ Mendis,IPL,2,30,36,1,11,0,0,5.0,7.2,36.0,36.67,30.0
BO van Rooi,ODI,3,120,123,1,61,10,0,20.0,6.15,123.0,50.83,120.0
A Djorovic,T20I,6,70,149,1,18,11,0,11.7,12.77,149.0,25.71,70.0
CMG Atkins,Test,3,72,36,1,55,0,0,12.0,3.0,36.0,76.39,72.0
JP Duminy,PSL,3,54,70,1,21,4,0,9.0,7.78,70.0,38.89,54.0
Abraar Khan,T20I,1,12,10,1,5,0,0,2.0,5.0,10.0,41.67,12.0
Absar Khan,T20I,1,6,8,1,1,0,0,1.0,8.0,8.0,16.67,6.0
Abu Hider,ODI,1,54,43,1,32,0,0,9.0,4.78,43.0,59.26,54.0
Mosharraf Hossain,ODI,4,150,124,1,74,3,0,25.0,4.96,124.0,49.33,150.0
AR Patwa,T20I,2,12,18,1,3,0,0,2.0,9.0,18.0,25.0,12.0
AR Shetty,T20I,2,41,60,1,16,12,2,6.8,8.78,60.0,39.02,41.0
Younis Khan,ODI,15,215,217,1,77,7,3,35.8,6.06,217.0,35.81,215.0
LE Milliken,ODI,1,48,37,1,32,1,0,8.0,4.62,37.0,66.67,48.0
LG Moras,T20I,7,110,135,1,54,10,1,18.3,7.36,135.0,49.09,110.0
PD Blignaut,ODI,1,24,28,1,5,0,0,4.0,7.0,28.0,20.83,24.0
HR Johnson,ODI,2,66,70,1,37,1,6,11.0,6.36,70.0,56.06,66.0
H Virdee,T20I,1,12,26,1,4,0,0,2.0,13.0,26.0,33.33,12.0
HA Daluwatta,T20I,6,42,71,1,15,16,5,7.0,10.14,71.0,35.71,42.0
APS Sanchez,T20I,1,13,13,1,7,3,2,2.2,6.0,13.0,53.85,13.0
Fayyaz Ahmed,T20I,1,18,31,1,5,0,0,3.0,10.33,31.0,27.78,18.0
G Essoun,T20I,1,25,40,1,11,5,1,4.2,9.6,40.0,44.0,25.0
JN du Plooy,T20I,2,30,53,1,12,1,0,5.0,10.6,53.0,40.0,30.0
Abu Jayed,T20I,1,24,46,1,8,3,0,4.0,11.5,46.0,33.33,24.0
Munir Dar,ODI,2,108,90,1,47,0,0,18.0,5.0,90.0,43.52,108.0
Francesca Galan,T20I,1,2,3,1,2,3,0,0.3,9.0,3.0,100.0,2.0
HC Brook,Test,6,145,106,1,94,0,1,24.2,4.39,106.0,64.83,145.0
MM Lanning,ODI,2,42,44,1,20,3,0,7.0,6.29,44.0,47.62,42.0
MM Lanning,T20I,1,13,11,1,7,2,1,2.2,5.08,11.0,53.85,13.0
MM Sarwar,T20I,1,12,15,1,8,0,0,2.0,7.5,15.0,66.67,12.0
MMA Jonkman,ODI,1,24,21,1,15,2,0,4.0,5.25,21.0,62.5,24.0
D Madushanka,IPL,1,24,36,1,8,4,0,4.0,9.0,36.0,33.33,24.0
PA Wadenpohl,T20I,3,33,58,1,7,7,4,5.5,10.55,58.0,21.21,33.0
BR Hampton,PSL,1,12,32,1,4,0,0,2.0,16.0,32.0,33.33,12.0
BRM Taylor,T20I,2,30,21,1,17,0,0,5.0,4.2,21.0,56.67,30.0
OS Dlamini,T20I,2,26,42,1,4,5,2,4.3,9.69,42.0,15.38,26.0
G Axtell,T20I,2,42,42,1,22,2,0,7.0,6.0,42.0,52.38,42.0
A Curavic,T20I,1,6,11,1,3,0,0,1.0,11.0,11.0,50.0,6.0
M Tom,ODI,3,151,97,1,98,6,1,25.2,3.85,97.0,64.9,151.0
SP de Alwis,ODI,2,108,93,1,60,2,0,18.0,5.17,93.0,55.56,108.0
SPD Smith,PSL,1,6,14,1,2,0,0,1.0,14.0,14.0,33.33,6.0
Abdur Rehman,PSL,1,18,28,1,5,2,0,3.0,9.33,28.0,27.78,18.0
Saqib Khan,PSL,2,31,44,1,7,0,1,5.2,8.52,44.0,22.58,31.0
Sara Vivek,T20I,3,49,69,1,27,17,1,8.2,8.45,69.0,55.1,49.0
Saran Maliwan,T20I,1,25,27,1,14,0,1,4.2,6.48,27.0,56.0,25.0
Saud Shakeel,ODI,3,47,37,1,18,0,0,7.8,4.72,37.0,38.3,47.0
G Toka,T20I,1,18,20,1,5,0,0,3.0,6.67,20.0,27.78,18.0
JH Kiani,T20I,1,24,27,1,10,2,0,4.0,6.75,27.0,41.67,24.0
JI Rodrigues,T20I,5,54,50,1,24,2,0,9.0,5.56,50.0,44.44,54.0
Saurabh Kumar,T20I,4,42,82,1,7,0,0,7.0,11.71,82.0,16.67,42.0
Serdar Burak Emir,T20I,4,56,123,1,13,4,2,9.3,13.18,123.0,23.21,56.0
M du Preez,ODI,2,16,22,1,6,2,1,2.7,8.25,22.0,37.5,16.0
M van Jaarsveld,ODI,1,30,20,1,21,2,0,5.0,4.0,20.0,70.0,30.0
JM Vince,ODI,2,42,38,1,22,1,0,7.0,5.43,38.0,52.38,42.0
JM Willathgamuwa,T20I,7,79,97,1,33,5,1,13.2,7.37,97.0,41.77,79.0
JN Gillespie,T20I,1,24,49,1,5,1,0,4.0,12.25,49.0,20.83,24.0
G Bloemen,ODI,3,67,73,1,38,16,1,11.2,6.54,73.0,56.72,67.0
SS Agarwal,IPL,1,24,42,1,7,0,0,4.0,10.5,42.0,29.17,24.0
Abdul Salman Khan,T20I,2,30,37,1,13,2,0,5.0,7.4,37.0,43.33,30.0
CJ McKay,IPL,2,42,60,1,14,0,0,7.0,8.57,60.0,33.33,42.0
CJ McKay,Test,1,171,105,1,122,0,3,28.5,3.68,105.0,71.35,171.0
Basharat Hussain,T20I,4,66,104,1,14,3,0,11.0,9.45,104.0,21.21,66.0
LI Meriwala,IPL,1,19,32,1,6,0,1,3.2,10.11,32.0,31.58,19.0
LJ Harper,Test,1,230,84,1,188,0,2,38.3,2.19,84.0,81.74,230.0
LK Hamilton,ODI,2,78,69,1,48,0,0,13.0,5.31,69.0,61.54,78.0
PA Desai,T20I,1,18,32,1,5,1,0,3.0,10.67,32.0,27.78,18.0
D Madushanka,Test,1,102,77,1,69,0,0,17.0,4.53,77.0,67.65,102.0
D Mogan,T20I,3,72,116,1,23,1,0,12.0,9.67,116.0,31.94,72.0
Yuanyuan Cai,T20I,3,36,36,1,20,8,0,6.0,6.0,36.0,55.56,36.0
P Chakraborty,T20I,1,12,1,1,11,0,0,2.0,0.5,1.0,91.67,12.0
P Molkenboer,ODI,1,18,10,1,10,1,0,3.0,3.33,10.0,55.56,18.0
SS Mundhe,IPL,1,6,6,1,4,1,0,1.0,6.0,6.0,66.67,6.0
SS Sarkar,IPL,2,25,34,1,4,0,0,4.2,8.16,34.0,16.0,25.0
G Fernando,T20I,2,18,33,1,6,2,0,3.0,11.0,33.0,33.33,18.0
G Ford,T20I,5,76,91,1,39,14,1,12.7,7.18,91.0,51.32,76.0
G Goudie,T20I,3,48,71,1,10,1,0,8.0,8.88,71.0,20.83,48.0
G Hoey,ODI,2,102,115,1,36,0,0,17.0,6.76,115.0,35.29,102.0
G Ingabire,T20I,1,12,14,1,7,0,0,2.0,7.0,14.0,58.33,12.0
CKB Kulasekara,Test,1,171,80,1,128,1,3,28.5,2.81,80.0,74.85,171.0
Sani E Zehra,T20I,2,42,69,1,6,7,0,7.0,9.86,69.0,14.29,42.0
AS Jaggernauth,Test,1,138,100,1,95,0,0,23.0,4.35,100.0,68.84,138.0
Sanjida Akter Meghla,ODI,2,60,57,1,32,1,0,10.0,5.7,57.0,53.33,60.0
Saqib Ali,ODI,2,60,58,1,22,2,0,10.0,5.8,58.0,36.67,60.0
Abhishek Anand,T20I,2,12,8,1,5,1,0,2.0,4.0,8.0,41.67,12.0
JM Mennie,Test,1,168,88,1,127,0,0,28.0,3.14,88.0,75.6,168.0
G Johnson,T20I,3,48,52,1,21,0,0,8.0,6.5,52.0,43.75,48.0
G Kansonkho,T20I,3,18,32,1,5,0,0,3.0,10.67,32.0,27.78,18.0
SSB Magala,IPL,2,36,52,1,6,1,0,6.0,8.67,52.0,16.67,36.0
SSD Arachchige,ODI,2,42,28,1,18,0,0,7.0,4.0,28.0,42.86,42.0
SSM Stanislaus,T20I,2,19,30,1,7,0,0,3.2,9.47,30.0,36.84,19.0
CK Hooper,ODI,2,67,89,1,34,5,0,11.2,7.97,89.0,50.75,67.0
CK Tshuma,ODI,2,66,83,1,33,1,0,11.0,7.55,83.0,50.0,66.0
Muhammad Zohaib,T20I,2,30,18,1,19,0,0,5.0,3.6,18.0,63.33,30.0
HMHE Parsons,T20I,3,18,38,1,4,1,0,3.0,12.67,38.0,22.22,18.0
HC Overdijk,T20I,1,12,11,1,5,1,0,2.0,5.5,11.0,41.67,12.0
LK Hamilton,T20I,1,12,11,1,6,0,0,2.0,5.5,11.0,50.0,12.0
LK Sharma,T20I,1,18,29,1,7,0,0,3.0,9.67,29.0,38.89,18.0
LKW Ezechiel,T20I,3,55,115,1,12,5,1,9.2,12.55,115.0,21.82,55.0
DR Martyn,ODI,3,90,78,1,33,0,0,15.0,5.2,78.0,36.67,90.0
P Subrayen,ODI,2,120,120,1,51,0,0,20.0,6.0,120.0,42.5,120.0
Baljinder Singh,T20I,1,18,29,1,6,0,0,3.0,9.67,29.0,33.33,18.0
Abdul Nasir,PSL,2,42,42,1,16,0,0,7.0,6.0,42.0,38.1,42.0
SV Collyer,Test,1,229,24,1,212,0,1,38.2,0.63,24.0,92.58,229.0
AZ Shah,T20I,2,30,53,1,13,1,0,5.0,10.6,53.0,43.33,30.0
JL Ontong,Test,1,175,123,1,120,0,2,29.2,4.22,123.0,68.57,175.0
P Raghunath,T20I,3,35,30,1,19,2,5,5.8,5.14,30.0,54.29,35.0
P Roy,ODI,1,34,28,1,21,0,0,5.7,4.94,28.0,61.76,34.0
HE van der Dussen,ODI,1,6,3,1,3,0,0,1.0,3.0,3.0,50.0,6.0
Z Abbasi,T20I,2,24,16,1,14,1,0,4.0,4.0,16.0,58.33,24.0
ZE Matsinhe,T20I,5,72,91,1,35,3,0,12.0,7.58,91.0,48.61,72.0
ZK Shem,T20I,2,32,61,1,7,3,2,5.3,11.44,61.0,21.88,32.0
ZR Jaboneke,T20I,3,36,28,1,20,2,0,6.0,4.67,28.0,55.56,36.0
D Nikolov,T20I,6,52,90,1,16,2,0,8.7,10.38,90.0,30.77,52.0
Sandeep Sharma,T20I,2,43,75,1,15,4,1,7.2,10.47,75.0,34.88,43.0
Mudassir Iqbal,T20I,6,73,121,1,28,7,1,12.2,9.95,121.0,38.36,73.0
Muhammad Amin,T20I,2,30,44,1,12,5,0,5.0,8.8,44.0,40.0,30.0
CK Tshuma,Test,1,150,85,1,105,0,0,25.0,3.4,85.0,70.0,150.0
HK Kukreja,T20I,2,24,51,1,3,1,0,4.0,12.75,51.0,12.5,24.0
HK Olonga,ODI,2,50,33,1,34,1,8,8.3,3.96,33.0,68.0,50.0
HL Baker,ODI,2,78,78,1,27,4,0,13.0,6.0,78.0,34.62,78.0
JJ Tucker,T20I,4,42,62,1,8,1,0,7.0,8.86,62.0,19.05,42.0
Sajid Khan,T20I,3,50,78,1,14,3,1,8.3,9.36,78.0,28.0,50.0
Sajid Khan Afridi,T20I,3,42,79,1,12,3,0,7.0,11.29,79.0,28.57,42.0
AS Tanke,ODI,2,60,58,1,34,8,0,10.0,5.8,58.0,56.67,60.0
JL de Mey,T20I,2,42,67,1,15,2,0,7.0,9.57,67.0,35.71,42.0
M Vijay,ODI,2,36,38,1,15,2,0,6.0,6.33,38.0,41.67,36.0
M Vijay,Test,14,384,207,1,267,1,0,64.0,3.23,207.0,69.53,384.0
M Walker,T20I,1,18,23,1,6,3,0,3.0,7.67,23.0,33.33,18.0
AS Wikman,T20I,4,31,47,1,12,4,0,5.2,9.1,47.0,38.71,31.0
Salman Butt,Test,4,138,108,1,78,0,1,23.0,4.7,108.0,56.52,138.0
JJ Esmeijer,ODI,3,157,139,1,78,2,1,26.2,5.31,139.0,49.68,157.0
G Kuthalingham,T20I,2,37,33,1,17,2,1,6.2,5.35,33.0,45.95,37.0
G Malla,ODI,2,18,18,1,10,1,0,3.0,6.0,18.0,55.56,18.0
Muhammad Naeem,PSL,1,18,15,1,7,1,0,3.0,5.0,15.0,38.89,18.0
M Zdravkova,T20I,3,46,38,1,22,9,5,7.7,4.96,38.0,47.83,46.0
M Zondeki,T20I,1,18,42,1,6,3,0,3.0,14.0,42.0,33.33,18.0
Muhammad Shahzad,PSL,4,21,43,1,9,0,0,3.5,12.29,43.0,42.86,21.0
SZ Thakor,T20I,3,66,97,1,24,3,0,11.0,8.82,97.0,36.36,66.0
Sabah Nawab,T20I,1,24,24,1,10,2,0,4.0,6.0,24.0,41.67,24.0
Sabahat Rasheed,ODI,2,89,68,1,47,2,0,14.8,4.58,68.0,52.81,89.0
Muhammad Saleem,T20I,2,18,9,1,12,1,0,3.0,3.0,9.0,66.67,18.0
LM Gabriel,T20I,6,72,102,1,25,11,0,12.0,8.5,102.0,34.72,72.0
LM Jongwe,Test,1,102,68,1,69,0,0,17.0,4.0,68.0,67.65,102.0
LMP Simmons,IPL,1,18,34,1,2,0,0,3.0,11.33,34.0,11.11,18.0
LMP Simmons,ODI,12,158,172,1,53,5,2,26.3,6.53,172.0,33.54,158.0
LMP Simmons,Test,4,193,149,1,105,4,1,32.2,4.63,149.0,54.4,193.0
Oliver Rowe,T20I,1,12,7,1,8,2,0,2.0,3.5,7.0,66.67,12.0
MJ Tugaga,T20I,2,42,44,1,20,5,0,7.0,6.29,44.0,47.62,42.0
D Pretorius,PSL,2,48,79,1,9,4,0,8.0,9.88,79.0,18.75,48.0
JL Aras,ODI,3,120,96,1,84,13,0,20.0,4.8,96.0,70.0,120.0
A Awasthi,T20I,2,24,75,1,3,3,0,4.0,18.75,75.0,12.5,24.0
Zhao Tianle,T20I,2,24,55,1,8,1,0,4.0,13.75,55.0,33.33,24.0
Zheng Lili,T20I,7,130,99,1,74,6,0,21.7,4.57,99.0,56.92,130.0
A Bohara,ODI,2,66,51,1,43,0,0,11.0,4.64,51.0,65.15,66.0
A Bosch,ODI,7,156,134,1,72,3,0,26.0,5.15,134.0,46.15,156.0
Zain Abbas,ODI,1,36,56,1,14,2,0,6.0,9.33,56.0,38.89,36.0
Zainullah Ihsan,T20I,2,42,76,1,9,0,0,7.0,10.86,76.0,21.43,42.0
A Amado,T20I,2,12,20,1,8,6,0,2.0,10.0,20.0,66.67,12.0
MK Tiwary,IPL,6,42,83,1,9,3,0,7.0,11.86,83.0,21.43,42.0
JL Denly,PSL,1,12,15,1,7,0,0,2.0,7.5,15.0,58.33,12.0
JL Louw,ODI,1,60,60,1,27,1,0,10.0,6.0,60.0,45.0,60.0
JL Ontong,ODI,1,18,24,1,5,0,0,3.0,8.0,24.0,27.78,18.0
AW Mathieson,ODI,1,24,40,1,6,1,0,4.0,10.0,40.0,25.0,24.0
AW Wambua,T20I,1,13,11,1,10,1,1,2.2,5.08,11.0,76.92,13.0
Saeed Anwar,ODI,1,24,15,1,13,0,0,4.0,3.75,15.0,54.17,24.0
RT Ponting,Test,11,156,93,1,109,2,0,26.0,3.58,93.0,69.87,156.0
Awais Ahmad,T20I,1,14,20,1,6,1,2,2.3,8.57,20.0,42.86,14.0
Ayesha Zafar,ODI,3,48,59,1,17,3,0,8.0,7.38,59.0,35.42,48.0
C Munoz-Mills,T20I,1,6,3,1,4,1,0,1.0,3.0,3.0,66.67,6.0
Marina Iqbal,ODI,3,48,62,1,19,1,0,8.0,7.75,62.0,39.58,48.0
Marina Iqbal,T20I,3,30,35,1,11,1,0,5.0,7.0,35.0,36.67,30.0
Tanvir Ahmed (1),ODI,1,37,45,1,21,0,1,6.2,7.3,45.0,56.76,37.0
A Balbirnie,ODI,1,24,31,1,10,0,0,4.0,7.75,31.0,41.67,24.0
A Bhargava,T20I,1,12,15,1,8,1,0,2.0,7.5,15.0,66.67,12.0
A Bidari,T20I,1,24,17,1,13,2,0,4.0,4.25,17.0,54.17,24.0
A Alfonso,T20I,1,24,15,1,16,2,0,4.0,3.75,15.0,66.67,24.0
MKDI Amerasinghe,Test,1,150,108,1,100,0,0,25.0,4.32,108.0,66.67,150.0
ML Green,ODI,6,112,109,1,51,4,0,18.7,5.84,109.0,45.54,112.0
Zikria Islam,T20I,2,24,28,1,8,1,0,4.0,7.0,28.0,33.33,24.0
HF Gurney,PSL,1,12,14,1,7,0,0,2.0,7.0,14.0,58.33,12.0
JKC Claxton,ODI,6,145,216,1,58,20,1,24.2,8.94,216.0,40.0,145.0
A Athanaze,T20I,1,7,16,0,1,0,1,1.2,13.71,16.0,14.29,7.0
A Aitken,T20I,3,42,40,0,12,2,0,7.0,5.71,40.0,28.57,42.0
D Myers,T20I,6,60,126,0,13,5,0,10.0,12.6,126.0,21.67,60.0
Zahir Mohammed,T20I,1,6,23,0,1,1,0,1.0,23.0,23.0,16.67,6.0
Zahoor Khan,PSL,1,6,23,0,0,1,0,1.0,23.0,23.0,0.0,6.0
Zou Kui,T20I,1,12,37,0,2,3,0,2.0,18.5,37.0,16.67,12.0
P Fernando,T20I,1,6,13,0,0,3,0,1.0,13.0,13.0,0.0,6.0
Zaheer Ibrahim,T20I,1,6,3,0,3,0,0,1.0,3.0,3.0,50.0,6.0
Zafar Gohar,Test,1,192,159,0,92,0,0,32.0,4.97,159.0,47.92,192.0
HM Watson,ODI,1,42,25,0,31,1,0,7.0,3.57,25.0,73.81,42.0
HM Omary,T20I,1,12,7,0,6,0,0,2.0,3.5,7.0,50.0,12.0
HM Amla,Test,5,54,37,0,32,0,0,9.0,4.11,37.0,59.26,54.0
HL Tau,ODI,2,37,29,0,21,1,1,6.2,4.7,29.0,56.76,37.0
HK Bennett,Test,1,90,48,0,71,1,0,15.0,3.2,48.0,78.89,90.0
D Njoroge,T20I,4,39,59,0,12,3,0,6.5,9.08,59.0,30.77,39.0
D Pearce,T20I,1,7,8,0,2,2,1,1.2,6.86,8.0,28.57,7.0
Osman Khan,T20I,1,6,20,0,0,0,0,1.0,20.0,20.0,0.0,6.0
Omid Shafi Rahman,ODI,2,78,104,0,45,2,0,13.0,8.0,104.0,57.69,78.0
Bilal Shah,T20I,1,12,18,0,2,0,0,2.0,9.0,18.0,16.67,12.0
Omid Mailk Khel,T20I,1,12,11,0,6,0,0,2.0,5.5,11.0,50.0,12.0
Omar Hussain,T20I,1,7,11,0,3,0,1,1.2,9.43,11.0,42.86,7.0
Bilal Asif,PSL,1,12,19,0,4,0,0,2.0,9.5,19.0,33.33,12.0
DI Dusabemungu,T20I,1,6,7,0,2,0,0,1.0,7.0,7.0,33.33,6.0
JM Joao,T20I,3,24,41,0,8,4,0,4.0,10.25,41.0,33.33,24.0
JM How,Test,2,12,4,0,10,0,0,2.0,2.0,4.0,83.33,12.0
JM Dibble,T20I,1,12,21,0,5,1,0,2.0,10.5,21.0,41.67,12.0
JL du Plooy,PSL,1,6,2,0,4,0,0,1.0,2.0,2.0,66.67,6.0
AS Raut,IPL,5,30,45,0,7,0,0,5.0,9.0,45.0,23.33,30.0
Sajid Safi,T20I,1,6,15,0,1,0,0,1.0,15.0,15.0,16.67,6.0
Sajid Patel,T20I,1,0,1,0,0,1,0,0.0,6.0,1.0,0.0,0.0
Sajedul Islam,T20I,1,6,15,0,0,1,0,1.0,15.0,15.0,0.0,6.0
JKC Ahir,T20I,3,19,34,0,2,1,0,3.2,10.74,34.0,10.53,19.0
JK Masara,T20I,1,6,5,0,1,0,0,1.0,5.0,5.0,16.67,6.0
JJ Wright,T20I,2,22,29,0,9,1,0,3.7,7.91,29.0,40.91,22.0
G Obukor,T20I,3,43,28,0,28,0,0,7.2,3.91,28.0,65.12,43.0
DI Allan,ODI,1,18,13,0,8,0,0,3.0,4.33,13.0,44.44,18.0
Sachin Ganpat Shinde,T20I,1,12,24,0,5,1,0,2.0,12.0,24.0,41.67,12.0
Sabreen Zaki,T20I,3,30,44,0,13,5,0,5.0,8.8,44.0,43.33,30.0
SV Bahutule,ODI,1,19,24,0,6,0,1,3.2,7.58,24.0,31.58,19.0
ST de Silva,T20I,1,6,10,0,2,0,0,1.0,10.0,10.0,33.33,6.0
Aashita Gupta,T20I,1,3,3,0,1,0,1,0.5,6.0,3.0,33.33,3.0
Aaron Jones,ODI,10,197,196,0,96,3,0,32.8,5.97,196.0,48.73,197.0
Muhammet Bicer,T20I,1,6,5,0,4,3,0,1.0,5.0,5.0,66.67,6.0
Muhammed Manga,T20I,1,9,20,0,4,2,1,1.5,13.33,20.0,44.44,9.0
JJ Griffin,T20I,1,6,13,0,2,0,0,1.0,13.0,13.0,33.33,6.0
JI Rodrigues,Test,1,12,13,0,6,0,0,2.0,6.5,13.0,50.0,12.0
San Nyo Htwe,T20I,1,6,5,0,5,1,0,1.0,5.0,5.0,83.33,6.0
Samiullah Khan,ODI,2,121,115,0,61,2,1,20.2,5.7,115.0,50.41,121.0
Sami Faridi,ODI,1,36,27,0,22,1,0,6.0,4.5,27.0,61.11,36.0
Sameer Minhas,PSL,1,7,10,0,4,0,1,1.2,8.57,10.0,57.14,7.0
Salman Butt,ODI,6,72,90,0,27,0,3,12.0,7.5,90.0,37.5,72.0
AT Nidamanuru,ODI,1,6,8,0,3,0,0,1.0,8.0,8.0,50.0,6.0
M Vijay,T20I,1,12,10,0,4,0,0,2.0,5.0,10.0,33.33,12.0
M Vijay,IPL,4,36,49,0,8,1,0,6.0,8.17,49.0,22.22,36.0
Muhammad Younis,T20I,1,6,13,0,2,1,0,1.0,13.0,13.0,33.33,6.0
CK Tshuma,T20I,1,6,10,0,3,1,0,1.0,10.0,10.0,50.0,6.0
CK Kapugedera,Test,1,12,9,0,7,0,0,2.0,4.5,9.0,58.33,12.0
CK Kapugedera,IPL,3,17,49,0,0,0,0,2.8,17.29,49.0,0.0,17.0
CK Holder,ODI,1,20,26,0,10,0,2,3.3,7.8,26.0,50.0,20.0
Muhammad Akram,T20I,2,24,30,0,6,0,0,4.0,7.5,30.0,25.0,24.0
Muhammad Ajmal,T20I,2,12,21,0,6,6,0,2.0,10.5,21.0,50.0,12.0
Muhammad Afis,T20I,1,6,18,0,2,0,0,1.0,18.0,18.0,33.33,6.0
Mubeen Tariq,T20I,1,12,32,0,3,2,0,2.0,16.0,32.0,25.0,12.0
Mrittunjoy Chowdhury,T20I,1,6,14,0,3,1,0,1.0,14.0,14.0,50.0,6.0
Mrittunjoy Chowdhury,ODI,1,49,68,0,22,2,1,8.2,8.33,68.0,44.9,49.0
Mounica Chowdary,T20I,3,37,45,0,14,8,1,6.2,7.3,45.0,37.84,37.0
Moshiur Rahman,T20I,1,4,14,0,0,0,0,0.7,21.0,14.0,0.0,4.0
Sangay Yangzom,T20I,3,30,48,0,7,2,0,5.0,9.6,48.0,23.33,30.0
Sandeep Goud,ODI,6,90,80,0,48,1,0,15.0,5.33,80.0,53.33,90.0
Aamer Azmat,PSL,1,6,3,0,4,1,0,1.0,3.0,3.0,66.67,6.0
JM Polarouthu,T20I,2,26,46,0,5,3,2,4.3,10.62,46.0,19.23,26.0
Sapan Mehta,T20I,1,6,9,0,3,0,0,1.0,9.0,9.0,50.0,6.0
Santosh Yadav,T20I,1,6,11,0,1,0,0,1.0,11.0,11.0,16.67,6.0
Sanjida Islam,ODI,1,7,12,0,3,1,1,1.2,10.29,12.0,42.86,7.0
AS Nadkarni,T20I,1,12,13,0,8,3,0,2.0,6.5,13.0,66.67,12.0
AS Dean,T20I,1,12,14,0,6,0,0,2.0,7.0,14.0,50.0,12.0
ARH Patel,T20I,1,6,4,0,5,1,0,1.0,4.0,4.0,83.33,6.0
CKB Kulasekara,ODI,4,78,82,0,25,1,0,13.0,6.31,82.0,32.05,78.0
G Gambhir,Test,1,12,4,0,8,0,0,2.0,2.0,4.0,66.67,12.0
G Gambhir,ODI,1,7,13,0,3,1,1,1.2,11.14,13.0,42.86,7.0
SS Upadhyay,ODI,1,54,59,0,17,0,0,9.0,6.56,59.0,31.48,54.0
SS Iyer,Test,1,6,2,0,4,0,0,1.0,2.0,2.0,66.67,6.0
SS Iyer,T20I,1,2,2,0,1,0,0,0.3,6.0,2.0,50.0,2.0
SS Iyer,ODI,5,37,39,0,18,2,0,6.2,6.32,39.0,48.65,37.0
SS Iyer,IPL,1,6,7,0,4,0,0,1.0,7.0,7.0,66.67,6.0
Muhammad Zaghlool,T20I,1,12,20,0,3,0,0,2.0,10.0,20.0,25.0,12.0
Saud Shakeel,Test,4,37,54,0,9,0,0,6.2,8.76,54.0,24.32,37.0
JG Kaur,T20I,1,19,18,0,11,3,1,3.2,5.68,18.0,57.89,19.0
JF Smith,ODI,1,30,29,0,9,1,0,5.0,5.8,29.0,30.0,30.0
Sarfraz Ahmed,PSL,1,4,6,0,3,0,0,0.7,9.0,6.0,75.0,4.0
Sarfraz Ahmed,ODI,1,12,15,0,4,0,0,2.0,7.5,15.0,33.33,12.0
Sara,T20I,2,20,39,0,4,4,2,3.3,11.7,39.0,20.0,20.0
Saqlain Sajib,T20I,1,21,40,0,5,1,0,3.5,11.43,40.0,23.81,21.0
Saqib Naveed,T20I,3,31,85,0,3,7,1,5.2,16.45,85.0,9.68,31.0
Abdur Razzak,IPL,1,13,29,0,5,1,1,2.2,13.38,29.0,38.46,13.0
SR Thadani,ODI,1,18,21,0,6,1,0,3.0,7.0,21.0,33.33,18.0
SR Tendulkar,IPL,4,36,59,0,5,1,0,6.0,9.83,59.0,13.89,36.0
SPY Baron,T20I,1,7,11,0,0,4,1,1.2,9.43,11.0,0.0,7.0
SPD Smith,IPL,1,2,5,0,0,0,0,0.3,15.0,5.0,0.0,2.0
Abul Hasan,ODI,7,216,245,0,104,5,0,36.0,6.81,245.0,48.15,216.0
SRMJJ Arachchilage,T20I,3,31,33,0,17,4,1,5.2,6.39,33.0,54.84,31.0
JM Vince,Test,4,24,13,0,17,0,0,4.0,3.25,13.0,70.83,24.0
CJ Green,IPL,1,17,24,0,6,0,0,2.8,8.47,24.0,35.29,17.0
Musa Shaheen,T20I,1,6,10,0,1,0,0,1.0,10.0,10.0,16.67,6.0
Musa Ahmed,ODI,1,6,5,0,1,0,0,1.0,5.0,5.0,16.67,6.0
Murtaza Yamin,T20I,1,18,29,0,8,0,0,3.0,9.67,29.0,44.44,18.0
Murat Ipek,T20I,1,7,4,0,5,1,1,1.2,3.43,4.0,71.43,7.0
Muktar Ali,T20I,1,12,17,0,3,0,0,2.0,8.5,17.0,25.0,12.0
Mujibur Ali,T20I,1,6,11,0,3,0,0,1.0,11.0,11.0,50.0,6.0
JNK Shannon,T20I,1,6,11,0,1,0,0,1.0,11.0,11.0,16.67,6.0
JN Snape,T20I,1,6,12,0,0,0,0,1.0,12.0,12.0,0.0,6.0
JN Mohammed,T20I,2,12,13,0,3,0,0,2.0,6.5,13.0,25.0,12.0
Mokbul Ahammed,T20I,2,24,25,0,10,0,0,4.0,6.25,25.0,41.67,24.0
MA Agarwal,ODI,1,6,10,0,2,0,0,1.0,10.0,10.0,33.33,6.0
M van Lingen,T20I,3,20,38,0,4,0,0,3.3,11.4,38.0,20.0,20.0
M du Preez,T20I,1,6,8,0,2,0,0,1.0,8.0,8.0,33.33,6.0
Sefu Athumani,T20I,1,1,6,0,0,0,0,0.2,36.0,6.0,0.0,1.0
Sazzad Hosen,T20I,1,12,22,0,2,0,0,2.0,11.0,22.0,16.67,12.0
Fayyaz Ahmed,ODI,2,102,69,0,57,0,0,17.0,4.06,69.0,55.88,102.0
Fayaz Mohammad,T20I,1,8,18,0,1,1,0,1.3,13.5,18.0,12.5,8.0
AQM Yako,T20I,1,18,11,0,10,2,0,3.0,3.67,11.0,55.56,18.0
Shadnan Khan,T20I,1,6,12,0,3,0,0,1.0,12.0,12.0,50.0,6.0
AR Naidoo,T20I,2,18,52,0,1,0,0,3.0,17.33,52.0,5.56,18.0
AR Menon,T20I,1,6,12,0,1,0,0,1.0,12.0,12.0,16.67,6.0
Mosaddek Hossain,Test,3,132,84,0,80,0,0,22.0,3.82,84.0,60.61,132.0
Monu Kumar,IPL,1,13,20,0,4,3,1,2.2,9.23,20.0,30.77,13.0
Mominul Haque,T20I,2,18,32,0,0,0,0,3.0,10.67,32.0,0.0,18.0
G Chapple,ODI,1,24,14,0,16,0,0,4.0,3.5,14.0,66.67,24.0
Adnan Syed,T20I,2,25,39,0,8,3,0,4.2,9.36,39.0,32.0,25.0
Adnan Shnwarei,T20I,2,18,24,0,8,2,0,3.0,8.0,24.0,44.44,18.0
Adnan Rasool,PSL,2,36,67,0,13,5,0,6.0,11.17,67.0,36.11,36.0
G Bajwa,ODI,1,37,40,0,18,1,0,6.2,6.49,40.0,48.65,37.0
Florencia Martinez,T20I,3,61,102,0,13,1,25,10.2,10.03,102.0,21.31,61.0
CJ Green,T20I,1,24,37,0,7,0,0,4.0,9.25,37.0,29.17,24.0
JT Manase,T20I,2,18,24,0,8,1,0,3.0,8.0,24.0,44.44,18.0
JS Malhotra,T20I,2,18,13,0,11,0,0,3.0,4.33,13.0,61.11,18.0
Mushtaq Ahmed,ODI,1,60,66,0,25,0,0,10.0,6.6,66.0,41.67,60.0
CM Willoughby,Test,1,120,48,0,102,2,0,20.0,2.4,48.0,85.0,120.0
CM Scott,T20I,1,6,6,0,3,2,0,1.0,6.0,6.0,50.0,6.0
CM McBride,T20I,1,6,14,0,0,0,0,1.0,14.0,14.0,0.0,6.0
CM Mbebe,T20I,1,24,27,0,13,1,0,4.0,6.75,27.0,54.17,24.0
JF Jimenez,T20I,2,29,26,0,14,6,11,4.8,5.38,26.0,48.28,29.0
JF Chester,T20I,1,7,18,0,2,0,1,1.2,15.43,18.0,28.57,7.0
JF Bangura,T20I,1,7,12,0,3,0,1,1.2,10.29,12.0,42.86,7.0
AR Bisht,T20I,2,18,25,0,7,3,0,3.0,8.33,25.0,38.89,18.0
AR Balla,T20I,1,6,16,0,1,2,0,1.0,16.0,16.0,16.67,6.0
Fazle Mahmud,ODI,1,18,16,0,9,2,0,3.0,5.33,16.0,50.0,18.0
SN Khan,IPL,1,2,6,0,0,0,0,0.3,18.0,6.0,0.0,2.0
SM Warnapura,Test,1,54,40,0,30,0,0,9.0,4.44,40.0,55.56,54.0
JPR Lamsam,ODI,1,12,27,0,2,0,0,2.0,13.5,27.0,16.67,12.0
Ahmed Raid,T20I,1,12,14,0,1,0,0,2.0,7.0,14.0,8.33,12.0
Ahmad Ullah,T20I,1,12,31,0,2,0,0,2.0,15.5,31.0,16.67,12.0
SM Ariyasinghage,T20I,1,7,16,0,1,1,1,1.2,13.71,16.0,14.29,7.0
SL Clephane,T20I,1,12,30,0,2,5,0,2.0,15.0,30.0,16.67,12.0
AN Petersen,ODI,1,6,7,0,3,3,0,1.0,7.0,7.0,50.0,6.0
JE Root,IPL,1,12,15,0,2,0,0,2.0,7.5,15.0,16.67,12.0
GA Guy,ODI,1,18,20,0,11,1,0,3.0,6.67,20.0,61.11,18.0
Shahid Arshad,T20I,1,6,17,0,1,0,0,1.0,17.0,17.0,16.67,6.0
Shaheryar Butt,T20I,2,7,18,0,2,0,0,1.2,15.43,18.0,28.57,7.0
Mohit Rathee,IPL,1,12,29,0,3,0,0,2.0,14.5,29.0,25.0,12.0
Musfirah Nur Ainaa,T20I,1,12,17,0,7,0,0,2.0,8.5,17.0,58.33,12.0
DG Blampied,ODI,3,78,78,0,36,1,0,13.0,6.0,78.0,46.15,78.0
M Uwase,T20I,1,6,11,0,1,0,0,1.0,11.0,11.0,16.67,6.0
JRD Ngana,T20I,1,13,9,0,10,3,1,2.2,4.15,9.0,76.92,13.0
JR Lucky,T20I,1,2,9,0,0,0,1,0.3,27.0,9.0,0.0,2.0
Aftab Ahmed,T20I,2,20,29,0,9,1,0,3.3,8.7,29.0,45.0,20.0
M Terblanche,ODI,1,12,0,0,12,0,0,2.0,0.0,0.0,100.0,12.0
Shamsur Rahman,Test,1,6,5,0,2,0,0,1.0,5.0,5.0,33.33,6.0
Shamsur Rahman,ODI,1,6,13,0,1,0,0,1.0,13.0,13.0,16.67,6.0
Shakerullah Safi,T20I,2,18,26,0,7,0,0,3.0,8.67,26.0,38.89,18.0
G Voll,T20I,1,6,10,0,3,0,0,1.0,10.0,10.0,50.0,6.0
G Urjindulam,T20I,1,8,13,0,2,3,2,1.3,9.75,13.0,25.0,8.0
JD Wildermuth,PSL,2,25,65,0,8,0,1,4.2,15.6,65.0,32.0,25.0
AP Devcich,PSL,2,12,32,0,5,2,0,2.0,16.0,32.0,41.67,12.0
N Chaiwai,ODI,1,12,5,0,7,0,0,2.0,2.5,5.0,58.33,12.0
N Baneti,T20I,1,7,9,0,3,0,1,1.2,7.71,9.0,42.86,7.0
Mustafa Omer,T20I,1,18,29,0,10,1,0,3.0,9.67,29.0,55.56,18.0
Mustafa Balkis,T20I,1,5,9,0,2,1,0,0.8,10.8,9.0,40.0,5.0
SKW Kelly,T20I,1,12,12,0,5,0,0,2.0,6.0,12.0,41.67,12.0
SK Yadav,ODI,1,48,39,0,32,0,0,8.0,4.88,39.0,66.67,48.0
Ahmed Shehzad,Test,2,48,28,0,25,0,0,8.0,3.5,28.0,52.08,48.0
Ahmed Shehzad,T20I,1,6,10,0,0,0,0,1.0,10.0,10.0,0.0,6.0
JWN Moses,T20I,2,48,47,0,22,1,0,8.0,5.88,47.0,45.83,48.0
JW Wilson,T20I,1,24,48,0,6,0,0,4.0,12.0,48.0,25.0,24.0
Mohammad Tauqir,T20I,2,30,35,0,13,1,0,5.0,7.0,35.0,43.33,30.0
Mohammad Taha,PSL,1,24,32,0,4,1,0,4.0,8.0,32.0,16.67,24.0
Mohammad Sharif,Test,2,299,199,0,203,3,1,49.8,3.99,199.0,67.89,299.0
CP Jack,ODI,1,24,21,0,10,0,0,4.0,5.25,21.0,41.67,24.0
JC Balt,ODI,2,24,23,0,17,2,0,4.0,5.75,23.0,70.83,24.0
AM Oyede,T20I,2,30,31,0,10,0,0,5.0,6.2,31.0,33.33,30.0
Shan Siddiqui,T20I,2,25,32,0,9,3,1,4.2,7.68,32.0,36.0,25.0
SK Rana,T20I,1,7,5,0,3,0,1,1.2,4.29,5.0,42.86,7.0
SK Naidu,ODI,1,18,22,0,7,0,0,3.0,7.33,22.0,38.89,18.0
SK Burke,ODI,1,25,13,0,18,0,1,4.2,3.12,13.0,72.0,25.0
SK Atai,ODI,2,48,35,0,26,0,0,8.0,4.38,35.0,54.17,48.0
Fakhar Zaman,T20I,1,6,12,0,2,0,0,1.0,12.0,12.0,33.33,6.0
Faizal Salehji,T20I,1,12,15,0,5,2,0,2.0,7.5,15.0,41.67,12.0
M Tiwari,IPL,1,6,14,0,0,0,0,1.0,14.0,14.0,0.0,6.0
Fathimath Anaal,T20I,1,6,4,0,4,1,0,1.0,4.0,4.0,66.67,6.0
SJ Andrews,ODI,1,24,13,0,19,0,0,4.0,3.25,13.0,79.17,24.0
SIR Dunkley,Test,2,18,25,0,7,0,0,3.0,8.33,25.0,38.89,18.0
Akbar-ur-Rehman,PSL,3,24,29,0,9,0,0,4.0,7.25,29.0,37.5,24.0
Akash Babu,T20I,1,6,11,0,2,0,0,1.0,11.0,11.0,33.33,6.0
N Joshi,T20I,1,6,4,0,4,2,0,1.0,4.0,4.0,66.67,6.0
Shenjian Zheng,T20I,1,7,32,0,1,0,1,1.2,27.43,32.0,14.29,7.0
Shehzad Gul,PSL,2,44,80,0,13,1,2,7.3,10.91,80.0,29.55,44.0
Shathira Jakir,ODI,1,18,22,0,9,1,0,3.0,7.33,22.0,50.0,18.0
AMN Andersen,T20I,1,10,18,0,3,4,0,1.7,10.8,18.0,30.0,10.0
AM Tribe,T20I,3,36,31,0,16,0,0,6.0,5.17,31.0,44.44,36.0
AM Tribe,ODI,2,12,20,0,3,1,0,2.0,10.0,20.0,25.0,12.0
JD Campbell,Test,2,61,38,0,42,1,0,10.2,3.74,38.0,68.85,61.0
JD Campbell,T20I,1,6,1,0,5,0,0,1.0,1.0,1.0,83.33,6.0
JD Campbell,ODI,1,6,13,0,0,0,0,1.0,13.0,13.0,0.0,6.0
SJ Modani,ODI,2,12,6,0,7,0,0,2.0,3.0,6.0,58.33,12.0
N Ihmeling,T20I,1,12,11,0,6,4,0,2.0,5.5,11.0,50.0,12.0
N Ifill,ODI,3,74,90,0,31,5,2,12.3,7.3,90.0,41.89,74.0
N Gnanapragasam,T20I,2,24,33,0,11,1,0,4.0,8.25,33.0,45.83,24.0
CJ Delany,T20I,3,30,61,0,12,5,0,5.0,12.2,61.0,40.0,30.0
CJ Dala,IPL,1,18,34,0,7,1,0,3.0,11.33,34.0,38.89,18.0
Ajay Kumar,T20I,1,24,16,0,17,0,0,4.0,4.0,16.0,70.83,24.0
DD Ebrahim,ODI,1,2,5,0,0,0,0,0.3,15.0,5.0,0.0,2.0
MA Carberry,ODI,1,6,12,0,1,0,0,1.0,12.0,12.0,16.67,6.0
MA Butcher,Test,3,108,88,0,73,5,0,18.0,4.89,88.0,67.59,108.0
CN Nation,ODI,1,6,9,0,3,0,0,1.0,9.0,9.0,50.0,6.0
AM Kupito,T20I,2,14,21,0,7,0,2,2.3,9.0,21.0,50.0,14.0
GC Smith,T20I,3,26,60,0,5,0,2,4.3,13.85,60.0,19.23,26.0
GA Stuurman,T20I,1,12,29,0,4,2,0,2.0,14.5,29.0,33.33,12.0
GA Rogers,T20I,1,25,52,0,4,1,1,4.2,12.48,52.0,16.0,25.0
JB Richards,T20I,1,4,8,0,0,0,0,0.7,12.0,8.0,0.0,4.0
Fathimath Malha,T20I,1,12,26,0,2,1,0,2.0,13.0,26.0,16.67,12.0
Ali Naqi,T20I,3,37,46,0,12,4,1,6.2,7.46,46.0,32.43,37.0
Ali Muaaz,T20I,1,1,1,0,0,0,0,0.2,6.0,1.0,0.0,1.0
AM Nayar,ODI,1,19,17,0,8,1,1,3.2,5.37,17.0,42.11,19.0
AM McCarthy,T20I,1,12,12,0,4,0,0,2.0,6.0,12.0,33.33,12.0
JA Whelan,ODI,1,12,7,0,10,3,0,2.0,3.5,7.0,83.33,12.0
AM McCarthy,ODI,1,12,10,0,5,0,0,2.0,5.0,10.0,41.67,12.0
CNIM Joyce,ODI,1,18,31,0,5,1,0,3.0,10.33,31.0,27.78,18.0
DJ Harris,IPL,2,18,26,0,4,0,0,3.0,8.67,26.0,22.22,18.0
M Shumba,ODI,1,29,27,0,14,0,0,4.8,5.59,27.0,48.28,29.0
M Shehani,ODI,1,30,30,0,13,0,0,5.0,6.0,30.0,43.33,30.0
SE Aley,T20I,2,25,39,0,4,1,1,4.2,9.36,39.0,16.0,25.0
SF Burger,ODI,2,66,67,0,26,2,0,11.0,6.09,67.0,39.39,66.0
Javed Hina,T20I,1,6,5,0,3,0,0,1.0,5.0,5.0,50.0,6.0
Jatinder Singh,T20I,2,13,23,0,4,0,0,2.2,10.62,23.0,30.77,13.0
Jamaluddin Ahmed,ODI,1,24,28,0,15,0,0,4.0,7.0,28.0,62.5,24.0
Jalaj S Saxena,IPL,1,18,27,0,5,0,0,3.0,9.0,27.0,27.78,18.0
SA Yadav,IPL,1,6,8,0,2,0,0,1.0,8.0,8.0,33.33,6.0
Sneh Rana,ODI,1,42,41,0,25,1,0,7.0,5.86,41.0,59.52,42.0
Smriti Anand,T20I,2,19,21,0,7,0,1,3.2,6.63,21.0,36.84,19.0
Skhawat Ali,ODI,1,48,71,0,11,1,0,8.0,8.88,71.0,22.92,48.0
Shuvagata Hom,ODI,1,12,9,0,7,0,0,2.0,4.5,9.0,58.33,12.0
Shubman Gill,Test,1,7,1,0,6,0,0,1.2,0.86,1.0,85.71,7.0
Shubman Gill,ODI,2,18,25,0,4,0,0,3.0,8.33,25.0,22.22,18.0
Alfredo Puentes,T20I,1,2,6,0,0,0,0,0.3,18.0,6.0,0.0,2.0
SC Kerrigan,Test,1,49,53,0,23,0,1,8.2,6.49,53.0,46.94,49.0
SC Cook,Test,1,12,16,0,6,0,0,2.0,8.0,16.0,50.0,12.0
John Bartlett,T20I,1,6,7,0,4,0,0,1.0,7.0,7.0,66.67,6.0
Joanne Hicks,T20I,1,20,12,0,15,5,0,3.3,3.6,12.0,75.0,20.0
Joanna Child,T20I,1,11,11,0,2,2,7,1.8,6.0,11.0,18.18,11.0
CH Gayle,PSL,1,6,5,0,1,0,0,1.0,5.0,5.0,16.67,6.0
SD Bahadur,ODI,1,18,19,0,9,2,0,3.0,6.33,19.0,50.0,18.0
Fahad Tariq,T20I,2,18,26,0,6,0,0,3.0,8.67,26.0,33.33,18.0
FLV Pula,T20I,1,6,8,0,2,2,0,1.0,8.0,8.0,33.33,6.0
FJ Mpegna,T20I,1,13,37,0,2,0,1,2.2,17.08,37.0,15.38,13.0
SA Engelbrecht,ODI,1,12,17,0,6,0,0,2.0,8.5,17.0,50.0,12.0
CR Smith,ODI,1,30,21,0,21,2,0,5.0,4.2,21.0,70.0,30.0
Mohammad Irfan (5),PSL,2,32,68,0,3,1,0,5.3,12.75,68.0,9.38,32.0
CT Mutombodzi,Test,1,114,70,0,77,0,0,19.0,3.68,70.0,67.54,114.0
MC Patel,ODI,2,80,54,0,53,2,0,13.3,4.05,54.0,66.25,80.0
AL Watkins,ODI,1,12,21,0,4,1,0,2.0,10.5,21.0,33.33,12.0
AL Tiwari,T20I,1,13,21,0,4,2,1,2.2,9.69,21.0,30.77,13.0
Sobu George,T20I,1,6,19,0,1,0,0,1.0,19.0,19.0,16.67,6.0
Sneha Shankar,T20I,1,4,7,0,1,0,0,0.7,10.5,7.0,25.0,4.0
N Mugabe,T20I,1,12,14,0,4,0,0,2.0,7.0,14.0,33.33,12.0
Jiaping Li,T20I,2,24,15,0,15,6,0,4.0,3.75,15.0,62.5,24.0
SB Bangar,ODI,3,66,60,0,29,2,0,11.0,5.45,60.0,43.94,66.0
SA van Breda,T20I,2,18,23,0,8,0,0,3.0,7.67,23.0,44.44,18.0
SA Yadav,ODI,1,12,17,0,5,0,0,2.0,8.5,17.0,41.67,12.0
S Wankhade,T20I,2,24,55,0,9,7,0,4.0,13.75,55.0,37.5,24.0
S Vig,T20I,2,24,18,0,13,0,0,4.0,4.5,18.0,54.17,24.0
S Vesawkar,T20I,2,30,42,0,5,0,0,5.0,8.4,42.0,16.67,30.0
N Rana,ODI,1,18,10,0,9,0,0,3.0,3.33,10.0,50.0,18.0
CE McConchie,PSL,3,46,87,0,15,3,0,7.7,11.35,87.0,32.61,46.0
Song Yangyang,T20I,2,18,29,0,6,2,0,3.0,9.67,29.0,33.33,18.0
Sohail Akhtar,PSL,1,1,0,0,1,0,0,0.2,0.0,0.0,100.0,1.0
Sohaibullah,PSL,1,18,26,0,5,1,0,3.0,8.67,26.0,27.78,18.0
Sohaib Maqsood,T20I,1,7,12,0,1,0,1,1.2,10.29,12.0,14.29,7.0
Sohaib Maqsood,PSL,1,6,8,0,2,0,0,1.0,8.0,8.0,33.33,6.0
Mohammad Mithun,ODI,1,12,12,0,6,1,0,2.0,6.0,12.0,50.0,12.0
Mohammad Khalil,Test,1,153,98,0,102,1,1,25.5,3.84,98.0,66.67,153.0
Junaid Zia,ODI,2,79,83,0,46,5,1,13.2,6.3,83.0,58.23,79.0
Junaid Siddique,Test,2,18,11,0,11,0,0,3.0,3.67,11.0,61.11,18.0
Jun Hyunwoo,T20I,1,24,25,0,9,0,0,4.0,6.25,25.0,37.5,24.0
Julie Hayes,Test,1,120,45,0,101,0,0,20.0,2.25,45.0,84.17,120.0
CB Lambert,ODI,1,60,66,0,27,2,0,10.0,6.6,66.0,45.0,60.0
DJ Terbrugge,Test,1,132,97,0,93,0,0,22.0,4.41,97.0,70.45,132.0
AL Kandappah,ODI,1,1,4,0,0,0,0,0.2,24.0,4.0,0.0,1.0
AK Perera,T20I,1,6,17,0,1,0,0,1.0,17.0,17.0,16.67,6.0
AK Perera,ODI,3,36,33,0,16,0,0,6.0,5.5,33.0,44.44,36.0
J Vijay,T20I,1,12,31,0,1,2,0,2.0,15.5,31.0,8.33,12.0
J Tugsjargal,T20I,2,15,18,0,5,0,3,2.5,7.2,18.0,33.33,15.0
J Thinley,T20I,2,18,25,0,8,0,0,3.0,8.33,25.0,44.44,18.0
J Souckova,T20I,1,11,19,0,3,8,5,1.8,10.36,19.0,27.27,11.0
M Sedgwick,T20I,1,6,22,0,1,0,0,1.0,22.0,22.0,16.67,6.0
M Pushpakumara,ODI,1,30,21,0,12,1,0,5.0,4.2,21.0,40.0,30.0
M Polimeri,T20I,1,6,8,0,0,0,0,1.0,8.0,8.0,0.0,6.0
S Tyagi,T20I,1,12,21,0,5,1,0,2.0,10.5,21.0,41.67,12.0
FDM Devonshire,ODI,1,12,10,0,6,0,0,2.0,5.0,10.0,50.0,12.0
SA Dias,T20I,1,6,14,0,1,1,2,1.0,14.0,14.0,16.67,6.0
S Weleilakeba,T20I,2,18,33,0,4,2,0,3.0,11.0,33.0,22.22,18.0
S Sheridan,T20I,1,13,24,0,4,6,1,2.2,11.08,24.0,30.77,13.0
S Sharma,ODI,2,96,75,0,60,4,0,16.0,4.69,75.0,62.5,96.0
MB Parmar,IPL,1,18,33,0,4,1,0,3.0,11.0,33.0,22.22,18.0
Mohammad Boota,ODI,1,12,11,0,6,0,0,2.0,5.5,11.0,50.0,12.0
Mohammad Azab,PSL,1,14,24,0,3,0,2,2.3,10.29,24.0,21.43,14.0
Mohammad Ayaz,T20I,1,12,29,0,7,1,0,2.0,14.5,29.0,58.33,12.0
Sultan Ahmed (2),ODI,2,72,58,0,36,0,0,12.0,4.83,58.0,50.0,72.0
Suhrawadi Shuvo,T20I,1,6,12,0,2,0,0,1.0,12.0,12.0,33.33,6.0
AL Kerrison,T20I,2,30,40,0,12,0,0,5.0,8.0,40.0,40.0,30.0
AL Kerai,T20I,1,6,10,0,3,0,0,1.0,10.0,10.0,50.0,6.0
Aman Hakim Khan,IPL,1,6,13,0,1,0,0,1.0,13.0,13.0,16.67,6.0
Aman Ali,ODI,1,12,22,0,4,2,0,2.0,11.0,22.0,33.33,12.0
Amalin Sorfina,T20I,8,66,76,0,23,4,0,11.0,6.91,76.0,34.85,66.0
S Toffoletto,T20I,1,1,2,0,0,1,0,0.2,12.0,2.0,0.0,1.0
S Tobgay,T20I,1,24,50,0,6,0,0,4.0,12.5,50.0,25.0,24.0
N Thailappan,T20I,1,18,40,0,1,0,0,3.0,13.33,40.0,5.56,18.0
K Kekez,T20I,1,13,29,0,2,0,1,2.2,13.38,29.0,15.38,13.0
K Kanwar,T20I,2,22,32,0,6,3,4,3.7,8.73,32.0,27.27,22.0
K Kadowaki-Fleming,T20I,1,6,8,0,3,1,0,1.0,8.0,8.0,50.0,6.0
NA Janes,T20I,1,6,12,0,2,0,0,1.0,12.0,12.0,33.33,6.0
AJ Strauss,ODI,1,6,3,0,4,0,0,1.0,3.0,3.0,66.67,6.0
Sunny Gupta,IPL,1,18,47,0,0,1,0,3.0,15.67,47.0,0.0,18.0
Sumon Khan,T20I,1,12,20,0,3,0,0,2.0,10.0,20.0,25.0,12.0
Sumit Kumar,IPL,2,20,38,0,4,2,0,3.3,11.4,38.0,20.0,20.0
Sumayya Abdul,T20I,4,67,110,0,11,6,1,11.2,9.85,110.0,16.42,67.0
MC Alex,T20I,3,52,86,0,11,5,3,8.7,9.92,86.0,21.15,52.0
DJ Mokoatsela,T20I,1,12,23,0,4,8,0,2.0,11.5,23.0,33.33,12.0
S Sriram,IPL,2,18,49,0,2,0,0,3.0,16.33,49.0,11.11,18.0
S Singh,T20I,1,6,8,0,2,0,0,1.0,8.0,8.0,33.33,6.0
K Goel,IPL,6,66,94,0,20,1,0,11.0,8.55,94.0,30.3,66.0
K Christie,ODI,1,9,18,0,2,0,3,1.5,12.0,18.0,22.22,9.0
FDM Karunaratne,ODI,2,16,18,0,7,0,0,2.7,6.75,18.0,43.75,16.0
M Mumford,T20I,1,9,12,0,6,8,3,1.5,8.0,12.0,66.67,9.0
M Mpongwana,ODI,1,19,25,0,7,0,1,3.2,7.89,25.0,36.84,19.0
M Montgomery,T20I,1,18,21,0,4,0,0,3.0,7.0,21.0,22.22,18.0
M Modric,T20I,1,8,13,0,0,1,0,1.3,9.75,13.0,0.0,8.0
NA Buley,Test,1,72,43,0,48,0,0,12.0,3.58,43.0,66.67,72.0
N Wadhera,IPL,2,17,22,0,3,0,0,2.8,7.76,22.0,17.65,17.0
N Vichara,T20I,1,13,21,0,3,3,1,2.2,9.69,21.0,23.08,13.0
S Sandeep Warrier,T20I,1,18,23,0,8,1,0,3.0,7.67,23.0,44.44,18.0
Suryansh Shedge,IPL,1,19,40,0,1,0,1,3.2,12.63,40.0,5.26,19.0
GF Cardos,T20I,1,6,12,0,0,0,0,1.0,12.0,12.0,0.0,6.0
GEF Barnett,T20I,1,6,11,0,1,1,0,1.0,11.0,11.0,16.67,6.0
J Reb,T20I,1,13,41,0,3,1,1,2.2,18.92,41.0,23.08,13.0
S Sandeepani,T20I,1,6,11,0,1,0,0,1.0,11.0,11.0,16.67,6.0
Ammad Uddin,T20I,1,6,10,0,2,0,0,1.0,10.0,10.0,33.33,6.0
Amma Kashif,T20I,3,30,34,0,18,7,0,5.0,6.8,34.0,60.0,30.0
K Kisova,T20I,3,27,37,0,4,6,9,4.5,8.22,37.0,14.81,27.0
S Ravikumar,ODI,1,54,35,0,31,0,0,9.0,3.89,35.0,57.41,54.0
S Raveendrakumar,T20I,1,14,18,0,4,1,2,2.3,7.71,18.0,28.57,14.0
S Rana,IPL,3,16,18,0,5,0,0,2.7,6.75,18.0,31.25,16.0
S Ramakrishnan,T20I,2,24,46,0,6,4,0,4.0,11.5,46.0,25.0,24.0
S Prasanna,Test,1,138,82,0,91,0,0,23.0,3.57,82.0,65.94,138.0
S Prasanna,PSL,2,30,57,0,6,1,0,5.0,11.4,57.0,20.0,30.0
F du Plessis,IPL,1,6,16,0,0,0,0,1.0,16.0,16.0,0.0,6.0
F Suluoto,T20I,1,6,16,0,1,0,0,1.0,16.0,16.0,16.67,6.0
K Maseko,T20I,1,9,19,0,0,3,3,1.5,12.67,19.0,0.0,9.0
J Post,T20I,1,6,12,0,0,1,0,1.0,12.0,12.0,0.0,6.0
J Perry,T20I,1,12,30,0,2,3,0,2.0,15.0,30.0,16.67,12.0
J Ogolla,T20I,1,12,10,0,7,3,0,2.0,5.0,10.0,58.33,12.0
J Nyumbu,T20I,2,36,77,0,11,0,0,6.0,12.83,77.0,30.56,36.0
J Newland,T20I,1,12,14,0,4,2,0,2.0,7.0,14.0,33.33,12.0
J Neill,ODI,1,30,34,0,16,4,0,5.0,6.8,34.0,53.33,30.0
M Ngoche,T20I,2,18,21,0,7,0,0,3.0,7.0,21.0,38.89,18.0
Aneeta Santhosh,T20I,1,12,15,0,3,0,0,2.0,7.5,15.0,25.0,12.0
S Pitabeddara,T20I,2,18,34,0,2,0,0,3.0,11.33,34.0,11.11,18.0
S Pattenden,T20I,4,34,48,0,10,14,4,5.7,8.47,48.0,29.41,34.0
K Mtunduwatha,T20I,1,6,10,0,1,0,0,1.0,10.0,10.0,16.67,6.0
K Mishara,T20I,1,6,10,0,0,0,0,1.0,10.0,10.0,0.0,6.0
K Mishara,ODI,1,6,9,0,2,0,0,1.0,9.0,9.0,33.33,6.0
T Kamungozi,T20I,1,12,17,0,2,0,0,2.0,8.5,17.0,16.67,12.0
T Kalosin,T20I,1,12,16,0,2,2,0,2.0,8.0,16.0,16.67,12.0
T Hewa,T20I,2,18,24,0,13,7,0,3.0,8.0,24.0,72.22,18.0
T Henderson,T20I,1,24,31,0,12,0,0,4.0,7.75,31.0,50.0,24.0
T Cross,T20I,1,12,9,0,5,1,0,2.0,4.5,9.0,41.67,12.0
T Chopel,T20I,1,12,29,0,4,1,0,2.0,14.5,29.0,33.33,12.0
T Calingin,T20I,1,7,15,0,2,3,1,1.2,12.86,15.0,28.57,7.0
T Bukenya,T20I,1,24,42,0,8,2,0,4.0,10.5,42.0,33.33,24.0
T Bavuma,ODI,1,37,22,0,24,0,0,6.2,3.57,22.0,64.86,37.0
S Rokuad,T20I,1,25,33,0,9,1,1,4.2,7.92,33.0,36.0,25.0
S Luus,Test,3,276,180,0,156,1,0,46.0,3.91,180.0,56.52,276.0
Anu Kadayat,T20I,1,6,9,0,2,1,0,1.0,9.0,9.0,33.33,6.0
K Schultz,T20I,4,36,51,0,11,3,0,6.0,8.5,51.0,30.56,36.0
GH Bodi,ODI,1,6,8,0,1,0,0,1.0,8.0,8.0,16.67,6.0
J Mubarak,Test,3,31,26,0,20,0,0,5.2,5.03,26.0,64.52,31.0
T Kazanci,T20I,4,45,69,0,8,7,1,7.5,9.2,69.0,17.78,45.0
T Katunga,T20I,1,6,11,0,3,1,0,1.0,11.0,11.0,50.0,6.0
S Mandhana,Test,1,12,8,0,7,0,0,2.0,4.0,8.0,58.33,12.0
K Penjor,T20I,1,12,19,0,6,1,0,2.0,9.5,19.0,50.0,12.0
ND McKenzie,Test,3,30,14,0,21,1,0,5.0,2.8,14.0,70.0,30.0
K Mataora,T20I,1,6,14,0,1,0,0,1.0,14.0,14.0,16.67,6.0
F du Plessis,Test,4,78,69,0,38,0,0,13.0,5.31,69.0,48.72,78.0
F du Plessis,T20I,2,8,3,0,5,0,0,1.3,2.25,3.0,62.5,8.0
S Midhun,IPL,1,12,29,0,4,1,0,2.0,14.5,29.0,33.33,12.0
S Matsikenyeri,Test,1,6,6,0,4,0,0,1.0,6.0,6.0,66.67,6.0
S Matsikenyeri,T20I,2,10,13,0,2,0,0,1.7,7.8,13.0,20.0,10.0
S Kollery,T20I,1,12,15,0,4,0,0,2.0,7.5,15.0,33.33,12.0
NJ Rimmington,IPL,1,18,20,0,10,0,0,3.0,6.67,20.0,55.56,18.0
NJ Maddinson,Test,2,36,28,0,22,0,0,6.0,4.67,28.0,61.11,36.0
MDUS Jayasundera,Test,1,43,45,0,15,0,1,7.2,6.28,45.0,34.88,43.0
MDT Kamini,ODI,1,30,31,0,9,1,0,5.0,6.2,31.0,30.0,30.0
MDJ Walker,ODI,1,30,27,0,12,0,0,5.0,5.4,27.0,40.0,30.0
MD Shanaka,PSL,1,12,23,0,2,0,0,2.0,11.5,23.0,16.67,12.0
Constanza Vergara,T20I,1,11,30,0,0,1,5,1.8,16.36,30.0,0.0,11.0
T Marumani,T20I,1,6,8,0,3,0,0,1.0,8.0,8.0,50.0,6.0
GI Gokoel,T20I,3,24,41,0,6,1,0,4.0,10.25,41.0,25.0,24.0
GH Worker,ODI,1,6,5,0,1,0,0,1.0,5.0,5.0,16.67,6.0
CA Pujara,Test,2,12,3,0,9,0,0,2.0,1.5,3.0,75.0,12.0
CA Liyanage,T20I,1,6,14,0,0,0,0,1.0,14.0,14.0,0.0,6.0
CA Ingram,PSL,1,6,8,0,1,0,0,1.0,8.0,8.0,16.67,6.0
CA Ingram,ODI,1,6,17,0,2,0,0,1.0,17.0,17.0,33.33,6.0
NAM McLean,ODI,1,36,44,0,20,1,0,6.0,7.33,44.0,55.56,36.0
J Marples,T20I,1,6,14,0,1,0,0,1.0,14.0,14.0,16.67,6.0
J Louw,ODI,1,42,50,0,23,2,0,7.0,7.14,50.0,54.76,42.0
J Liyanage,T20I,2,14,32,0,2,0,0,2.3,13.71,32.0,14.29,14.0
T Parima,T20I,2,14,28,0,5,2,0,2.3,12.0,28.0,35.71,14.0
T Munyonga,ODI,1,6,10,0,2,0,0,1.0,10.0,10.0,33.33,6.0
AJ Healy,ODI,1,12,12,0,6,0,0,2.0,6.0,12.0,50.0,12.0
AJ Finch,Test,1,12,8,0,4,0,0,2.0,4.0,8.0,33.33,12.0
AJ Finch,T20I,2,12,27,0,4,0,0,2.0,13.5,27.0,33.33,12.0
Mohammad Ahnaff,T20I,1,6,15,0,2,0,0,1.0,15.0,15.0,33.33,6.0
F Irakoze,T20I,1,6,9,0,2,0,0,1.0,9.0,9.0,33.33,6.0
Ansar Iqbal,T20I,2,12,17,0,5,1,0,2.0,8.5,17.0,41.67,12.0
Anowarul Islam,T20I,2,18,25,0,7,3,0,3.0,8.33,25.0,38.89,18.0
Anmoldeep Singh,T20I,4,36,70,0,8,5,4,6.0,11.67,70.0,22.22,36.0
S Linden,T20I,1,14,23,0,4,1,2,2.3,9.86,23.0,28.57,14.0
S Kubheka,T20I,3,30,52,0,7,6,0,5.0,10.4,52.0,23.33,30.0
S Kruger,T20I,1,24,27,0,7,0,0,4.0,6.75,27.0,29.17,24.0
NG Jones,T20I,1,6,6,0,2,0,0,1.0,6.0,6.0,33.33,6.0
NE Bonner,T20I,1,14,18,0,3,0,2,2.3,7.71,18.0,21.43,14.0
NE Bolton,Test,1,30,10,0,23,0,0,5.0,2.0,10.0,76.67,30.0
S Khatri,T20I,2,34,58,0,11,8,4,5.7,10.24,58.0,32.35,34.0
Eva Somsel Yangzom,T20I,2,12,20,0,3,0,0,2.0,10.0,20.0,25.0,12.0
Esam Rahman,T20I,5,51,94,0,17,5,3,8.5,11.06,94.0,33.33,51.0
K Weeraratne,ODI,4,96,102,0,48,0,0,16.0,6.38,102.0,50.0,96.0
K Upadhyay,IPL,3,54,81,0,20,2,0,9.0,9.0,81.0,37.04,54.0
K Thomson,ODI,1,19,39,0,5,2,1,3.2,12.32,39.0,26.32,19.0
K Tesarikova,T20I,1,9,19,0,0,1,3,1.5,12.67,19.0,0.0,9.0
AGR Loudon,ODI,1,36,38,0,14,1,0,6.0,6.33,38.0,38.89,36.0
AGC Vimukthi,ODI,2,60,65,0,31,2,0,10.0,6.5,65.0,51.67,60.0
T Rajiv,T20I,1,6,16,0,0,0,0,1.0,16.0,16.0,0.0,6.0
T Piakura,T20I,1,3,9,0,1,3,0,0.5,18.0,9.0,33.33,3.0
J Matharu,ODI,2,78,71,0,41,2,0,13.0,5.46,71.0,52.56,78.0
J Masquater,T20I,2,11,12,0,3,0,1,1.8,6.55,12.0,27.27,11.0
M McColl,ODI,2,30,31,0,11,1,0,5.0,6.2,31.0,36.67,30.0
S Ishaque,ODI,1,36,48,0,12,0,0,6.0,8.0,48.0,33.33,36.0
S Hunter,T20I,3,42,40,0,19,0,0,7.0,5.71,40.0,45.24,42.0
Mohamed Rishwan,T20I,1,12,22,0,3,2,0,2.0,11.0,22.0,25.0,12.0
Mohamed Miuvaan,T20I,2,24,32,0,10,1,0,4.0,8.0,32.0,41.67,24.0
Mohamed Arief,T20I,2,12,19,0,4,0,0,2.0,9.5,19.0,33.33,12.0
Moe Ei Phyu,T20I,2,11,24,0,1,0,4,1.8,13.09,24.0,9.09,11.0
AJ Blackwell,Test,1,6,1,0,6,1,0,1.0,1.0,1.0,100.0,6.0
AH Thomson,ODI,1,32,47,0,8,3,2,5.3,8.81,47.0,25.0,32.0
K Sonavale,T20I,2,9,17,0,1,0,0,1.5,11.33,17.0,11.11,9.0
S Joseph,IPL,1,27,51,0,12,3,3,4.5,11.33,51.0,44.44,27.0
Apsari Begam,T20I,1,6,1,0,6,1,0,1.0,1.0,1.0,100.0,6.0
Anwar Hossain Monir,Test,1,91,102,0,51,1,1,15.2,6.73,102.0,56.04,91.0
S Ivetic,T20I,2,6,5,0,4,2,0,1.0,5.0,5.0,66.67,6.0
NK Crafton,T20I,1,6,2,0,5,1,0,1.0,2.0,2.0,83.33,6.0
NGRP Jayasuriya,ODI,2,96,95,0,42,0,0,16.0,5.94,95.0,43.75,96.0
S Gokhale,ODI,1,12,21,0,4,5,0,2.0,10.5,21.0,33.33,12.0
Arsalan Qadir,T20I,1,6,12,0,1,0,0,1.0,12.0,12.0,16.67,6.0
KC Sangakkara,Test,3,78,46,0,45,0,0,13.0,3.54,46.0,57.69,78.0
T Turan,T20I,1,5,4,0,2,0,0,0.8,4.8,4.0,40.0,5.0
T Taibu,T20I,2,24,42,0,4,0,0,4.0,10.5,42.0,16.67,24.0
T Taibu,ODI,1,24,20,0,12,1,0,4.0,5.0,20.0,50.0,24.0
T Stubbs,T20I,2,13,41,0,1,0,1,2.2,18.92,41.0,7.69,13.0
T Stubbs,ODI,1,12,15,0,4,0,0,2.0,7.5,15.0,33.33,12.0
Constanza Oyarce,T20I,2,58,152,0,4,7,10,9.7,15.72,152.0,6.9,58.0
Codi Yusuf,ODI,1,61,81,0,24,5,1,10.2,7.97,81.0,39.34,61.0
Christina Baret,T20I,2,13,21,0,2,4,1,2.2,9.69,21.0,15.38,13.0
Chen Xinyu,T20I,2,18,21,0,10,5,0,3.0,7.0,21.0,55.56,18.0
DK Butler,T20I,1,18,23,0,9,1,0,3.0,7.67,23.0,50.0,18.0
DJM Short,ODI,5,90,117,0,28,0,0,15.0,7.8,117.0,31.11,90.0
M Modise,T20I,2,12,17,0,2,3,0,2.0,8.5,17.0,16.67,12.0
M Methtananda,T20I,1,12,23,0,2,0,0,2.0,11.5,23.0,16.67,12.0
J Grzinic,T20I,1,1,4,0,0,0,0,0.2,24.0,4.0,0.0,1.0
J Giyanani,T20I,1,24,35,0,9,3,0,4.0,8.75,35.0,37.5,24.0
J Giyanani,ODI,1,18,31,0,4,0,0,3.0,10.33,31.0,22.22,18.0
J Gallimore,T20I,1,6,21,0,0,0,0,1.0,21.0,21.0,0.0,6.0
J Essex,T20I,2,29,39,0,10,1,1,4.8,8.07,39.0,34.48,29.0
GJ McCarter,T20I,1,18,30,0,3,0,0,3.0,10.0,30.0,16.67,18.0
TAW Patterson,T20I,1,13,31,0,1,0,1,2.2,14.31,31.0,7.69,13.0
TA McGregor,Test,1,72,10,0,66,0,0,12.0,0.83,10.0,91.67,72.0
TA Blundell,Test,1,18,13,0,11,0,0,3.0,4.33,13.0,61.11,18.0
T Westley,Test,1,24,12,0,18,0,0,4.0,3.0,12.0,75.0,24.0
AG Prince,ODI,1,12,3,0,9,0,0,2.0,1.5,3.0,75.0,12.0
T Wang Ling,T20I,2,24,43,0,8,4,0,4.0,10.75,43.0,33.33,24.0
T Ulutuna,T20I,1,6,7,0,3,0,0,1.0,7.0,7.0,50.0,6.0
KA Edwards,Test,1,26,19,0,13,1,2,4.3,4.38,19.0,50.0,26.0
F Chenda,T20I,1,6,13,0,2,5,0,1.0,13.0,13.0,33.33,6.0
S Hector,ODI,3,55,52,0,34,3,1,9.2,5.67,52.0,61.82,55.0
KB Patil,T20I,1,12,9,0,7,2,0,2.0,4.5,9.0,58.33,12.0
KAJ Roach,IPL,2,49,80,0,20,3,1,8.2,9.8,80.0,40.82,49.0
Ariful Haque,ODI,1,18,17,0,8,0,0,3.0,5.67,17.0,44.44,18.0
Arif Nasir Uddin,T20I,2,24,41,0,8,2,0,4.0,10.25,41.0,33.33,24.0
Areeba Mughal,T20I,1,12,9,0,6,0,0,2.0,4.5,9.0,50.0,12.0
S Galabova,T20I,4,39,74,0,5,16,9,6.5,11.38,74.0,12.82,39.0
S Franklin,T20I,2,25,37,0,5,6,1,4.2,8.88,37.0,20.0,25.0
S Foster,T20I,5,36,61,0,11,0,0,6.0,10.17,61.0,30.56,36.0
S Forbes,ODI,2,15,17,0,3,0,3,2.5,6.8,17.0,20.0,15.0
S Elayaperumal,T20I,1,6,11,0,1,0,0,1.0,11.0,11.0,16.67,6.0
MF Kendal,ODI,1,18,22,0,12,3,0,3.0,7.33,22.0,66.67,18.0
MEK Hussey,T20I,1,6,6,0,1,0,0,1.0,6.0,6.0,16.67,6.0
ME Trescothick,Test,3,132,90,0,83,1,0,22.0,4.09,90.0,62.88,132.0
ADJ Pitcher,ODI,1,37,38,0,16,1,0,6.2,6.16,38.0,43.24,37.0
TC Bastiampillai,ODI,1,6,12,0,1,0,0,1.0,12.0,12.0,16.67,6.0
TB de Bruyn,Test,4,103,74,0,68,0,1,17.2,4.31,74.0,66.02,103.0
S Dzimau,T20I,2,7,12,0,3,2,0,1.2,10.29,12.0,42.86,7.0
S Draunivudi,T20I,2,30,52,0,11,2,0,5.0,10.4,52.0,36.67,30.0
S Dhawan,Test,5,54,26,0,43,0,0,9.0,2.89,26.0,79.63,54.0
Asad Shafiq,ODI,2,12,18,0,3,0,0,2.0,9.0,18.0,25.0,12.0
Asad Ali,T20I,2,25,33,0,12,3,1,4.2,7.92,33.0,48.0,25.0
C Shivakumar,T20I,3,42,74,0,13,6,0,7.0,10.57,74.0,30.95,42.0
NL McCullum,IPL,2,30,35,0,11,0,0,5.0,7.0,35.0,36.67,30.0
TE Kane,Test,1,158,103,0,112,0,1,26.3,3.91,103.0,70.89,158.0
GJ McCarter,ODI,1,48,38,0,26,0,0,8.0,4.75,38.0,54.17,48.0
GJ Batty,T20I,1,18,17,0,9,1,0,3.0,5.67,17.0,50.0,18.0
J Edwards,T20I,1,12,25,0,0,0,0,2.0,12.5,25.0,0.0,12.0
AE Moe,T20I,1,6,7,0,2,1,0,1.0,7.0,7.0,33.33,6.0
ADS Fletcher,ODI,3,28,26,0,11,0,0,4.7,5.57,26.0,39.29,28.0
Misbah-ul-Haq,ODI,1,24,30,0,7,0,0,4.0,7.5,30.0,29.17,24.0
Mirab Sajjad,T20I,1,6,10,0,3,2,0,1.0,10.0,10.0,50.0,6.0
DA Galia,T20I,1,18,8,0,17,6,0,3.0,2.67,8.0,94.44,18.0
S Baker,ODI,1,42,76,0,18,4,0,7.0,10.86,76.0,42.86,42.0
C Umutonni,T20I,2,12,11,0,5,0,0,2.0,5.5,11.0,41.67,12.0
TJ Vlaeminck,Test,1,67,38,0,48,1,1,11.2,3.4,38.0,71.64,67.0
TH David,IPL,1,6,18,0,1,0,0,1.0,18.0,18.0,16.67,6.0
TG Gordon,ODI,1,3,1,0,3,1,0,0.5,2.0,1.0,100.0,3.0
TF van Woerkom,T20I,1,6,10,0,2,1,0,1.0,10.0,10.0,33.33,6.0
TE Tucker,ODI,1,18,21,0,8,0,0,3.0,7.0,21.0,44.44,18.0
C Zhuwao,ODI,2,19,21,0,12,0,0,3.2,6.63,21.0,63.16,19.0
C Wyngaard,T20I,1,6,8,0,4,0,0,1.0,8.0,8.0,66.67,6.0
Arshad Khan (2),IPL,1,12,25,0,5,1,0,2.0,12.5,25.0,41.67,12.0
S Dadswell,PSL,1,6,8,0,1,0,0,1.0,8.0,8.0,16.67,6.0
Emily Sirs,T20I,3,24,14,0,15,3,0,4.0,3.5,14.0,62.5,24.0
Emilia Toro,T20I,1,19,29,0,1,0,13,3.2,9.16,29.0,5.26,19.0
Ellen Asante,T20I,1,12,18,0,5,3,0,2.0,9.0,18.0,41.67,12.0
Elizabeth Annor,T20I,1,13,28,0,2,0,1,2.2,12.92,28.0,15.38,13.0
S Clarke,T20I,1,6,15,0,2,1,0,1.0,15.0,15.0,33.33,6.0
M Manivannan,T20I,1,18,32,0,7,1,0,3.0,10.67,32.0,38.89,18.0
M Manhas,IPL,3,42,42,0,15,0,0,7.0,6.0,42.0,35.71,42.0
M Mangru,ODI,1,18,9,0,10,0,0,3.0,3.0,9.0,55.56,18.0
C Sudarsanan,T20I,1,13,25,0,4,3,1,2.2,11.54,25.0,30.77,13.0
KED Carroll,ODI,1,6,8,0,4,0,0,1.0,8.0,8.0,66.67,6.0
KE Pike,T20I,2,42,64,0,7,1,0,7.0,9.14,64.0,16.67,42.0
D Brevis,ODI,1,24,28,0,9,0,0,4.0,7.0,28.0,37.5,24.0
AC Voges,Test,6,76,45,0,44,0,0,12.7,3.55,45.0,57.89,76.0
J Charles,ODI,1,6,12,0,2,1,1,1.0,12.0,12.0,33.33,6.0
J Campbell,ODI,1,12,13,0,2,0,0,2.0,6.5,13.0,16.67,12.0
S Chattergoon,ODI,1,42,30,0,18,0,0,7.0,4.29,30.0,42.86,42.0
S Chandnani,T20I,1,6,9,0,2,0,0,1.0,9.0,9.0,33.33,6.0
S Chanderpaul,ODI,2,26,20,0,11,0,0,4.3,4.62,20.0,42.31,26.0
S Brunsgaard,T20I,2,15,26,0,7,6,3,2.5,10.4,26.0,46.67,15.0
S Bevin,T20I,1,8,15,0,0,2,6,1.3,11.25,15.0,0.0,8.0
S Baker,T20I,1,24,52,0,10,1,0,4.0,13.0,52.0,41.67,24.0
Robiul Islam,T20I,1,6,13,0,1,0,0,1.0,13.0,13.0,16.67,6.0
Rizwan Ahmed,ODI,1,24,26,0,7,2,0,4.0,6.5,26.0,29.17,24.0
AC Frame,T20I,1,21,26,0,11,1,0,3.5,7.43,26.0,52.38,21.0
TL Chivanga,T20I,3,41,79,0,18,5,2,6.8,11.56,79.0,43.9,41.0
AD Nath,ODI,2,12,23,0,5,1,0,2.0,11.5,23.0,41.67,12.0
AD Hales,Test,1,18,2,0,16,0,0,3.0,0.67,2.0,88.89,18.0
AD Diwan Ali,T20I,2,21,29,0,5,6,3,3.5,8.29,29.0,23.81,21.0
Mehran Khan,ODI,4,55,89,0,25,6,1,9.2,9.71,89.0,45.45,55.0
Mehrab Hossain jnr,T20I,1,17,20,0,8,1,0,2.8,7.06,20.0,47.06,17.0
KDK Vithanage,ODI,2,12,17,0,4,0,0,2.0,8.5,17.0,33.33,12.0
Emran Shahbakhsh,T20I,1,5,14,0,1,1,0,0.8,16.8,14.0,20.0,5.0
Rumeysa Alp,T20I,1,18,32,0,7,0,0,3.0,10.67,32.0,38.89,18.0
Roshni Ramesh,T20I,1,7,11,0,3,4,1,1.2,9.43,11.0,42.86,7.0
Ashraful Shuvo,T20I,3,36,46,0,11,4,0,6.0,7.67,46.0,30.56,36.0
Ehsan Adil,T20I,1,19,39,0,4,2,1,3.2,12.32,39.0,21.05,19.0
M Markande,T20I,1,24,31,0,6,0,0,4.0,7.75,31.0,25.0,24.0
KIC Asalanka,Test,2,25,16,0,16,0,0,4.2,3.84,16.0,64.0,25.0
GJ Snyman,T20I,1,6,12,0,0,0,0,1.0,12.0,12.0,0.0,6.0
Irfan Sarfraz,T20I,2,18,24,0,8,0,0,3.0,8.0,24.0,44.44,18.0
TO Carmichael,T20I,2,36,43,0,9,1,0,6.0,7.17,43.0,25.0,36.0
TM Dowlin,Test,1,6,3,0,3,0,0,1.0,3.0,3.0,50.0,6.0
J Blackwood,ODI,1,18,16,0,4,0,0,3.0,5.33,16.0,22.22,18.0
J Baleicikoibia,T20I,1,6,19,0,1,0,0,1.0,19.0,19.0,16.67,6.0
J Anderson,ODI,2,30,20,0,16,0,0,5.0,4.0,20.0,53.33,30.0
Izharulhaq Naveed,PSL,1,24,55,0,8,2,0,4.0,13.75,55.0,33.33,24.0
Israr Khan,T20I,2,24,37,0,7,1,0,4.0,9.25,37.0,29.17,24.0
Ismail Ali,T20I,1,6,9,0,2,0,0,1.0,9.0,9.0,33.33,6.0
Ishan Kishan,IPL,1,1,4,0,0,0,0,0.2,24.0,4.0,0.0,1.0
Eashal Ibrahim,T20I,2,34,65,0,10,8,4,5.7,11.47,65.0,29.41,34.0
KH Prajapati,T20I,2,8,19,0,3,0,0,1.3,14.25,19.0,37.5,8.0
KH Prajapati,ODI,1,2,1,0,1,0,0,0.3,3.0,1.0,50.0,2.0
Ashar Abbas,T20I,1,12,24,0,4,2,0,2.0,12.0,24.0,33.33,12.0
Rhyda Ofori,T20I,1,14,13,0,3,0,2,2.3,5.57,13.0,21.43,14.0
Raza Hasan,PSL,2,30,47,0,11,0,0,5.0,9.4,47.0,36.67,30.0
Masood Jayezeh,T20I,1,6,17,0,0,0,0,1.0,17.0,17.0,0.0,6.0
Martina Quinn,T20I,1,8,9,0,6,7,2,1.3,6.75,9.0,75.0,8.0
Marsya Qistina Binti,T20I,1,7,8,0,3,0,1,1.2,6.86,8.0,42.86,7.0
Marshall Ayub,Test,2,60,53,0,26,0,0,10.0,5.3,53.0,43.33,60.0
GL Adams,T20I,2,30,29,0,12,1,0,5.0,5.8,29.0,40.0,30.0
GK Ghalley,T20I,1,6,13,0,0,3,0,1.0,13.0,13.0,0.0,6.0
GJP Kruger,T20I,1,24,34,0,7,2,0,4.0,8.5,34.0,29.17,24.0
Rizpha Bano,T20I,2,12,13,0,4,1,0,2.0,6.5,13.0,33.33,12.0
Riyaz Kajalwala,T20I,1,3,14,0,0,0,0,0.5,28.0,14.0,0.0,3.0
Rithika Rajith,T20I,2,27,27,0,12,4,3,4.5,6.0,27.0,44.44,27.0
Rishitha Rajith,T20I,1,6,8,0,3,3,0,1.0,8.0,8.0,50.0,6.0
Rida Syeda,T20I,3,54,120,0,7,14,6,9.0,13.33,120.0,12.96,54.0
Asim Ashraf,T20I,3,60,116,0,22,3,0,10.0,11.6,116.0,36.67,60.0
KJ O'Brien,Test,1,36,21,0,27,1,0,6.0,3.5,21.0,75.0,36.0
Athar Mahmood,PSL,3,48,50,0,20,0,0,8.0,6.25,50.0,41.67,48.0
Aswad Khan,T20I,1,6,14,0,2,2,0,1.0,14.0,14.0,33.33,6.0
Assad Borham,T20I,1,6,12,0,0,0,0,1.0,12.0,12.0,0.0,6.0
Imrul Kayes,Test,4,24,12,0,16,0,0,4.0,3.0,12.0,66.67,24.0
Imran Khan (4),T20I,1,12,13,0,3,1,0,2.0,6.5,13.0,25.0,12.0
TP Ura,ODI,1,6,12,0,1,0,0,1.0,12.0,12.0,16.67,6.0
C Prasad,ODI,2,85,72,0,37,2,1,14.2,5.08,72.0,43.53,85.0
Ravinder Gill,T20I,1,12,19,0,6,0,0,2.0,9.5,19.0,50.0,12.0
Rashidatu Salia,T20I,2,30,46,0,10,3,0,5.0,9.2,46.0,33.33,30.0
Rashid Zia,ODI,2,59,75,0,29,0,0,9.8,7.63,75.0,49.15,59.0
Rashid Khan (2),T20I,1,24,19,0,14,3,0,4.0,4.75,19.0,58.33,24.0
ES Grammenou,T20I,1,6,11,0,1,0,0,1.0,11.0,11.0,16.67,6.0
KIC Asalanka,PSL,2,18,26,0,7,0,0,3.0,8.67,26.0,38.89,18.0
Asif Khan,T20I,1,6,3,0,3,0,0,1.0,3.0,3.0,50.0,6.0
Asif Iqbal (1),ODI,1,24,33,0,9,0,0,4.0,8.25,33.0,37.5,24.0
Asif Ali,ODI,1,5,9,0,0,0,0,0.8,10.8,9.0,0.0,5.0
Ram Krishan,T20I,1,6,16,0,1,0,0,1.0,16.0,16.0,16.67,6.0
Rafaqat Ali,T20I,1,7,25,0,0,2,1,1.2,21.43,25.0,0.0,7.0
Talha Khan,T20I,1,1,1,0,0,0,0,0.2,6.0,1.0,0.0,1.0
Talha Jubair,ODI,2,66,73,0,38,11,6,11.0,6.64,73.0,57.58,66.0
Taful Elkhair,T20I,3,22,45,0,8,11,2,3.7,12.27,45.0,36.36,22.0
TW Samuels,T20I,3,30,52,0,12,3,0,5.0,10.4,52.0,40.0,30.0
TW Hartley,ODI,1,60,48,0,35,0,0,10.0,4.8,48.0,58.33,60.0
TW Dlamini,T20I,1,12,2,0,10,0,0,2.0,1.0,2.0,83.33,12.0
AB Sharma,T20I,1,1,4,0,0,0,0,0.2,24.0,4.0,0.0,1.0
AB Martinez,T20I,4,61,58,0,33,21,12,10.2,5.7,58.0,54.1,61.0
EP Thompson,ODI,1,24,43,0,9,2,0,4.0,10.75,43.0,37.5,24.0
EL Lamb,Test,1,12,7,0,8,0,0,2.0,3.5,7.0,66.67,12.0
KK Nair,Test,2,12,11,0,4,0,0,2.0,5.5,11.0,33.33,12.0
KK Jennings,Test,4,73,55,0,47,0,0,12.2,4.52,55.0,64.38,73.0
Auqib Nabi,IPL,3,43,96,0,10,3,1,7.2,13.4,96.0,23.26,43.0
Atharva Taide,IPL,1,1,4,0,0,0,0,0.2,24.0,4.0,0.0,1.0
RV Patel,IPL,1,18,22,0,5,2,0,3.0,7.33,22.0,27.78,18.0
D Forrester,T20I,1,6,4,0,3,0,0,1.0,4.0,4.0,50.0,6.0
Tamim Iqbal,Test,5,30,20,0,15,1,0,5.0,4.0,20.0,50.0,30.0
Tamim Iqbal,ODI,2,6,13,0,2,1,0,1.0,13.0,13.0,33.33,6.0
Imam-ul-Haq,Test,1,12,9,0,5,0,0,2.0,4.5,9.0,41.67,12.0
Imal Zuwak,T20I,1,6,9,0,4,0,0,1.0,9.0,9.0,66.67,6.0
GS Ballance,Test,2,12,5,0,10,0,0,2.0,2.5,5.0,83.33,12.0
GR Russ,T20I,2,19,52,0,3,1,1,3.2,16.42,52.0,15.79,19.0
RW Sims,ODI,1,18,21,0,8,0,0,3.0,7.0,21.0,44.44,18.0
KM Dabengwa,T20I,3,24,56,0,4,1,0,4.0,14.0,56.0,16.67,24.0
KM Beams,Test,1,66,12,0,57,0,0,11.0,1.09,12.0,86.36,66.0
M Kasselman,T20I,1,6,11,0,1,0,0,1.0,11.0,11.0,16.67,6.0
M Kartik,T20I,1,24,29,0,7,0,0,4.0,7.25,29.0,29.17,24.0
C Mutasa,ODI,1,18,23,0,8,2,0,3.0,7.67,23.0,44.44,18.0
Rameez Shahzad,ODI,2,30,34,0,13,4,0,5.0,6.8,34.0,43.33,30.0
Ramanjot Singh,T20I,2,18,31,0,3,0,0,3.0,10.33,31.0,16.67,18.0
EJ Richardson,ODI,1,18,15,0,12,0,0,3.0,5.0,15.0,66.67,18.0
EHSN Silva,ODI,1,42,33,0,22,0,0,7.0,4.71,33.0,52.38,42.0
RS Morton,Test,2,31,30,0,20,2,1,5.2,5.81,30.0,64.52,31.0
RS Morton,ODI,1,6,2,0,4,0,0,1.0,2.0,2.0,66.67,6.0
Tanzeel Sheikh,T20I,2,24,21,0,14,4,0,4.0,5.25,21.0,58.33,24.0
AB Fudadin,Test,1,30,11,0,24,0,0,5.0,2.2,11.0,80.0,30.0
AB Barath,Test,1,6,4,0,3,0,0,1.0,4.0,4.0,50.0,6.0
Tanbir Hayder,ODI,2,60,67,0,21,0,0,10.0,6.7,67.0,35.0,60.0
Marica Taira,T20I,1,6,7,0,2,2,0,1.0,7.0,7.0,33.33,6.0
Maria Penna,T20I,1,13,17,0,4,5,1,2.2,7.85,17.0,30.77,13.0
C Munro,IPL,2,12,15,0,5,0,0,2.0,7.5,15.0,41.67,12.0
NS Dhaliwal,ODI,1,6,20,0,2,0,0,1.0,20.0,20.0,33.33,6.0
Ayesha Hasan,T20I,1,15,20,0,4,2,3,2.5,8.0,20.0,26.67,15.0
Awais Zia,PSL,1,1,4,0,0,0,0,0.2,24.0,4.0,0.0,1.0
RW Price,IPL,1,18,33,0,1,0,0,3.0,11.0,33.0,5.56,18.0
RV Uthappa,ODI,1,2,0,0,2,0,0,0.3,0.0,0.0,100.0,2.0
M Kyriacou,T20I,1,15,31,0,5,0,0,2.5,12.4,31.0,33.33,15.0
M Kristensen,T20I,2,18,24,0,5,0,0,3.0,8.0,24.0,27.78,18.0
M Kaur,T20I,1,12,16,0,3,0,0,2.0,8.0,16.0,25.0,12.0
RS Gavaskar,IPL,1,6,8,0,2,0,0,1.0,8.0,8.0,33.33,6.0
Tilak Varma,IPL,4,22,28,0,8,1,0,3.7,7.64,28.0,36.36,22.0
Tharika Sewwandi,ODI,1,13,14,0,8,0,1,2.2,6.46,14.0,61.54,13.0
Thae Thae Po,T20I,2,18,20,0,10,2,0,3.0,6.67,20.0,55.56,18.0
Tejas Baroka,IPL,1,21,33,0,6,0,0,3.5,9.43,33.0,28.57,21.0
GM Strydom,ODI,2,30,24,0,13,0,0,5.0,4.8,24.0,43.33,30.0
Ihsanullah,T20I,1,26,40,0,8,1,2,4.3,9.23,40.0,30.77,26.0
Ihsanullah,ODI,1,48,61,0,20,1,0,8.0,7.62,61.0,41.67,48.0
Iftikhar Anjum,Test,1,85,65,0,60,0,1,14.2,4.59,65.0,70.59,85.0
Taufeeq Umar,Test,1,12,8,0,4,0,0,2.0,4.0,8.0,33.33,12.0
Tasmia Rubab,T20I,2,31,60,0,4,3,1,5.2,11.61,60.0,12.9,31.0
EJ Villani,Test,1,6,4,0,5,0,0,1.0,4.0,4.0,83.33,6.0
EJ Tice,ODI,1,36,48,0,14,8,0,6.0,8.0,48.0,38.89,36.0
KO Meth,T20I,2,42,64,0,17,5,0,7.0,9.14,64.0,40.48,42.0
KO Elliott,T20I,1,6,11,0,1,0,0,1.0,11.0,11.0,16.67,6.0
KNA Bandara,T20I,1,6,2,0,4,0,0,1.0,2.0,2.0,66.67,6.0
KNA Bandara,ODI,1,6,9,0,2,0,0,1.0,9.0,9.0,33.33,6.0
D Wheatley,T20I,1,12,34,0,3,3,0,2.0,17.0,34.0,25.0,12.0
D Vora,T20I,1,12,23,0,4,1,0,2.0,11.5,23.0,33.33,12.0
MFI Assuncao,T20I,2,18,52,0,1,0,0,3.0,17.33,52.0,5.56,18.0
MF Manjate,T20I,1,6,11,0,3,0,0,1.0,11.0,11.0,50.0,6.0
DAS Gunaratne,PSL,1,6,8,0,2,0,0,1.0,8.0,8.0,33.33,6.0
DA Warner,ODI,1,6,8,0,2,0,0,1.0,8.0,8.0,33.33,6.0
Tushar Imran,Test,1,60,52,0,29,0,0,10.0,5.2,52.0,48.33,60.0
Towhid Hridoy,T20I,1,2,5,0,0,0,0,0.3,15.0,5.0,0.0,2.0
Towhid Hridoy,ODI,1,1,2,0,0,0,0,0.2,12.0,2.0,0.0,1.0
Tilak Varma,ODI,3,60,68,0,27,0,0,10.0,6.8,68.0,45.0,60.0
NT Nyamhuri,ODI,1,37,35,0,19,4,1,6.2,5.68,35.0,51.35,37.0
C Olphert,T20I,2,31,65,0,8,6,1,5.2,12.58,65.0,25.81,31.0
RR Behera,T20I,1,6,5,0,1,0,0,1.0,5.0,5.0,16.67,6.0
EC Rainsford,T20I,2,37,67,0,12,0,1,6.2,10.86,67.0,32.43,37.0
KR Mayers,IPL,6,44,59,0,14,2,2,7.3,8.05,59.0,31.82,44.0
UT Khawaja,Test,3,18,8,0,10,0,0,3.0,2.67,8.0,55.56,18.0
Iftekar Jaman,T20I,1,6,15,0,1,1,0,1.0,15.0,15.0,16.67,6.0
Ian Roberts,T20I,1,12,8,0,5,0,0,2.0,4.0,8.0,41.67,12.0
U Thimashini,T20I,1,4,7,0,0,0,0,0.7,10.5,7.0,0.0,4.0
U Sofi,T20I,2,19,43,0,2,0,1,3.2,13.58,43.0,10.53,19.0
U Dorji,T20I,1,12,23,0,6,4,0,2.0,11.5,23.0,50.0,12.0
D Dhingra,T20I,5,54,79,0,23,11,0,9.0,8.78,79.0,42.59,54.0
D Devnarain,T20I,3,24,36,0,4,0,0,4.0,9.0,36.0,16.67,24.0
RR Saun,T20I,1,12,18,0,2,1,0,2.0,9.0,18.0,16.67,12.0
RR Hendricks,T20I,3,29,66,0,10,1,0,4.8,13.66,66.0,34.48,29.0
RR Emrit,ODI,2,87,108,0,39,4,3,14.5,7.45,108.0,44.83,87.0
RR Bose,IPL,1,12,24,0,5,0,0,2.0,12.0,24.0,41.67,12.0
KOA Powell,Test,1,6,0,0,6,0,0,1.0,0.0,0.0,100.0,6.0
KS Gautam,Test,1,84,69,0,50,0,3,14.0,4.93,69.0,59.52,84.0
KS Ahuja,T20I,1,6,12,0,0,0,0,1.0,12.0,12.0,0.0,6.0
KRP Silva,T20I,1,12,19,0,5,0,0,2.0,9.5,19.0,41.67,12.0
Nader Zahadiafzal,T20I,1,18,15,0,9,0,0,3.0,5.0,15.0,50.0,18.0
DL Hemp,ODI,2,61,73,0,26,2,1,10.2,7.18,73.0,42.62,61.0
DL Blake,ODI,1,6,8,0,2,0,0,1.0,8.0,8.0,33.33,6.0
A Tagilala,T20I,1,18,21,0,5,3,0,3.0,7.0,21.0,27.78,18.0
Umair Ali,T20I,1,12,16,0,3,0,0,2.0,8.0,16.0,25.0,12.0
Umair Ali,ODI,1,61,66,0,32,1,1,10.2,6.49,66.0,52.46,61.0
AA Banner,T20I,1,12,17,0,1,0,0,2.0,8.5,17.0,8.33,12.0
AA Moiane,T20I,1,6,10,0,4,2,0,1.0,10.0,10.0,66.67,6.0
KN Chaddha,T20I,4,23,36,0,7,2,0,3.8,9.39,36.0,30.43,23.0
KMC Bandara,T20I,1,6,11,0,1,0,0,1.0,11.0,11.0,16.67,6.0
Azmat Ali,T20I,1,6,10,0,3,2,0,1.0,10.0,10.0,50.0,6.0
Azhar Ali,PSL,2,30,30,0,7,0,0,5.0,6.0,30.0,23.33,30.0
RR Bhatkal,IPL,1,12,35,0,0,0,0,2.0,17.5,35.0,0.0,12.0
Nabi Gul,PSL,1,5,4,0,1,0,0,0.8,4.8,4.0,20.0,5.0
NT Pascal,Test,1,112,63,0,77,0,10,18.7,3.38,63.0,68.75,112.0
NT Pascal,ODI,1,24,30,0,14,3,0,4.0,7.5,30.0,58.33,24.0
EF Beard,T20I,2,18,19,0,7,0,0,3.0,6.33,19.0,38.89,18.0
RMMP Rathnayake,ODI,1,6,10,0,4,0,0,1.0,10.0,10.0,66.67,6.0
Maira Saleem,T20I,1,21,19,0,13,5,3,3.5,5.43,19.0,61.9,21.0
Mahmudul Hasan Joy,Test,2,13,14,0,9,0,0,2.2,6.46,14.0,69.23,13.0
Mahmudul Hasan Joy,T20I,1,2,5,0,0,0,0,0.3,15.0,5.0,0.0,2.0
Mahmud Jasat,T20I,1,6,14,0,0,2,0,1.0,14.0,14.0,0.0,6.0
Mahmad Data,T20I,2,11,21,0,2,0,0,1.8,11.45,21.0,18.18,11.0
A Trivedi,T20I,1,6,15,0,2,0,0,1.0,15.0,15.0,33.33,6.0
IS Mananelage,T20I,1,6,8,0,1,2,0,1.0,8.0,8.0,16.67,6.0
RP Meredith,ODI,1,31,36,0,18,2,1,5.2,6.97,36.0,58.06,31.0
RP Burl,PSL,2,8,22,0,1,0,0,1.3,16.5,22.0,12.5,8.0
RO Hinds,ODI,2,66,37,0,38,2,0,11.0,3.36,37.0,57.58,66.0
RN Lewis,T20I,1,6,9,0,2,0,0,1.0,9.0,9.0,33.33,6.0
RL Haynes,T20I,3,24,44,0,4,0,0,4.0,11.0,44.0,16.67,24.0
RL D'Souza,T20I,6,97,116,0,40,13,1,16.2,7.18,116.0,41.24,97.0
RL Bhudia,T20I,3,44,78,0,15,2,0,7.3,10.64,78.0,34.09,44.0
RK Willis,T20I,1,12,15,0,4,0,0,2.0,7.5,15.0,33.33,12.0
A Sokovagone,T20I,2,25,40,0,6,0,0,4.2,9.6,40.0,24.0,25.0
IH Romaine,T20I,1,16,20,0,5,0,0,2.7,7.5,20.0,31.25,16.0
IGTR Kumara,T20I,1,12,17,0,5,0,0,2.0,8.5,17.0,41.67,12.0
Gulbadin Naib,IPL,1,6,12,0,1,0,0,1.0,12.0,12.0,16.67,6.0
Umar Amin,ODI,3,42,24,0,27,0,0,7.0,3.43,24.0,64.29,42.0
DA Warner,IPL,1,1,2,0,0,1,0,0.2,12.0,2.0,0.0,1.0
Manjural Islam Rana,Test,1,72,55,0,50,0,0,12.0,4.58,55.0,69.44,72.0
Mandeep Singh,IPL,2,12,26,0,1,0,0,2.0,13.0,26.0,8.33,12.0
Manan Ali,T20I,4,30,44,0,9,1,0,5.0,8.8,44.0,30.0,30.0
Manal Malik,T20I,1,6,7,0,1,0,0,1.0,7.0,7.0,16.67,6.0
DKJ Claude,T20I,2,9,28,0,1,0,2,1.5,18.67,28.0,11.11,9.0
M Jayphert,T20I,2,12,16,0,3,1,0,2.0,8.0,16.0,25.0,12.0
Ghayour Ahmad,T20I,2,24,35,0,7,1,0,4.0,8.75,35.0,29.17,24.0
IDR Bradshaw,T20I,1,24,25,0,12,1,0,4.0,6.25,25.0,50.0,24.0
ID Blackwell,Test,1,114,73,0,78,0,0,19.0,3.84,73.0,68.42,114.0
A Sharafu,T20I,1,1,3,0,0,0,0,0.2,18.0,3.0,0.0,1.0
A Sharafu,ODI,1,12,12,0,8,0,0,2.0,6.0,12.0,66.67,12.0
A Shamshudeen,ODI,1,18,24,0,4,0,0,3.0,8.0,24.0,22.22,18.0
A Sawyer,T20I,2,12,22,0,2,2,0,2.0,11.0,22.0,16.67,12.0
V Avdylaj,T20I,5,119,152,0,45,17,5,19.8,7.66,152.0,37.82,119.0
Utkarsh Srivastava,ODI,1,24,17,0,12,0,0,4.0,4.25,17.0,50.0,24.0
Usman Rafiq,ODI,2,32,47,0,8,0,0,5.3,8.81,47.0,25.0,32.0
Usman Ali,T20I,1,18,36,0,4,0,0,3.0,12.0,36.0,22.22,18.0
A Stoilova,T20I,2,10,28,0,0,3,3,1.7,16.8,28.0,0.0,10.0
B Freeman,T20I,1,12,16,0,2,1,0,2.0,8.0,16.0,16.67,12.0
B Chipli,IPL,1,6,20,0,1,0,0,1.0,20.0,20.0,16.67,6.0
RM D'Souza,T20I,1,6,15,0,1,2,0,1.0,15.0,15.0,16.67,6.0
RL Powell,Test,1,48,40,0,31,0,0,8.0,5.0,40.0,64.58,48.0
RK Raval,T20I,1,6,9,0,3,4,0,1.0,9.0,9.0,50.0,6.0
E Ul Haq,T20I,1,1,4,0,0,0,0,0.2,24.0,4.0,0.0,1.0
KV Mehta,T20I,1,12,13,0,5,0,0,2.0,6.5,13.0,41.67,12.0
KU Carty,ODI,3,25,28,0,11,2,0,4.2,6.72,28.0,44.0,25.0
KTGD Prasad,T20I,1,18,37,0,5,0,0,3.0,12.33,37.0,27.78,18.0
KS Williamson,IPL,2,18,31,0,2,0,0,3.0,10.33,31.0,11.11,18.0
Naila Nazir,T20I,1,19,20,0,8,3,1,3.2,6.32,20.0,42.11,19.0
C Moyo,T20I,3,50,53,0,20,2,0,8.3,6.36,53.0,40.0,50.0
C Milner,T20I,1,28,41,0,8,2,4,4.7,8.79,41.0,28.57,28.0
Maaz Khan,T20I,2,24,51,0,5,1,0,4.0,12.75,51.0,20.83,24.0
Maaha Naseer,T20I,1,18,30,0,4,0,0,3.0,10.0,30.0,22.22,18.0
Ma Luz Barcelona,T20I,1,6,10,0,3,5,0,1.0,10.0,10.0,50.0,6.0
MW Short,IPL,5,43,64,0,16,2,0,7.2,8.93,64.0,37.21,43.0
V Hettiarachchi,T20I,1,6,12,0,1,0,0,1.0,12.0,12.0,16.67,6.0
V Hampihallikar,T20I,5,54,99,0,11,2,0,9.0,11.0,99.0,20.37,54.0
V Frank,T20I,3,43,54,0,15,1,1,7.2,7.53,54.0,34.88,43.0
C Ganapathy,IPL,1,6,13,0,1,0,0,1.0,13.0,13.0,16.67,6.0
C Connolly,Test,1,30,21,0,19,0,0,5.0,4.2,21.0,63.33,30.0
V Romani,T20I,1,12,9,0,5,1,6,2.0,4.5,9.0,41.67,12.0
V Redkar,T20I,1,6,6,0,2,0,0,1.0,6.0,6.0,33.33,6.0
V Poglitsch,T20I,1,8,16,0,1,3,2,1.3,12.0,16.0,12.5,8.0
V Permaul,T20I,1,3,8,0,1,2,0,0.5,16.0,8.0,33.33,3.0
V Krishnamurthy,T20I,1,6,4,0,5,0,0,1.0,4.0,4.0,83.33,6.0
V Kai,T20I,3,55,56,0,23,4,1,9.2,6.11,56.0,41.82,55.0
Mah Noor,T20I,3,51,107,0,11,11,3,8.5,12.59,107.0,21.57,51.0
C Miles,T20I,1,13,20,0,6,2,1,2.2,9.23,20.0,46.15,13.0
C Isaac,ODI,1,24,22,0,13,4,0,4.0,5.5,22.0,54.17,24.0
Nahida Khan,ODI,1,12,12,0,2,0,0,2.0,6.0,12.0,16.67,12.0
Naeem Islam,Test,7,485,284,0,309,0,1,80.8,3.51,284.0,63.71,485.0
RK Parwin,ODI,1,42,34,0,26,2,0,7.0,4.86,34.0,61.9,42.0
B Kalki Kumar,T20I,2,30,42,0,13,3,0,5.0,8.4,42.0,43.33,30.0
KV Sharma,ODI,2,114,125,0,60,0,0,19.0,6.58,125.0,52.63,114.0
Nasir Aziz,T20I,1,24,22,0,12,0,0,4.0,5.5,22.0,50.0,24.0
RJ Ainsworth,T20I,1,6,14,0,3,1,0,1.0,14.0,14.0,50.0,6.0
E Millington,T20I,1,18,32,0,5,1,0,3.0,10.67,32.0,27.78,18.0
Kamran Khan (2),T20I,1,10,42,0,0,1,0,1.7,25.2,42.0,0.0,10.0
MJ Fisher,T20I,1,26,54,0,8,2,2,4.3,12.46,54.0,30.77,26.0
MJ Cosgrove,ODI,1,24,12,0,15,0,0,4.0,3.0,12.0,62.5,24.0
MG Neser,IPL,1,25,62,0,5,0,1,4.2,14.88,62.0,20.0,25.0
D la Cock,T20I,1,6,11,0,0,0,0,1.0,11.0,11.0,0.0,6.0
D la Cock,ODI,1,12,9,0,6,0,0,2.0,4.5,9.0,50.0,12.0
V Sehwag,T20I,1,7,20,0,0,0,1,1.2,17.14,20.0,0.0,7.0
H Dassanayake,T20I,2,18,17,0,13,5,0,3.0,5.67,17.0,72.22,18.0
Gurnoor Brar,IPL,1,20,42,0,7,1,2,3.3,12.6,42.0,35.0,20.0
B Isaac,T20I,4,60,94,0,21,7,0,10.0,9.4,94.0,35.0,60.0
RJ Quiney,Test,2,150,30,0,132,1,0,25.0,1.2,30.0,88.0,150.0
RJ Nicol,Test,2,17,13,0,11,0,0,2.8,4.59,13.0,64.71,17.0
RJ Kirtley,T20I,1,6,17,0,1,0,0,1.0,17.0,17.0,16.67,6.0
RGA Amah,T20I,1,12,19,0,4,2,0,2.0,9.5,19.0,33.33,12.0
RG Mukasa,T20I,2,42,41,0,20,0,0,7.0,5.86,41.0,47.62,42.0
RE Francis,T20I,2,30,30,0,17,2,0,5.0,6.0,30.0,56.67,30.0
RDM Leverock,T20I,1,24,22,0,7,0,0,4.0,5.5,22.0,29.17,24.0
RAJ Smith,T20I,2,41,72,0,15,1,0,6.8,10.54,72.0,36.59,41.0
RA Whiteley,PSL,1,18,45,0,2,3,0,3.0,15.0,45.0,11.11,18.0
RA Tripathi,IPL,1,6,12,0,0,0,0,1.0,12.0,12.0,0.0,6.0
MS Sinclair,Test,1,18,1,0,17,0,0,3.0,0.33,1.0,94.44,18.0
MS Kashyap,ODI,1,18,30,0,9,0,0,3.0,10.0,30.0,50.0,18.0
H Goto,T20I,1,6,11,0,2,3,0,1.0,11.0,11.0,33.33,6.0
VC Ahir,T20I,2,36,53,0,11,0,0,6.0,8.83,53.0,30.56,36.0
V Viyaskanth,T20I,1,24,28,0,9,0,0,4.0,7.0,28.0,37.5,24.0
V Tafea,T20I,4,43,60,0,22,10,1,7.2,8.37,60.0,51.16,43.0
MW Forde,PSL,1,12,18,0,3,0,0,2.0,9.0,18.0,25.0,12.0
Natalie Clarke,T20I,3,45,48,0,26,14,3,7.5,6.4,48.0,57.78,45.0
Natalia Pervaiz,ODI,2,24,29,0,11,0,0,4.0,7.25,29.0,45.83,24.0
RA Shaikh,IPL,1,6,11,0,1,0,0,1.0,11.0,11.0,16.67,6.0
Kashif Abbas,T20I,1,6,12,0,1,0,0,1.0,12.0,12.0,16.67,6.0
Karweng NG,T20I,3,56,81,0,18,0,2,9.3,8.68,81.0,32.14,56.0
Karthik Pillai,T20I,2,30,48,0,6,3,0,5.0,9.6,48.0,20.0,30.0
Karthik Jayaraj,T20I,1,18,24,0,6,3,0,3.0,8.0,24.0,33.33,18.0
Karim Janat,IPL,1,6,30,0,0,0,0,1.0,30.0,30.0,0.0,6.0
Naveena Shetty,T20I,2,12,12,0,1,0,0,2.0,6.0,12.0,8.33,12.0
Navdeep Saini,ODI,1,31,27,0,18,1,1,5.2,5.23,27.0,58.06,31.0
I Siriwardanalage,T20I,1,11,16,0,3,4,5,1.8,8.73,16.0,27.27,11.0
MVT Fernando,T20I,1,12,16,0,5,0,0,2.0,8.0,16.0,41.67,12.0
MV Lehmann,T20I,2,13,16,0,7,2,1,2.2,7.38,16.0,53.85,13.0
MV Fare,T20I,1,7,12,0,2,5,1,1.2,10.29,12.0,28.57,7.0
MT Renshaw,Test,2,30,20,0,14,0,0,5.0,4.0,20.0,46.67,30.0
MT Herbert,ODI,1,18,15,0,13,0,0,3.0,5.0,15.0,72.22,18.0
MS Wade,Test,4,31,28,0,16,1,1,5.2,5.42,28.0,51.61,31.0
Kamran Ghulam,Test,1,19,16,0,7,0,1,3.2,5.05,16.0,36.84,19.0
Khaled Ahmed,T20I,1,24,38,0,8,0,0,4.0,9.5,38.0,33.33,24.0
I Maraj,ODI,1,27,23,0,15,0,0,4.5,5.11,23.0,55.56,27.0
I Malhotra,IPL,1,6,23,0,0,0,0,1.0,23.0,23.0,0.0,6.0
A Mukund,Test,1,12,14,0,7,0,0,2.0,7.0,14.0,58.33,12.0
VS Yeligati,IPL,2,30,61,0,8,2,0,5.0,12.2,61.0,26.67,30.0
VS Padhaal,T20I,1,6,12,0,1,0,0,1.0,12.0,12.0,16.67,6.0
VRV Singh,ODI,2,80,106,0,38,1,8,13.3,7.95,106.0,47.5,80.0
VR Iyer,ODI,1,30,28,0,10,0,0,5.0,5.6,28.0,33.33,30.0
VL Mukesh,T20I,4,48,64,0,21,0,0,8.0,8.0,64.0,43.75,48.0
C Hemraj,ODI,1,7,9,0,3,0,0,1.2,7.71,9.0,42.86,7.0
C Gunasekara,ODI,1,6,8,0,4,1,0,1.0,8.0,8.0,66.67,6.0
DM Washington,Test,1,176,93,0,124,0,2,29.3,3.17,93.0,70.45,176.0
DM Kavinisseri,T20I,1,18,21,0,10,5,0,3.0,7.0,21.0,55.56,18.0
DM Bravo,Test,1,6,3,0,5,0,0,1.0,3.0,3.0,83.33,6.0
M Imimole,T20I,4,72,54,0,40,6,0,12.0,4.5,54.0,55.56,72.0
RA Tappin,T20I,1,12,19,0,3,4,0,2.0,9.5,19.0,25.0,12.0
R Sanjay Yadav,IPL,1,12,23,0,6,2,0,2.0,11.5,23.0,50.0,12.0
E Kuyumcu,T20I,3,19,36,0,7,3,1,3.2,11.37,36.0,36.84,19.0
E Kuchey,T20I,5,66,98,0,24,1,0,11.0,8.91,98.0,36.36,66.0
B Williams,T20I,1,6,13,0,2,0,0,1.0,13.0,13.0,33.33,6.0
W Barresi,ODI,1,6,13,0,2,0,0,1.0,13.0,13.0,33.33,6.0
Vivrant Sharma,IPL,2,19,37,0,5,2,1,3.2,11.68,37.0,26.32,19.0
Vivek Dixit,T20I,1,6,8,0,2,0,0,1.0,8.0,8.0,33.33,6.0
Vimal Kumar,T20I,2,36,68,0,10,0,0,6.0,11.33,68.0,27.78,36.0
Vaishnavi Sharma,ODI,1,24,34,0,8,0,0,4.0,8.5,34.0,33.33,24.0
H Doriga,T20I,9,60,91,0,25,10,0,10.0,9.1,91.0,41.67,60.0
H Doriga,ODI,1,6,9,0,3,0,0,1.0,9.0,9.0,50.0,6.0
B Siddharth,T20I,2,19,31,0,8,1,0,3.2,9.79,31.0,42.11,19.0
B Sharki,ODI,1,6,8,0,1,0,0,1.0,8.0,8.0,16.67,6.0
B Shanti,T20I,2,12,20,0,3,3,0,2.0,10.0,20.0,25.0,12.0
B Sai Sudharsan,ODI,1,3,8,0,1,1,0,0.5,16.0,8.0,33.33,3.0
B Passoni,T20I,1,6,8,0,4,1,0,1.0,8.0,8.0,66.67,6.0
R Olipa,T20I,1,6,8,0,4,1,0,1.0,8.0,8.0,66.67,6.0
BAA Zammitt,T20I,1,6,10,0,1,0,1,1.0,10.0,10.0,16.67,6.0
D Ganga,Test,1,24,26,0,12,0,0,4.0,6.5,26.0,50.0,24.0
D Foxcroft,T20I,1,12,17,0,5,0,0,2.0,8.5,17.0,41.67,12.0
W Miyauchi,T20I,1,6,3,0,3,0,0,1.0,3.0,3.0,50.0,6.0
I Koroma,T20I,1,12,11,0,3,2,0,2.0,5.5,11.0,25.0,12.0
I Katzarski,T20I,2,12,25,0,2,2,0,2.0,12.5,25.0,16.67,12.0
I Kaia,T20I,2,12,9,0,7,0,0,2.0,4.5,9.0,58.33,12.0
I Kaia,ODI,2,28,22,0,12,0,0,4.7,4.71,22.0,42.86,28.0
M Durdevac,T20I,2,31,28,0,14,4,1,5.2,5.42,28.0,45.16,31.0
Navid Balouch,T20I,1,12,23,0,2,0,0,2.0,11.5,23.0,16.67,12.0
B Vakarewa,ODI,1,24,22,0,15,3,0,4.0,5.5,22.0,62.5,24.0
B Terbish,T20I,2,12,36,0,2,1,0,2.0,18.0,36.0,16.67,12.0
R Rohan,T20I,1,6,7,0,3,1,0,1.0,7.0,7.0,50.0,6.0
R Ravindra,IPL,2,12,7,0,5,0,0,2.0,3.5,7.0,41.67,12.0
Kinaanath Ismail,T20I,1,25,60,0,3,0,1,4.2,14.4,60.0,12.0,25.0
Nazmul Hossain Shanto,T20I,3,18,26,0,5,1,0,3.0,8.67,26.0,27.78,18.0
R Mazumder,T20I,1,6,6,0,3,1,0,1.0,6.0,6.0,50.0,6.0
BB McCullum,PSL,1,6,13,0,2,1,0,1.0,13.0,13.0,33.33,6.0
BB Chari,Test,2,18,12,0,12,0,0,3.0,4.0,12.0,66.67,18.0
H Ivanov,T20I,1,12,11,0,7,1,0,2.0,5.5,11.0,58.33,12.0
H Hotchandani,ODI,3,60,47,0,33,0,0,10.0,4.7,47.0,55.0,60.0
Hussain Talat,ODI,4,60,78,0,22,4,0,10.0,7.8,78.0,36.67,60.0
Hung Ying Ho,T20I,2,24,12,0,18,3,0,4.0,3.0,12.0,75.0,24.0
WA Agar,ODI,2,68,44,0,45,2,2,11.3,3.88,44.0,66.18,68.0
W Uisuk,T20I,2,24,46,0,9,1,0,4.0,11.5,46.0,37.5,24.0
W Perchard,T20I,3,36,46,0,8,1,0,6.0,7.67,46.0,22.22,36.0
MS Dhoni,Test,6,98,72,0,60,2,2,16.3,4.41,72.0,61.22,98.0
Khuzaima Tanveer,T20I,2,41,58,0,18,1,0,6.8,8.49,58.0,43.9,41.0
Khurram Chohan,T20I,2,25,51,0,8,0,0,4.2,12.24,51.0,32.0,25.0
R Patten,T20I,2,18,34,0,4,1,0,3.0,11.33,34.0,22.22,18.0
R Pathan,T20I,1,12,24,0,2,0,0,2.0,12.0,24.0,16.67,12.0
E Frosler,T20I,1,12,18,0,6,0,0,2.0,9.0,18.0,50.0,12.0
Kyshona A Knight,ODI,2,24,32,0,6,2,0,4.0,8.0,32.0,25.0,24.0
Krish Bhagat,IPL,3,36,63,0,15,0,0,6.0,10.5,63.0,41.67,36.0
Komang Putra,T20I,2,12,21,0,5,2,0,2.0,10.5,21.0,41.67,12.0
C Brits,ODI,1,6,5,0,5,3,0,1.0,5.0,5.0,83.33,6.0
Hawwa Ifasha,T20I,1,8,16,0,0,0,2,1.3,12.0,16.0,0.0,8.0
A Magdalenic,T20I,4,28,83,0,3,10,2,4.7,17.79,83.0,10.71,28.0
A Lyth,Test,1,6,0,0,6,0,0,1.0,0.0,0.0,100.0,6.0
WD Parnell,PSL,3,30,71,0,5,0,0,5.0,14.2,71.0,16.67,30.0
WCA Ganegama,ODI,2,42,61,0,24,2,0,7.0,8.71,61.0,57.14,42.0
H Klaasen,ODI,2,30,33,0,8,0,0,5.0,6.6,33.0,26.67,30.0
H Kaushik,ODI,4,114,100,0,53,3,0,19.0,5.26,100.0,46.49,114.0
H Karunaratne,T20I,3,30,41,0,8,0,0,5.0,8.2,41.0,26.67,30.0
Niaz Ali,T20I,2,35,47,0,13,0,1,5.8,8.06,47.0,37.14,35.0
Nestor Dhamba,T20I,1,18,12,0,6,0,0,3.0,4.0,12.0,33.33,18.0
Nazmul Hossain Shanto,Test,9,118,87,0,63,0,0,19.7,4.42,87.0,53.39,118.0
L Cheatle,Test,1,54,24,0,42,0,0,9.0,2.67,24.0,77.78,54.0
L Berthe,T20I,1,7,14,0,2,1,1,1.2,12.0,14.0,28.57,7.0
Nur Izzatul Syafiqa,T20I,1,6,11,0,0,2,0,1.0,11.0,11.0,0.0,6.0
D Siva Kumar,T20I,1,12,11,0,4,0,0,2.0,5.5,11.0,33.33,12.0
MJ Guptill,T20I,1,6,11,0,3,0,0,1.0,11.0,11.0,50.0,6.0
MJ Fourie,ODI,2,77,52,0,52,4,0,12.8,4.05,52.0,67.53,77.0
Hor Siv na,T20I,4,55,37,0,35,7,1,9.2,4.04,37.0,63.64,55.0
Hein Zin Aung,T20I,1,6,13,0,0,0,0,1.0,13.0,13.0,0.0,6.0
Hawwa Shaaiqa,T20I,1,9,15,0,3,3,3,1.5,10.0,15.0,33.33,9.0
Noorullah Sidiqi,T20I,1,6,20,0,1,1,0,1.0,20.0,20.0,16.67,6.0
Nithish Kumar Reddy,ODI,4,91,107,0,26,0,0,15.2,7.05,107.0,28.57,91.0
R Kanojiya,T20I,1,25,31,0,6,0,1,4.2,7.44,31.0,24.0,25.0
R Kaia,Test,2,180,165,0,94,0,0,30.0,5.5,165.0,52.22,180.0
R Jones,T20I,1,12,19,0,6,0,0,2.0,9.5,19.0,50.0,12.0
R Goyal,IPL,1,24,34,0,7,0,0,4.0,8.5,34.0,29.17,24.0
E Kahamker,T20I,2,24,46,0,8,4,0,4.0,11.5,46.0,33.33,24.0
BE McGain,Test,1,108,150,0,55,0,0,18.0,8.33,150.0,50.93,108.0
BE Johnson,T20I,1,12,36,0,4,0,0,2.0,18.0,36.0,33.33,12.0
BDH Stevens,ODI,1,18,28,0,6,0,0,3.0,9.33,28.0,33.33,18.0
R Adotei,T20I,2,43,62,0,20,3,1,7.2,8.65,62.0,46.51,43.0
E Chance,T20I,5,53,76,0,19,4,5,8.8,8.6,76.0,35.85,53.0
E Bourgaize,T20I,1,7,16,0,1,0,1,1.2,13.71,16.0,14.29,7.0
A Lazic,T20I,2,12,29,0,0,0,0,2.0,14.5,29.0,0.0,12.0
MR Meshram,T20I,2,36,27,0,17,0,0,6.0,4.5,27.0,47.22,36.0
MR Meshram,ODI,4,84,51,0,52,2,0,14.0,3.64,51.0,61.9,84.0
DP Hernandez,T20I,1,10,13,0,3,3,4,1.7,7.8,13.0,30.0,10.0
DN Wellalage,Test,1,78,35,0,48,0,0,13.0,2.69,35.0,61.54,78.0
DN Wellalage,PSL,1,24,40,0,6,1,0,4.0,10.0,40.0,25.0,24.0
R Brar,T20I,1,24,45,0,5,2,0,4.0,11.25,45.0,20.83,24.0
R Aurora,T20I,1,12,8,0,5,0,0,2.0,4.0,8.0,41.67,12.0
R Goodwin,T20I,1,12,21,0,5,2,0,2.0,10.5,21.0,41.67,12.0
R Dhami,T20I,1,7,10,0,1,1,1,1.2,8.57,10.0,14.29,7.0
Pankaj Singh,ODI,1,43,45,0,22,1,1,7.2,6.28,45.0,51.16,43.0
PY Lavine,T20I,1,12,18,0,4,0,0,2.0,9.0,18.0,33.33,12.0
PY Lavine,ODI,1,12,14,0,7,0,0,2.0,7.0,14.0,58.33,12.0
DR Brown,T20I,1,24,45,0,5,3,0,4.0,11.25,45.0,20.83,24.0
OA Shah,Test,2,33,31,0,15,0,3,5.5,5.64,31.0,45.45,33.0
Hashir Hussain,T20I,1,6,10,0,0,0,0,1.0,10.0,10.0,0.0,6.0
Hasan Murad,T20I,1,12,16,0,4,0,0,2.0,8.0,16.0,33.33,12.0
O Casasola,T20I,1,12,15,0,3,0,0,2.0,7.5,15.0,25.0,12.0
Praveen Santhanakrishnan,T20I,1,7,5,0,5,2,1,1.2,4.29,5.0,71.43,7.0
Prasad Anish,T20I,4,29,53,0,6,2,0,4.8,10.97,53.0,20.69,29.0
Purvi Kumari,T20I,2,14,27,0,3,2,2,2.3,11.57,27.0,21.43,14.0
BJ Diamanti,ODI,1,12,25,0,0,0,0,2.0,12.5,25.0,0.0,12.0
L Hornby-Wheeler,T20I,2,24,34,0,8,3,0,4.0,8.5,34.0,33.33,24.0
BJ Bennett,ODI,1,12,27,0,4,0,0,2.0,13.5,27.0,33.33,12.0
Liton Das,Test,1,12,13,0,5,0,0,2.0,6.5,13.0,41.67,12.0
Lily Rani Biswas,T20I,2,12,14,0,4,1,0,2.0,7.0,14.0,33.33,12.0
PWDM Badalge,ODI,3,35,47,0,12,2,0,5.8,8.06,47.0,34.29,35.0
PWA Mulder,IPL,1,6,16,0,1,0,0,1.0,16.0,16.0,16.67,6.0
BJ Rohrer,IPL,1,6,12,0,1,1,0,1.0,12.0,12.0,16.67,6.0
L Ntanzi,T20I,1,7,10,0,3,1,1,1.2,8.57,10.0,42.86,7.0
L Mophakedi,T20I,1,20,26,0,6,3,2,3.3,7.8,26.0,30.0,20.0
L McCarthy,T20I,1,24,81,0,3,2,0,4.0,20.25,81.0,12.5,24.0
Divya Kandpal,T20I,2,12,16,0,1,0,0,2.0,8.0,16.0,8.33,12.0
Waqas Khan,T20I,1,6,12,0,1,1,0,1.0,12.0,12.0,16.67,6.0
Waqas Barkat,ODI,1,12,19,0,5,0,0,2.0,9.5,19.0,41.67,12.0
Waqar Ul Hassan,T20I,1,6,10,0,1,0,0,1.0,10.0,10.0,16.67,6.0
A Kayuni,T20I,1,6,12,0,2,6,0,1.0,12.0,12.0,33.33,6.0
D Lakshan,ODI,1,12,12,0,4,0,0,2.0,6.0,12.0,33.33,12.0
D Khanal,ODI,2,18,20,0,10,0,0,3.0,6.67,20.0,55.56,18.0
L Lee,T20I,2,18,22,0,6,0,0,3.0,7.33,22.0,33.33,18.0
Pen Samon,T20I,1,11,19,0,4,1,1,1.8,10.36,19.0,36.36,11.0
Pech Pisa,T20I,2,12,17,0,6,3,0,2.0,8.5,17.0,50.0,12.0
BJ Patel,ODI,1,18,21,0,7,0,0,3.0,7.0,21.0,38.89,18.0
BJ Diamanti,T20I,1,12,20,0,3,0,0,2.0,10.0,20.0,25.0,12.0
PV Naringrekar,T20I,2,13,17,0,5,0,0,2.2,7.85,17.0,38.46,13.0
PUKK Arachchige,T20I,1,6,9,0,2,0,0,1.0,9.0,9.0,33.33,6.0
PS Masvaure,Test,2,89,61,0,57,4,5,14.8,4.11,61.0,64.04,89.0
PS Masvaure,ODI,1,18,19,0,4,1,0,3.0,6.33,19.0,22.22,18.0
L Thobela,T20I,1,8,7,0,4,3,2,1.3,5.25,7.0,50.0,8.0
A Johnson,ODI,1,24,14,0,13,0,0,4.0,3.5,14.0,54.17,24.0
A Hogg,T20I,1,12,13,0,5,0,0,2.0,6.5,13.0,41.67,12.0
Wenjing Yin,T20I,1,18,33,0,2,1,0,3.0,11.0,33.0,11.11,18.0
Wei Haiting,T20I,2,13,29,0,3,5,1,2.2,13.38,29.0,23.08,13.0
H Madavi,ODI,3,24,33,0,10,1,0,4.0,8.25,33.0,41.67,24.0
H Little,T20I,3,37,35,0,19,6,0,6.2,5.68,35.0,51.35,37.0
H Klaasen,T20I,1,6,14,0,2,0,0,1.0,14.0,14.0,33.33,6.0
Waseem Muhammad,ODI,7,71,96,0,32,4,0,11.8,8.11,96.0,45.07,71.0
C Anayo,T20I,1,12,8,0,6,1,0,2.0,4.0,8.0,50.0,12.0
PR Stirling,Test,1,12,11,0,7,0,0,2.0,5.5,11.0,58.33,12.0
PR Brown,PSL,2,42,61,0,13,0,0,7.0,8.71,61.0,30.95,42.0
BM Anusha,ODI,1,6,11,0,3,2,0,1.0,11.0,11.0,50.0,6.0
BKG Mendis,ODI,2,20,28,0,6,0,0,3.3,8.4,28.0,30.0,20.0
H Shreya,T20I,1,12,16,0,6,5,0,2.0,8.0,16.0,50.0,12.0
H Sharma,IPL,2,30,62,0,4,0,0,5.0,12.4,62.0,13.33,30.0
H Shah,ODI,3,60,55,0,36,0,0,10.0,5.5,55.0,60.0,60.0
Hannan Sarkar,ODI,1,3,13,0,0,0,0,0.5,26.0,13.0,0.0,3.0
Hamza Khan,T20I,1,6,15,0,1,0,0,1.0,15.0,15.0,16.67,6.0
Hammad Azam,PSL,4,43,79,0,11,0,0,7.2,11.02,79.0,25.58,43.0
Y Gnaneswara Rao,IPL,1,6,7,0,3,0,0,1.0,7.0,7.0,50.0,6.0
Y Divekar,T20I,2,12,32,0,2,0,0,2.0,16.0,32.0,16.67,12.0
XM Marshall,Test,1,12,0,0,12,0,0,2.0,0.0,0.0,100.0,12.0
XM Marshall,ODI,1,3,5,0,3,1,0,0.5,10.0,5.0,100.0,3.0
A Joshi,T20I,2,35,65,0,7,8,5,5.8,11.14,65.0,20.0,35.0
Deep Harian,T20I,1,12,18,0,5,1,0,2.0,9.0,18.0,41.67,12.0
PJK Mooney,ODI,2,54,57,0,21,0,3,9.0,6.33,57.0,38.89,54.0
OF Rios,T20I,1,8,9,0,5,3,2,1.3,6.75,9.0,62.5,8.0
Lee Kangmin,T20I,2,24,41,0,5,1,0,4.0,10.25,41.0,20.83,24.0
A Gisdaki,T20I,1,6,14,0,1,0,0,1.0,14.0,14.0,16.67,6.0
A Gianani,T20I,1,12,9,0,8,5,0,2.0,4.5,9.0,66.67,12.0
A Emch,T20I,1,8,13,0,1,1,2,1.3,9.75,13.0,12.5,8.0
Y Sangare,T20I,1,4,8,0,0,1,0,0.7,12.0,8.0,0.0,4.0
Y Punja,ODI,1,36,50,0,14,3,0,6.0,8.33,50.0,38.89,36.0
Y Potgieter,T20I,3,48,36,0,27,1,0,8.0,4.5,36.0,56.25,48.0
Y Korniienko,T20I,1,9,8,0,3,1,3,1.5,5.33,8.0,33.33,9.0
Y Konate,T20I,1,18,16,0,4,0,0,3.0,5.33,16.0,22.22,18.0
H Sin Yee,T20I,1,12,18,0,5,5,0,2.0,9.0,18.0,41.67,12.0
L Shetty,ODI,2,36,47,0,18,2,0,6.0,7.83,47.0,50.0,36.0
L Samani,T20I,1,6,7,0,2,2,0,1.0,7.0,7.0,33.33,6.0
L Rika,T20I,1,15,28,0,2,3,0,2.5,11.2,28.0,13.33,15.0
PR Veer,IPL,1,12,25,0,5,0,0,2.0,12.5,25.0,41.67,12.0
DR Flynn,T20I,1,6,7,0,2,0,0,1.0,7.0,7.0,33.33,6.0
DR Flynn,ODI,2,18,19,0,8,0,0,3.0,6.33,19.0,44.44,18.0
PJ te Beest,ODI,1,19,23,0,5,2,1,3.2,7.26,23.0,26.32,19.0
BP Nash,ODI,1,30,33,0,8,0,0,5.0,6.6,33.0,26.67,30.0
DS Wesonga,T20I,1,12,19,0,5,0,0,2.0,9.5,19.0,41.67,12.0
LA Dunbar,T20I,1,6,8,0,3,0,0,1.0,8.0,8.0,50.0,6.0
MJ North,ODI,1,18,16,0,7,0,0,3.0,5.33,16.0,38.89,18.0
MJ Mindley,Test,1,15,11,0,10,0,3,2.5,4.4,11.0,66.67,15.0
MJ Mason,Test,1,132,105,0,94,0,0,22.0,4.77,105.0,71.21,132.0
YJC Altamirano,T20I,1,6,16,0,3,2,0,1.0,16.0,16.0,50.0,6.0
YBK Jaiswal,Test,3,18,18,0,6,0,0,3.0,6.0,18.0,33.33,18.0
YBK Jaiswal,T20I,1,6,11,0,1,0,0,1.0,11.0,11.0,16.67,6.0
YBK Jaiswal,IPL,1,1,6,0,0,0,0,0.2,36.0,6.0,0.0,1.0
Danish Aziz,PSL,5,29,53,0,8,0,0,4.8,10.97,53.0,27.59,29.0
Danish Aziz,ODI,2,30,27,0,15,0,0,5.0,5.4,27.0,50.0,30.0
L Vincent,Test,1,6,2,0,4,0,0,1.0,2.0,2.0,66.67,6.0
BOP Fernando,Test,2,18,19,0,5,0,0,3.0,6.33,19.0,27.78,18.0
BOP Fernando,ODI,1,12,16,0,2,0,0,2.0,8.0,16.0,16.67,12.0
PJ Malan,Test,1,12,5,0,10,0,0,2.0,2.5,5.0,83.33,12.0
PHT Kaushal,ODI,1,36,25,0,22,0,0,6.0,4.17,25.0,61.11,36.0
LD Chukkapalli-Llinares,T20I,2,31,27,0,15,1,1,5.2,5.23,27.0,48.39,31.0
HT Tector,Test,5,168,146,0,88,1,0,28.0,5.21,146.0,52.38,168.0
HS Bedi,T20I,1,12,19,0,3,0,0,2.0,9.5,19.0,25.0,12.0
A Dineshi,T20I,1,7,20,0,1,8,1,1.2,17.14,20.0,14.29,7.0
A Dhar,T20I,2,18,31,0,7,0,0,3.0,10.33,31.0,38.89,18.0
A Dercksen,Test,2,180,154,0,121,1,0,30.0,5.13,154.0,67.22,180.0
Yadwinder Singh,T20I,1,12,2,0,10,0,0,2.0,1.0,2.0,83.33,12.0
YT Lewis,T20I,1,6,6,0,5,5,0,1.0,6.0,6.0,83.33,6.0
YSD Seneveratne,T20I,3,19,29,0,6,3,1,3.2,9.16,29.0,31.58,19.0
MP Enright,T20I,1,12,18,0,4,0,0,2.0,9.0,18.0,33.33,12.0
MO Kain,T20I,2,34,55,0,11,0,0,5.7,9.71,55.0,32.35,34.0
MNK Fernando,ODI,1,12,22,0,1,0,0,2.0,11.0,22.0,8.33,12.0
LH Ferguson,Test,1,66,47,0,47,1,0,11.0,4.27,47.0,71.21,66.0
LD Madushanka,T20I,1,24,36,0,5,2,0,4.0,9.0,36.0,20.83,24.0
DS Smith,Test,1,6,3,0,4,0,0,1.0,3.0,3.0,66.67,6.0
DPMD Jayawardene,T20I,1,6,8,0,1,0,0,1.0,8.0,8.0,16.67,6.0
Yin Chenhao,T20I,1,6,5,0,3,2,0,1.0,5.0,5.0,50.0,6.0
Yasser Nazir,T20I,1,6,16,0,0,1,0,1.0,16.0,16.0,0.0,6.0
Yasmeen Khan,T20I,6,78,86,0,33,9,0,13.0,6.62,86.0,42.31,78.0
Yasir Shah,T20I,2,24,41,0,5,0,0,4.0,10.25,41.0,20.83,24.0
Yasir Hameed,Test,4,79,73,0,34,0,1,13.2,5.54,73.0,43.04,79.0
Yasir Ali Chowdhury,Test,1,42,35,0,20,0,0,7.0,5.0,35.0,47.62,42.0
Haliam Kwon,T20I,2,32,46,0,10,8,2,5.3,8.62,46.0,31.25,32.0
Habibul Bashar,Test,2,54,24,0,34,0,0,9.0,2.67,24.0,62.96,54.0
Habiba Islam,T20I,1,12,20,0,3,1,0,2.0,10.0,20.0,25.0,12.0
HWR Cartwright,Test,2,54,31,0,42,0,0,9.0,3.44,31.0,77.78,54.0
HW Rambaldo,ODI,2,26,28,0,8,0,0,4.3,6.46,28.0,30.77,26.0
BP Kruger,ODI,1,21,23,0,10,0,0,3.5,6.57,23.0,47.62,21.0
DP Sibley,Test,1,9,7,0,5,0,3,1.5,4.67,7.0,55.56,9.0
OSB Tilley,T20I,1,6,10,0,2,0,1,1.0,10.0,10.0,33.33,6.0
OP Stone,T20I,1,25,36,0,4,0,1,4.2,8.64,36.0,16.0,25.0
OP Stone,PSL,1,22,28,0,8,2,0,3.7,7.64,28.0,36.36,22.0
OL Pitcher,T20I,1,6,7,0,1,0,0,1.0,7.0,7.0,16.67,6.0
OJR Groves,T20I,2,13,41,0,3,5,0,2.2,18.92,41.0,23.08,13.0
DS Smith,ODI,2,17,17,0,5,1,0,2.8,6.0,17.0,29.41,17.0
BRM Taylor,Test,3,18,27,0,6,0,0,3.0,9.0,27.0,33.33,18.0
MN Waller,T20I,3,30,42,0,8,0,0,5.0,8.4,42.0,26.67,30.0
MM Lanning,Test,2,48,12,0,41,0,0,8.0,1.5,12.0,85.42,48.0
MM Iqbal,ODI,1,36,45,0,16,0,0,6.0,7.5,45.0,44.44,36.0
Yousif Wali,T20I,1,6,18,0,2,2,0,1.0,18.0,18.0,33.33,6.0
HAG Madhushanka,T20I,2,18,36,0,5,0,0,3.0,12.0,36.0,27.78,18.0
PG Raut,T20I,1,18,17,0,5,0,0,3.0,5.67,17.0,27.78,18.0
PDRL Perera,T20I,2,42,80,0,17,4,0,7.0,11.43,80.0,40.48,42.0
PC de Silva,T20I,2,12,30,0,1,0,0,2.0,15.0,30.0,8.33,12.0
DR Mousley,PSL,1,18,22,0,4,0,0,3.0,7.33,22.0,22.22,18.0
DR Mousley,ODI,1,12,17,0,4,1,0,2.0,8.5,17.0,33.33,12.0
DR Martyn,Test,4,168,92,0,135,0,0,28.0,3.29,92.0,80.36,168.0
DR Flynn,Test,1,6,0,0,6,0,0,1.0,0.0,0.0,100.0,6.0
HE Whelan,ODI,1,42,25,0,28,0,0,7.0,3.57,25.0,66.67,42.0
HDRL Thirimanne,Test,5,84,51,0,51,1,0,14.0,3.64,51.0,60.71,84.0
HD Rutherford,Test,1,6,2,0,4,0,0,1.0,2.0,2.0,66.67,6.0
HMD Rasangika,ODI,1,12,20,0,4,0,0,2.0,10.0,20.0,33.33,12.0
A Dananjaya,IPL,1,24,47,0,6,1,0,4.0,11.75,47.0,25.0,24.0
Yousuf Youhana,ODI,1,1,1,0,0,0,0,0.2,6.0,1.0,0.0,1.0
Yousuf Ali,T20I,1,6,15,0,2,0,0,1.0,15.0,15.0,33.33,6.0
D Madushanka,PSL,1,24,43,0,8,0,0,4.0,10.75,43.0,33.33,24.0
Bashir Ahmad,T20I,1,12,36,0,2,0,0,2.0,18.0,36.0,16.67,12.0
LJ Poulton,Test,1,24,15,0,13,0,0,4.0,3.75,15.0,54.17,24.0
LJ Poulton,ODI,1,12,18,0,3,1,0,2.0,9.0,18.0,25.0,12.0
LJ Hamilton,ODI,1,51,67,0,25,1,3,8.5,7.88,67.0,49.02,51.0
LM Christensen,T20I,1,6,10,0,2,2,0,1.0,10.0,10.0,33.33,6.0
D Myers,Test,2,33,27,0,18,0,0,5.5,4.91,27.0,54.55,33.0
HJ Darlington,T20I,2,18,31,0,6,0,0,3.0,10.33,31.0,33.33,18.0
ZB Ender,T20I,1,20,16,0,12,5,2,3.3,4.8,16.0,60.0,20.0
Z Motara,T20I,1,6,13,0,2,0,0,1.0,13.0,13.0,33.33,6.0
A Daxini,T20I,2,10,24,0,1,1,1,1.7,14.4,24.0,10.0,10.0
P Sapesa,T20I,2,30,36,0,14,0,0,5.0,7.2,36.0,46.67,30.0
P Ray Barman,IPL,1,24,56,0,2,0,0,4.0,14.0,56.0,8.33,24.0
P Rathnayake,ODI,1,6,12,0,1,0,0,1.0,12.0,12.0,16.67,6.0
P Prasanth,IPL,1,6,18,0,3,0,0,1.0,18.0,18.0,50.0,6.0
P Neighbour,T20I,1,28,45,0,8,7,4,4.7,9.64,45.0,28.57,28.0
P Awana,T20I,2,36,72,0,9,0,0,6.0,12.0,72.0,25.0,36.0
Badal Singh,ODI,2,60,70,0,29,2,0,10.0,7.0,70.0,48.33,60.0
Babar Hayat,ODI,1,6,9,0,3,0,0,1.0,9.0,9.0,50.0,6.0
BYA Mendis,T20I,1,18,11,0,10,3,0,3.0,3.67,11.0,55.56,18.0
P Silas,T20I,2,13,34,0,3,0,1,2.2,15.69,34.0,23.08,13.0
Zuber Sunasara,T20I,1,2,2,0,0,0,0,0.3,6.0,2.0,0.0,2.0
Zahid Hussain,T20I,2,33,31,0,13,1,0,5.5,5.64,31.0,39.39,33.0
A Bushell,T20I,1,6,7,0,2,0,0,1.0,7.0,7.0,33.33,6.0
A Brindle,Test,1,42,42,0,27,0,0,7.0,6.0,42.0,64.29,42.0
P Desungnoen,T20I,2,30,41,0,11,1,0,5.0,8.2,41.0,36.67,30.0
P Deol,T20I,1,24,31,0,8,0,0,4.0,7.75,31.0,33.33,24.0
LRPL Taylor,ODI,4,42,35,0,20,3,0,7.0,5.0,35.0,47.62,42.0
LRPL Taylor,IPL,2,12,24,0,0,1,0,2.0,12.0,24.0,0.0,12.0
LR Johnson,Test,1,24,9,0,17,0,0,4.0,2.25,9.0,70.83,24.0
LPC Silva,IPL,1,6,21,0,0,0,0,1.0,21.0,21.0,0.0,6.0
Zulqarnain Haider (2),T20I,1,18,8,0,13,2,0,3.0,2.67,8.0,72.22,18.0
DR Smith,PSL,7,36,71,0,7,0,0,6.0,11.83,71.0,19.44,36.0
Bibina Baby,T20I,1,19,34,0,9,10,1,3.2,10.74,34.0,47.37,19.0
Bhumeshswar Jagroo,T20I,2,16,17,0,5,0,4,2.7,6.38,17.0,31.25,16.0
Bazid Khan,ODI,1,12,11,0,3,1,0,2.0,5.5,11.0,25.0,12.0
P Ghosh,T20I,1,6,9,0,2,0,0,1.0,9.0,9.0,33.33,6.0
Sabbir Rahman,Test,6,145,99,0,78,0,1,24.2,4.1,99.0,53.79,145.0
Saad Nasim,T20I,1,6,12,0,2,0,0,1.0,12.0,12.0,33.33,6.0
Saad Nasim,PSL,1,6,9,0,3,0,0,1.0,9.0,9.0,50.0,6.0
Saad Nasim,ODI,2,36,46,0,11,1,0,6.0,7.67,46.0,30.56,36.0
Saad Masood,ODI,1,48,58,0,16,3,0,8.0,7.25,58.0,33.33,48.0
SZ Mulani,IPL,2,30,57,0,7,3,0,5.0,11.4,57.0,23.33,30.0
Muhammad Musa,Test,1,126,114,0,67,1,6,21.0,5.43,114.0,53.17,126.0
Muhammad Musa,T20I,2,47,62,0,19,1,0,7.8,7.91,62.0,40.43,47.0
Muhammad Farooq,ODI,2,78,68,0,45,3,0,13.0,5.23,68.0,57.69,78.0
AW Summers,PSL,2,49,62,0,14,3,1,8.2,7.59,62.0,28.57,49.0
AUK Pathan,IPL,3,39,63,0,9,2,0,6.5,9.69,63.0,23.08,39.0
Saee Parkhi,T20I,4,53,65,0,23,5,2,8.8,7.36,65.0,43.4,53.0
Sadaf Shamas,T20I,1,6,11,0,2,1,0,1.0,11.0,11.0,33.33,6.0
HH Gibbs,Test,1,6,4,0,5,0,0,1.0,4.0,4.0,83.33,6.0
HH Dippenaar,Test,1,12,1,0,11,0,0,2.0,0.5,1.0,91.67,12.0
Zuhaib Zubair,ODI,4,150,143,0,65,1,0,25.0,5.72,143.0,43.33,150.0
