striker,format,matches,innings,runs,balls_faced,dismissals,dot_balls,fours,sixes,average,strike_rate,dot_pct,boundary_pct
V Kohli,ODI,296,15958,14675,15652,258,7010,1366,170,56.88,93.76,44.79,9.81
JE Root,Test,163,24286,13943,24242,277,16461,1500,46,50.34,57.52,67.9,6.38
AN Cook,Test,161,26618,12472,26562,277,19880,1445,11,45.03,46.95,74.84,5.48
KC Sangakkara,ODI,284,14663,11640,14315,258,7440,1122,77,45.12,81.31,51.97,8.38
RG Sharma,ODI,270,12532,11357,12300,232,6484,1069,351,48.95,92.33,52.72,11.54
SPD Smith,Test,122,20031,10763,19966,193,14222,1184,68,55.77,53.91,71.23,6.27
MS Dhoni,ODI,279,12090,10274,11820,217,5745,787,210,47.35,86.92,48.6,8.43
KS Williamson,Test,108,18236,9461,18198,175,13234,1061,28,54.06,51.99,72.72,5.98
AB de Villiers,ODI,213,9488,9435,9323,171,4043,825,200,55.18,101.2,43.37,10.99
V Kohli,Test,121,16655,9230,16608,201,11553,1028,30,45.92,55.58,69.56,6.37
TM Dilshan,ODI,259,10777,9212,10538,242,5368,1022,50,38.07,87.42,50.94,10.17
HM Amla,Test,121,18274,9146,18223,198,13475,1150,14,46.19,50.19,73.95,6.39
V Kohli,IPL,268,6942,9050,6752,238,2209,816,307,38.03,134.03,32.72,16.63
DA Warner,Test,112,12544,8786,12517,202,8301,1055,70,43.5,70.19,66.32,8.99
KC Sangakkara,Test,84,15666,8489,15629,144,11010,961,39,58.95,54.32,70.45,6.4
AB de Villiers,Test,105,14971,8182,14930,159,10652,944,63,51.46,54.8,71.35,6.74
MJ Clarke,Test,107,14605,8146,14571,167,10353,921,32,48.78,55.91,71.05,6.54
LRPL Taylor,ODI,209,10040,8126,9791,189,4919,674,133,42.99,82.99,50.24,8.24
KP Pietersen,Test,100,13130,8079,13082,167,8992,979,79,48.38,61.76,68.74,8.09
AD Mathews,Test,116,16743,8073,16711,189,12230,821,88,42.71,48.31,73.19,5.44
DPMD Jayawardene,ODI,264,10269,8069,9993,235,5114,743,52,34.34,80.75,51.18,7.96
HM Amla,ODI,174,9058,7834,8861,157,4265,796,49,49.9,88.41,48.13,9.54
Tamim Iqbal,ODI,215,9979,7648,9681,199,5551,841,96,38.43,79.0,57.34,9.68
LRPL Taylor,Test,109,12869,7597,12829,168,9017,929,53,45.22,59.22,70.29,7.65
GC Smith,Test,94,12515,7584,12489,156,8625,954,19,48.62,60.73,69.06,7.79
IR Bell,Test,114,15021,7416,14968,177,11201,889,38,41.9,49.55,74.83,6.19
JH Kallis,Test,89,14911,7405,14867,138,10816,824,59,53.66,49.81,72.75,5.94
JE Root,ODI,174,8536,7329,8415,149,3744,593,51,49.19,87.09,44.49,7.65
RG Sharma,IPL,271,5605,7269,5464,251,2054,659,318,28.96,133.03,37.59,17.88
BA Stokes,Test,119,12390,7216,12348,206,8872,828,136,35.03,58.44,71.85,7.81
CA Pujara,Test,100,16191,7160,16165,161,12409,858,16,44.47,44.29,76.76,5.41
KS Williamson,ODI,165,8864,7145,8749,146,4506,657,60,48.94,81.67,51.5,8.2
Azhar Ali,Test,97,17063,7142,17033,170,13023,697,23,42.01,41.93,76.46,4.23
Younis Khan,Test,80,13800,7135,13763,137,9826,724,53,52.08,51.84,71.39,5.65
MJ Guptill,ODI,190,8358,7125,8165,171,4652,734,184,41.67,87.26,56.97,11.24
FDM Karunaratne,Test,99,13955,7113,13930,185,9967,751,11,38.45,51.06,71.55,5.47
Mushfiqur Rahim,ODI,227,8993,7096,8783,190,4348,568,94,37.35,80.79,49.5,7.54
Q de Kock,ODI,159,7390,7014,7248,149,3673,791,131,47.07,96.77,50.68,12.72
MJ Clarke,ODI,198,9095,6988,8938,164,4623,578,45,42.61,78.18,51.72,6.97
RT Ponting,ODI,189,8658,6979,8481,173,4553,665,93,40.34,82.29,53.68,8.94
EJG Morgan,ODI,215,7767,6953,7578,185,3882,600,190,37.58,91.75,51.23,10.42
Yuvraj Singh,ODI,209,8102,6932,7889,173,4234,729,133,40.07,87.87,53.67,10.93
S Dhawan,IPL,221,5483,6769,5326,194,1970,768,153,34.89,127.09,36.99,17.29
S Dhawan,ODI,163,7524,6733,7358,154,3905,838,78,43.72,91.51,53.07,12.45
RT Ponting,Test,89,11494,6733,11462,144,7949,767,30,46.76,58.74,69.35,6.95
Shakib Al Hasan,ODI,200,8133,6638,7930,176,3870,620,51,37.72,83.71,48.8,8.46
DA Warner,ODI,154,6974,6623,6828,152,3507,701,125,43.57,97.0,51.36,12.1
DPMD Jayawardene,Test,78,12924,6615,12899,132,9243,733,35,50.11,51.28,71.66,5.95
DA Warner,IPL,184,4849,6567,4702,164,1713,663,236,40.04,139.66,36.43,19.12
WU Tharanga,ODI,206,8845,6482,8565,189,5065,742,52,34.3,75.68,59.14,9.27
CH Gayle,ODI,198,7434,6433,7190,187,4339,670,254,34.4,89.47,60.35,12.85
SR Tendulkar,ODI,144,7616,6433,7414,134,4092,774,60,48.01,86.77,55.19,11.25
SR Tendulkar,Test,82,11899,6416,11867,124,8506,793,30,51.74,54.07,71.68,6.94
Mohammad Hafeez,ODI,202,8347,6351,8179,194,4790,635,106,32.74,77.65,58.56,9.06
TWM Latham,Test,91,13092,6261,13064,159,9791,709,22,39.38,47.93,74.95,5.6
LD Chandimal,Test,89,12543,6254,12522,151,9089,660,43,41.42,49.94,72.58,5.61
UT Khawaja,Test,87,12785,6229,12757,145,9393,668,28,42.96,48.83,73.63,5.46
Mushfiqur Rahim,Test,95,12804,6226,12776,158,9420,715,36,39.41,48.73,73.73,5.88
Babar Azam,ODI,131,7243,6203,7066,116,3438,578,65,53.47,87.79,48.66,9.1
JM Bairstow,Test,99,10246,6042,10228,170,7219,721,57,35.54,59.07,70.58,7.61
S Chanderpaul,Test,75,13587,5995,13555,110,10180,608,21,54.5,44.23,75.1,4.64
Shoaib Malik,ODI,206,7309,5981,7192,171,3627,475,93,34.98,83.16,50.43,7.9
V Sehwag,Test,76,7059,5969,7017,131,4270,845,63,45.56,85.06,60.85,12.94
KC Brathwaite,Test,99,14547,5931,14523,184,11287,594,17,32.23,40.84,77.72,4.21
R Dravid,Test,80,13756,5925,13733,125,10470,728,12,47.4,43.14,76.24,5.39
MEK Hussey,Test,75,11737,5779,11706,117,8628,635,36,49.39,49.37,73.71,5.73
BB McCullum,Test,89,8826,5778,8809,149,6061,698,101,38.78,65.59,68.8,9.07
V Sehwag,ODI,165,5649,5763,5442,162,2804,769,107,35.57,105.9,51.53,16.1
KL Rahul,IPL,145,4205,5680,4094,125,1347,497,232,45.44,138.74,32.9,17.81
SPD Smith,ODI,151,6653,5668,6522,136,3148,511,57,41.68,86.91,48.27,8.71
SD Hope,ODI,135,7078,5666,6949,121,3633,460,113,46.83,81.54,52.28,8.25
AD Mathews,ODI,184,6934,5646,6741,155,3314,454,85,36.43,83.76,49.16,8.0
AJ Strauss,Test,88,11707,5605,11666,151,8756,689,4,37.12,48.05,75.06,5.94
SK Raina,ODI,190,6147,5585,5955,154,2792,475,120,36.27,93.79,46.88,9.99
SK Raina,IPL,200,4177,5536,4046,168,1334,506,204,32.95,136.83,32.97,17.55
JC Buttler,ODI,168,4839,5473,4729,135,1947,445,182,40.54,115.73,41.17,13.26
F du Plessis,ODI,135,6288,5445,6175,122,2968,493,61,44.63,88.18,48.06,8.97
MS Dhoni,IPL,241,4101,5439,3957,158,1327,375,264,34.42,137.45,33.54,16.15
VVS Laxman,Test,76,10968,5411,10935,106,7987,673,1,51.05,49.48,73.04,6.16
L Wolvaardt,ODI,119,7151,5384,6994,104,3869,616,18,51.77,76.98,55.32,9.06
SR Watson,ODI,150,5949,5357,5844,126,3118,542,123,42.52,91.67,53.35,11.38
D Elgar,Test,85,11236,5347,11190,143,8538,686,26,37.39,47.78,76.3,6.36
IR Bell,ODI,152,6997,5289,6865,137,3804,509,31,38.61,77.04,55.41,7.87
GC Smith,ODI,152,6613,5280,6467,146,3593,588,38,36.16,81.65,55.56,9.68
AM Rahane,IPL,192,4296,5237,4181,175,1513,527,134,29.93,125.26,36.19,15.81
AJ Finch,ODI,139,6135,5188,5990,134,3352,513,118,38.72,86.61,55.96,10.53
AB de Villiers,IPL,170,3487,5181,3411,125,1039,414,253,41.45,151.89,30.46,19.55
BB McCullum,ODI,186,5457,5157,5347,166,2833,490,172,31.07,96.45,52.98,12.38
BRM Taylor,ODI,162,6970,5150,6836,158,3868,480,66,32.59,75.34,56.58,7.99
Mahmudullah,ODI,189,6811,5131,6585,139,3493,392,99,36.91,77.92,53.04,7.46
SV Samson,IPL,181,3721,5106,3623,159,1236,421,240,32.11,140.93,34.12,18.24
Misbah-ul-Haq,Test,69,11375,5102,11350,105,8639,494,81,48.59,44.95,76.11,5.07
MEK Hussey,ODI,148,6012,5076,5920,115,2712,354,70,44.14,85.74,45.81,7.16
AM Rahane,Test,82,10234,5067,10211,131,7561,580,35,38.68,49.62,74.05,6.02
Tamim Iqbal,Test,68,8596,5019,8574,127,6113,638,41,39.52,58.54,71.3,7.92
CH Gayle,IPL,141,3516,4997,3346,128,1462,408,359,39.04,149.34,43.69,22.92
G Gambhir,ODI,134,5933,4981,5804,119,2912,527,17,41.86,85.82,50.17,9.37
RV Uthappa,IPL,197,3927,4954,3801,184,1464,481,182,26.92,130.33,38.52,17.44
JH Kallis,ODI,132,6548,4929,6453,111,3349,417,53,44.41,76.38,51.9,7.28
JP Duminy,ODI,173,5986,4928,5858,140,2719,342,67,35.2,84.12,46.42,6.98
KD Karthik,IPL,233,3687,4843,3580,189,1219,466,161,25.62,135.28,34.05,17.51
Younis Khan,ODI,168,6411,4777,6297,165,3284,388,36,28.95,75.86,52.15,6.73
F du Plessis,IPL,147,3605,4773,3515,135,1196,440,174,35.36,135.79,34.03,17.47
Misbah-ul-Haq,ODI,135,6549,4752,6411,115,3383,319,76,41.32,74.12,52.77,6.16
BKG Mendis,Test,72,8112,4747,8094,125,5735,572,53,37.98,58.65,70.85,7.72
S Mandhana,ODI,99,5231,4728,5067,94,2610,570,67,50.3,93.31,51.51,12.57
MS Dhoni,Test,86,8033,4721,8003,127,5620,523,76,37.17,58.99,70.22,7.48
M Labuschagne,Test,63,9013,4694,8987,103,6551,533,15,45.57,52.23,72.89,6.1
Mominul Haque,Test,73,8684,4668,8673,126,6160,536,19,37.05,53.82,71.03,6.4
Asad Shafiq,Test,75,9601,4660,9588,121,7171,515,29,38.51,48.6,74.79,5.67
TM Head,Test,64,6600,4592,6576,104,4291,561,41,44.15,69.83,65.25,9.15
DA Miller,ODI,150,4510,4573,4396,107,1883,341,143,42.74,104.03,42.83,11.01
Babar Azam,T20I,134,3650,4545,3542,116,1119,473,80,39.18,128.32,31.59,15.61
SA Yadav,IPL,161,3103,4506,3035,133,1021,477,173,33.88,148.47,33.64,21.42
JC Buttler,IPL,129,3080,4456,2979,115,1082,442,202,38.75,149.58,36.32,21.62
BKG Mendis,ODI,136,5168,4419,5086,124,2640,464,67,35.64,86.89,51.91,10.44
TWM Latham,ODI,151,5333,4416,5198,131,2542,375,59,33.71,84.96,48.9,8.35
ST Jayasuriya,ODI,133,4796,4414,4625,126,2565,517,89,35.03,95.44,55.46,13.1
TT Beaumont,ODI,112,5829,4400,5620,106,3198,528,24,41.51,78.29,56.9,9.82
TM Dilshan,Test,60,6282,4384,6259,98,3956,529,22,44.73,70.04,63.2,8.8
Babar Azam,PSL,108,3472,4380,3377,95,1092,479,80,46.11,129.7,32.34,16.55
Babar Azam,Test,61,8030,4366,8017,101,5780,516,24,43.23,54.46,72.1,6.74
Shakib Al Hasan,Test,68,6984,4356,6973,116,4647,531,27,37.55,62.47,66.64,8.0
AC Gilchrist,ODI,118,4260,4355,4153,110,2201,556,75,39.59,104.86,53.0,15.19
SC Williams,ODI,130,4990,4351,4912,118,2402,401,52,36.87,88.58,48.9,9.22
AT Rayudu,IPL,185,3490,4348,3409,152,1185,359,173,28.61,127.54,34.76,15.61
RG Sharma,Test,66,7546,4301,7538,107,5422,473,88,40.2,57.06,71.93,7.44
Shubman Gill,IPL,123,3119,4244,3031,107,939,407,136,39.66,140.02,30.98,17.91
JJ Roy,ODI,109,4116,4237,4015,105,2005,509,81,40.35,105.53,49.94,14.69
G Gambhir,IPL,151,3524,4217,3404,135,1235,492,59,31.24,123.88,36.28,16.19
MN Samuels,ODI,142,5654,4205,5527,132,3249,384,102,31.86,76.08,58.78,8.79
KP Pietersen,ODI,118,4990,4202,4897,107,2550,402,71,39.27,85.81,52.07,9.66
F du Plessis,Test,68,8997,4163,8986,104,6854,518,21,40.03,46.33,76.27,6.0
PD Collingwood,ODI,145,5507,4148,5413,117,2866,300,60,35.45,76.63,52.95,6.65
ML Hayden,Test,47,6822,4136,6809,82,4730,488,41,50.44,60.74,69.47,7.77
DM de Silva,Test,64,7102,4133,7088,109,5014,499,36,37.92,58.31,70.74,7.55
MJ Prior,Test,76,6662,4099,6647,100,4549,495,16,40.99,61.67,68.44,7.69
RA Jadeja,Test,85,7373,4075,7358,112,5195,397,81,36.38,55.38,70.6,6.5
SS Iyer,IPL,139,3111,4063,2998,120,1006,336,174,33.86,135.52,33.56,17.01
RG Sharma,T20I,144,2949,4042,2874,130,1094,364,196,31.09,140.64,38.07,19.49
KL Rahul,Test,65,7754,3999,7746,113,5670,478,30,35.39,51.63,73.2,6.56
JC Buttler,T20I,139,2781,3999,2699,117,933,367,175,34.18,148.17,34.57,20.08
S Mandhana,T20I,140,3278,3995,3150,124,1342,545,84,32.22,126.83,42.6,19.97
V Kohli,T20I,112,3007,3969,2917,85,836,349,115,46.69,136.06,28.66,15.91
H Masakadza,ODI,155,5646,3955,5503,152,3425,420,57,26.02,71.87,62.24,8.67
MK Pandey,IPL,161,3355,3951,3248,135,1161,340,116,29.27,121.64,35.75,14.04
ML Hayden,ODI,96,4956,3939,4818,83,2720,411,58,47.46,81.76,56.45,9.73
PD Collingwood,Test,63,8303,3931,8277,97,6150,429,24,40.53,47.49,74.3,5.47
CH Gayle,Test,52,5861,3927,5834,88,4075,520,80,44.62,67.31,69.85,10.28
Shahid Afridi,ODI,185,2987,3913,2878,167,1146,341,177,23.43,135.96,39.82,18.0
TT Samaraweera,Test,51,7992,3890,7978,73,5908,470,6,53.29,48.76,74.05,5.97
SR Watson,IPL,141,2892,3880,2813,126,1164,377,190,30.79,137.93,41.38,20.16
M Vijay,Test,59,8459,3877,8448,102,6480,452,32,38.01,45.89,76.7,5.73
IJL Trott,Test,52,8160,3835,8128,89,6148,455,0,43.09,47.18,75.64,5.6
T Bavuma,Test,64,7808,3810,7794,101,5773,434,16,37.72,48.88,74.07,5.77
S Chanderpaul,ODI,108,5605,3804,5484,90,3086,292,40,42.27,69.37,56.27,6.05
Fakhar Zaman,ODI,86,4140,3803,4067,82,2164,424,83,46.38,93.51,53.21,12.47
BJ Watling,Test,74,8915,3790,8894,103,6835,429,8,36.8,42.61,76.85,4.91
RR Pant,IPL,132,2669,3771,2577,114,878,340,177,33.08,146.33,34.07,20.06
HH Gibbs,ODI,102,4434,3766,4344,97,2435,414,72,38.82,86.69,56.05,11.19
EA Perry,ODI,101,4772,3750,4670,69,2389,342,50,54.35,80.3,51.16,8.39
G Gambhir,Test,51,7410,3733,7394,90,5447,458,10,41.48,50.49,73.67,6.33
OJ Pope,Test,64,5798,3732,5793,108,3877,440,18,34.56,64.42,66.93,7.91
AJ Strauss,ODI,112,4732,3729,4606,107,2536,400,25,34.85,80.96,55.06,9.23
R Dravid,ODI,118,5220,3723,5128,97,2793,348,17,38.38,72.6,54.47,7.12
RR Sarwan,ODI,113,5143,3717,5022,96,2751,316,38,38.72,74.01,54.78,7.05
GJ Maxwell,ODI,132,3054,3695,2975,117,1303,354,138,31.58,124.2,43.8,16.54
SR Watson,Test,57,6990,3684,6979,107,5231,479,31,34.43,52.79,74.95,7.31
JM Bairstow,ODI,95,3682,3671,3596,88,1871,418,83,41.72,102.09,52.03,13.93
SCJ Broad,Test,153,5629,3662,5607,202,3900,440,55,18.13,65.31,69.56,8.83
Sikandar Raza,ODI,117,4236,3662,4134,108,2126,307,85,33.91,88.58,51.43,9.48
LD Chandimal,ODI,137,5072,3657,4970,125,2592,249,42,29.26,73.58,52.15,5.86
SM Katich,Test,45,7307,3625,7290,77,5422,432,7,47.08,49.73,74.38,6.02
A Symonds,ODI,105,4047,3589,3960,86,1978,304,73,41.73,90.63,49.95,9.52
Z Crawley,Test,64,5485,3586,5475,116,3768,501,13,30.91,65.5,68.82,9.39
MM Lanning,ODI,76,3985,3555,3906,60,2030,437,29,59.25,91.01,51.97,11.93
PR Stirling,ODI,110,4148,3548,4054,107,2347,404,86,33.16,87.52,57.89,12.09
DM Bravo,Test,56,7898,3538,7886,98,6059,405,41,36.1,44.86,76.83,5.66
MJ Guptill,T20I,117,2673,3517,2587,108,1022,307,173,32.56,135.95,39.51,18.55
BL Mooney,T20I,110,2868,3501,2773,88,955,454,19,39.78,126.25,34.44,17.06
R Ashwin,Test,99,6395,3485,6384,134,4548,398,23,26.01,54.59,71.24,6.59
RR Pant,Test,49,4694,3476,4682,79,3028,373,95,44.0,74.24,64.67,10.0
BA Stokes,ODI,98,3701,3469,3616,85,1767,283,110,40.81,95.93,48.87,10.87
SR Taylor,ODI,112,4931,3455,4801,107,2817,336,40,32.29,71.96,58.68,7.83
HC Knight,ODI,116,4548,3446,4460,94,2376,345,19,36.66,77.26,53.27,8.16
Q de Kock,IPL,118,2618,3444,2553,110,981,334,143,31.31,134.9,38.43,18.68
KA Pollard,IPL,168,2447,3437,2329,129,842,221,224,26.64,147.57,36.15,19.11
RA Jadeja,IPL,201,2734,3412,2619,126,818,252,119,27.08,130.28,31.23,14.17
Mohammad Rizwan,T20I,91,2766,3386,2687,70,893,284,94,48.37,126.01,33.23,14.07
SW Bates,ODI,100,4493,3371,4399,99,2494,393,8,34.05,76.63,56.69,9.12
Fakhar Zaman,PSL,105,2426,3370,2356,108,813,332,140,31.2,143.04,34.51,20.03
Ishan Kishan,IPL,122,2430,3352,2365,110,874,327,152,30.47,141.73,36.96,20.25
AJ Healy,ODI,95,3389,3338,3298,88,1724,473,34,37.93,101.21,52.27,15.37
H Kaur,ODI,101,4137,3328,4028,86,2056,321,47,38.7,82.62,51.04,9.14
Mohammad Hafeez,Test,51,5748,3321,5740,90,4147,419,26,36.9,57.86,72.25,7.75
Q de Kock,Test,54,4670,3300,4652,87,3020,411,33,37.93,70.94,64.92,9.54
AC Jayangani,T20I,122,2960,3278,2833,113,1431,434,91,29.01,115.71,50.51,18.53
KL Rahul,ODI,84,3659,3270,3596,63,1651,252,75,51.9,90.93,45.91,9.09
BJ Haddin,Test,65,5602,3266,5587,101,4006,364,54,32.34,58.46,71.7,7.48
E Chigumbura,ODI,151,4235,3266,4143,129,2308,264,73,25.32,78.83,55.71,8.13
AG Prince,Test,54,7389,3261,7367,73,5566,351,13,44.67,44.26,75.55,4.94
DA Warner,T20I,108,2361,3254,2279,99,859,333,122,32.87,142.78,37.69,19.96
YK Pathan,IPL,153,2334,3222,2245,111,781,263,161,29.03,143.52,34.79,18.89
SA Yadav,T20I,105,2052,3220,1980,89,644,293,175,36.18,162.63,32.53,23.64
AN Cook,ODI,91,4238,3204,4147,86,2396,363,10,37.26,77.26,57.78,8.99
AC Jayangani,ODI,87,4168,3201,4037,91,2453,405,58,35.18,79.29,60.76,11.47
DA Miller,IPL,140,2386,3200,2305,93,717,232,144,34.41,138.83,31.11,16.31
AK Markram,Test,50,5412,3192,5407,91,3902,452,16,35.08,59.03,72.17,8.66
SB Styris,ODI,97,3970,3184,3906,82,1968,260,41,38.83,81.52,50.38,7.71
HC Brook,Test,35,3674,3178,3660,58,2037,341,52,54.79,86.83,55.66,10.74
SW Bates,T20I,114,2940,3166,2884,106,1160,348,27,29.87,109.78,40.22,13.0
HDRL Thirimanne,ODI,102,4444,3164,4368,88,2324,245,25,35.95,72.44,53.21,6.18
HM Nicholls,Test,57,6256,3161,6225,81,4531,346,9,39.02,50.78,72.79,5.7
PR Stirling,T20I,130,2427,3160,2360,121,1009,365,114,26.12,133.9,42.75,20.3
BL Mooney,ODI,84,3607,3155,3527,66,1660,330,14,47.8,89.45,47.07,9.75
DN Wyatt,T20I,136,2434,3130,2372,125,884,399,45,25.04,131.96,37.27,18.72
AJ Finch,T20I,103,2265,3120,2189,90,823,309,125,34.67,142.53,37.6,19.83
H Kaur,T20I,132,2802,3115,2721,107,1029,313,63,29.11,114.48,37.82,13.82
MM Ali,Test,68,5998,3094,5973,108,4425,375,34,28.65,51.8,74.08,6.85
SFM Devine,ODI,86,3541,3085,3456,81,1769,311,53,38.09,89.27,51.19,10.53
MDKJ Perera,ODI,107,3375,3077,3300,97,1717,344,51,31.72,93.24,52.03,11.97
BM Duckett,Test,43,3562,3074,3555,78,2072,399,19,39.41,86.47,58.28,11.76
N Rana,IPL,120,2304,3070,2225,112,872,287,151,27.41,137.98,39.19,19.69
MR Marsh,ODI,93,3314,3066,3256,79,1701,283,101,38.81,94.16,52.24,11.79
JO Holder,Test,67,5588,3062,5581,102,4138,361,55,30.02,54.86,74.14,7.45
Umar Akmal,ODI,108,3626,3032,3575,93,1803,257,48,32.6,84.81,50.43,8.53
Sarfraz Ahmed,Test,54,4325,3031,4320,84,2628,309,9,36.08,70.16,60.83,7.36
MN Samuels,Test,51,6232,3021,6220,89,4787,409,30,33.94,48.57,76.96,7.06
GJ Bailey,ODI,83,3672,3011,3622,79,1839,222,55,38.11,83.13,50.77,7.65
DM Bravo,ODI,113,4475,3007,4321,98,2582,246,71,30.68,69.59,59.75,7.34
BJ Haddin,ODI,107,3648,3003,3569,89,1980,283,70,33.74,84.14,55.48,9.89
Liton Das,Test,50,5049,3000,5033,86,3501,363,21,34.88,59.61,69.56,7.63
Q de Kock,T20I,104,2181,2986,2096,97,795,301,128,30.78,142.46,37.93,20.47
Mohammad Rizwan,PSL,92,2397,2974,2323,77,749,277,75,38.62,128.02,32.24,15.15
GH Lewis,T20I,107,2594,2972,2510,93,1113,425,27,31.96,118.41,44.34,18.01
Virandeep Singh,T20I,101,2439,2954,2343,87,886,263,114,33.95,126.08,37.81,16.09
Shubman Gill,ODI,61,3065,2953,2982,55,1501,335,63,53.69,99.03,50.34,13.35
SS Iyer,ODI,69,3083,2952,2997,63,1370,273,72,46.86,98.5,45.71,11.51
M Raj,ODI,70,4320,2949,4234,49,2424,298,13,60.18,69.65,57.25,7.35
TM Head,ODI,74,2860,2948,2802,68,1398,340,72,43.35,105.21,49.89,14.7
HK Matthews,ODI,82,3815,2946,3713,82,2147,370,15,35.93,79.34,57.82,10.37
S Luus,ODI,114,4214,2945,4114,98,2322,288,17,30.05,71.58,56.44,7.41
WP Saha,IPL,143,2368,2934,2300,121,865,296,87,24.25,127.57,37.61,16.65
MV Boucher,Test,72,5924,2926,5917,101,4325,332,11,28.97,49.45,73.09,5.8
HK Matthews,T20I,106,2633,2923,2520,100,1142,379,49,29.23,115.99,45.32,16.98
CR Ervine,ODI,95,3763,2909,3691,82,2083,287,37,35.48,78.81,56.43,8.78
JC Buttler,Test,57,5376,2907,5365,90,3946,341,33,32.3,54.18,73.55,6.97
AM Rahane,ODI,86,3812,2906,3701,86,2024,289,33,33.79,78.52,54.69,8.7
HH Pandya,IPL,148,2073,2904,1983,106,656,223,154,27.4,146.44,33.08,19.01
Mahmudullah,Test,49,5439,2900,5422,88,3913,339,24,32.95,53.49,72.17,6.69
J Blackwood,Test,55,5398,2898,5373,97,3994,350,36,29.88,53.94,74.33,7.18
AE Satterthwaite,ODI,66,3618,2895,3532,58,1822,308,10,49.91,81.96,51.59,9.0
BB McCullum,IPL,109,2272,2882,2190,106,938,293,130,27.19,131.6,42.83,19.32
Mohammad Rizwan,ODI,90,3464,2881,3401,71,1638,244,35,40.58,84.71,48.16,8.2
RA Jadeja,ODI,137,3466,2880,3362,90,1620,209,55,32.0,85.66,48.19,7.85
DL Vettori,Test,53,4453,2874,4443,80,2970,349,14,35.92,64.69,66.85,8.17
Imam-ul-Haq,ODI,68,3543,2854,3440,63,1718,236,29,45.3,82.97,49.94,7.7
PA Patel,IPL,136,2442,2848,2358,127,993,365,49,22.43,120.78,42.11,17.56
Shubman Gill,Test,40,4632,2843,4623,66,3165,318,46,43.08,61.5,68.46,7.87
T Taibu,ODI,100,4237,2837,4156,89,2409,196,32,31.88,68.26,57.96,5.49
GJ Maxwell,IPL,134,1896,2820,1818,117,648,238,161,24.1,155.12,35.64,21.95
IJL Trott,ODI,65,3732,2819,3658,57,1779,216,3,49.46,77.06,48.63,5.99
ER Oza,T20I,98,2455,2806,2359,90,1032,338,51,31.18,118.95,43.75,16.49
SFM Devine,T20I,105,2335,2793,2257,93,891,268,94,30.03,123.75,39.48,16.04
GJ Maxwell,T20I,114,1885,2785,1804,98,602,231,145,28.42,154.38,33.37,20.84
Mohammad Yousuf,ODI,76,3741,2783,3676,71,1903,236,13,39.2,75.71,51.77,6.77
DA Miller,T20I,121,2034,2778,1965,84,603,182,140,33.07,141.37,30.69,16.39
MA Agarwal,IPL,125,2146,2764,2066,119,767,275,100,23.23,133.79,37.12,18.15
DJ Bravo,ODI,127,3506,2760,3398,105,1808,219,53,26.29,81.22,53.21,8.0
N Dickwella,Test,54,4158,2757,4148,88,2679,304,11,31.33,66.47,64.59,7.59
RD Berrington,ODI,90,3653,2757,3590,74,1971,192,72,37.26,76.8,54.9,7.35
Yuvraj Singh,IPL,126,2207,2754,2122,109,890,218,149,25.27,129.78,41.94,17.3
RD Gaikwad,IPL,80,2087,2753,2028,69,707,254,103,39.9,135.75,34.86,17.6
Kamran Akmal,ODI,118,3374,2746,3307,106,1922,316,32,25.91,83.04,58.12,10.52
V Sehwag,IPL,104,1833,2728,1755,98,650,334,106,27.84,155.44,37.04,25.07
AJ Healy,T20I,117,2169,2727,2089,101,882,373,52,27.0,130.54,42.22,20.34
L Wolvaardt,T20I,88,2256,2699,2199,71,801,319,38,38.01,122.74,36.43,16.23
RS Bopara,ODI,108,3520,2689,3450,94,1798,204,34,28.61,77.94,52.12,6.9
DJ Mitchell,ODI,53,2868,2689,2803,48,1288,216,71,56.02,95.93,45.95,10.24
Shafali Verma,T20I,102,2077,2687,1986,95,797,344,77,28.28,135.3,40.13,21.2
Waseem Muhammad,T20I,85,1850,2682,1790,79,676,225,153,33.95,149.83,37.77,21.12
WTS Porterfield,ODI,89,3962,2670,3881,93,2402,274,27,28.71,68.8,61.89,7.76
NR Sciver,ODI,70,2842,2668,2787,57,1238,281,19,46.81,95.73,44.42,10.76
AD Russell,IPL,114,1626,2655,1525,92,598,187,223,28.86,174.1,39.21,26.89
Mohammad Yousuf,Test,28,4735,2636,4725,48,3360,319,17,54.92,55.79,71.11,7.11
Sikandar Raza,T20I,109,1980,2630,1917,102,724,199,132,25.78,137.19,37.77,17.27
A Balbirnie,ODI,83,3557,2628,3487,79,1996,254,34,33.27,75.37,57.24,8.26
SE Marsh,ODI,71,3318,2622,3255,67,1739,231,31,39.13,80.55,53.43,8.05
M Vijay,IPL,105,2208,2619,2149,97,926,247,91,27.0,121.87,43.09,15.73
MV Boucher,ODI,106,2961,2617,2909,78,1369,199,55,33.55,89.96,47.06,8.73
SR Taylor,T20I,98,2566,2616,2495,89,1096,268,54,29.39,104.85,43.93,12.91
RR Rossouw,PSL,97,1837,2609,1790,81,607,260,106,32.21,145.75,33.91,20.45
KA Pollard,ODI,107,2877,2608,2802,102,1498,165,129,25.57,93.08,53.46,10.49
JI Rodrigues,T20I,109,2272,2597,2220,92,771,296,22,28.23,116.98,34.73,14.32
AE Jones,ODI,85,3043,2593,2997,71,1564,298,20,36.52,86.52,52.19,10.61
D Ramdin,Test,64,5306,2591,5296,100,3993,335,6,25.91,48.92,75.4,6.44
M Kapp,ODI,96,2984,2590,2922,72,1406,256,28,35.97,88.64,48.12,9.72
MJ Guptill,Test,47,5560,2586,5548,88,4297,326,24,29.39,46.61,77.45,6.31
SC Ganguly,Test,35,4420,2577,4415,55,3077,311,16,46.85,58.37,69.69,7.41
JL Langer,Test,30,4333,2558,4313,50,3037,326,12,51.16,59.31,70.42,7.84
RR Sarwan,Test,33,4752,2558,4745,61,3439,325,10,41.93,53.91,72.48,7.06
Ahmed Shehzad,ODI,80,3623,2555,3540,80,2123,262,18,31.94,72.18,59.97,7.91
Shan Masood,Test,44,4891,2550,4884,83,3502,244,25,30.72,52.21,71.7,5.51
AK Markram,ODI,76,2646,2539,2596,69,1276,263,57,36.8,97.8,49.15,12.33
MM Lanning,T20I,89,2278,2538,2206,62,911,305,37,40.94,115.05,41.3,15.5
KS Williamson,T20I,88,2072,2537,2041,78,714,242,59,32.53,124.3,34.98,14.75
DP Conway,Test,32,4708,2533,4701,56,3431,321,15,45.23,53.88,72.98,7.15
HE van der Dussen,ODI,63,2965,2529,2912,53,1402,197,47,47.72,86.85,48.15,8.38
L Lee,ODI,76,3044,2516,2972,68,1811,320,48,37.0,84.66,60.94,12.38
YBK Jaiswal,Test,28,3812,2511,3803,51,2567,312,45,49.24,66.03,67.5,9.39
HG Munsey,T20I,81,1826,2508,1735,77,703,264,115,32.57,144.55,40.52,21.84
P Nissanka,T20I,83,2035,2506,1966,81,745,250,73,30.94,127.47,37.89,16.43
SPD Smith,IPL,93,1999,2495,1945,78,602,226,60,31.99,128.28,30.95,14.7
SE Marsh,IPL,69,1913,2489,1871,65,693,269,78,38.29,133.03,37.04,18.55
RL Chase,Test,55,5409,2484,5396,101,4081,258,22,24.59,46.03,75.63,5.19
MP Vaughan,Test,38,4982,2483,4962,66,3756,338,6,37.62,50.04,75.7,6.93
Syed Aziz,T20I,105,1945,2481,1836,94,773,212,129,26.39,135.13,42.1,18.57
MA Starc,Test,100,4194,2478,4177,120,2956,256,49,20.65,59.32,70.77,7.3
YBK Jaiswal,IPL,76,1663,2478,1613,70,627,295,106,35.4,153.63,38.87,24.86
RR Hendricks,T20I,88,1962,2475,1913,88,697,265,69,28.12,129.38,36.43,17.46
Liton Das,T20I,109,1976,2467,1913,105,719,242,78,23.5,128.96,37.58,16.73
SC Ganguly,ODI,74,3498,2452,3405,68,2008,231,44,36.06,72.01,58.97,8.08
EJG Morgan,T20I,104,1838,2443,1787,81,636,185,120,30.16,136.71,35.59,17.07
BKG Mendis,T20I,99,1949,2438,1887,89,708,215,92,27.39,129.2,37.52,16.27
N Pooran,IPL,95,1563,2438,1482,77,517,164,179,31.66,164.51,34.89,23.14
Mohammad Hafeez,T20I,105,2039,2437,1992,92,820,246,74,26.49,122.34,41.16,16.06
Sidra Ameen,ODI,70,3711,2436,3578,68,2143,253,2,35.82,68.08,59.89,7.13
JH Kallis,IPL,95,2291,2427,2222,89,909,255,44,27.27,109.23,40.91,13.46
HG Munsey,ODI,63,2685,2422,2621,57,1476,250,79,42.49,92.41,56.31,12.55
Mohammad Rizwan,Test,40,4461,2399,4454,62,3131,243,18,38.69,53.86,70.3,5.86
Liton Das,ODI,90,2855,2392,2801,85,1524,249,44,28.14,85.4,54.41,10.46
Shoaib Malik,T20I,108,1940,2392,1895,77,616,194,68,31.06,126.23,32.51,13.83
Fakhar Zaman,T20I,105,1839,2387,1787,100,671,224,95,23.87,133.58,37.55,17.85
DB Sharma,ODI,95,3444,2387,3351,64,1801,214,17,37.3,71.23,53.75,6.89
DR Smith,IPL,88,1803,2385,1764,81,787,245,117,29.44,135.2,44.61,20.52
KIC Asalanka,ODI,66,2720,2375,2658,62,1323,196,56,38.31,89.35,49.77,9.48
Shoaib Malik,PSL,87,1894,2350,1834,75,556,171,81,31.33,128.14,30.32,13.74
AC Kerr,ODI,74,3060,2346,2990,61,1567,234,5,38.46,78.46,52.41,7.99
HM Nicholls,ODI,85,3003,2337,2926,68,1534,219,19,34.37,79.87,52.43,8.13
SR Tendulkar,IPL,78,2044,2334,1948,71,773,296,29,32.87,119.82,39.68,16.68
AT Carey,Test,46,3589,2333,3581,65,2329,250,17,35.89,65.15,65.04,7.46
AD Hales,ODI,65,2483,2330,2438,61,1289,270,45,38.2,95.57,52.87,12.92
Abdul Razzaq,ODI,100,2689,2327,2604,74,1334,174,67,31.45,89.36,51.23,9.25
MDKJ Perera,T20I,91,1803,2307,1737,91,626,224,72,25.35,132.82,36.04,17.04
Mohammad Ashraful,ODI,113,3465,2301,3345,107,2014,241,15,21.5,68.79,60.21,7.65
Shakib Al Hasan,T20I,110,1929,2295,1874,100,675,234,49,22.95,122.47,36.02,15.1
ME Trescothick,Test,28,4026,2291,4013,47,2958,336,20,48.74,57.09,73.71,8.87
RA Tripathi,IPL,98,1707,2291,1662,86,603,229,85,26.64,137.85,36.28,18.89
Sarfraz Ahmed,ODI,89,2673,2289,2601,70,1121,174,12,32.7,88.0,43.1,7.15
KJ Coetzer,ODI,63,2826,2280,2776,58,1676,290,30,39.31,82.13,60.37,11.53
MM Ali,ODI,110,2418,2278,2357,97,1180,199,71,23.48,96.65,50.06,11.46
SE Marsh,Test,38,5173,2265,5165,65,3986,266,8,34.85,43.85,77.17,5.3
Bismah Maroof,T20I,102,2526,2259,2438,90,999,193,0,25.1,92.66,40.98,7.92
Abhishek Sharma,IPL,84,1406,2256,1327,77,460,215,133,29.3,170.01,34.66,26.22
MP O'Dowd,T20I,85,1919,2256,1837,82,714,237,56,27.51,122.81,38.87,15.95
SD Hope,Test,45,5171,2247,5161,84,3995,260,10,26.75,43.54,77.41,5.23
Nizakat Khan,T20I,110,1914,2246,1851,104,675,183,76,21.6,121.34,36.47,13.99
TG Southee,Test,98,2723,2245,2715,145,1767,216,98,15.48,82.69,65.08,11.57
AT Carey,ODI,77,2533,2245,2476,66,1186,213,24,34.02,90.67,47.9,9.57
Imrul Kayes,ODI,72,3268,2242,3160,71,1890,219,36,31.58,70.95,59.81,8.07
DR Martyn,ODI,73,2970,2239,2907,58,1519,202,8,38.6,77.02,52.25,7.22
NLTC Perera,ODI,128,2045,2233,1980,116,842,168,83,19.25,112.78,42.53,12.68
R Powell,T20I,101,1661,2233,1575,88,592,135,148,25.38,141.78,37.59,17.97
P Nissanka,ODI,66,2674,2232,2611,60,1487,286,24,37.2,85.48,56.95,11.87
TL Seifert,T20I,82,1567,2228,1523,74,574,208,107,30.11,146.29,37.69,20.68
A Flintoff,Test,38,3689,2228,3680,62,2672,277,50,35.94,60.54,72.61,8.89
GD Phillips,T20I,83,1594,2226,1559,72,515,162,107,30.92,142.78,33.03,17.25
Mahmudullah,T20I,118,1960,2223,1887,91,680,166,71,24.43,117.81,36.04,12.56
M du Preez,ODI,81,3194,2223,3155,66,1752,215,5,33.68,70.46,55.53,6.97
HH Pandya,T20I,107,1596,2221,1531,80,518,161,122,27.76,145.07,33.83,18.48
Soumya Sarkar,ODI,68,2377,2213,2306,65,1247,253,55,34.05,95.97,54.08,13.36
S Dhawan,Test,33,3365,2208,3362,57,2270,299,9,38.74,65.68,67.52,9.16
HC Knight,T20I,107,1862,2206,1809,77,629,237,36,28.65,121.95,34.77,15.09
Salman Butt,ODI,63,2932,2186,2866,59,1709,274,7,37.05,76.27,59.63,9.8
N Koncharoenkai,T20I,103,2420,2183,2355,75,1102,248,0,29.11,92.7,46.79,10.53
B Sai Sudharsan,IPL,50,1529,2178,1472,45,425,221,71,48.4,147.96,28.87,19.84
N Pooran,T20I,96,1694,2177,1615,86,656,146,141,25.31,134.8,40.62,17.77
MP Stoinis,IPL,105,1544,2176,1479,76,497,173,115,28.63,147.13,33.6,19.47
DJ Mitchell,Test,34,4078,2175,4058,50,2894,209,41,43.5,53.6,71.32,6.16
R Dravid,IPL,82,1918,2174,1882,77,780,269,28,28.23,115.52,41.45,15.78
TA Blundell,Test,43,4077,2173,4072,66,2968,264,16,32.92,53.36,72.89,6.88
A Flintoff,ODI,74,2414,2168,2377,61,1271,213,56,35.54,91.21,53.47,11.32
Nigar Sultana,T20I,101,2403,2167,2329,79,1030,210,20,27.43,93.04,44.22,9.88
MR Marsh,T20I,78,1593,2163,1528,67,584,189,111,32.28,141.56,38.22,19.63
KL Rahul,T20I,66,1599,2149,1544,59,529,181,96,36.42,139.18,34.26,17.94
BB McCullum,T20I,70,1629,2145,1576,58,619,199,91,36.98,136.1,39.28,18.4
JO Holder,ODI,107,2431,2144,2395,86,1177,156,64,24.93,89.52,49.14,9.19
DS Airee,T20I,81,1572,2143,1534,65,483,157,89,32.97,139.7,31.49,16.04
Theertha Satish,T20I,85,2039,2142,1926,57,778,257,8,37.58,111.21,40.39,13.76
SP Fleming,ODI,66,3036,2133,2932,62,1893,259,30,34.4,72.75,64.56,9.86
MD Patel,ODI,66,2682,2132,2614,65,1335,173,30,32.8,81.56,51.07,7.77
KS Williamson,IPL,76,1734,2132,1697,59,583,187,64,36.14,125.63,34.35,14.79
H Klaasen,ODI,55,1839,2131,1816,49,764,199,72,43.49,117.35,42.07,14.92
V Sibanda,ODI,97,3467,2125,3374,90,2277,235,25,23.61,62.98,67.49,7.71
MG Erasmus,ODI,63,2822,2121,2767,64,1563,170,47,33.14,76.65,56.49,7.84
KOA Powell,Test,44,4160,2113,4152,82,3111,279,16,25.77,50.89,74.93,7.11
Babar Hayat,T20I,90,1695,2112,1652,83,666,129,126,25.45,127.85,40.31,15.44
BRM Taylor,Test,30,3658,2111,3653,60,2542,228,21,35.18,57.79,69.59,6.82
MP O'Dowd,ODI,63,2904,2111,2816,61,1660,208,36,34.61,74.96,58.95,8.66
ME Trescothick,ODI,63,2584,2109,2527,59,1467,280,13,35.75,83.46,58.05,11.59
HAPW Jayawardene,Test,48,4309,2106,4302,70,3175,224,15,30.09,48.95,73.8,5.56
Mehedi Hasan Miraz,Test,54,4170,2103,4160,87,3101,242,23,24.17,50.55,74.54,6.37
JP Duminy,Test,43,4560,2103,4544,64,3467,251,13,32.86,46.28,76.3,5.81
HH Gibbs,Test,34,3697,2103,3689,59,2758,317,20,35.64,57.01,74.76,9.14
JK Silva,Test,39,5225,2099,5212,75,4105,238,2,27.99,40.27,78.76,4.6
AN Petersen,Test,36,4052,2093,4044,59,2991,256,12,35.47,51.76,73.96,6.63
AJ Finch,IPL,90,1696,2092,1635,84,683,214,78,24.9,127.95,41.77,17.86
D Padikkal,IPL,82,1649,2088,1580,79,608,219,74,26.43,132.15,38.48,18.54
HDRL Thirimanne,Test,44,5305,2088,5294,81,4136,207,3,25.78,39.44,78.13,3.97
MR Marsh,Test,46,3703,2083,3700,73,2744,270,32,28.53,56.3,74.16,8.16
D Ramdin,ODI,103,2636,2072,2593,88,1307,153,31,23.55,79.91,50.4,7.1
AC Gilchrist,IPL,80,1555,2069,1495,76,673,239,92,27.22,138.39,45.02,22.14
MG Johnson,Test,68,3545,2065,3536,93,2592,249,31,22.2,58.4,73.3,7.92
CL White,ODI,75,2583,2053,2555,60,1309,145,44,34.22,80.35,51.23,7.4
E Lewis,ODI,59,2398,2051,2325,56,1346,193,73,36.62,88.22,57.89,11.44
ML Green,ODI,76,2726,2051,2667,67,1363,180,11,30.61,76.9,51.11,7.16
RD Berrington,T20I,81,1575,2040,1532,66,514,155,79,30.91,133.16,33.55,15.27
BC Lara,Test,17,3149,2036,3140,30,2163,257,26,67.87,64.84,68.89,9.01
CR Woakes,Test,60,3852,2034,3843,82,2802,256,9,24.8,52.93,72.91,6.9
JP Duminy,IPL,75,1680,2029,1636,49,516,126,79,41.41,124.02,31.54,12.53
Nazmul Hossain Shanto,Test,38,3971,2028,3962,69,2924,223,28,29.39,51.19,73.8,6.34
A Balbirnie,T20I,89,1682,2028,1654,88,685,211,60,23.05,122.61,41.41,16.38
MS Atapattu,ODI,65,3019,2025,2953,59,1693,201,0,34.32,68.57,57.33,6.81
AD Hales,T20I,72,1482,2024,1452,65,544,220,69,31.14,139.39,37.47,19.9
CJL Rogers,Test,25,3988,2015,3982,47,3066,269,1,42.87,50.6,77.0,6.78
CS MacLeod,ODI,61,2570,2015,2524,60,1402,207,26,33.58,79.83,55.55,9.23
S Dube,IPL,83,1483,2009,1401,66,483,122,128,30.44,143.4,34.48,17.84
AC Gilchrist,Test,38,2384,2005,2380,52,1457,242,41,38.56,84.24,61.22,11.89
CL Tryon,ODI,80,1887,2000,1837,65,849,182,72,30.77,108.87,46.22,13.83
Karanbir Singh,T20I,39,1271,1996,1161,33,511,163,164,60.48,171.92,44.01,28.17
MG Erasmus,T20I,78,1629,1996,1586,64,577,157,73,31.19,125.85,36.38,14.5
KJ O'Brien,ODI,84,2151,1990,2087,73,1060,198,48,27.26,95.35,50.79,11.79
CJ Chibhabha,ODI,87,3130,1987,3053,84,1953,205,12,23.65,65.08,63.97,7.11
EA Perry,T20I,96,1690,1981,1658,65,583,186,45,30.48,119.48,35.16,13.93
MEK Hussey,IPL,58,1648,1977,1612,52,606,198,52,38.02,122.64,37.59,15.51
LRPL Taylor,T20I,96,1680,1974,1617,79,556,126,74,24.99,122.08,34.38,12.37
S Sesazi,T20I,75,1676,1970,1601,65,704,204,71,30.31,123.05,43.97,17.18
DJS Dottin,T20I,81,1638,1970,1585,69,721,178,88,28.55,124.29,45.49,16.78
K Bhurtel,T20I,73,1594,1969,1539,68,654,186,84,28.96,127.94,42.5,17.54
RL Haynes,ODI,48,2485,1966,2427,46,1338,217,16,42.74,81.01,55.13,9.6
LMP Simmons,ODI,64,2741,1958,2679,62,1615,162,50,31.58,73.09,60.28,7.91
Jatinder Singh,ODI,65,2566,1957,2523,61,1524,209,34,32.08,77.57,60.4,9.63
AR Patel,IPL,130,1527,1949,1467,95,483,133,94,20.52,132.86,32.92,15.47
Kamran Akmal,PSL,73,1455,1942,1420,69,608,211,87,28.14,136.76,42.82,20.99
Bismah Maroof,ODI,64,3063,1938,2933,57,1691,159,1,34.0,66.08,57.65,5.46
MS Chapman,T20I,86,1454,1938,1405,73,496,166,80,26.55,137.94,35.3,17.51
AK Markram,T20I,71,1352,1938,1303,61,416,178,83,31.77,148.73,31.93,20.03
RK Paudel,ODI,72,2693,1936,2643,67,1500,143,36,28.9,73.25,56.75,6.77
CH Gayle,T20I,75,1479,1932,1390,68,632,159,128,28.41,138.99,45.47,20.65
Anshuman Rath,T20I,71,1640,1923,1573,63,557,198,36,30.52,122.25,35.41,14.88
Inzamam-ul-Haq,ODI,62,2482,1916,2426,48,1265,167,24,39.92,78.98,52.14,7.87
MH Cross,ODI,84,2736,1915,2693,79,1562,165,18,24.24,71.11,58.0,6.8
GD Elliott,ODI,66,2394,1913,2344,58,1198,149,27,32.98,81.61,51.11,7.51
N Chantam,T20I,91,2048,1913,1993,74,1036,230,25,25.85,95.99,51.98,12.79
AC Kerr,T20I,74,1630,1912,1601,60,534,224,5,31.87,119.43,33.35,14.3
T Brits,T20I,76,1846,1908,1798,68,782,210,28,28.06,106.12,43.49,13.24
H Klaasen,IPL,55,1194,1905,1143,44,275,131,108,43.3,166.67,24.06,20.91
HH Pandya,ODI,67,1755,1897,1708,55,738,141,76,34.49,111.07,43.21,12.7
T Bavuma,ODI,49,2187,1894,2141,45,1092,188,26,42.09,88.46,51.0,10.0
TT Beaumont,T20I,81,1741,1893,1679,76,709,232,22,24.91,112.75,42.23,15.13
PP Shaw,IPL,79,1321,1892,1283,77,482,238,61,24.57,147.47,37.57,23.3
MD Shanaka,T20I,112,1535,1884,1474,89,584,126,105,21.17,127.82,39.62,15.67
JP Duminy,T20I,72,1534,1880,1491,49,495,136,68,38.37,126.09,33.2,13.68
Sohail Ahmed,T20I,71,1602,1879,1564,48,557,125,78,39.15,120.14,35.61,12.98
BC Lara,ODI,67,2455,1878,2404,54,1374,173,40,34.78,78.12,57.15,8.86
DJ Malan,T20I,59,1464,1874,1398,51,512,194,62,36.75,134.05,36.62,18.31
SA Edwards,ODI,58,2120,1873,2094,51,939,136,17,36.73,89.45,44.84,7.31
Shan Masood,PSL,66,1450,1870,1398,64,470,212,37,29.22,133.76,33.62,17.81
Kamran Akmal,Test,36,2979,1867,2974,63,2116,265,12,29.63,62.78,71.15,9.31
Taufeeq Umar,Test,25,4189,1867,4178,46,3233,248,3,40.59,44.69,77.38,6.01
V Aravind,ODI,63,2785,1865,2731,61,1649,180,16,30.57,68.29,60.38,7.18
M Labuschagne,ODI,57,2249,1857,2211,53,1026,152,10,35.04,83.99,46.4,7.33
DJ Bravo,Test,33,3717,1855,3708,58,2826,230,21,31.98,50.03,76.21,6.77
DJG Sammy,ODI,102,1926,1853,1857,74,975,144,84,25.04,99.78,52.5,12.28
T Brits,ODI,57,2328,1848,2271,56,1290,216,25,33.0,81.37,56.8,10.61
BA King,T20I,75,1415,1848,1371,71,592,203,81,26.03,134.79,43.18,20.71
EC Joyce,ODI,60,2666,1845,2603,55,1524,181,16,33.55,70.88,58.55,7.57
DJ Mitchell,T20I,87,1346,1833,1307,73,362,124,72,25.11,140.24,27.7,15.0
NR Sciver,T20I,90,1660,1833,1616,68,575,195,12,26.96,113.43,35.58,12.81
N Pooran,ODI,54,1913,1829,1868,48,945,142,75,38.1,97.91,50.59,11.62
WA Young,ODI,57,2182,1820,2139,54,1173,202,25,33.7,85.09,54.84,10.61
SP Narine,IPL,122,1178,1820,1101,98,500,191,120,18.57,165.3,45.41,28.25
Yasmeen Khan,T20I,96,1915,1811,1822,86,895,192,29,21.06,99.4,49.12,12.13
DPMD Jayawardene,IPL,78,1522,1808,1464,64,560,200,40,28.25,123.5,38.25,16.39
Azhar Ali,ODI,52,2478,1806,2413,47,1301,164,14,38.43,74.84,53.92,7.38
SL Kalis,T20I,57,1789,1798,1704,51,773,213,11,35.25,105.52,45.36,13.15
Nida Dar,T20I,113,1818,1796,1744,94,686,155,33,19.11,102.98,39.33,10.78
KH Pandya,IPL,118,1410,1796,1358,83,500,157,67,21.64,132.25,36.82,16.49
DP Conway,T20I,61,1434,1795,1388,48,491,173,52,37.4,129.32,35.37,16.21
NT Paranavitana,Test,31,4285,1792,4274,56,3320,206,5,32.0,41.93,77.68,4.94
MS Wade,ODI,82,2226,1792,2180,74,1118,127,33,24.22,82.2,51.28,7.34
RJ Burns,Test,32,4089,1789,4084,59,3193,220,2,30.32,43.81,78.18,5.44
GH Lewis,ODI,54,2644,1787,2534,54,1592,235,4,33.09,70.52,62.83,9.43
BJ Bennett,T20I,55,1260,1786,1226,50,447,205,56,35.72,145.68,36.46,21.29
A Vala,ODI,56,2594,1783,2557,57,1487,147,26,31.28,69.73,58.15,6.77
S Luus,T20I,101,1630,1782,1577,67,593,192,24,26.6,113.0,37.6,13.7
VD Philander,Test,60,4007,1779,3995,74,3068,204,17,24.04,44.53,76.8,5.53
R Parag,IPL,82,1305,1777,1250,69,430,128,99,25.75,142.16,34.4,18.16
HT Tector,ODI,44,2168,1775,2111,38,1092,143,42,46.71,84.08,51.73,8.76
Saud Shakeel,Test,21,3593,1773,3589,38,2521,179,2,46.66,49.4,70.24,5.04
DM de Silva,ODI,76,2330,1769,2269,70,1247,177,15,25.27,77.96,54.96,8.46
JI Rodrigues,ODI,58,1988,1768,1963,55,923,191,5,32.15,90.07,47.02,9.98
Asif Ali,T20I,100,1394,1765,1323,78,565,130,108,22.63,133.41,42.71,17.99
S Dhawan,T20I,66,1439,1759,1392,61,544,191,50,28.84,126.36,39.08,17.31
DJS Dottin,ODI,62,2179,1758,2132,57,1298,206,41,30.84,82.46,60.88,11.59
Imrul Kayes,Test,38,3685,1751,3673,73,2815,232,11,23.99,47.67,76.64,6.62
TM Dilshan,T20I,75,1497,1747,1455,66,581,210,29,26.47,120.07,39.93,16.43
Waseem Muhammad,ODI,69,2047,1745,2000,70,1210,144,83,24.93,87.25,60.5,11.35
Yousuf Youhana,ODI,53,2208,1740,2169,43,1075,126,20,40.47,80.22,49.56,6.73
O Prendergast,T20I,74,1465,1737,1435,59,548,193,26,29.44,121.05,38.19,15.26
C Green,Test,36,3522,1736,3512,54,2622,196,14,32.15,49.43,74.66,5.98
H Madavi,T20I,76,1786,1729,1732,63,783,178,17,27.44,99.83,45.21,11.26
C Munro,T20I,61,1134,1729,1104,55,381,133,107,31.44,156.61,34.51,21.74
RP Burl,T20I,94,1401,1726,1348,66,482,134,66,26.15,128.04,35.76,14.84
PD Salt,T20I,56,1073,1717,1035,50,322,170,83,34.34,165.89,31.11,24.44
P Simran Singh,IPL,60,1121,1716,1094,59,415,180,88,29.08,156.86,37.93,24.5
DN Wyatt,ODI,81,1890,1716,1836,70,911,176,25,24.51,93.46,49.62,10.95
KK Nair,IPL,78,1332,1712,1304,74,500,188,49,23.14,131.29,38.34,18.17
A Sharafu,T20I,62,1335,1711,1299,54,520,164,72,31.69,131.72,40.03,18.17
Haris Sohail,ODI,42,2010,1709,1968,33,925,136,28,51.79,86.84,47.0,8.33
Mandeep Singh,IPL,97,1418,1706,1388,85,523,176,38,20.07,122.91,37.68,15.42
Tilak Varma,IPL,61,1226,1703,1170,47,361,134,82,36.23,145.56,30.85,18.46
Aasif Sheikh,T20I,69,1471,1699,1414,67,600,155,66,25.36,120.16,42.43,15.63
Aasif Sheikh,ODI,63,2281,1698,2220,59,1355,195,20,28.78,76.49,61.04,9.68
MK Tiwary,IPL,83,1489,1695,1449,61,530,156,40,27.79,116.98,36.58,13.53
RR Patel,T20I,68,1276,1693,1231,54,490,136,92,31.35,137.53,39.81,18.52
NJ O'Brien,ODI,63,2394,1692,2351,59,1341,140,25,28.68,71.97,57.04,7.02
SP Fleming,Test,24,3057,1690,3049,40,2237,232,11,42.25,55.43,73.37,7.97
Imam-ul-Haq,Test,26,3610,1687,3608,50,2723,183,13,33.74,46.76,75.47,5.43
KC Sangakkara,IPL,68,1424,1687,1392,69,515,195,27,24.45,121.19,37.0,15.95
WU Tharanga,Test,30,3084,1682,3075,54,2253,227,9,31.15,54.7,73.27,7.67
JM Bairstow,IPL,52,1181,1674,1146,50,442,173,74,33.48,146.07,38.57,21.55
Mohammad Hafeez,PSL,73,1389,1672,1356,62,528,152,63,26.97,123.3,38.94,15.86
DP Conway,ODI,41,1962,1672,1908,37,1061,207,22,45.19,87.63,55.61,12.0
CR Ervine,Test,28,3457,1672,3452,53,2569,192,11,31.55,48.44,74.42,5.88
DJ Hussey,ODI,59,1912,1672,1878,55,862,122,24,30.4,89.03,45.9,7.77
Umar Akmal,T20I,78,1390,1669,1361,64,475,123,53,26.08,122.63,34.9,12.93
K Kadowaki-Fleming,T20I,45,1231,1668,1175,44,432,127,85,37.91,141.96,36.77,18.04
JM Bairstow,T20I,71,1243,1667,1213,56,464,147,76,29.77,137.43,38.25,18.38
AK Markram,IPL,64,1256,1664,1226,55,373,131,68,30.25,135.73,30.42,16.23
W Jaffer,Test,23,3385,1662,3378,43,2558,226,3,38.65,49.2,75.73,6.78
FH Allen,T20I,59,1006,1662,971,58,375,146,115,28.66,171.16,38.62,26.88
AE Jones,T20I,97,1386,1662,1361,79,486,191,22,21.04,122.12,35.71,15.65
L Lee,T20I,71,1483,1658,1442,62,696,205,44,26.74,114.98,48.27,17.27
RK Paudel,T20I,74,1448,1658,1396,63,493,130,50,26.32,118.77,35.32,12.89
GS Ballance,Test,24,3481,1653,3470,42,2643,209,10,39.36,47.64,76.17,6.31
NM Lyon,Test,119,3282,1651,3278,130,2517,208,14,12.7,50.37,76.78,6.77
SJ Taylor,ODI,51,1932,1651,1868,47,914,193,1,35.13,88.38,48.93,10.39
H Masakadza,Test,28,3634,1649,3630,55,2814,192,21,29.98,45.43,77.52,5.87
Meet Bhavsar,T20I,64,1312,1644,1258,58,455,141,59,28.34,130.68,36.17,15.9
KKN Egodage,T20I,73,1982,1643,1862,63,880,160,5,26.08,88.24,47.26,8.86
Shahid Afridi,T20I,102,1092,1637,1043,91,340,117,95,17.99,156.95,32.6,20.33
AT Rayudu,ODI,49,2143,1637,2094,34,1100,141,26,48.15,78.18,52.53,7.98
M Hill,T20I,71,1719,1633,1629,63,781,180,24,25.92,100.25,47.94,12.52
C Munro,PSL,54,1116,1633,1090,50,382,157,78,32.66,149.82,35.05,21.56
N Chaiwai,T20I,89,2060,1633,1963,68,930,140,5,24.01,83.19,47.38,7.39
SJ Bryce,T20I,72,1538,1631,1475,58,618,184,16,28.12,110.58,41.9,13.56
D van Niekerk,T20I,63,1733,1629,1684,55,792,167,29,29.62,96.73,47.03,11.64
Tamim Iqbal,T20I,71,1406,1624,1353,63,571,172,45,25.78,120.03,42.2,16.04
KD Karthik,ODI,76,2275,1624,2212,59,1267,162,15,27.53,73.42,57.28,8.0
HT Tector,T20I,79,1394,1621,1346,64,418,132,36,25.33,120.43,31.05,12.48
Aaron Jones,ODI,51,2287,1620,2253,49,1262,114,32,33.06,71.9,56.01,6.48
Salman Butt,Test,27,3533,1619,3527,50,2765,238,1,32.38,45.9,78.4,6.78
SC Williams,T20I,75,1270,1618,1247,66,413,159,39,24.52,129.75,33.12,15.88
MS Wade,Test,36,3207,1613,3203,57,2369,176,12,28.3,50.36,73.96,5.87
Abdullah Shafique,Test,24,3654,1610,3646,42,2769,155,20,38.33,44.16,75.95,4.8
ND McKenzie,Test,26,3848,1610,3838,41,3028,206,7,39.27,41.95,78.9,5.55
E Lewis,T20I,57,1057,1606,996,54,428,123,125,29.74,161.24,42.97,24.9
P Litchfield,ODI,41,1794,1604,1745,35,956,216,16,45.83,91.92,54.79,13.3
N Dickwella,ODI,52,1758,1604,1717,51,858,187,12,31.45,93.42,49.97,11.59
A Gardner,ODI,64,1530,1604,1484,49,679,166,40,32.73,108.09,45.75,13.88
TH David,T20I,59,979,1600,948,44,289,127,102,36.36,168.78,30.49,24.16
SD Hope,T20I,63,1180,1595,1154,53,433,127,87,30.09,138.21,37.52,18.54
KU Carty,ODI,43,2111,1593,2070,36,1151,138,26,44.25,76.96,55.6,7.92
MD Gunathilaka,ODI,45,1899,1592,1833,45,969,171,20,35.38,86.85,52.86,10.42
AB de Villiers,T20I,72,1226,1591,1187,63,403,135,54,25.25,134.04,33.95,15.92
HMRKB Herath,Test,78,3080,1589,3071,102,2211,188,6,15.58,51.74,72.0,6.32
Shadab Khan,PSL,82,1151,1586,1123,69,374,113,81,22.99,141.23,33.3,17.28
MS Dhoni,T20I,82,1317,1584,1267,42,412,114,49,37.71,125.02,32.52,12.87
OA Shah,ODI,52,1963,1579,1919,44,952,124,26,35.89,82.28,49.61,7.82
Nazmul Hossain Shanto,ODI,51,2026,1579,1979,51,1090,172,16,30.96,79.79,55.08,9.5
MJ Santner,ODI,91,1730,1573,1684,59,822,114,50,26.66,93.41,48.81,9.74
NJ Astle,ODI,43,2078,1571,2028,37,1167,163,19,42.46,77.47,57.54,8.97
KJ O'Brien,T20I,76,1248,1571,1193,67,449,133,66,23.45,131.68,37.64,16.68
Imran Farhat,Test,26,3344,1568,3334,50,2599,217,4,31.36,47.03,77.95,6.63
Riazat Ali Shah,T20I,62,1277,1568,1233,48,450,116,69,32.67,127.17,36.5,15.0
PJ Cummins,Test,68,3327,1567,3312,94,2561,155,35,16.67,47.31,77.32,5.74
SO Hetmyer,IPL,84,1103,1560,1042,58,344,98,96,26.9,149.71,33.01,18.62
DJ Bravo,IPL,110,1247,1560,1204,69,452,120,66,22.61,129.57,37.54,15.45
Harbhajan Singh,Test,59,2489,1554,2482,72,1721,177,33,21.58,62.61,69.34,8.46
NV Ojha,IPL,94,1360,1554,1313,74,599,121,79,21.0,118.35,45.62,15.23
SK Raina,T20I,63,1208,1549,1144,53,381,138,57,29.23,135.4,33.3,17.05
MR Marsh,IPL,58,1123,1548,1088,55,412,126,89,28.15,142.28,37.87,19.76
JDP Oram,ODI,70,1762,1546,1711,62,872,115,51,24.94,90.36,50.96,9.7
J Charles,ODI,58,1840,1544,1806,59,1097,173,45,26.17,85.49,60.74,12.07
UT Khawaja,ODI,38,1865,1539,1828,35,907,149,13,43.97,84.19,49.62,8.86
Aliya Riaz,ODI,68,2374,1537,2311,61,1413,145,20,25.2,66.51,61.14,7.14
PJ Hughes,Test,26,2871,1535,2866,46,2147,199,11,33.37,53.56,74.91,7.33
TD Paine,Test,34,3362,1534,3355,51,2512,174,4,30.08,45.72,74.87,5.31
Yuvraj Singh,Test,32,2634,1534,2631,47,1913,210,20,32.64,58.3,72.71,8.74
SO Dowrich,Test,32,3253,1528,3250,52,2479,173,11,29.38,47.02,76.28,5.66
JM Vince,PSL,57,1123,1526,1097,53,408,186,44,28.79,139.11,37.19,20.97
R Ravindra,Test,20,2378,1526,2364,32,1580,170,20,47.69,64.55,66.84,8.04
Sarfraz Ahmed,PSL,73,1276,1525,1243,58,361,136,26,26.29,122.69,29.04,13.03
Mohammad Ashraful,Test,36,3127,1523,3123,70,2353,181,11,21.76,48.77,75.34,6.15
KA Pollard,T20I,80,1178,1519,1120,64,428,91,98,23.73,135.62,38.21,16.88
JA Rudolph,Test,31,3410,1517,3404,51,2700,214,3,29.75,44.57,79.32,6.37
JJ Roy,T20I,63,1138,1517,1099,60,465,152,70,25.28,138.03,42.31,20.2
R Sandaruwan,T20I,67,1132,1517,1089,66,473,134,85,22.98,139.3,43.43,20.11
CR Woakes,ODI,84,1714,1514,1683,60,781,118,21,25.23,89.96,46.41,8.26
L Tucker,T20I,69,1223,1511,1200,60,424,139,40,25.18,125.92,35.33,14.92
VR Iyer,IPL,58,1139,1509,1099,51,419,138,67,29.59,137.31,38.13,18.65
JDS Neesham,ODI,65,1538,1508,1501,52,696,128,39,29.0,100.47,46.37,11.13
Fiaz Ahmed,T20I,59,1269,1508,1239,46,485,95,80,32.78,121.71,39.14,14.12
CK Kapugedera,ODI,76,2157,1505,2111,68,1167,100,28,22.13,71.29,55.28,6.06
A Hunter,T20I,59,1372,1503,1313,48,532,166,16,31.31,114.47,40.52,13.86
B de Leede,T20I,82,1636,1499,1558,72,732,170,7,20.82,96.21,46.98,11.36
MA Leask,ODI,67,1344,1498,1323,57,608,116,64,26.28,113.23,45.96,13.61
DJ Hooda,IPL,101,1213,1497,1173,82,387,98,62,18.26,127.62,32.99,13.64
BA King,ODI,57,1825,1494,1787,55,1065,181,30,27.16,83.6,59.6,11.81
SS Tiwary,IPL,73,1291,1494,1244,50,428,111,50,29.88,120.1,34.41,12.94
MP Stoinis,ODI,63,1622,1489,1584,55,824,133,49,27.07,94.0,52.02,11.49
MA Agarwal,Test,21,2786,1488,2782,36,2130,190,28,41.33,53.49,76.56,7.84
SO Hetmyer,T20I,66,1101,1488,1067,61,390,100,90,24.39,139.46,36.55,17.81
A Gardner,T20I,79,1203,1488,1171,63,464,161,44,23.62,127.07,39.62,17.51
L Delany,T20I,90,1672,1487,1617,74,685,132,7,20.09,91.96,42.36,8.6
Agha Salman,Test,23,2389,1487,2387,40,1616,162,15,37.17,62.3,67.7,7.42
F du Plessis,T20I,49,1141,1487,1110,43,386,133,49,34.58,133.96,34.77,16.4
AC Voges,Test,19,2672,1485,2667,24,1903,186,5,61.88,55.68,71.35,7.16
Fargana Hoque,ODI,55,3034,1485,2923,55,1929,121,0,27.0,50.8,65.99,4.14
LMP Simmons,T20I,63,1260,1482,1226,54,547,137,66,27.44,120.88,44.62,16.56
Jatinder Singh,T20I,66,1233,1482,1202,62,482,168,34,23.9,123.29,40.1,16.81
Agha Salman,ODI,39,1566,1479,1524,31,691,129,28,47.71,97.05,45.34,10.3
TM Head,IPL,47,902,1469,862,43,291,161,74,34.16,170.42,33.76,27.26
MN Samuels,T20I,61,1283,1469,1256,53,562,132,63,27.72,116.96,44.75,15.53
SR Watson,T20I,56,1042,1465,1008,49,382,116,83,29.9,145.34,37.9,19.74
DPMD Jayawardene,T20I,52,1144,1462,1103,43,414,168,33,34.0,132.55,37.53,18.22
Yasir Hameed,ODI,39,2225,1459,2178,42,1373,159,4,34.74,66.99,63.04,7.48
GA Priandana,T20I,75,1480,1454,1372,62,674,141,48,23.45,105.98,49.13,13.78
DL Vettori,ODI,96,1745,1450,1703,72,794,118,8,20.14,85.14,46.62,7.4
P Kurup,T20I,61,1387,1450,1336,54,584,149,35,26.85,108.53,43.71,13.77
TP Ura,T20I,50,967,1445,914,44,324,109,87,32.84,158.1,35.45,21.44
NE Bolton,ODI,39,2069,1443,2016,39,1158,151,1,37.0,71.58,57.44,7.54
DR Martyn,Test,24,2857,1442,2851,37,2107,168,6,38.97,50.58,73.9,6.1
JA Burns,Test,23,2564,1442,2557,39,1883,185,14,36.97,56.39,73.64,7.78
Azam Khan,PSL,64,1053,1442,1003,56,373,123,81,25.75,143.77,37.19,20.34
S Badrinath,IPL,65,1245,1441,1212,48,458,154,28,30.02,118.89,37.79,15.02
CO Obuya,T20I,54,1243,1439,1201,44,513,107,71,32.7,119.82,42.71,14.82
Muneeba Ali,T20I,78,1537,1438,1478,69,711,169,10,20.84,97.29,48.11,12.11
Abhishek Sharma,T20I,45,790,1438,755,41,263,139,96,35.07,190.46,34.83,31.13
H Madavi,ODI,49,2112,1437,2063,41,1182,137,3,35.05,69.66,57.3,6.79
Ahmed Shehzad,T20I,58,1287,1436,1245,57,522,151,33,25.19,115.34,41.93,14.78
PG Raut,ODI,41,2350,1436,2292,39,1444,155,6,36.82,62.65,63.0,7.02
Nigar Sultana,ODI,57,2636,1436,2549,53,1624,122,5,27.09,56.34,63.71,4.98
Zeeshan Ali,T20I,63,1101,1435,1057,51,414,149,52,28.14,135.76,39.17,19.02
II Selemani,T20I,60,1011,1435,947,58,426,151,78,24.74,151.53,44.98,24.18
Soumya Sarkar,T20I,81,1215,1434,1164,76,511,143,54,18.87,123.2,43.9,16.92
C de Grandhomme,Test,29,1788,1432,1780,37,1108,141,41,38.7,80.45,62.25,10.22
JJ Roy,PSL,43,1004,1429,967,40,344,171,50,35.72,147.78,35.57,22.85
SC Williams,Test,20,2232,1428,2229,39,1513,174,12,36.62,64.06,67.88,8.34
CR Ervine,T20I,64,1382,1423,1345,59,590,139,30,24.12,105.8,43.87,12.57
DS Airee,ODI,63,1865,1422,1833,51,990,114,19,27.88,77.58,54.01,7.26
DJ Malan,ODI,29,1504,1418,1449,25,693,146,32,56.72,97.86,47.83,12.28
Nasir Jamshed,ODI,48,1931,1418,1881,44,1125,150,19,32.23,75.39,59.81,8.98
J Charles,T20I,63,1149,1416,1106,63,547,149,68,22.48,128.03,49.46,19.62
KIC Asalanka,T20I,68,1136,1415,1098,59,403,98,69,23.98,128.87,36.7,15.21
SO Hetmyer,ODI,46,1339,1414,1303,45,590,108,53,31.42,108.52,45.28,12.36
BM Halliday,ODI,47,1833,1414,1794,40,980,147,13,35.35,78.82,54.63,8.92
T Chetty,ODI,56,2064,1414,2009,50,1086,125,2,28.28,70.38,54.06,6.32
Ahmer Bin Nisar,T20I,70,1121,1413,1097,50,376,117,48,28.26,128.81,34.28,15.04
Faisal Khan,T20I,47,855,1413,822,42,316,144,86,33.64,171.9,38.44,27.98
Javeria Khan,ODI,55,2289,1408,2225,50,1394,153,0,28.16,63.28,62.65,6.88
HE van der Dussen,T20I,53,1130,1407,1093,42,355,89,62,33.5,128.73,32.48,13.82
EJG Morgan,IPL,74,1181,1406,1148,61,478,112,64,23.05,122.47,41.64,15.33
WIA Fernando,ODI,47,1657,1405,1610,47,873,147,23,29.89,87.27,54.22,10.56
Aarif Sheikh,ODI,56,2135,1402,2087,52,1156,99,14,26.96,67.18,55.39,5.41
Rohan Mustafa,ODI,69,2261,1401,2193,65,1383,112,26,21.55,63.89,63.06,6.29
BJ Hodge,IPL,63,1153,1400,1118,46,399,122,43,30.43,125.22,35.69,14.76
SV Samson,T20I,53,924,1399,891,49,302,115,84,28.55,157.01,33.89,22.33
L Ronchi,ODI,67,1241,1397,1220,59,572,149,43,23.68,114.51,46.89,15.74
KE Bryce,T20I,53,1371,1395,1330,43,604,174,8,32.44,104.89,45.41,13.68
R Ravindra,ODI,34,1320,1392,1283,34,607,154,33,40.94,108.5,47.31,14.58
SA Campbelle,ODI,73,2308,1392,2267,64,1398,126,6,21.75,61.4,61.67,5.82
MP Stoinis,T20I,68,962,1388,932,46,307,117,64,30.17,148.93,32.94,19.42
A Symonds,Test,23,2050,1386,2041,32,1381,148,28,43.31,67.91,67.66,8.62
Sulaimon Runsewe,T20I,75,1335,1382,1276,68,561,145,17,20.32,108.31,43.97,12.7
KC Sangakkara,T20I,53,1193,1382,1156,44,417,139,20,31.41,119.55,36.07,13.75
MP Vaughan,ODI,56,2118,1382,2071,50,1283,143,10,27.64,66.73,61.95,7.39
K Bhurtel,ODI,63,1752,1376,1691,63,1018,152,28,21.84,81.37,60.2,10.64
M Kapp,T20I,79,1330,1374,1304,73,502,126,15,18.82,105.37,38.5,10.81
GP Swann,Test,52,1798,1370,1791,62,1195,182,19,22.1,76.49,66.72,11.22
RM Patidar,IPL,46,898,1368,848,43,259,90,92,31.81,161.32,30.54,21.46
Ahmed Faiz,T20I,63,1147,1367,1103,54,394,101,56,25.31,123.93,35.72,14.23
Tilak Varma,T20I,45,971,1364,933,30,306,108,71,45.47,146.2,32.8,19.19
Muneeba Ali,ODI,57,2272,1364,2155,53,1384,165,4,25.74,63.29,64.22,7.84
R Rijke,T20I,82,1407,1362,1343,59,584,136,10,23.08,101.41,43.48,10.87
SR Watson,PSL,46,1000,1361,982,41,430,123,81,33.2,138.59,43.79,20.77
T Marumani,T20I,69,1103,1360,1063,61,476,148,46,22.3,127.94,44.78,18.25
KAJ Roach,Test,84,3730,1360,3725,111,3076,161,16,12.25,36.51,82.58,4.75
Shadman Islam,Test,25,2713,1359,2709,46,1958,157,3,29.54,50.17,72.28,5.91
SM Pollock,ODI,67,1469,1358,1450,48,668,113,24,28.29,93.66,46.07,9.45
WP Saha,Test,36,2980,1353,2973,46,2256,129,14,29.41,45.51,75.88,4.81
SC Ganguly,IPL,56,1326,1349,1263,54,594,137,42,24.98,106.81,47.03,14.17
Bilal Zalmai,T20I,45,894,1349,841,40,347,141,77,33.72,160.4,41.26,25.92
Mehedi Hasan Miraz,ODI,75,1745,1346,1694,64,942,122,24,21.03,79.46,55.61,8.62
NR Sciver-Brunt,ODI,30,1445,1345,1421,24,658,153,9,56.04,94.65,46.31,11.4
AD Mathews,T20I,69,1163,1343,1132,52,381,87,45,25.83,118.64,33.66,11.66
RK Singh,IPL,59,970,1340,921,41,298,110,65,32.68,145.49,32.36,19.0
D van Niekerk,ODI,46,1805,1336,1773,35,1021,143,17,38.17,75.35,57.59,9.02
TM Head,T20I,50,873,1335,849,46,327,149,60,29.02,157.24,38.52,24.62
KA Maharaj,Test,60,2205,1334,2197,87,1599,153,29,15.33,60.72,72.78,8.28
Imad Wasim,PSL,78,1009,1334,977,50,308,125,45,26.68,136.54,31.53,17.4
CA Lynn,IPL,42,974,1329,945,39,387,132,66,34.08,140.63,40.95,20.95
Ishan Kishan,T20I,45,935,1328,897,45,366,134,70,29.51,148.05,40.8,22.74
JR Hopes,ODI,61,1436,1326,1415,50,628,123,6,26.52,93.71,44.38,9.12
BJ McMullen,ODI,35,1496,1324,1469,33,802,127,36,40.12,90.13,54.59,11.1
Haider Butt,T20I,54,1092,1324,1071,44,388,89,60,30.09,123.62,36.23,13.91
DJG Sammy,Test,38,1951,1323,1949,60,1369,157,34,22.05,67.88,70.24,9.8
KMDN Kulasekara,ODI,117,1660,1323,1611,84,865,95,39,15.75,82.12,53.69,8.32
SJ Taylor,T20I,52,1181,1323,1157,44,405,150,3,30.07,114.35,35.0,13.22
DJ Hussey,IPL,61,1101,1322,1075,49,397,90,60,26.98,122.98,36.93,13.95
Anamul Haque,ODI,44,1785,1322,1744,46,1025,132,27,28.74,75.8,58.77,9.12
KM Jadhav,ODI,49,1307,1318,1273,31,570,136,23,42.52,103.53,44.78,12.49
PHKD Mendis,Test,14,2067,1316,2063,24,1399,137,24,54.83,63.79,67.81,7.8
M Kaif,ODI,64,2062,1314,2007,48,1170,120,1,27.38,65.47,58.3,6.03
Abdullah Shafique,PSL,49,963,1313,934,46,304,120,52,28.54,140.58,32.55,18.42
Asad Shafiq,ODI,56,1986,1312,1946,50,1091,102,5,26.24,67.42,56.06,5.5
S Matsikenyeri,ODI,78,1968,1309,1887,74,1149,131,10,17.69,69.37,60.89,7.47
Mushfiqur Rahim,T20I,82,1168,1307,1135,66,400,110,33,19.8,115.15,35.24,12.6
BM Duckett,ODI,33,1339,1307,1310,32,639,145,19,40.84,99.77,48.78,12.52
P Nissanka,Test,18,2302,1305,2299,30,1593,151,5,43.5,56.76,69.29,6.79
Muhammad Tanveer,T20I,42,1021,1305,990,38,384,88,78,34.34,131.82,38.79,16.77
Mashrafe Mortaza,ODI,121,1609,1304,1567,97,878,108,42,13.44,83.22,56.03,9.57
Vikramjit Singh,ODI,45,1872,1304,1820,43,1148,143,16,30.33,71.65,63.08,8.74
MDK Perera,Test,42,2782,1303,2779,68,2166,158,23,19.16,46.89,77.94,6.51
M Mupachikwa,T20I,59,1626,1301,1546,46,772,131,0,28.28,84.15,49.94,8.47
M van Lingen,ODI,37,1442,1300,1403,32,779,150,29,40.62,92.66,55.52,12.76
Asif Ali,PSL,84,857,1296,827,63,308,73,101,20.57,156.71,37.24,21.04
HC Brook,T20I,54,870,1296,841,42,258,107,60,30.86,154.1,30.68,19.86
Taranjeet Singh,T20I,40,876,1296,822,36,338,159,58,36.0,157.66,41.12,26.4
JM Anderson,Test,165,3306,1290,3294,147,2671,178,3,8.78,39.16,81.09,5.49
Shoaib Malik,Test,23,2704,1288,2701,39,2079,159,11,33.03,47.69,76.97,6.29
Sahibzada Farhan,PSL,43,933,1286,904,39,363,134,57,32.97,142.26,40.15,21.13
JL Smith,Test,20,1725,1286,1720,31,1107,138,30,41.48,74.77,64.36,9.77
HH Dippenaar,ODI,36,1903,1283,1865,33,1082,117,7,38.88,68.79,58.02,6.65
SA Edwards,T20I,75,1034,1283,1014,56,326,100,32,22.91,126.53,32.15,13.02
M Raj,T20I,44,1369,1280,1313,35,569,143,7,36.57,97.49,43.34,11.42
LPC Silva,ODI,49,1805,1279,1754,44,994,115,10,29.07,72.92,56.67,7.13
R Satheesan,T20I,41,938,1279,843,39,334,133,63,32.79,151.72,39.62,23.25
Manpreet Singh,T20I,64,1083,1275,1049,59,337,68,49,21.61,121.54,32.13,11.15
HM Amla,T20I,43,986,1272,962,34,330,145,26,37.41,132.22,34.3,17.78
Asif Khan,ODI,37,1606,1270,1569,33,904,103,42,38.48,80.94,57.62,9.24
S Samarawickrama,ODI,44,1439,1268,1411,41,692,132,7,30.93,89.87,49.04,9.85
AD Hales,PSL,44,900,1268,874,44,324,142,50,28.82,145.08,37.07,21.97
Usman Khan,PSL,37,826,1268,802,31,270,135,55,40.9,158.1,33.67,23.69
Sahibzada Farhan,T20I,42,953,1266,929,40,388,107,65,31.65,136.28,41.77,18.51
K Verreynne,Test,31,2278,1266,2271,42,1605,132,14,30.14,55.75,70.67,6.43
NS Dhaliwal,T20I,43,975,1265,955,36,356,104,55,35.14,132.46,37.28,16.65
HC Brook,ODI,36,1235,1263,1204,31,598,112,55,40.74,104.9,49.67,13.87
DR Smith,ODI,74,1430,1261,1406,70,812,120,48,18.01,89.69,57.75,11.95
Inzamam-ul-Haq,Test,20,2353,1259,2344,34,1681,155,4,37.03,53.71,71.72,6.78
Sabbir Rahman,ODI,55,1395,1259,1353,47,713,147,21,26.79,93.05,52.7,12.42
PD Salt,IPL,40,746,1258,721,38,254,138,67,33.11,174.48,35.23,28.43
Towhid Hridoy,ODI,35,1555,1254,1523,30,742,80,26,41.8,82.34,48.72,6.96
PWA Mulder,Test,24,2168,1253,2167,35,1547,152,17,35.8,57.82,71.39,7.8
MH Cross,T20I,68,1105,1253,1084,55,396,111,29,22.78,115.59,36.53,12.92
C Munro,ODI,52,1207,1249,1190,49,599,134,36,25.49,104.96,50.34,14.29
SIR Dunkley,T20I,59,1048,1245,1016,48,403,145,21,25.94,122.54,39.67,16.34
SR Mukkamalla,ODI,35,1553,1244,1536,30,766,103,15,41.47,80.99,49.87,7.68
NT Miles,T20I,60,1463,1243,1382,47,660,125,10,26.45,89.94,47.76,9.77
SA Wittmann,T20I,80,1388,1243,1359,76,756,159,18,16.36,91.46,55.63,13.02
JD Ryder,ODI,36,1294,1242,1266,35,700,141,33,35.49,98.1,55.29,13.74
RM Ghosh,T20I,66,890,1241,855,47,315,143,44,26.4,145.15,36.84,21.87
Nasir Hossain,ODI,51,1579,1240,1545,47,802,111,14,26.38,80.26,51.91,8.09
Mas Elysa,T20I,72,1442,1240,1360,61,666,120,4,20.33,91.18,48.97,9.12
I Danladi,T20I,55,1101,1239,1071,52,459,110,35,23.83,115.69,42.86,13.54
RR Rossouw,ODI,35,1341,1239,1313,32,664,131,22,38.72,94.36,50.57,11.65
J Da Silva,Test,33,3021,1238,3017,50,2330,127,7,24.76,41.03,77.23,4.44
WA Duraisingam,T20I,73,1882,1237,1770,69,1037,118,0,17.93,69.89,58.59,6.67
JJ Smit,T20I,59,870,1237,845,36,270,73,75,34.36,146.39,31.95,17.51
A Vala,T20I,53,1088,1233,1047,49,417,108,38,25.16,117.77,39.83,13.94
JW Jenner,T20I,44,894,1233,881,38,306,100,49,32.45,139.95,34.73,16.91
V Shankar,IPL,63,985,1233,950,46,304,88,48,26.8,129.79,32.0,14.32
GC Wilson,ODI,57,1653,1232,1631,47,894,105,14,26.21,75.54,54.81,7.3
Imran Farhat,ODI,44,1909,1232,1837,43,1163,140,9,28.65,67.07,63.31,8.11
Sharmin Akhter,ODI,39,2088,1232,1997,38,1302,153,1,32.42,61.69,65.2,7.71
Saim Ayub,PSL,53,926,1232,885,54,355,122,57,22.81,139.21,40.11,20.23
H Masakadza,T20I,54,1140,1230,1103,49,502,117,40,25.1,111.51,45.51,14.23
MJ Prior,ODI,57,1652,1229,1613,48,929,132,6,25.6,76.19,57.59,8.56
Sami Sohail,T20I,40,1005,1228,965,36,367,106,42,34.11,127.25,38.03,15.34
DJ Bravo,T20I,72,1101,1227,1062,54,412,72,54,22.72,115.54,38.79,11.86
DW Steyn,Test,81,2785,1226,2781,91,2210,121,35,13.47,44.08,79.47,5.61
IK Pathan,ODI,71,1548,1226,1516,55,860,117,29,22.29,80.87,56.73,9.63
JM Kemp,ODI,55,1473,1226,1434,41,773,77,53,29.9,85.5,53.91,9.07
CL Tryon,T20I,87,945,1223,922,64,335,110,46,19.11,132.65,36.33,16.92
M du Preez,T20I,72,1258,1218,1236,61,512,115,15,19.97,98.54,41.42,10.52
Aliya Riaz,T20I,85,1309,1217,1255,64,576,110,23,19.02,96.97,45.9,10.6
O Prendergast,ODI,41,1594,1217,1559,33,836,111,10,36.88,78.06,53.62,7.76
Shahriar Nafees,ODI,52,1817,1216,1757,52,1128,163,2,23.38,69.21,64.2,9.39
PG Fulton,ODI,43,1726,1216,1689,38,995,104,18,32.0,72.0,58.91,7.22
WA Young,Test,23,2598,1215,2594,38,1983,153,5,31.97,46.84,76.45,6.09
KJ Coetzer,T20I,52,978,1210,956,54,412,128,43,22.41,126.57,43.1,17.89
RM Ghosh,ODI,52,1210,1208,1179,42,600,126,38,28.76,102.46,50.89,13.91
KM Jadhav,IPL,81,1012,1208,981,54,341,102,40,22.37,123.14,34.76,14.48
RS Morton,ODI,41,1872,1205,1840,37,1087,91,13,32.57,65.49,59.08,5.65
JN Frylinck,T20I,60,993,1204,954,49,348,106,35,24.57,126.21,36.48,14.78
GWHM Perera,ODI,55,1939,1203,1894,52,1264,158,4,23.13,63.52,66.74,8.55
JD Campbell,Test,27,2387,1202,2385,49,1802,147,11,24.53,50.4,75.56,6.62
Saim Ayub,T20I,58,901,1201,862,54,370,126,56,22.24,139.33,42.92,21.11
NLTC Perera,T20I,72,828,1199,791,49,262,88,63,24.47,151.58,33.12,19.09
Javeria Khan,T20I,70,1337,1199,1290,67,615,141,1,17.9,92.95,47.67,11.01
D Ndikubwimana,T20I,71,1473,1198,1436,65,749,108,17,18.43,83.43,52.16,8.7
GH Dockrell,ODI,72,1475,1197,1426,50,738,97,26,23.94,83.94,51.75,8.63
Asif Khan,T20I,50,901,1197,871,41,339,76,76,29.2,137.43,38.92,17.45
Iftikhar Ahmed,PSL,70,925,1196,895,50,321,90,58,23.92,133.63,35.87,16.54
Zeeshan Maqsood,ODI,45,1855,1196,1813,39,1069,101,15,30.67,65.97,58.96,6.4
TP Ura,ODI,51,1526,1196,1495,50,934,131,24,23.92,80.0,62.47,10.37
SA Campbelle,T20I,87,1350,1192,1316,71,609,98,17,16.79,90.58,46.28,8.74
Zeeshan Maqsood,T20I,55,1022,1192,1004,46,419,119,42,25.91,118.73,41.73,16.04
MS Wade,T20I,66,917,1191,881,47,301,94,46,25.34,135.19,34.17,15.89
L Paul,ODI,48,1866,1191,1794,44,1050,112,1,27.07,66.39,58.53,6.3
KD Kesuma,T20I,70,1123,1191,1049,62,520,129,44,19.21,113.54,49.57,16.49
Aqib Ilyas,ODI,29,1648,1191,1622,29,928,113,12,41.07,73.43,57.21,7.71
GD Phillips,ODI,38,1169,1191,1143,30,519,88,47,39.7,104.2,45.41,11.81
R Tewatia,IPL,84,923,1190,876,52,309,98,55,22.88,135.84,35.27,17.47
Pratika Rawal,ODI,26,1511,1189,1444,26,790,141,10,45.73,82.34,54.71,10.46
EJ Villani,T20I,47,1020,1188,990,39,391,153,11,30.46,120.0,39.49,16.57
Shahriar Nafees,Test,23,2090,1188,2085,46,1499,180,1,25.83,56.98,71.89,8.68
Aqib Ilyas,T20I,46,998,1181,975,40,382,108,41,29.52,121.13,39.18,15.28
Sharjeel Khan,PSL,50,868,1181,838,48,381,104,78,24.6,140.93,45.47,21.72
Abid Ali,Test,16,2450,1180,2445,24,1858,148,5,49.17,48.26,75.99,6.26
Abdul Waheed,T20I,45,945,1180,912,42,325,118,37,28.1,129.39,35.64,17.0
MM Ali,T20I,72,866,1180,820,58,285,84,67,20.34,143.9,34.76,18.41
NND de Silva,T20I,85,1214,1180,1185,63,448,84,14,18.73,99.58,37.81,8.27
VP Thamotharam,T20I,52,860,1179,827,47,317,77,75,25.09,142.56,38.33,18.38
MDKJ Perera,Test,22,1632,1177,1629,38,1072,151,12,30.97,72.25,65.81,10.01
Raqibul Hasan,ODI,48,1910,1177,1856,44,1089,89,8,26.75,63.42,58.67,5.23
KP Pietersen,T20I,36,856,1176,831,34,254,119,32,34.59,141.52,30.57,18.17
MJ North,Test,21,2434,1171,2432,33,1831,143,5,35.48,48.15,75.29,6.09
Nida Dar,ODI,55,1784,1171,1728,52,986,102,10,22.52,67.77,57.06,6.48
ML Green,T20I,84,1105,1171,1079,61,385,96,20,19.2,108.53,35.68,10.75
Hussain Talat,PSL,57,967,1170,945,49,320,99,35,23.88,123.81,33.86,14.18
MM Ali,IPL,59,865,1167,835,51,325,95,67,22.88,139.76,38.92,19.4
W Madhevere,T20I,65,1038,1164,1006,57,394,128,16,20.42,115.71,39.17,14.31
PM Siddle,Test,59,2470,1164,2468,79,1905,126,4,14.73,47.16,77.19,5.27
NND de Silva,ODI,51,1593,1161,1550,46,836,97,16,25.24,74.9,53.94,7.29
KJ Martin,ODI,53,1536,1161,1501,45,783,111,1,25.8,77.35,52.17,7.46
JDP Oram,Test,20,2187,1158,2182,31,1604,130,17,37.35,53.07,73.51,6.74
Towhid Hridoy,T20I,49,955,1155,926,42,301,74,44,27.5,124.73,32.51,12.74
TM McGrath,T20I,45,891,1155,875,27,338,158,17,42.78,132.0,38.63,20.0
BFW de Leede,ODI,44,1621,1155,1593,41,933,88,23,28.17,72.5,58.57,6.97
CS Mugeri-Tiripano,T20I,54,1139,1154,1082,51,510,137,7,22.63,106.65,47.13,13.31
TM Dilshan,IPL,50,1047,1153,1007,41,451,140,24,28.12,114.5,44.79,16.29
MD Shanaka,ODI,56,1317,1153,1291,47,652,87,38,24.53,89.31,50.5,9.68
BRM Taylor,T20I,49,933,1151,921,42,332,119,28,27.4,124.97,36.05,15.96
AR Patwa,T20I,49,1000,1151,950,46,447,144,32,25.02,121.16,47.05,18.53
K Ndlovu,T20I,59,1239,1151,1165,49,602,145,12,23.49,98.8,51.67,13.48
IK Pathan,IPL,82,985,1150,950,53,336,88,38,21.7,121.05,35.37,13.26
KA Pollard,PSL,47,738,1149,708,30,238,80,77,38.3,162.29,33.62,22.18
KA Green,T20I,81,1399,1148,1345,64,728,117,13,17.94,85.35,54.13,9.67
R Musamali,T20I,81,1423,1147,1378,64,650,92,0,17.92,83.24,47.17,6.68
JA Raval,Test,24,2675,1143,2670,38,2108,143,1,30.08,42.81,78.95,5.39
RR Pant,T20I,63,954,1142,910,53,337,103,41,21.55,125.49,37.03,15.82
BT Foakes,Test,25,2416,1139,2411,39,1746,108,7,29.21,47.24,72.42,4.77
MD Bimenyimana,T20I,67,1670,1136,1561,60,906,114,2,18.93,72.77,58.04,7.43
Yuvraj Singh,T20I,49,858,1136,821,42,319,77,72,27.05,138.37,38.86,18.15
A Badoni,IPL,54,865,1135,817,44,258,91,44,25.8,138.92,31.58,16.52
A Hunter,ODI,39,1352,1130,1316,37,680,125,3,30.54,85.87,51.67,9.73
KY Chan,T20I,62,1317,1130,1223,55,561,102,7,20.55,92.4,45.87,8.91
DB Sharma,T20I,86,1120,1130,1078,51,354,98,7,22.16,104.82,32.84,9.74
CD McMillan,ODI,46,1393,1129,1363,39,769,93,32,28.95,82.83,56.42,9.17
BN Cooper,T20I,49,934,1127,907,41,341,109,32,27.49,124.26,37.6,15.55
I Nakisuuyi,T20I,70,1541,1124,1458,64,825,114,7,17.56,77.09,56.58,8.3
GH Dockrell,T20I,87,865,1123,832,60,265,81,46,18.72,134.98,31.85,15.26
Nahida Khan,ODI,42,1760,1121,1712,38,1089,133,2,29.5,65.48,63.61,7.89
Sikandar Raza,Test,18,2052,1120,2050,37,1462,120,13,30.27,54.63,71.32,6.49
CM Gough,T20I,37,1256,1115,1152,25,474,105,7,44.6,96.79,41.15,9.72
P Utseya,ODI,97,1935,1114,1891,59,1158,76,11,18.88,58.91,61.24,4.6
AD Russell,T20I,71,706,1112,673,47,265,65,95,23.66,165.23,39.38,23.77
DS Smith,Test,29,2463,1112,2456,50,1919,149,1,22.24,45.28,78.14,6.11
Mohammad Haris,PSL,45,688,1111,666,42,225,119,54,26.45,166.82,33.78,25.98
L Delany,ODI,43,1583,1110,1546,39,837,97,1,28.46,71.8,54.14,6.34
I Barma,T20I,77,1340,1110,1293,72,612,94,4,15.42,85.85,47.33,7.58
ML Hayden,IPL,32,839,1107,806,28,332,121,44,39.54,137.34,41.19,20.47
JEC Franklin,ODI,61,1425,1107,1389,41,704,84,17,27.0,79.7,50.68,7.27
RW Chakabva,ODI,50,1650,1106,1621,48,915,88,8,23.04,68.23,56.45,5.92
JDS Neesham,T20I,77,810,1105,762,56,264,85,55,19.73,145.01,34.65,18.37
BOP Fernando,Test,21,2226,1104,2224,33,1699,127,12,33.45,49.64,76.39,6.25
SS Iyer,T20I,46,829,1104,811,35,261,90,44,31.54,136.13,32.18,16.52
K Rabada,Test,70,2139,1102,2131,89,1634,139,20,12.38,51.71,76.68,7.46
CJ Anderson,ODI,43,1044,1102,1012,40,501,85,55,27.55,108.89,49.51,13.83
J Mbabazi,T20I,83,1497,1098,1437,69,784,115,2,15.91,76.41,54.56,8.14
Usman Patel,T20I,56,856,1093,839,46,330,108,39,23.76,130.27,39.33,17.52
S Muniandy,T20I,84,962,1093,943,64,364,73,42,17.08,115.91,38.6,12.2
CM Edwards,T20I,45,1110,1090,1082,40,496,147,3,27.25,100.74,45.84,13.86
S Chandramohan,T20I,46,956,1090,913,46,413,98,48,23.7,119.39,45.24,15.99
SPD Smith,T20I,54,899,1090,868,42,276,96,26,25.95,125.58,31.8,14.06
L Vincent,ODI,45,1593,1089,1521,39,944,113,17,27.92,71.6,62.06,8.55
HDJ Siegers,T20I,59,971,1089,930,59,404,125,18,18.46,117.1,43.44,15.38
DM Nakrani,T20I,64,883,1088,849,45,354,66,67,24.18,128.15,41.7,15.67
MJ Santner,T20I,88,867,1087,832,52,313,88,42,20.9,130.65,37.62,15.62
MJ Santner,Test,28,2310,1085,2300,42,1803,121,32,25.83,47.17,78.39,6.65
M Vohra,IPL,51,863,1083,829,48,358,104,43,22.56,130.64,43.18,17.73
DP Conway,IPL,28,794,1080,773,25,265,117,34,43.2,139.72,34.28,19.53
PSP Handscomb,Test,20,2236,1079,2234,28,1644,125,1,38.54,48.3,73.59,5.64
LMP Simmons,IPL,29,878,1079,852,27,372,109,44,39.96,126.64,43.66,17.96
HMD Rasangika,T20I,37,972,1077,908,30,391,166,2,35.9,118.61,43.06,18.5
Ahmed Shehzad,PSL,43,933,1077,897,42,358,109,32,25.64,120.07,39.91,15.72
F Behardien,ODI,49,1114,1074,1097,37,485,79,25,29.03,97.9,44.21,9.48
DJ Malan,Test,22,2627,1074,2622,38,2086,147,1,28.26,40.96,79.56,5.64
SM Pollock,Test,25,1774,1072,1773,33,1236,123,13,32.48,60.46,69.71,7.67
NL McCullum,ODI,62,1247,1070,1220,51,605,69,33,20.98,87.7,49.59,8.36
GJ Delany,T20I,67,806,1069,796,53,298,82,49,20.17,134.3,37.44,16.46
RP Arnold,ODI,55,1537,1068,1509,39,793,71,5,27.38,70.78,52.55,5.04
I Liyanage,T20I,41,900,1067,864,35,356,116,29,30.49,123.5,41.2,16.78
WW Hinds,ODI,38,1626,1066,1576,33,985,90,21,32.3,67.64,62.5,7.04
LS Livingstone,IPL,49,725,1066,687,42,242,70,76,25.38,155.17,35.23,21.25
H Deol,ODI,35,1447,1064,1391,32,769,112,7,33.25,76.49,55.28,8.55
A Sutherland,ODI,36,1156,1062,1140,27,528,102,15,39.33,93.16,46.32,10.26
Aftab Ahmed,ODI,55,1451,1061,1416,53,865,116,22,20.02,74.93,61.09,9.75
N de Klerk,ODI,55,1219,1058,1188,48,618,108,19,22.04,89.06,52.02,10.69
Imran Anwar,T20I,61,878,1056,846,61,398,64,71,17.31,124.82,47.04,15.96
Khushdil Shah,PSL,67,770,1055,733,46,238,78,55,22.93,143.93,32.47,18.14
IA Karim,T20I,40,1027,1055,1001,28,386,95,14,37.68,105.39,38.56,10.89
JM Sharma,IPL,54,713,1054,687,46,249,82,65,22.91,153.42,36.24,21.4
CM Edwards,ODI,26,1464,1054,1426,24,839,137,0,43.92,73.91,58.84,9.61
Basil Hameed,ODI,45,1458,1051,1423,45,820,74,30,23.36,73.86,57.62,7.31
SIR Dunkley,ODI,44,1327,1049,1285,42,655,102,4,24.98,81.63,50.97,8.25
Luqman Butt,T20I,34,742,1048,719,28,264,90,60,37.43,145.76,36.72,20.86
LD Chandimal,T20I,61,1032,1048,1013,54,415,89,21,19.41,103.46,40.97,10.86
DMW Rawlins,T20I,34,733,1045,712,29,273,72,68,36.03,146.77,38.34,19.66
Sohaib Maqsood,PSL,43,834,1045,810,36,325,90,50,29.03,129.01,40.12,17.28
Nasir Hossain,Test,19,1922,1044,1917,31,1383,119,10,33.68,54.46,72.14,6.73
FDM Karunaratne,ODI,38,1363,1044,1326,35,698,100,1,29.83,78.73,52.64,7.62
Zubaidi Zulkifle,T20I,62,770,1043,740,58,328,103,53,17.98,140.95,44.32,21.08
Junaid Siddique,ODI,88,1552,1042,1521,72,929,95,18,14.47,68.51,61.08,7.43
DP Sibley,Test,22,3052,1042,3045,36,2476,114,1,28.94,34.22,81.31,3.78
SM Katich,ODI,31,1517,1041,1494,27,917,112,4,38.56,69.68,61.38,7.76
L Mophakedi,T20I,60,1473,1040,1346,61,734,98,0,17.05,77.27,54.53,7.28
MN Waller,ODI,51,1383,1039,1351,48,746,106,10,21.65,76.91,55.22,8.59
Faheem Ashraf,PSL,69,760,1039,721,48,257,88,53,21.65,144.11,35.64,19.56
TH David,IPL,52,628,1038,588,29,173,66,76,35.79,176.53,29.42,24.15
Umar Akmal,PSL,40,737,1036,716,35,255,78,61,29.6,144.69,35.61,19.41
AD Russell,ODI,47,805,1034,794,39,374,94,57,26.51,130.23,47.1,19.02
G Ishimwe,T20I,58,1214,1033,1164,56,594,108,6,18.45,88.75,51.03,9.79
Afif Hossain,T20I,58,888,1031,852,48,319,79,36,21.48,121.01,37.44,13.5
JP Faulkner,ODI,51,1018,1025,984,30,429,82,29,34.17,104.17,43.6,11.28
JD Ryder,Test,15,1872,1025,1869,27,1308,119,6,37.96,54.84,69.98,6.69
AP Yadav,T20I,41,1019,1024,966,39,408,105,19,26.26,106.0,42.24,12.84
PWH de Silva,ODI,53,991,1024,961,45,437,86,33,22.76,106.56,45.47,12.38
S Bau,T20I,46,942,1023,909,40,384,88,31,25.58,112.54,42.24,13.09
B Sharki,ODI,36,1555,1023,1521,35,912,100,7,29.23,67.26,59.96,7.03
Aizaz Khan,T20I,79,951,1021,924,64,348,73,27,15.95,110.5,37.66,10.82
L Ronchi,PSL,31,631,1020,614,28,216,116,50,36.43,166.12,35.18,27.04
JJ Smit,ODI,49,1407,1018,1366,42,806,52,51,24.24,74.52,59.0,7.54
C Campher,T20I,55,830,1018,804,46,274,80,30,22.13,126.62,34.08,13.68
LRPL Taylor,IPL,54,847,1017,822,41,307,66,46,24.8,123.72,37.35,13.63
L Bruce,T20I,41,985,1015,907,34,380,106,16,29.85,111.91,41.9,13.45
Fawad Alam,Test,18,2173,1011,2170,28,1621,112,3,36.11,46.59,74.7,5.3
MD Patel,T20I,40,762,1011,733,35,274,106,33,28.89,137.93,37.38,18.96
Milind Kumar,ODI,20,1010,1011,985,15,461,89,27,67.4,102.64,46.8,11.78
FO Kibasu,T20I,46,1080,1009,996,44,464,128,0,22.93,101.31,46.59,12.85
Tanzid Hasan,T20I,42,831,1008,799,37,356,91,45,27.24,126.16,44.56,17.02
N Davin,T20I,39,752,1007,732,34,301,109,34,29.62,137.57,41.12,19.54
ZE Green,ODI,44,1351,1007,1326,40,774,105,12,25.18,75.94,58.37,8.82
C Sutthiruang,T20I,88,1170,1006,1132,77,550,99,4,13.06,88.87,48.59,9.1
RL Chase,ODI,48,1303,1004,1280,40,631,73,14,25.1,78.44,49.3,6.8
Umar Akmal,Test,16,1525,1003,1520,28,1049,117,17,35.82,65.99,69.01,8.82
Q Abel,T20I,43,982,1003,916,40,439,132,11,25.08,109.5,47.93,15.61
NR Sciver-Brunt,T20I,32,759,1001,743,25,252,142,5,40.04,134.72,33.92,19.78
Kushal Malla,T20I,53,793,1001,744,44,308,56,68,22.75,134.54,41.4,16.67
EJM Cowan,Test,18,2428,1001,2425,31,1888,125,2,32.29,41.28,77.86,5.24
KP Pietersen,IPL,36,758,1001,743,29,275,91,40,34.52,134.72,37.01,17.63
J Baker,T20I,27,799,1001,769,25,350,90,51,40.04,130.17,45.51,18.34
JP Inglis,T20I,42,650,1000,627,36,198,104,39,27.78,159.49,31.58,22.81
H Klaasen,T20I,53,730,1000,705,43,236,72,52,23.26,141.84,33.48,17.59
V Saini,T20I,43,819,1000,785,35,240,89,23,28.57,127.39,30.57,14.27
MC Henriques,IPL,54,801,1000,788,38,269,87,28,26.32,126.9,34.14,14.59
SM Curran,IPL,53,761,997,731,41,251,85,41,24.32,136.39,34.34,17.24
KH Prajapati,ODI,35,1351,996,1330,36,788,100,13,27.67,74.89,59.25,8.5
RG Mukasa,T20I,46,827,993,804,42,356,112,31,23.64,123.51,44.28,17.79
O Tuyisenge,T20I,68,1022,988,981,61,480,91,27,16.2,100.71,48.93,12.03
CL White,T20I,44,755,988,743,30,257,71,44,32.93,132.97,34.59,15.48
AE Satterthwaite,T20I,49,967,987,940,41,386,111,6,24.07,105.0,41.06,12.45
KA Edwards,Test,17,2056,986,2052,30,1541,111,12,32.87,48.05,75.1,5.99
JN Loftie-Eaton,ODI,44,1340,986,1318,35,735,77,20,28.17,74.81,55.77,7.36
C Kieswetter,ODI,38,1130,985,1107,34,634,98,30,28.97,88.98,57.27,11.56
Y Venugopal Rao,IPL,52,865,985,836,42,324,77,37,23.45,117.82,38.76,13.64
RC Belbashi,T20I,70,1095,985,1045,49,516,100,16,20.1,94.26,49.38,11.1
RW Chakabva,Test,20,2512,984,2507,35,1959,91,7,28.11,39.25,78.14,3.91
Ahmed Shehzad,Test,13,1929,982,1926,24,1417,99,8,40.92,50.99,73.57,5.56
IK Gamantika,T20I,65,1084,982,1033,61,462,71,25,16.1,95.06,44.72,9.29
HAM Shah,T20I,30,845,982,806,31,321,92,27,31.68,121.84,39.83,14.76
JN Frylinck,ODI,45,1370,978,1343,40,753,76,15,24.45,72.82,56.07,6.78
PD Salt,ODI,30,861,976,848,30,434,133,20,32.53,115.09,51.18,18.04
JA Morkel,IPL,67,712,975,687,40,226,61,55,24.38,141.92,32.9,16.89
Sidra Ameen,T20I,57,1144,974,1102,55,526,106,2,17.71,88.38,47.73,9.8
A Symonds,IPL,36,781,974,750,26,273,74,41,37.46,129.87,36.4,15.33
ADS Fletcher,T20I,56,913,973,879,49,428,65,53,19.86,110.69,48.69,13.42
DS Smith,ODI,39,1379,973,1343,40,797,99,9,24.32,72.45,59.34,8.04
GWHM Perera,T20I,74,1145,972,1120,61,569,112,4,15.93,86.79,50.8,10.36
CL White,IPL,45,774,971,760,35,260,76,38,27.74,127.76,34.21,15.0
Dhruv Jurel,IPL,45,657,970,634,31,191,80,49,31.29,153.0,30.13,20.35
T Stubbs,IPL,39,639,968,621,21,146,68,47,46.1,155.88,23.51,18.52
O Manishimwe,T20I,61,1112,968,1049,55,554,91,24,17.6,92.28,52.81,10.96
Fawad Alam,ODI,35,1321,966,1296,25,631,60,6,38.64,74.54,48.69,5.09
T Stubbs,T20I,42,744,966,725,31,238,75,37,31.16,133.24,32.83,15.45
Kamran Akmal,T20I,51,829,964,804,44,368,97,31,21.91,119.9,45.77,15.92
C Campher,ODI,30,1212,963,1196,28,665,97,13,34.39,80.52,55.6,9.2
Muhammad Usman,T20I,47,807,959,774,42,295,72,41,22.83,123.9,38.11,14.6
Nazmul Hossain Shanto,T20I,44,913,959,874,39,348,88,19,24.59,109.73,39.82,12.24
JN Malan,ODI,22,1177,958,1150,20,618,97,16,47.9,83.3,53.74,9.83
M Levitt,T20I,29,690,957,673,30,291,83,52,31.9,142.2,43.24,20.06
MG Bracewell,ODI,37,905,956,874,27,418,77,43,35.41,109.38,47.83,13.73
Pargat Singh,ODI,26,1271,956,1245,29,747,107,16,32.97,76.79,60.0,9.88
HC Knight,Test,13,1964,955,1960,20,1441,112,2,47.75,48.72,73.52,5.82
AJ Blackwell,ODI,33,1258,953,1236,25,654,96,4,38.12,77.1,52.91,8.09
Fargana Hoque,T20I,56,1139,952,1099,48,503,83,5,19.83,86.62,45.77,8.01
CJA Amini,ODI,45,1545,952,1517,44,922,78,4,21.64,62.76,60.78,5.41
Usman Khan,T20I,60,818,951,792,50,291,89,22,19.02,120.08,36.74,14.02
KR Mayers,Test,18,1552,949,1550,29,1094,117,16,32.72,61.23,70.58,8.58
Haider Ali,PSL,53,726,949,696,47,268,83,47,20.19,136.35,38.51,18.68
Ayan Khan,ODI,35,1294,948,1251,35,708,87,15,27.09,75.78,56.59,8.15
Shaiman Anwar,ODI,30,1162,947,1128,28,628,95,16,33.82,83.95,55.67,9.84
Mahmudul Hasan Joy,Test,19,2205,947,2198,35,1697,102,7,27.06,43.08,77.21,4.96
M Morkel,Test,71,1862,944,1858,80,1436,143,5,11.8,50.81,77.29,7.97
Murshida Khatun,T20I,49,1113,941,1056,44,518,102,4,21.39,89.11,49.05,10.04
AU Rashid,ODI,81,1041,941,1011,49,492,92,14,19.2,93.08,48.66,10.48
BP Nash,Test,18,2157,941,2154,29,1658,106,2,32.45,43.69,76.97,5.01
Iftikhar Ahmed,T20I,51,746,941,718,41,232,66,42,22.95,131.06,32.31,15.04
J Liyanage,ODI,28,1134,940,1111,22,581,71,25,42.73,84.61,52.3,8.64
JM How,ODI,33,1449,939,1418,32,903,105,7,29.34,66.22,63.68,7.9
Sabbir Rahman,T20I,43,816,939,780,41,305,88,29,22.9,120.38,39.1,15.0
G Singh,ODI,31,1155,938,1130,29,612,86,17,32.34,83.01,54.16,9.12
Imad Wasim,ODI,39,860,937,840,22,320,87,19,42.59,111.55,38.1,12.62
A Bosch,T20I,43,873,935,855,38,358,102,15,24.61,109.36,41.87,13.68
BA Stokes,IPL,43,718,935,698,41,231,81,32,22.8,133.95,33.09,16.19
KOA Powell,ODI,41,1191,934,1171,38,695,110,13,24.58,79.76,59.35,10.5
RV Uthappa,ODI,41,1070,934,1031,38,577,108,19,24.58,90.59,55.97,12.32
MG Johnson,ODI,87,1002,934,976,60,491,80,22,15.57,95.7,50.31,10.45
RAS Lakmal,Test,68,1940,934,1936,82,1480,114,12,11.39,48.24,76.45,6.51
CS MacLeod,T20I,48,861,930,843,41,317,83,15,22.68,110.32,37.6,11.63
Z Khan,Test,57,1817,930,1813,69,1385,109,22,13.48,51.3,76.39,7.23
RR Hendricks,ODI,35,1211,930,1187,35,676,98,9,26.57,78.35,56.95,9.01
Habibul Bashar,ODI,49,1671,926,1635,42,1023,77,3,22.05,56.64,62.57,4.89
LS Livingstone,T20I,46,659,926,620,38,193,51,59,24.37,149.35,31.13,17.74
B Tau,T20I,49,1065,925,1022,34,502,112,1,27.21,90.51,49.12,11.06
Chirag Suri,ODI,36,1472,924,1434,35,936,95,13,26.4,64.44,65.27,7.53
L Goodall,ODI,46,1520,923,1477,42,926,91,0,21.98,62.49,62.69,6.16
H Lakov,T20I,32,861,922,804,29,289,77,15,31.79,114.68,35.95,11.44
T de Zorzi,Test,17,1682,919,1677,30,1156,88,13,30.63,54.8,68.93,6.02
NT Broom,ODI,37,1168,919,1143,33,570,78,10,27.85,80.4,49.87,7.7
Yasir Shah,Test,46,1951,918,1951,64,1499,105,10,14.34,47.05,76.83,5.89
WPUJC Vaas,Test,25,1929,918,1924,25,1416,107,3,36.72,47.71,73.6,5.72
G Gambhir,T20I,34,803,918,769,32,296,108,10,28.69,119.38,38.49,15.34
Aqib Iqbal,T20I,47,780,918,754,40,278,71,30,22.95,121.75,36.87,13.4
Harbhajan Singh,ODI,85,1147,917,1119,65,605,63,28,14.11,81.95,54.07,8.13
R Powell,ODI,45,1054,915,1023,43,538,60,40,21.28,89.44,52.59,9.78
Habibul Bashar,Test,19,1469,914,1463,37,994,118,2,24.7,62.47,67.94,8.2
AP Rajeevan,T20I,44,843,913,813,36,315,83,17,25.36,112.3,38.75,12.3
LS Livingstone,ODI,34,867,912,840,29,385,55,50,31.45,108.57,45.83,12.5
BA Pai,T20I,34,890,911,813,29,290,81,15,31.41,112.05,35.67,11.81
S Ravichandran,T20I,43,782,911,746,43,280,85,20,21.19,122.12,37.53,14.08
S Davizi,T20I,29,680,910,624,26,239,106,31,35.0,145.83,38.3,21.96
A Johnson,T20I,31,645,910,618,29,296,85,60,31.38,147.25,47.9,23.46
PR Surve,T20I,35,807,909,784,23,306,71,28,39.52,115.94,39.03,12.63
R Shepherd,T20I,55,665,909,626,33,248,51,67,27.55,145.21,39.62,18.85
C Green,IPL,37,611,906,591,26,173,78,42,34.85,153.3,29.27,20.3
HE van der Dussen,Test,18,2226,905,2221,30,1748,103,4,30.17,40.75,78.7,4.82
EA Perry,Test,14,1930,904,1930,14,1449,114,2,64.57,46.84,75.08,6.01
Shadab Khan,T20I,60,644,904,616,46,198,64,47,19.65,146.75,32.14,18.02
CP Rizwan,ODI,38,1573,901,1536,34,919,64,2,26.5,58.66,59.83,4.3
N Boochatham,T20I,79,1188,900,1140,78,629,103,1,11.54,78.95,55.18,9.12
Shoaib Khan,ODI,35,1118,899,1100,29,604,86,15,31.0,81.73,54.91,9.18
E Dusingizimana,T20I,52,845,898,821,48,413,89,32,18.71,109.38,50.3,14.74
SJ Modani,ODI,33,1460,898,1417,31,869,78,5,28.97,63.37,61.33,5.86
RD Rickelton,Test,15,1701,897,1697,25,1217,106,7,35.88,52.86,71.71,6.66
Junaid Siddique,Test,17,2189,897,2185,33,1733,112,0,27.18,41.05,79.31,5.13
D Ganga,Test,18,2264,896,2255,32,1810,118,0,28.0,39.73,80.27,5.23
NA Greenwood,T20I,32,657,896,634,29,208,94,24,30.9,141.32,32.81,18.61
CA Henry,ODI,52,1051,894,1012,45,519,78,19,19.87,88.34,51.28,9.58
W Mwatile,T20I,75,1130,893,1085,65,586,77,15,13.74,82.3,54.01,8.48
AT Nidamanuru,ODI,37,1003,893,976,34,486,60,31,26.26,91.5,49.8,9.32
A Kumble,Test,38,2230,893,2224,48,1768,114,4,18.6,40.15,79.5,5.31
PG Fulton,Test,21,2302,892,2300,37,1872,107,15,24.11,38.78,81.39,5.3
Muhammad Usman,ODI,34,1212,888,1182,32,680,80,20,27.75,75.13,57.53,8.46
CV Anto,T20I,42,614,886,588,36,245,56,66,24.61,150.68,41.67,20.75
Ishan Kishan,ODI,23,890,886,866,21,449,90,31,42.19,102.31,51.85,13.97
HH Gibbs,IPL,36,837,886,807,32,378,83,31,27.69,109.79,46.84,14.13
S Mostary,T20I,50,970,885,914,45,442,89,19,19.67,96.83,48.36,11.82
Washington Sundar,Test,16,1934,885,1930,23,1449,76,19,38.48,45.85,75.08,4.92
GC Smith,T20I,31,738,884,716,31,314,110,21,28.52,123.46,43.85,18.3
MA Leask,T20I,60,693,883,679,53,254,58,46,16.66,130.04,37.41,15.32
W Barresi,ODI,37,1184,882,1157,36,690,97,12,24.5,76.23,59.64,9.42
JE Root,T20I,29,719,881,699,23,223,91,15,38.3,126.04,31.9,15.16
BFW de Leede,T20I,42,846,881,826,32,329,65,24,27.53,106.66,39.83,10.77
STR Binny,IPL,66,700,880,683,44,251,66,35,20.0,128.84,36.75,14.79
MS Chapman,ODI,26,848,880,829,22,397,84,30,40.0,106.15,47.89,13.75
Yasim Murtaza,T20I,59,766,879,737,52,276,63,38,16.9,119.27,37.45,13.7
JWA Taylor,ODI,25,1105,879,1087,24,564,69,12,36.62,80.86,51.89,7.45
Razmal Shigiwal,T20I,32,650,875,619,29,208,74,36,30.17,141.36,33.6,17.77
N Wagner,Test,58,1693,875,1687,61,1338,96,36,14.34,51.87,79.31,7.82
S Bau,ODI,49,1483,874,1452,45,923,71,8,19.42,60.19,63.57,5.44
CS Delport,PSL,38,706,873,688,35,257,80,33,24.94,126.89,37.35,16.42
K Nassoro,T20I,58,890,872,873,44,397,81,16,19.82,99.89,45.48,11.11
RR Pant,ODI,27,846,871,820,25,384,91,26,34.84,106.22,46.83,14.27
TT Bresnan,ODI,63,984,871,965,46,456,89,7,18.93,90.26,47.25,9.95
KD Mills,ODI,72,988,871,966,46,520,65,35,18.93,90.17,53.83,10.35
JO Holder,T20I,65,638,869,620,47,234,51,59,18.49,140.16,37.74,17.74
Muhammad Asim,T20I,31,668,868,642,25,277,87,39,34.72,135.2,43.15,19.63
SB Styris,Test,14,1553,867,1549,20,1125,117,8,43.35,55.97,72.63,8.07
B Lee,ODI,76,1087,865,1057,49,559,51,24,17.65,81.84,52.89,7.1
KD Karthik,Test,20,1733,863,1728,34,1291,114,4,25.38,49.94,74.71,6.83
M Musonda,T20I,44,817,862,778,37,319,89,10,23.3,110.8,41.0,12.72
TM McGrath,ODI,41,1004,861,980,31,513,109,3,27.77,87.86,52.35,11.43
TD Paine,ODI,34,1250,861,1219,31,732,94,6,27.77,70.63,60.05,8.2
IJR Zwilling,T20I,67,971,858,916,55,421,79,5,15.6,93.67,45.96,9.17
AR Patel,ODI,49,969,858,935,39,428,53,31,22.0,91.76,45.78,8.98
S Dube,T20I,43,592,857,558,26,173,54,56,32.96,153.58,31.0,19.71
MG Vandort,Test,17,1915,857,1909,25,1444,98,4,34.28,44.89,75.64,5.34
JP Kotze,T20I,45,740,855,712,38,347,85,40,22.5,120.08,48.74,17.56
MWR Stokes,T20I,32,692,855,679,22,224,81,13,38.86,125.92,32.99,13.84
K Motlanka,T20I,37,860,854,817,33,373,87,17,25.88,104.53,45.65,12.73
Zeeshan Khan,T20I,36,726,852,676,37,281,98,22,23.03,126.04,41.57,17.75
H Ishimwe,T20I,66,898,851,859,53,399,89,6,16.06,99.07,46.45,11.06
P Baron,T20I,31,729,851,699,29,305,97,18,29.34,121.75,43.63,16.45
Rameez Shahzad,ODI,25,1118,848,1082,22,598,75,17,38.55,78.37,55.27,8.5
Haris Sohail,Test,15,1938,847,1936,27,1492,74,13,31.37,43.75,77.07,4.49
Shubman Gill,T20I,35,634,846,615,30,237,93,26,28.2,137.56,38.54,19.35
L Tucker,ODI,43,1045,844,1025,37,541,79,9,22.81,82.34,52.78,8.59
Shashank Singh,IPL,38,549,843,526,20,146,62,47,42.15,160.27,27.76,20.72
Naeem Islam,ODI,45,1246,842,1211,34,692,73,12,24.76,69.53,57.14,7.02
Agha Salman,PSL,44,704,842,682,40,268,76,30,21.05,123.46,39.3,15.54
SSJ Brooks,ODI,29,1150,842,1114,28,623,69,16,30.07,75.58,55.92,7.63
Saud Shakeel,PSL,31,672,840,642,27,250,90,27,31.11,130.84,38.94,18.22
GC Wilson,T20I,49,847,840,836,43,352,73,12,19.53,100.48,42.11,10.17
Mohammad Naim,T20I,35,827,839,809,35,341,74,18,23.97,103.71,42.15,11.37
GH Vihari,Test,16,1991,839,1988,25,1559,107,2,33.56,42.2,78.42,5.48
S Nampiina,T20I,65,976,838,934,52,465,84,8,16.12,89.72,49.79,9.85
Ahmad Ramdoni,T20I,60,990,836,945,43,482,61,29,19.44,88.47,51.01,9.52
PA Jaques,Test,10,1568,836,1565,18,1104,92,2,46.44,53.42,70.54,6.01
CJA Amini,T20I,43,732,836,713,34,286,69,22,24.59,117.25,40.11,12.76
B Lee,Test,37,1638,834,1630,44,1242,105,11,18.95,51.17,76.2,7.12
Harbhajan Singh,IPL,88,636,833,604,56,251,79,42,14.88,137.91,41.56,20.03
R Ashwin,IPL,93,728,833,705,63,256,64,29,13.22,118.16,36.31,13.19
CN Nation,ODI,45,1526,831,1490,39,1003,84,3,21.31,55.77,67.32,5.84
Taijul Islam,Test,54,2184,831,2182,82,1733,92,2,10.13,38.08,79.42,4.31
TM Odoyo,ODI,35,1201,830,1183,29,713,71,18,28.62,70.16,60.27,7.52
KJ Martin,T20I,55,721,830,706,38,254,100,8,21.84,117.56,35.98,15.3
Priyansh Arya,IPL,26,432,830,414,26,137,81,57,31.92,200.48,33.09,33.33
VS Solanki,ODI,33,1194,829,1151,30,707,105,4,27.63,72.02,61.42,9.47
DG Bedingham,Test,15,1234,828,1228,23,827,91,17,36.0,67.43,67.35,8.79
VVS Laxman,ODI,27,1142,828,1116,24,614,80,1,34.5,74.19,55.02,7.26
AL Phehlukwayo,ODI,52,996,827,969,36,556,74,32,22.97,85.35,57.38,10.94
SHT Kandamby,ODI,32,1198,827,1175,25,622,68,0,33.08,70.38,52.94,5.79
JL Denly,Test,15,2094,827,2086,27,1704,110,4,30.63,39.65,81.69,5.47
Mohammad Nadeem,ODI,34,1319,827,1298,18,767,61,9,45.94,63.71,59.09,5.39
PJ Hughes,ODI,24,1118,826,1100,22,639,91,5,37.55,75.09,58.09,8.73
SO Hetmyer,Test,15,1118,825,1117,28,748,84,27,29.46,73.86,66.97,9.94
V Aravind,T20I,34,736,821,715,29,303,80,21,28.31,114.83,42.38,14.13
JA Rudolph,ODI,25,1228,820,1203,17,695,81,1,48.24,68.16,57.77,6.82
CA Ingram,PSL,35,572,819,559,26,185,69,40,31.5,146.51,33.09,19.5
Agha Salman,T20I,45,683,819,666,38,252,76,26,21.55,122.97,37.84,15.32
SE Rutherford,T20I,43,564,818,542,34,205,61,52,24.06,150.92,37.82,20.85
Sarfraz Ahmed,T20I,40,671,818,653,31,215,79,16,26.39,125.27,32.92,14.55
Khurram Manzoor,Test,16,1829,817,1827,30,1428,101,1,27.23,44.72,78.16,5.58
KH Prajapati,T20I,43,785,816,756,38,349,80,26,21.47,107.94,46.16,14.02
SM Curran,Test,23,1272,815,1271,33,893,96,21,24.7,64.12,70.26,9.21
Abdul Samad,IPL,56,572,815,555,46,190,52,51,17.72,146.85,34.23,18.56
MR Adair,T20I,63,647,814,628,46,238,55,39,17.7,129.62,37.9,14.97
RL Chase,T20I,42,701,813,670,37,235,74,20,21.97,121.34,35.07,14.03
KH Brunt,ODI,45,1087,813,1056,34,543,62,6,23.91,76.99,51.42,6.44
AR McBrine,ODI,47,1110,812,1068,35,630,82,14,23.2,76.03,58.99,8.99
SS Iyer,Test,13,1288,811,1287,22,887,94,16,36.86,63.01,68.92,8.55
MA Wood,Test,38,1150,811,1143,51,815,110,20,15.9,70.95,71.3,11.37
WK Dilhari,ODI,38,1054,811,1028,34,541,68,6,23.85,78.89,52.63,7.2
YK Pathan,ODI,41,736,810,713,30,335,62,43,27.0,113.6,46.98,14.73
Sohail Akhtar,PSL,40,670,808,656,32,277,79,32,25.25,123.17,42.23,16.92
Y Daswani,T20I,62,1094,808,1054,46,535,65,0,17.57,76.66,50.76,6.17
RMVD Gunaratne,T20I,52,956,805,911,46,472,92,7,17.5,88.36,51.81,10.87
NE Bonner,Test,15,2347,803,2342,23,1878,87,3,34.91,34.29,80.19,3.84
MNM Aslam,T20I,47,714,801,700,41,259,73,18,19.54,114.43,37.0,13.0
Kushal Malla,ODI,34,925,801,891,32,535,65,46,25.03,89.9,60.04,12.46
S Mtae,T20I,46,863,800,775,43,362,90,9,18.6,103.23,46.71,12.77
MF Maharoof,ODI,60,991,799,970,50,496,60,17,15.98,82.37,51.13,7.94
AV Lazarus,T20I,36,721,799,694,29,271,64,29,27.55,115.13,39.05,13.4
SM Warnapura,Test,13,1364,799,1362,21,952,96,2,38.05,58.66,69.9,7.2
Soumya Sarkar,Test,15,1319,799,1317,28,963,107,9,28.54,60.67,73.12,8.81
AC Voges,ODI,27,956,798,934,18,417,57,7,44.33,85.44,44.65,6.85
MS Bisla,IPL,39,737,798,702,37,339,93,23,21.57,113.68,48.29,16.52
RN Patel,T20I,45,710,797,684,39,287,83,17,20.44,116.52,41.96,14.62
SR Magar,T20I,56,1096,797,990,48,515,69,8,16.6,80.51,52.02,7.78
LA Dunbar,T20I,30,716,795,667,25,324,67,44,31.8,119.19,48.58,16.64
Shakib Al Hasan,IPL,52,665,795,639,40,212,73,21,19.88,124.41,33.18,14.71
Selim Salau,T20I,32,741,793,716,33,311,74,18,24.03,110.75,43.44,12.85
Shamima Sultana,T20I,50,852,791,823,44,432,109,6,17.98,96.11,52.49,13.97
CL Cairns,ODI,30,894,790,874,25,458,59,28,31.6,90.39,52.4,9.95
SW Billings,PSL,37,568,790,548,31,173,70,33,25.48,144.16,31.57,18.8
R Stokell,T20I,61,806,789,769,43,320,80,7,18.35,102.6,41.61,11.31
IO Okpe,T20I,67,752,788,724,51,292,33,31,15.45,108.84,40.33,8.84
BJ McMullen,T20I,29,565,787,547,25,189,63,39,31.48,143.88,34.55,18.65
Sharjeel Khan,ODI,24,692,787,679,24,363,102,27,32.79,115.91,53.46,19.0
DM de Silva,T20I,44,723,786,695,39,248,68,15,20.15,113.09,35.68,11.94
MA Butcher,Test,11,1629,785,1623,19,1255,112,0,41.32,48.37,77.33,6.9
A Sharma,ODI,33,1043,784,1008,32,615,90,14,24.5,77.78,61.01,10.32
N Wadhera,IPL,37,583,784,560,32,209,64,43,24.5,140.0,37.32,19.11
C Green,ODI,27,890,782,873,17,439,64,20,46.0,89.58,50.29,9.62
G Mckeon,T20I,27,594,782,561,24,227,68,37,32.58,139.39,40.46,18.72
A Steyn,ODI,31,1278,781,1230,27,760,82,1,28.93,63.5,61.79,6.75
DR Flynn,Test,21,2008,781,2006,36,1620,104,1,21.69,38.93,80.76,5.23
A Athanaze,Test,17,1492,781,1492,33,1101,91,4,23.67,52.35,73.79,6.37
KK Jennings,Test,17,1842,781,1838,31,1401,88,0,25.19,42.49,76.22,4.79
RB Patel,T20I,36,786,781,756,30,322,92,8,26.03,103.31,42.59,13.23
G Malla,T20I,34,659,780,640,33,265,63,34,23.64,121.88,41.41,15.16
G Kirsten,Test,9,1678,779,1676,16,1274,105,2,48.69,46.48,76.01,6.38
I Sharma,Test,89,2560,778,2555,94,2128,87,1,8.28,30.45,83.29,3.44
Faheem Nazir,T20I,22,557,775,529,20,197,91,23,38.75,146.5,37.24,21.55
NRD Compton,Test,16,2156,775,2150,27,1739,84,3,28.7,36.05,80.88,4.05
GD Phillips,Test,17,1086,775,1081,26,710,75,26,29.81,71.69,65.68,9.34
M Shahrukh Khan,IPL,53,551,775,524,34,184,49,52,22.79,147.9,35.11,19.27
J Gunasekar,T20I,20,772,774,704,17,253,74,3,45.53,109.94,35.94,10.94
Mohammad Nawaz,T20I,55,584,774,557,40,213,62,41,19.35,138.96,38.24,18.49
SA Yadav,ODI,35,751,773,736,32,341,80,19,24.16,105.03,46.33,13.45
KR Mayers,T20I,39,592,773,575,37,282,69,51,20.89,134.43,49.04,20.87
Gulsan Jha,ODI,35,979,772,960,27,580,56,36,28.59,80.42,60.42,9.58
Sarfaraz Ali,T20I,42,567,771,550,37,283,66,57,20.84,140.18,51.45,22.36
Misbah-ul-Haq,T20I,32,720,771,698,21,251,45,26,36.71,110.46,35.96,10.17
AGS Gous,T20I,26,561,771,540,25,200,67,42,30.84,142.78,37.04,20.19
JN Loftie-Eaton,T20I,45,578,771,560,38,215,75,33,20.29,137.68,38.39,19.29
AS Joseph,Test,39,1359,770,1357,62,1044,83,28,12.42,56.74,76.93,8.18
N Vanua,ODI,49,974,769,957,47,583,39,45,16.36,80.36,60.92,8.78
E Chigumbura,T20I,46,554,769,535,38,196,54,46,20.24,143.74,36.64,18.69
RD Rickelton,IPL,22,471,768,456,20,173,72,50,38.4,168.42,37.94,26.75
Sohaib Maqsood,ODI,27,935,768,910,23,480,59,19,33.39,84.4,52.75,8.57
SK Raina,Test,18,1449,768,1445,29,1049,100,4,26.48,53.15,72.6,7.2
L Paul,T20I,47,746,768,716,38,275,85,2,20.21,107.26,38.41,12.15
ST Jayasuriya,IPL,30,573,768,532,29,251,84,39,26.48,144.36,47.18,23.12
DEM Carter,T20I,36,801,767,777,31,371,82,10,24.74,98.71,47.75,11.84
RR Rossouw,T20I,27,498,767,480,22,159,69,39,34.86,159.79,33.12,22.5
Aaron Jones,T20I,42,697,767,670,33,266,40,39,23.24,114.48,39.7,11.79
JP Inglis,ODI,28,736,766,719,25,346,77,22,30.64,106.54,48.12,13.77
Umaima Sohail,ODI,40,1213,766,1178,33,725,82,0,23.21,65.03,61.54,6.96
YSD Seneveratne,T20I,29,670,766,648,21,297,60,36,36.48,118.21,45.83,14.81
RMVD Gunaratne,ODI,33,1132,764,1091,32,665,87,4,23.88,70.03,60.95,8.34
Ahmed Hassan,T20I,34,707,764,665,28,309,53,40,27.29,114.89,46.47,13.98
T Manders,T20I,25,605,763,568,20,240,73,33,38.15,134.33,42.25,18.66
SA Okpe,T20I,61,766,763,743,49,336,48,25,15.57,102.69,45.22,9.83
Fatima Sana,ODI,50,984,762,957,42,519,74,10,18.14,79.62,54.23,8.78
RP Burl,ODI,33,929,761,905,30,496,60,22,25.37,84.09,54.81,9.06
AG Prince,ODI,33,1126,761,1115,22,606,50,4,34.59,68.25,54.35,4.84
CA Ingram,ODI,28,935,761,917,27,494,75,9,28.19,82.99,53.87,9.16
H Thaker,ODI,25,1161,760,1144,21,648,46,13,36.19,66.43,56.64,5.16
TA Boult,Test,65,1267,759,1265,49,967,82,30,15.49,60.0,76.44,8.85
H Singh,T20I,36,584,759,564,31,186,77,20,24.48,134.57,32.98,17.2
R Ravindra,T20I,45,578,759,560,36,185,60,32,21.08,135.54,33.04,16.43
T Stubbs,Test,14,1632,759,1632,23,1183,62,12,33.0,46.51,72.49,4.53
Sami Aslam,Test,13,1941,758,1938,23,1515,78,4,32.96,39.11,78.17,4.23
DJ Hussey,T20I,36,636,756,623,36,223,41,34,21.0,121.35,35.79,12.04
JA Diergaardt,T20I,79,1059,756,1012,62,583,73,5,12.19,74.7,57.61,7.71
Mohammad Nadeem,T20I,45,753,756,729,33,272,45,20,22.91,103.7,37.31,8.92
MG Bevan,ODI,25,1177,755,1141,19,655,49,6,39.74,66.17,57.41,4.82
HD Rutherford,Test,16,1340,755,1338,28,997,98,9,26.96,56.43,74.51,8.0
SKS Gill,T20I,31,772,755,735,29,302,67,12,26.03,102.72,41.09,10.75
N Nipiko,T20I,30,710,754,683,25,274,49,28,30.16,110.4,40.12,11.27
G Malla,ODI,33,1145,753,1118,36,734,78,15,20.92,67.35,65.65,8.32
Sikandar Raza,PSL,42,524,753,497,33,172,66,38,22.82,151.51,34.61,20.93
Tanzid Hasan,ODI,27,733,753,708,26,412,87,31,28.96,106.36,58.19,16.67
Kamran Ghulam,PSL,34,615,752,594,29,211,66,28,25.93,126.6,35.52,15.82
Saim Ayub,ODI,17,775,751,751,17,412,88,21,44.18,100.0,54.86,14.51
Mohammad Amir,Test,36,1981,751,1980,56,1618,91,3,13.41,37.93,81.72,4.75
A Dercksen,ODI,22,840,751,820,20,398,64,20,37.55,91.59,48.54,10.24
W Madhevere,ODI,34,973,751,950,32,490,70,5,23.47,79.05,51.58,7.89
Mohammed Shami,Test,56,1008,750,1005,63,685,83,25,11.9,74.63,68.16,10.75
W Barresi,T20I,37,661,750,644,31,247,65,21,24.19,116.46,38.35,13.35
L Siaka,ODI,40,1013,749,993,40,596,72,10,18.73,75.43,60.02,8.26
JO Adedeji,T20I,43,896,748,866,34,455,60,16,22.0,86.37,52.54,8.78
SN Khan,IPL,43,556,746,543,36,189,86,20,20.72,137.38,34.81,19.52
CG Williams,T20I,31,698,746,676,28,285,62,21,26.64,110.36,42.16,12.28
Shafali Verma,ODI,32,918,745,874,30,488,91,9,24.83,85.24,55.84,11.44
AR Ramjani,T20I,40,583,745,564,31,200,61,26,24.03,132.09,35.46,15.43
MRJ Watt,ODI,54,944,744,923,36,488,58,17,20.67,80.61,52.87,8.13
IK Pathan,Test,16,1287,744,1284,19,920,89,11,39.16,57.94,71.65,7.79
TC Barker,T20I,34,632,743,595,34,245,80,18,21.85,124.87,41.18,16.47
SE Rutherford,ODI,20,745,743,738,18,401,62,36,41.28,100.68,54.34,13.28
Aysha,T20I,40,693,743,647,39,263,87,6,19.05,114.84,40.65,14.37
Walid Ghauri,T20I,25,637,743,611,24,248,71,23,30.96,121.6,40.59,15.38
Mohammad Ihsan,T20I,22,463,743,425,20,157,62,51,37.15,174.82,36.94,26.59
C de Grandhomme,ODI,35,714,742,699,27,328,59,29,27.48,106.15,46.92,12.59
SJ Myburgh,T20I,37,649,741,637,37,309,87,23,20.03,116.33,48.51,17.27
A Capsey,T20I,41,655,741,638,36,279,97,12,20.58,116.14,43.73,17.08
N de Klerk,T20I,57,724,741,705,35,275,70,8,21.17,105.11,39.01,11.06
Chirag Suri,T20I,28,654,740,636,28,269,77,17,26.43,116.35,42.3,14.78
GC Smith,IPL,29,691,739,668,30,295,94,9,24.63,110.63,44.16,15.42
ME Bouchier,T20I,38,624,738,608,36,240,97,6,20.5,121.38,39.47,16.94
CO Obuya,ODI,32,1040,737,1026,29,600,58,15,25.41,71.83,58.48,7.12
NR Kirton,T20I,36,623,737,602,30,224,48,28,24.57,122.43,37.21,12.62
SR Mukkamalla,T20I,21,515,737,494,18,176,72,31,40.94,149.19,35.63,20.85
HH Streak,ODI,27,1106,736,1079,16,643,58,9,46.0,68.21,59.59,6.21
Bilal Tahir,T20I,49,551,732,517,35,197,45,50,20.91,141.59,38.1,18.38
LS Greenway,ODI,23,1112,732,1083,17,637,71,1,43.06,67.59,58.82,6.65
H Thaker,T20I,39,615,732,600,32,198,39,33,22.88,122.0,33.0,12.0
A Raghuvanshi,IPL,27,531,731,515,24,164,75,25,30.46,141.94,31.84,19.42
J Butler,T20I,33,659,730,640,27,271,70,19,27.04,114.06,42.34,13.91
JE Ronalds,T20I,34,947,729,859,28,381,48,0,26.04,84.87,44.35,5.59
SF Mire,ODI,35,944,729,918,36,539,68,16,20.25,79.41,58.71,9.15
V Vijh,T20I,38,691,727,647,33,256,50,25,22.03,112.36,39.57,11.59
Azyan Farhath,T20I,32,908,726,866,27,408,53,11,26.89,83.83,47.11,7.39
Wahab Riaz,ODI,65,863,725,840,47,476,54,29,15.43,86.31,56.67,9.88
Puja Mahato,T20I,47,919,725,873,43,416,55,7,16.86,83.05,47.65,7.1
AD Mathews,IPL,41,599,724,575,31,183,44,29,23.35,125.91,31.83,12.7
Khizer Ahmed,T20I,36,644,724,605,32,266,70,22,22.62,119.67,43.97,15.21
Shaiman Anwar,T20I,26,575,723,563,22,229,58,33,32.86,128.42,40.67,16.16
Sompal Kami,ODI,49,977,723,950,34,553,52,16,21.26,76.11,58.21,7.16
PJ Moor,Test,14,1533,722,1531,27,1171,81,7,26.74,47.16,76.49,5.75
MEK Hussey,T20I,30,542,721,529,20,164,58,25,36.05,136.29,31.0,15.69
N Hussain,Test,10,1693,721,1686,19,1342,92,2,37.95,42.76,79.6,5.58
Washington Sundar,IPL,53,573,720,546,38,177,65,22,18.95,131.87,32.42,15.93
WTS Porterfield,T20I,41,723,720,694,37,333,77,14,19.46,103.75,47.98,13.11
Hassan Nawaz,PSL,23,505,718,491,21,164,47,42,34.19,146.23,33.4,18.13
Shaheryar Butt,T20I,33,578,717,566,28,248,60,37,25.61,126.68,43.82,17.14
NPAN Sakarini,T20I,32,942,717,863,23,434,68,3,31.17,83.08,50.29,8.23
MAA Sanjeewani,T20I,62,814,717,797,48,349,62,3,14.94,89.96,43.79,8.16
Basil Hameed,T20I,46,571,715,553,32,195,36,38,22.34,129.29,35.26,13.38
A Sutherland,Test,7,1118,715,1116,8,769,90,4,89.38,64.07,68.91,8.42
TG Southee,ODI,92,770,715,750,56,389,56,25,12.77,95.33,51.87,10.8
GO Jones,Test,20,1495,715,1491,32,1121,94,2,22.34,47.95,75.18,6.44
GO Jones,ODI,34,883,715,876,29,470,63,14,24.66,81.62,53.65,8.79
Shadab Khan,ODI,39,866,714,849,29,424,43,17,24.62,84.1,49.94,7.07
KAR Hodge,Test,13,1484,714,1477,25,1117,92,2,28.56,48.34,75.63,6.36
Sana Mir,ODI,38,1380,714,1345,26,866,61,0,27.46,53.09,64.39,4.54
R Nehonde,T20I,39,764,713,741,33,336,55,13,21.61,96.22,45.34,9.18
R Andrew,T20I,34,806,712,768,30,366,76,5,23.73,92.71,47.66,10.55
Aritra Dutta,T20I,37,586,712,551,35,259,71,35,20.34,129.22,47.01,19.24
JP Greaves,Test,14,1375,712,1372,25,958,71,0,28.48,51.9,69.83,5.17
DG Brownlie,Test,14,1588,711,1587,24,1277,96,3,29.62,44.8,80.47,6.24
RS Bopara,T20I,35,619,711,599,29,209,54,17,24.52,118.7,34.89,11.85
Mohammad Mithun,ODI,28,948,711,912,22,508,61,16,32.32,77.96,55.7,8.44
RS Bopara,PSL,35,644,710,627,27,217,58,14,26.3,113.24,34.61,11.48
MK Pandey,T20I,32,583,709,562,17,158,49,19,41.71,126.16,28.11,12.1
JDS Neesham,Test,12,1073,709,1069,21,740,88,11,33.76,66.32,69.22,9.26
LJ Wright,ODI,39,838,707,820,34,444,63,18,20.79,86.22,54.15,9.88
Faisal Iqbal,Test,15,1494,707,1490,24,1140,83,4,29.46,47.45,76.51,5.84
R Ashwin,ODI,61,831,707,813,40,374,60,7,17.68,86.96,46.0,8.24
D Bishoo,Test,35,1904,707,1903,46,1514,70,4,15.37,37.15,79.56,3.89
MP Breetzke,ODI,12,743,706,730,11,329,60,17,64.18,96.71,45.07,10.55
JA Morkel,ODI,39,727,705,708,29,347,64,22,24.31,99.58,49.01,12.15
SO Tikolo,ODI,38,1097,705,1069,37,677,75,6,19.05,65.95,63.33,7.58
KD Petersen,Test,14,1478,704,1477,24,1135,86,0,29.33,47.66,76.84,5.82
Manan Ali,T20I,35,499,704,480,28,170,33,52,25.14,146.67,35.42,17.71
ARS Silva,Test,12,1713,702,1712,20,1291,59,3,35.1,41.0,75.41,3.62
Yasir Khan,PSL,28,507,702,494,28,198,75,31,25.07,142.11,40.08,21.46
JE Taylor,Test,39,1129,701,1127,60,845,92,16,11.68,62.2,74.98,9.58
DR Smith,PSL,25,624,701,611,24,281,67,31,29.21,114.73,45.99,16.04
KS Leverock,T20I,25,479,701,461,21,182,61,41,33.38,152.06,39.48,22.13
EJG Morgan,Test,16,1280,700,1278,22,903,77,6,31.82,54.77,70.66,6.49
SR Waugh,Test,8,1134,700,1127,11,799,101,2,63.64,62.11,70.9,9.14
Ainna Hamizah Hashim,T20I,65,1059,699,1006,45,604,69,3,15.53,69.48,60.04,7.16
Kycia A Knight,ODI,44,1350,699,1304,44,906,78,2,15.89,53.6,69.48,6.13
JG Bethell,T20I,29,482,697,465,24,167,56,40,29.04,149.89,35.91,20.65
CJ Anderson,T20I,34,576,697,553,29,202,40,35,24.03,126.04,36.53,13.56
Shahadat Hossain,Test,39,1553,697,1549,61,1223,91,7,11.43,45.0,78.95,6.33
T Banton,T20I,32,474,696,463,28,158,64,32,24.86,150.32,34.13,20.73
SM Curran,T20I,49,556,696,544,36,177,40,32,19.33,127.94,32.54,13.24
N Vare,T20I,47,1004,695,942,35,564,83,1,19.86,73.78,59.87,8.92
PA Patel,ODI,29,884,693,870,25,503,75,7,27.72,79.66,57.82,9.43
NJ Astle,Test,15,1373,693,1369,23,1024,95,0,30.13,50.62,74.8,6.94
BKG Mendis,PSL,16,424,693,412,14,103,70,27,49.5,168.2,25.0,23.54
V Balakrishnan,T20I,39,656,693,633,33,304,70,19,21.0,109.48,48.03,14.06
Aamir Kaleem,T20I,44,634,693,605,38,256,70,18,18.24,114.55,42.31,14.55
Jaker Ali,T20I,38,579,692,555,28,205,36,39,24.71,124.68,36.94,13.51
MD Gunathilaka,T20I,43,605,691,578,43,256,73,19,16.07,119.55,44.29,15.92
Abishek Porel,IPL,30,488,691,474,30,156,68,27,23.03,145.78,32.91,20.04
Shayan Jahangir,ODI,27,774,691,759,21,385,74,10,32.9,91.04,50.72,11.07
SW Billings,ODI,22,768,690,757,20,378,73,8,34.5,91.15,49.93,10.7
AR Patel,T20I,56,550,690,518,37,170,48,28,18.65,133.2,32.82,14.67
P Khadka,T20I,28,560,690,526,25,219,74,25,27.6,131.18,41.63,18.82
K Awino,T20I,60,1088,689,1039,50,597,57,0,13.78,66.31,57.46,5.49
AR Patel,Test,15,1298,688,1297,20,963,73,20,34.4,53.05,74.25,7.17
Faheem Ashraf,Test,16,1268,687,1268,26,960,100,3,26.42,54.18,75.71,8.12
DS Lehmann,ODI,20,870,687,854,17,426,56,5,40.41,80.44,49.88,7.14
PWH de Silva,T20I,72,580,687,570,53,213,68,12,12.96,120.53,37.37,14.04
Saber Zakhil,T20I,31,446,687,426,30,180,38,59,22.9,161.27,42.25,22.77
KD Karthik,T20I,47,503,686,481,25,179,71,28,27.44,142.62,37.21,20.58
KD Shah,T20I,43,668,684,641,37,259,52,16,18.49,106.71,40.41,10.61
HH Dippenaar,Test,16,1594,684,1588,25,1214,84,3,27.36,43.07,76.45,5.48
CJ Anderson,Test,13,1204,683,1201,21,917,94,14,32.52,56.87,76.35,8.99
P Molkenboer,T20I,45,774,683,731,33,359,84,0,20.7,93.43,49.11,11.49
T Bharaj,T20I,30,588,681,563,27,225,59,17,25.22,120.96,39.96,13.5
RD Rickelton,T20I,28,478,680,465,25,170,52,38,27.2,146.24,36.56,19.35
Abdullah Shafique,ODI,26,899,679,869,24,511,62,17,28.29,78.14,58.8,9.09
HASD Siriwardene,ODI,38,1213,679,1188,36,793,77,4,18.86,57.15,66.75,6.82
T Kohler-Cadmore,PSL,34,522,678,505,34,194,53,36,19.94,134.26,38.42,17.62
Nithish Kumar Reddy,IPL,30,504,678,485,25,162,43,39,27.12,139.79,33.4,16.91
AA Obanda,T20I,37,590,678,567,36,284,83,23,18.83,119.58,50.09,18.69
Javed Omar,Test,17,1410,678,1407,33,1089,101,1,20.55,48.19,77.4,7.25
B Arora,T20I,39,794,676,704,33,346,63,17,20.48,96.02,49.15,11.36
TL Suman,IPL,39,587,676,575,30,241,55,26,22.53,117.57,41.91,14.09
SJ Baard,T20I,27,607,675,598,23,248,57,18,29.35,112.88,41.47,12.54
L Yamamoto-Lake,T20I,38,565,675,527,34,237,68,25,19.85,128.08,44.97,17.65
CK Kapugedera,T20I,36,589,675,571,31,229,56,24,21.77,118.21,40.11,14.01
D Brevis,T20I,27,432,674,408,25,147,38,54,26.96,165.2,36.03,22.55
NR Kumar,T20I,31,543,673,533,27,192,48,25,24.93,126.27,36.02,13.7
SM Mayers,T20I,27,706,673,684,26,323,77,6,25.88,98.39,47.22,12.13
DJG Sammy,PSL,38,483,673,462,27,175,47,42,24.93,145.67,37.88,19.26
C Chatphaisan,T20I,51,683,673,651,46,325,61,21,14.63,103.38,49.92,12.6
AM Nayar,IPL,50,588,672,577,39,223,55,20,17.23,116.46,38.65,13.0
IDM Latin,T20I,30,536,672,519,27,201,58,29,24.89,129.48,38.73,16.76
DW Lawrence,Test,14,1211,671,1206,25,846,72,8,26.84,55.64,70.15,6.63
H Carlyon,T20I,36,571,671,553,35,243,67,24,19.17,121.34,43.94,16.46
R Mazumder,T20I,28,630,671,586,22,234,76,9,30.5,114.51,39.93,14.51
RL Haynes,T20I,39,546,671,531,21,153,64,10,31.95,126.37,28.81,13.94
T Chanderpaul,Test,13,1779,670,1778,22,1412,62,6,30.45,37.68,79.42,3.82
T Bavuma,T20I,35,574,670,567,33,218,62,16,20.3,118.17,38.45,13.76
MJ Henry,Test,29,859,670,855,39,604,90,21,17.18,78.36,70.64,12.98
TT Samaraweera,ODI,30,914,669,890,20,464,63,0,33.45,75.17,52.13,7.08
HASD Siriwardene,T20I,46,794,667,761,42,344,57,6,15.88,87.65,45.2,8.28
YH Bhatia,ODI,27,953,666,912,26,541,78,2,25.62,73.03,59.32,8.77
TB Robinson,T20I,28,503,665,486,25,184,58,26,26.6,136.83,37.86,17.28
P Alako,T20I,52,770,664,746,40,406,61,18,16.6,89.01,54.42,10.59
A Lister,T20I,47,589,664,571,41,260,83,11,16.2,116.29,45.53,16.46
CJ Ferguson,ODI,25,795,663,777,15,360,64,0,44.2,85.33,46.33,8.24
GJ Bailey,IPL,36,552,663,544,29,198,59,19,22.86,121.88,36.4,14.34
ZE Green,T20I,51,629,663,608,37,237,56,13,17.92,109.05,38.98,11.35
E Iloku,T20I,46,966,662,926,42,520,61,0,15.76,71.49,56.16,6.59
RH Priest,ODI,28,816,661,788,25,479,97,4,26.44,83.88,60.79,12.82
Anjar Tadarus,T20I,62,811,661,758,53,406,66,14,12.47,87.2,53.56,10.55
HJH Marshall,ODI,36,980,661,964,31,521,44,1,21.32,68.57,54.05,4.67
C Rububagumya,T20I,61,824,660,791,50,389,41,10,13.2,83.44,49.18,6.45
KR Mayers,ODI,26,802,660,775,25,482,75,21,26.4,85.16,62.19,12.39
LJ Wright,T20I,43,515,660,499,40,195,60,25,16.5,132.26,39.08,17.03
L Siaka,T20I,48,595,659,577,42,258,53,21,15.69,114.21,44.71,12.82
TG McIntosh,Test,15,1870,657,1868,30,1495,69,7,21.9,35.17,80.03,4.07
PBB Rajapaksa,T20I,37,527,657,513,31,205,52,29,21.19,128.07,39.96,15.79
T Taibu,Test,12,1667,657,1665,23,1337,76,5,28.57,39.46,80.3,4.86
AB Barath,Test,15,1389,657,1388,27,1096,94,5,24.33,47.33,78.96,7.13
KJ Stagno,T20I,24,389,656,370,24,136,41,56,27.33,177.3,36.76,26.22
DJ Willey,ODI,45,702,656,689,30,357,56,24,21.87,95.21,51.81,11.61
Wan Julia,T20I,59,985,656,925,59,520,54,0,11.12,70.92,56.22,5.84
V Suryavanshi,IPL,17,305,656,292,17,103,53,61,38.59,224.66,35.27,39.04
SK Patel,ODI,20,869,655,850,18,478,68,6,36.39,77.06,56.24,8.71
Maryam Omar,T20I,37,876,654,834,34,432,63,1,19.24,78.42,51.8,7.67
E Lewis,IPL,26,499,654,477,24,212,62,36,27.25,137.11,44.44,20.55
CA Soper,ODI,47,1179,653,1167,32,713,30,7,20.41,55.96,61.1,3.17
YBK Jaiswal,T20I,20,412,651,400,19,160,77,32,34.26,162.75,40.0,27.25
GE Plimmer,T20I,42,629,649,610,37,257,66,10,17.54,106.39,42.13,12.46
Junaid Aziz,T20I,44,638,649,617,33,277,40,31,19.67,105.19,44.89,11.51
Naman Dhir,IPL,29,397,648,387,22,115,62,33,29.45,167.44,29.72,24.55
A Mishra,Test,19,1108,648,1103,30,766,79,3,21.6,58.75,69.45,7.43
Siow Tzin Yee,T20I,37,735,647,698,25,336,68,0,25.88,92.69,48.14,9.74
GB Hogg,ODI,47,818,647,802,30,360,40,5,21.57,80.67,44.89,5.61
D Doyle-Calle,T20I,29,502,647,488,23,191,45,34,28.13,132.58,39.14,16.19
MT Renshaw,Test,14,1526,645,1524,22,1196,78,3,29.32,42.32,78.48,5.31
CK Coventry,ODI,24,737,645,720,22,392,48,26,29.32,89.58,54.44,10.28
Abdur Razzak,ODI,79,880,644,854,52,492,47,17,12.38,75.41,57.61,7.49
Shanzeen Shahzad,T20I,59,925,643,868,56,479,55,6,11.48,74.08,55.18,7.03
Hammad Mirza,ODI,18,862,643,846,15,478,63,8,42.87,76.0,56.5,8.39
DJM Short,T20I,23,556,642,540,20,220,71,15,32.1,118.89,40.74,15.93
MADD Surangika,ODI,34,1210,642,1187,27,782,59,1,23.78,54.09,65.88,5.05
Rohan Mustafa,T20I,41,609,641,577,38,248,66,14,16.87,111.09,42.98,13.86
Hamza Dar,T20I,26,460,640,429,16,149,40,38,40.0,149.18,34.73,18.18
JEC Franklin,Test,20,1742,639,1738,28,1391,69,3,22.82,36.77,80.03,4.14
V Langiatu,T20I,34,825,639,767,34,421,68,8,18.79,83.31,54.89,9.91
R Chopra,T20I,32,570,638,552,26,218,47,24,24.54,115.58,39.49,12.86
PM Weerakkody,ODI,37,1172,638,1144,34,753,64,0,18.76,55.77,65.82,5.59
Yasir Ali,T20I,33,663,638,636,28,273,50,17,22.79,100.31,42.92,10.53
Karan KC,ODI,47,711,636,691,37,388,45,33,17.19,92.04,56.15,11.29
C Green,T20I,25,439,635,418,23,144,49,36,27.61,151.91,34.45,20.33
Adil Butt,T20I,20,393,635,379,19,165,68,38,33.42,167.55,43.54,27.97
Gulsan Jha,T20I,43,480,635,458,31,180,33,46,20.48,138.65,39.3,17.25
RD Gaikwad,T20I,19,462,633,441,15,150,65,24,42.2,143.54,34.01,20.18
SC Cook,Test,11,1403,632,1402,19,1070,68,0,33.26,45.08,76.32,4.85
SM Curran,ODI,30,713,632,701,28,331,42,22,22.57,90.16,47.22,9.13
PSP Handscomb,ODI,20,656,632,649,19,247,47,6,33.26,97.38,38.06,8.17
Umar Adam,T20I,35,480,632,463,35,210,51,37,18.06,136.5,45.36,19.01
Muhammad Muneeb,T20I,27,572,632,512,27,231,77,18,23.41,123.44,45.12,18.55
JH Kallis,T20I,22,530,632,525,17,194,56,18,37.18,120.38,36.95,14.1
Ravinderpal Singh,T20I,33,460,631,444,28,160,43,36,22.54,142.12,36.04,17.79
WG Jacks,T20I,34,448,630,428,28,156,59,29,22.5,147.2,36.45,20.56
N Chantam,ODI,14,918,630,884,14,555,74,6,45.0,71.27,62.78,9.05
L Tucker,Test,8,1021,630,1020,15,704,81,4,42.0,61.76,69.02,8.33
D Wiese,PSL,45,404,629,389,26,124,40,41,24.19,161.7,31.88,20.82
WG Jacks,ODI,21,619,629,603,19,289,56,20,33.11,104.31,47.93,12.6
RM Dorji,T20I,37,609,628,585,35,262,45,26,17.94,107.35,44.79,12.14
S Mandhana,Test,7,992,627,991,12,719,106,3,52.25,63.27,72.55,11.0
GW Flower,ODI,21,963,627,942,17,557,54,2,36.88,66.56,59.13,5.94
WK Dilhari,T20I,58,598,626,585,44,233,61,5,14.23,107.01,39.83,11.28
T de Zorzi,ODI,17,633,626,611,15,319,67,20,41.73,102.45,52.21,14.24
OH Agbomadzie,T20I,34,697,626,646,32,302,47,14,19.56,96.9,46.75,9.44
JM How,Test,14,1257,625,1256,26,972,84,1,24.04,49.76,77.39,6.77
M Jansen,Test,21,1149,624,1145,27,853,78,13,23.11,54.5,74.5,7.95
DA Warner,PSL,18,430,624,412,16,142,78,18,39.0,151.46,34.47,23.3
R Obuya,T20I,34,533,624,524,32,252,54,27,19.5,119.08,48.09,15.46
PP Chawla,IPL,86,580,624,563,57,245,56,20,10.95,110.83,43.52,13.5
Rumana Ahmed,T20I,51,694,623,673,40,299,60,4,15.58,92.57,44.43,9.51
PJ Cummins,IPL,49,425,622,410,34,158,39,42,18.29,151.71,38.54,19.76
N Deonarine,Test,15,1472,622,1470,24,1145,66,6,25.92,42.31,77.89,4.9
JN Mohammed,ODI,29,929,621,908,27,539,51,10,23.0,68.39,59.36,6.72
M Mupachikwa,ODI,27,1126,621,1076,25,710,62,0,24.84,57.71,65.99,5.76
Khawar Ali,ODI,28,1080,620,1054,22,688,55,6,28.18,58.82,65.28,5.79
Rashid Khan,IPL,70,419,620,394,45,151,45,41,13.78,157.36,38.32,21.83
B George,T20I,27,519,620,484,26,210,41,34,23.85,128.1,43.39,15.5
T Ruma,T20I,28,716,619,672,22,328,54,13,28.14,92.11,48.81,9.97
DJ Malan,PSL,24,526,619,504,22,186,57,20,28.14,122.82,36.9,15.28
CH Morris,IPL,49,413,618,398,29,119,41,35,21.31,155.28,29.9,19.1
KT Perkins,ODI,28,838,618,819,27,428,46,7,22.89,75.46,52.26,6.47
SJ Harmison,Test,40,1014,616,1011,46,745,84,9,13.39,60.93,73.69,9.2
ST Jayasuriya,T20I,28,495,615,470,27,221,75,22,22.78,130.85,47.02,20.64
TMK Mawoyo,Test,11,1665,615,1660,21,1346,77,0,29.29,37.05,81.08,4.64
JJ Roy,IPL,21,460,614,443,19,178,75,21,32.32,138.6,40.18,21.67
A Bagai,ODI,24,995,614,971,22,582,63,1,27.91,63.23,59.94,6.59
Alok Kapali,ODI,37,910,613,880,39,511,51,8,15.72,69.66,58.07,6.7
NR Kirton,ODI,23,829,613,808,21,436,42,15,29.19,75.87,53.96,7.05
KC Sangakkara,PSL,23,498,613,485,22,181,64,17,27.86,126.39,37.32,16.7
TT Beaumont,Test,11,1257,612,1255,17,949,81,0,36.0,48.76,75.62,6.45
Naseem Khushi,T20I,34,384,612,372,33,139,39,47,18.55,164.52,37.37,23.12
Zeeshan Kukikhel,T20I,22,441,611,418,23,172,69,26,26.57,146.17,41.15,22.73
KP Pietersen,PSL,24,444,611,439,22,142,43,30,27.77,139.18,32.35,16.63
CR Pagydyala,T20I,28,740,610,679,24,303,58,2,25.42,89.84,44.62,8.84
JF Mooney,ODI,32,746,610,728,27,400,62,7,22.59,83.79,54.95,9.48
A Brindle,ODI,20,893,608,863,18,485,60,0,33.78,70.45,56.2,6.95
S Singh,T20I,41,641,607,617,33,298,70,2,18.39,98.38,48.3,11.67
AF Giles,Test,18,1305,607,1300,26,987,78,0,23.35,46.69,75.92,6.0
MS Harris,Test,14,1327,607,1322,25,1020,73,0,24.28,45.92,77.16,5.52
I Takahashi,T20I,42,460,607,447,34,183,47,32,17.85,135.79,40.94,17.67
Shafali Verma,Test,6,819,607,816,10,553,82,14,60.7,74.39,67.77,11.76
J Mees,T20I,30,529,606,507,27,218,53,22,22.44,119.53,43.0,14.79
TH David,PSL,21,351,605,337,15,87,40,43,40.33,179.53,25.82,24.63
Khaled Mashud,ODI,36,1139,605,1107,27,692,40,1,22.41,54.65,62.51,3.7
JD Ryder,IPL,29,466,604,458,29,191,69,19,20.83,131.88,41.7,19.21
NLKWR Dewi,T20I,29,634,604,583,19,243,61,0,31.79,103.6,41.68,10.46
JG Bethell,ODI,19,665,603,652,18,328,56,16,33.5,92.48,50.31,11.04
RJ Harris,Test,25,962,603,955,28,682,66,9,21.54,63.14,71.41,7.85
Samjhana Khadka,T20I,45,601,602,574,44,276,82,0,13.68,104.88,48.08,14.29
PL Mommsen,ODI,19,786,601,775,16,396,49,3,37.56,77.55,51.1,6.71
SA Ahmad,T20I,30,586,601,561,28,243,55,13,21.46,107.13,43.32,12.12
A Dizija,T20I,27,559,601,516,25,248,56,24,24.04,116.47,48.06,15.5
D Wiese,T20I,37,468,601,453,24,156,33,31,25.04,132.67,34.44,14.13
C Madande,T20I,36,520,599,506,25,206,48,19,23.96,118.38,40.71,13.24
SE Rutherford,PSL,29,423,599,403,22,152,40,40,27.23,148.64,37.72,19.85
Kyshona A Knight,ODI,35,1244,597,1200,30,854,62,3,19.9,49.75,71.17,5.42
S Sunday,T20I,38,679,597,644,35,348,73,6,17.06,92.7,54.04,12.27
Lakshit Gupta,T20I,28,594,597,562,24,258,48,25,24.88,106.23,45.91,12.99
TWM Latham,T20I,26,562,597,545,21,202,51,11,28.43,109.54,37.06,11.38
BR Dunk,PSL,27,419,596,412,21,128,41,34,28.38,144.66,31.07,18.2
EL Lamb,ODI,22,710,596,687,22,371,75,0,27.09,86.75,54.0,10.92
Aayan Afzal Khan,ODI,34,829,595,818,28,484,55,13,21.25,72.74,59.17,8.31
D Abeyrathna,T20I,33,645,595,611,30,291,53,14,19.83,97.38,47.63,10.97
RN ten Doeschate,ODI,13,682,594,673,11,370,65,7,54.0,88.26,54.98,10.7
Afif Hossain,ODI,27,705,594,680,25,334,54,9,23.76,87.35,49.12,9.26
J Botha,ODI,49,718,594,698,30,341,53,3,19.8,85.1,48.85,8.02
KE Bryce,ODI,10,679,594,660,10,312,60,4,59.4,90.0,47.27,9.7
BMAJ Mendis,ODI,42,741,593,726,33,366,45,12,17.97,81.68,50.41,7.85
PA Chatterji,T20I,53,639,592,620,41,268,57,5,14.44,95.48,43.23,10.0
TLW Cooper,T20I,29,475,592,466,24,175,58,18,24.67,127.04,37.55,16.31
Adnan Akmal,Test,20,1343,591,1341,23,1032,73,0,25.7,44.07,76.96,5.44
Musaddiq Ahmed,T20I,14,315,591,303,14,123,65,41,42.21,195.05,40.59,34.98
L Vincent,Test,7,1056,590,1053,10,782,75,8,59.0,56.03,74.26,7.88
SK Warne,Test,24,875,590,873,29,599,70,11,20.34,67.58,68.61,9.28
CN Ackermann,T20I,29,524,590,507,25,169,43,14,23.6,116.37,33.33,11.24
Ayesha Zafar,ODI,31,974,590,937,30,596,72,0,19.67,62.97,63.61,7.68
JM Vince,ODI,21,682,590,672,20,361,73,3,29.5,87.8,53.72,11.31
RK Singh,T20I,34,432,590,411,25,156,52,32,23.6,143.55,37.96,20.44
Saqlain Arshad,T20I,35,479,589,464,33,213,73,17,17.85,126.94,45.91,19.4
MD Craig,Test,15,1085,589,1083,15,790,66,10,39.27,54.39,72.95,7.02
N Vanua,T20I,37,477,588,451,31,177,28,36,18.97,130.38,39.25,14.19
F Damiao Couana,T20I,18,457,587,429,16,178,62,21,36.69,136.83,41.49,19.35
NJ Pius,T20I,40,750,587,714,35,383,59,1,16.77,82.21,53.64,8.4
RJ Nicol,ODI,21,805,586,776,21,453,53,13,27.9,75.52,58.38,8.51
M Uwase,T20I,47,721,586,696,41,377,67,1,14.29,84.2,54.17,9.77
Priyada Murali,T20I,46,914,586,861,44,525,59,6,13.32,68.06,60.98,7.55
C Roberts,T20I,23,573,586,560,19,179,46,4,30.84,104.64,31.96,8.93
PD Collingwood,T20I,33,467,583,459,30,153,38,24,19.43,127.02,33.33,13.51
ST Jayasuriya,Test,14,818,582,815,22,546,75,8,26.45,71.41,66.99,10.18
FH Allen,ODI,21,637,582,624,20,377,78,14,29.1,93.27,60.42,14.74
DR Smith,T20I,32,484,582,474,30,248,62,31,19.4,122.78,52.32,19.62
DJG Sammy,T20I,49,412,581,388,36,138,46,31,16.14,149.74,35.57,19.85
M Yanagida,T20I,38,768,581,717,34,374,49,3,17.09,81.03,52.16,7.25
N Choden,T20I,34,885,581,817,35,475,58,2,16.6,71.11,58.14,7.34
PHKD Mendis,T20I,36,486,581,464,36,185,48,24,16.14,125.22,39.87,15.52
K Waiswa,T20I,47,589,579,571,36,285,55,14,16.08,101.4,49.91,12.08
KK Nair,Test,10,897,579,896,13,600,70,4,44.54,64.62,66.96,8.26
G Matome,T20I,49,889,579,807,33,464,54,0,17.55,71.75,57.5,6.69
P Vastrakar,ODI,27,671,579,655,22,312,50,11,26.32,88.4,47.63,9.31
WPUJC Vaas,ODI,70,860,579,844,47,467,44,3,12.32,68.6,55.33,5.57
MA Starc,ODI,68,770,579,748,46,419,43,14,12.59,77.41,56.02,7.62
D Visser,T20I,17,393,578,384,14,157,56,32,41.29,150.52,40.89,22.92
SB Styris,T20I,29,493,578,483,27,186,40,25,21.41,119.67,38.51,13.46
BL Mooney,Test,9,1101,578,1100,15,779,63,0,38.53,52.55,70.82,5.73
MN Waller,Test,14,1138,577,1136,26,841,68,1,22.19,50.79,74.03,6.07
Saim Hussain,T20I,16,420,577,389,17,140,52,25,33.94,148.33,35.99,19.79
HM Amla,IPL,16,418,577,407,13,139,60,21,44.38,141.77,34.15,19.9
Irfan Khan,PSL,35,448,577,434,21,138,41,27,27.48,132.95,31.8,15.67
TLW Cooper,ODI,18,776,576,770,17,431,60,4,33.88,74.81,55.97,8.31
BA Stokes,T20I,34,457,576,445,27,148,41,22,21.33,129.44,33.26,14.16
N Boje,Test,15,983,576,981,17,734,92,3,33.88,58.72,74.82,9.68
V Ravindran,T20I,19,431,575,395,19,160,66,23,30.26,145.57,40.51,22.53
MAA Sanjeewani,ODI,41,949,575,926,33,546,42,2,17.42,62.1,58.96,4.75
TT Bresnan,Test,19,1463,575,1458,23,1149,67,1,25.0,39.44,78.81,4.66
RS Bopara,Test,13,1092,575,1087,18,787,71,2,31.94,52.9,72.4,6.72
L Barnett,T20I,14,411,575,377,8,131,82,10,71.88,152.52,34.75,24.4
DAS Gunaratne,ODI,25,743,575,724,18,367,50,6,31.94,79.42,50.69,7.73
Ahmed Aqeel,T20I,30,493,574,477,17,142,29,19,33.76,120.34,29.77,10.06
D Ramdin,T20I,46,502,574,481,33,177,49,18,17.39,119.33,36.8,13.93
M Corazon,T20I,25,509,574,483,20,226,79,9,28.7,118.84,46.79,18.22
WD Parnell,ODI,42,743,574,723,27,363,43,9,21.26,79.39,50.21,7.19
BJ Watling,ODI,24,860,573,838,20,493,58,3,28.65,68.38,58.83,7.28
AD Hales,Test,11,1310,573,1307,21,1033,78,3,27.29,43.84,79.04,6.2
A Mansale,T20I,26,500,572,489,23,188,37,20,24.87,116.97,38.45,11.66
A Ashokan,T20I,22,525,572,498,19,182,28,22,30.11,114.86,36.55,10.04
D Dhingra,T20I,34,663,571,627,29,310,56,0,19.69,91.07,49.44,8.93
Waji Ul Hassan,T20I,28,482,571,470,23,160,40,22,24.83,121.49,34.04,13.19
RL Powell,ODI,30,626,570,611,23,342,60,14,24.78,93.29,55.97,12.11
DAJ Bracewell,Test,26,1227,568,1225,40,955,70,8,14.2,46.37,77.96,6.37
T Nightingale,T20I,30,460,568,450,28,171,52,19,20.29,126.22,38.0,15.78
Tamim Iqbal,PSL,19,531,568,500,15,203,58,14,37.87,113.6,40.6,14.4
Hamza Khan,T20I,25,563,566,544,21,231,42,20,26.95,104.04,42.46,11.4
GM Harris,T20I,33,370,566,361,21,115,57,25,26.95,156.79,31.86,22.71
EAJ Richardson,T20I,40,560,565,545,33,240,64,4,17.12,103.67,44.04,12.48
JR Hazlewood,Test,59,1286,565,1281,48,1021,81,2,11.77,44.11,79.7,6.48
DJ Hawoe,T20I,70,484,565,458,53,192,33,31,10.66,123.36,41.92,13.97
Parvez Hossain Emon,T20I,29,440,565,423,28,200,46,37,20.18,133.57,47.28,19.62
L Winfield,ODI,27,797,564,766,24,473,70,5,23.5,73.63,61.75,9.79
AS Samra,T20I,23,420,564,407,17,160,44,28,33.18,138.57,39.31,17.69
M Syahadat Ramli,T20I,38,542,563,526,25,211,38,20,22.52,107.03,40.11,11.03
Fatima Sana,T20I,33,448,563,431,25,157,57,18,22.52,130.63,36.43,17.4
CM Edwards,Test,9,1438,563,1436,14,1152,65,0,40.21,39.21,80.22,4.53
RW Chakabva,T20I,44,494,563,467,44,201,51,23,12.8,120.56,43.04,15.85
Aarif Sheikh,T20I,37,520,562,508,27,204,54,12,20.81,110.63,40.16,12.99
IS Sodhi,Test,20,1197,561,1194,26,922,68,7,21.58,46.98,77.22,6.28
S Mostary,ODI,29,849,561,812,25,494,65,3,22.44,69.09,60.84,8.37
B Ward,T20I,30,448,561,439,25,172,32,30,22.44,127.79,39.18,14.12
JL Carter,ODI,26,778,560,758,21,450,48,10,26.67,73.88,59.37,7.65
Sana Mir,T20I,52,777,560,762,34,357,37,0,16.47,73.49,46.85,4.86
Shahbaz Ahmed,IPL,39,491,560,464,30,160,30,25,18.67,120.69,34.48,11.85
TS Fray,T20I,35,632,559,614,32,287,45,8,17.47,91.04,46.74,8.63
CA Henry,T20I,54,606,559,585,36,260,44,12,15.53,95.56,44.44,9.57
MK Pandey,ODI,23,624,558,610,15,258,45,5,37.2,91.48,42.3,8.2
PM Seelaar,T20I,40,516,557,504,29,184,40,11,19.21,110.52,36.51,10.12
IC Gaze,ODI,29,646,557,631,23,319,69,2,24.22,88.27,50.55,11.25
EL Bartram,T20I,29,537,556,495,24,221,63,9,23.17,112.32,44.65,14.55
GE Plimmer,ODI,26,834,556,807,23,498,61,4,24.17,68.9,61.71,8.05
DD Ebrahim,ODI,28,1050,555,1023,29,628,36,0,19.14,54.25,61.39,3.52
T Perera,T20I,31,543,555,535,27,265,54,16,20.56,103.74,49.53,13.08
HE van der Dussen,PSL,16,401,555,388,15,116,46,20,37.0,143.04,29.9,17.01
P Litchfield,T20I,28,410,554,400,20,150,71,12,27.7,138.5,37.5,20.75
CS Mugeri-Tiripano,ODI,20,825,554,789,19,492,70,0,29.16,70.22,62.36,8.87
SR Bhudia,T20I,35,467,554,455,26,171,49,17,21.31,121.76,37.58,14.51
M Jansen,ODI,26,508,553,491,21,230,44,25,26.33,112.63,46.84,14.05
D Myers,T20I,29,444,553,434,26,158,51,17,21.27,127.42,36.41,15.67
Vinu Kumar,T20I,40,826,552,751,34,383,42,0,16.24,73.5,51.0,5.59
B Kumar,Test,19,1228,552,1225,25,957,79,1,22.08,45.06,78.12,6.53
KJ Garth,T20I,32,677,552,654,22,298,44,2,25.09,84.4,45.57,7.03
B Kumar,ODI,53,768,552,747,36,410,46,8,15.33,73.9,54.89,7.23
GD Arta,T20I,52,654,552,621,40,334,32,29,13.8,88.89,53.78,9.82
MJ Lumb,T20I,27,422,552,413,26,194,64,21,21.23,133.66,46.97,20.58
M Podosky,T20I,32,508,551,496,29,254,45,28,19.0,111.09,51.21,14.72
Imal Zuwak,T20I,28,535,550,512,27,231,52,13,20.37,107.42,45.12,12.7
JA Morkel,T20I,36,395,549,385,25,138,27,38,21.96,142.6,35.84,16.88
G Voll,ODI,13,499,549,490,11,220,76,5,49.91,112.04,44.9,16.53
Sharmin Akhter,T20I,27,668,549,646,27,296,49,2,20.33,84.98,45.82,7.89
Faheem Ashraf,T20I,55,408,549,394,39,152,37,31,14.08,139.34,38.58,17.26
GK Diviya,T20I,42,937,548,877,44,510,40,0,12.45,62.49,58.15,4.56
SM Sharif,ODI,48,746,548,734,31,392,38,8,17.68,74.66,53.41,6.27
JM Vince,Test,13,1102,548,1100,22,869,86,0,24.91,49.82,79.0,7.82
Haider Ali,T20I,42,454,548,440,36,171,45,23,15.22,124.55,38.86,15.45
Kycia A Knight,T20I,41,650,546,630,29,296,43,7,18.83,86.67,46.98,7.94
L Jack,T20I,46,672,546,643,35,310,48,0,15.6,84.91,48.21,7.47
Erika Oda,T20I,30,622,546,591,27,296,70,1,20.22,92.39,50.08,12.01
N Deonarine,ODI,25,873,546,855,22,528,48,6,24.82,63.86,61.75,6.32
Muhammad Amir,T20I,44,547,545,521,37,219,51,13,14.73,104.61,42.03,12.28
V Sibanda,Test,12,1101,545,1098,24,859,76,6,22.71,49.64,78.23,7.47
GP Thorpe,Test,8,1183,544,1181,12,888,67,1,45.33,46.06,75.19,5.76
AR Naidoo,T20I,26,553,544,527,20,234,44,15,27.2,103.23,44.4,11.2
Imam-ul-Haq,PSL,22,454,542,436,22,134,50,13,24.64,124.31,30.73,14.45
AU Rashid,Test,18,1270,540,1270,28,989,62,4,19.29,42.52,77.87,5.2
Ayan Khan,T20I,34,531,540,506,30,196,33,16,18.0,106.72,38.74,9.68
Raghav Dhawan,T20I,20,512,539,499,18,207,41,15,29.94,108.02,41.48,11.22
Babar Hayat,ODI,15,749,539,735,13,449,47,16,41.46,73.33,61.09,8.57
AJ Mosca,T20I,20,419,539,414,16,142,40,21,33.69,130.19,34.3,14.73
MR Swart,T20I,20,472,539,461,19,166,45,14,28.37,116.92,36.01,12.8
IA De Silva,T20I,24,553,539,502,23,254,52,22,23.43,107.37,50.6,14.74
HM Omary,T20I,43,645,539,615,31,276,47,4,17.39,87.64,44.88,8.29
CJ Anderson,IPL,29,436,538,423,22,185,40,31,24.45,127.19,43.74,16.78
D Kansonkho,T20I,35,622,538,585,29,288,46,12,18.55,91.97,49.23,9.91
AA Alleyne,ODI,44,842,538,822,33,515,60,2,16.3,65.45,62.65,7.54
AG Cremer,Test,17,1624,537,1622,27,1314,47,2,19.89,33.11,81.01,3.02
PA Raikes,T20I,19,429,537,412,16,166,48,23,33.56,130.34,40.29,17.23
CN Nation,T20I,40,623,537,606,33,302,39,9,16.27,88.61,49.83,7.92
LPC Silva,Test,11,857,537,854,16,587,68,1,33.56,62.88,68.74,8.08
AR McBrine,Test,9,1004,536,1001,15,729,64,3,35.73,53.55,72.83,6.69
LE Plunkett,ODI,47,503,536,492,29,208,46,15,18.48,108.94,42.28,12.4
KC D'Souza,T20I,24,359,535,339,17,122,32,37,31.47,157.82,35.99,20.35
L Louwrens,ODI,24,918,535,906,23,605,62,1,23.26,59.05,66.78,6.95
Dylan Steyn,T20I,19,430,535,399,14,144,64,8,38.21,134.09,36.09,18.05
Sandeep Goud,ODI,28,766,535,754,23,452,32,22,23.26,70.95,59.95,7.16
AJ Hall,Test,11,1192,533,1190,18,917,67,4,29.61,44.79,77.06,5.97
JL Jonassen,ODI,40,632,533,620,25,285,39,5,21.32,85.97,45.97,7.1
Zon Lin,T20I,27,604,533,578,22,287,52,5,24.23,92.21,49.65,9.86
RE van der Merwe,T20I,42,428,532,419,31,131,40,15,17.16,126.97,31.26,13.13
Umar Gul,Test,38,1087,532,1084,52,864,55,20,10.23,49.08,79.7,6.92
G Stewart,T20I,21,343,532,332,19,141,35,44,28.0,160.24,42.47,23.8
Z Khan,ODI,59,758,531,745,44,467,47,16,12.07,71.28,62.68,8.46
Imran Nazir,ODI,21,604,531,579,21,359,70,12,25.29,91.71,62.0,14.16
J Mubarak,ODI,27,833,531,807,22,480,43,3,24.14,65.8,59.48,5.7
RS Bopara,IPL,22,468,531,453,19,160,39,16,27.95,117.22,35.32,12.14
Aman Desai,T20I,33,481,531,455,30,192,49,15,17.7,116.7,42.2,14.07
Zeefa Jilani,T20I,42,681,530,648,36,372,59,9,14.72,81.79,57.41,10.49
Sadaf Shamas,ODI,20,832,529,786,18,498,68,1,29.39,67.3,63.36,8.78
AJ Blackwell,T20I,36,600,529,591,24,207,35,0,22.04,89.51,35.03,5.92
Shamim Hossain,T20I,34,431,529,419,26,163,46,20,20.35,126.25,38.9,15.75
M Coetzee,T20I,29,412,528,406,27,169,71,12,19.56,130.05,41.63,20.44
CR Brathwaite,ODI,34,613,527,595,29,310,34,22,18.17,88.57,52.1,9.41
PHKD Mendis,ODI,26,663,527,653,22,349,40,13,23.95,80.7,53.45,8.12
BM Duckett,T20I,21,354,527,344,20,94,69,8,26.35,153.2,27.33,22.38
Iftikhar Ahmed,ODI,21,497,527,485,16,204,47,16,32.94,108.66,42.06,12.99
MK Lomror,IPL,35,389,527,373,30,120,33,30,17.57,141.29,32.17,16.89
JP Faulkner,IPL,45,406,527,390,28,127,36,23,18.82,135.13,32.56,15.13
MD Stoneman,Test,11,1190,526,1188,19,937,66,1,27.68,44.28,78.87,5.64
Mahirah Izzati Ismail,T20I,52,826,526,782,45,415,37,0,11.69,67.26,53.07,4.73
C Kieswetter,T20I,24,474,526,464,23,224,47,23,22.87,113.36,48.28,15.09
Tenjin Rabgey,T20I,35,635,526,600,33,315,44,14,15.94,87.67,52.5,9.67
T Chetty,T20I,38,635,525,620,33,275,45,1,15.91,84.68,44.35,7.42
PJ Cummins,ODI,57,652,525,635,38,358,42,12,13.82,82.68,56.38,8.5
Ritu Moni,ODI,33,830,524,815,32,507,50,4,16.38,64.29,62.21,6.63
YS Samra,T20I,17,348,524,330,14,120,48,30,37.43,158.79,36.36,23.64
T Jamtsho,T20I,39,476,524,458,36,215,45,26,14.56,114.41,46.94,15.5
Mosaddek Hossain,ODI,31,655,524,633,23,335,46,11,22.78,82.78,52.92,9.0
SO Ngoche,T20I,50,470,523,453,32,183,43,17,16.34,115.45,40.4,13.25
M Gogev,T20I,18,371,523,343,18,146,42,35,29.06,152.48,42.57,22.45
RJ Peterson,ODI,34,636,523,627,27,322,49,5,19.37,83.41,51.36,8.61
KH Brunt,T20I,47,458,523,450,30,149,42,9,17.43,116.22,33.11,11.33
Abbas Ghani,T20I,21,356,522,340,20,129,51,26,26.1,153.53,37.94,22.65
A Sharma,T20I,27,498,522,483,25,231,55,14,20.88,108.07,47.83,14.29
Zakir Hasan,Test,12,1112,521,1111,23,841,62,5,22.65,46.89,75.7,6.03
Nain Abidi,ODI,27,955,521,934,26,623,54,1,20.04,55.78,66.7,5.89
SSM Stanislaus,T20I,29,525,521,501,28,225,37,20,18.61,103.99,44.91,11.38
Mohammad Nawaz (3),PSL,40,503,521,479,27,204,40,19,19.3,108.77,42.59,12.32
K Verreynne,ODI,14,582,521,575,12,266,39,11,43.42,90.61,46.26,8.7
PJ Moor,ODI,32,781,520,763,28,469,29,20,18.57,68.15,61.47,6.42
WG Jacks,IPL,22,339,520,334,18,121,43,33,28.89,155.69,36.23,22.75
K Doriga,ODI,33,927,520,910,30,636,46,11,17.33,57.14,69.89,6.26
RMAM Avery,T20I,29,792,519,744,23,383,30,0,22.57,69.76,51.48,4.03
MJ Guptill,PSL,18,384,519,372,20,134,51,22,25.95,139.52,36.02,19.62
D Brevis,IPL,20,363,519,350,20,137,35,37,25.95,148.29,39.14,20.57
Dilara Akter,T20I,33,487,518,458,31,231,70,8,16.71,113.1,50.44,17.03
F Behardien,T20I,30,416,518,404,17,117,37,16,30.47,128.22,28.96,13.12
E Beukes,T20I,32,430,517,413,20,167,32,33,25.85,125.18,40.44,15.74
MA Vermeulen,ODI,29,796,517,785,26,497,63,1,19.88,65.86,63.31,8.15
BJ Hodge,ODI,19,583,516,566,17,278,43,12,30.35,91.17,49.12,9.72
RR Hendricks,PSL,14,393,516,379,11,123,51,16,46.91,136.15,32.45,17.68
TAM Siriwardana,ODI,24,539,516,525,23,240,39,13,22.43,98.29,45.71,9.9
Rajin Saleh,ODI,26,1059,515,1030,27,689,41,1,19.07,50.0,66.89,4.08
CD Wallace,ODI,25,598,515,584,25,293,42,9,20.6,88.18,50.17,8.73
BM Halliday,T20I,42,535,515,524,34,213,41,2,15.15,98.28,40.65,8.21
WAE Burton,T20I,27,384,515,357,23,167,54,31,22.39,144.26,46.78,23.81
Mohammad Haris,T20I,28,374,515,364,26,141,45,26,19.81,141.48,38.74,19.51
DC Smith,T20I,30,448,514,441,28,191,47,18,18.36,116.55,43.31,14.74
M Manhas,IPL,38,486,514,470,24,181,43,10,21.42,109.36,38.51,11.28
Mashrafe Mortaza,Test,20,732,513,731,34,516,57,17,15.09,70.18,70.59,10.12
MJ Richardson,T20I,24,510,513,495,19,200,47,5,27.0,103.64,40.4,10.51
Arjun Vinod,T20I,25,496,513,466,20,203,45,13,25.65,110.09,43.56,12.45
KNM Fernando,Test,9,956,512,954,14,685,59,4,36.57,53.67,71.8,6.6
CJ Chibhabha,T20I,26,459,512,443,26,200,59,13,19.69,115.58,45.15,16.25
Fiza,T20I,29,636,512,583,24,279,54,0,21.33,87.82,47.86,9.26
Gurkeerat Singh,IPL,32,436,511,422,27,156,55,11,18.93,121.09,36.97,15.64
SV Samson,ODI,14,527,510,512,9,235,34,22,56.67,99.61,45.9,10.94
CE Dean,ODI,33,752,509,733,26,397,42,0,19.58,69.44,54.16,5.73
SCJ Broad,ODI,65,692,509,665,48,364,35,10,10.6,76.54,54.74,6.77
Jaspal Singh,T20I,34,488,509,466,25,229,40,23,20.36,109.23,49.14,13.52
RA Jadeja,T20I,38,421,508,400,24,118,38,14,21.17,127.0,29.5,13.0
Nizakat Khan,ODI,15,628,508,615,14,355,56,12,36.29,82.6,57.72,11.06
SL Malinga,ODI,106,701,508,689,76,445,41,19,6.68,73.73,64.59,8.71
M Taylor,T20I,28,582,508,535,28,303,47,23,18.14,94.95,56.64,13.08
M van Lingen,T20I,26,450,507,439,27,211,61,13,18.78,115.49,48.06,16.86
Misbah-ul-Haq,PSL,22,459,507,453,18,186,42,18,28.17,111.92,41.06,13.25
AG Cremer,ODI,49,897,507,882,40,534,33,1,12.68,57.48,60.54,3.85
MN Waller,T20I,23,371,507,361,19,114,36,24,26.68,140.44,31.58,16.62
OA Shah,IPL,22,405,506,389,13,133,34,23,38.92,130.08,34.19,14.65
Janak Prakash,T20I,36,417,506,408,27,143,31,20,18.74,124.02,35.05,12.5
LV van Beek,ODI,31,610,505,589,21,310,34,15,24.05,85.74,52.63,8.32
PA Patel,Test,11,896,505,896,15,660,71,1,33.67,56.36,73.66,8.04
Ayasha Rahman,T20I,35,685,505,654,37,374,47,11,13.65,77.22,57.19,8.87
PC Valthaty,IPL,23,432,505,418,22,215,61,20,22.95,120.81,51.44,19.38
C de Grandhomme,T20I,38,383,505,366,31,123,27,30,16.29,137.98,33.61,15.57
R Powell,PSL,26,348,504,327,21,118,44,26,24.0,154.13,36.09,21.41
OJ Hairs,T20I,28,321,504,304,25,121,47,33,20.16,165.79,39.8,26.32
GR Adair,T20I,21,377,503,361,22,169,48,28,22.86,139.34,46.81,21.05
SW Billings,IPL,27,399,503,388,26,139,40,20,19.35,129.64,35.82,15.46
AJ Healy,Test,11,888,502,887,17,643,66,3,29.53,56.6,72.49,7.78
W Niyitanga,T20I,41,630,501,607,38,331,28,19,13.18,82.54,54.53,7.74
R Trumpelmann,ODI,40,637,501,620,33,353,34,21,15.18,80.81,56.94,8.87
J Rasu,T20I,29,468,500,456,25,191,36,16,20.0,109.65,41.89,11.4
SE Rutherford,IPL,26,371,500,343,22,130,29,37,22.73,145.77,37.9,19.24
AN Petersen,ODI,18,610,498,601,17,321,53,3,29.29,82.86,53.41,9.32
V Sibanda,T20I,25,498,498,482,26,231,52,11,19.15,103.32,47.93,13.07
MJ Leach,Test,36,1335,498,1334,37,1105,64,2,13.46,37.33,82.83,4.95
A Mundra,T20I,19,320,496,307,19,127,50,30,26.11,161.56,41.37,26.06
DJ Mitchell,PSL,18,367,496,360,17,114,39,19,29.18,137.78,31.67,16.11
Imran Nazir,T20I,23,377,495,363,20,177,58,22,24.75,136.36,48.76,22.04
Mominul Haque,ODI,22,671,495,657,20,362,54,1,24.75,75.34,55.1,8.37
A Bosch,ODI,26,653,494,643,23,386,67,3,21.48,76.83,60.03,10.89
Nurul Hasan,T20I,46,439,494,428,31,149,27,19,15.94,115.42,34.81,10.75
Mohammad Rafique,ODI,46,745,492,730,33,465,39,14,14.91,67.4,63.7,7.26
V Ganesan,T20I,32,491,492,468,23,187,51,1,21.39,105.13,39.96,11.11
RA Sealy,T20I,28,400,492,391,28,163,36,24,17.57,125.83,41.69,15.35
TP Visee,T20I,30,351,491,335,27,151,67,17,18.19,146.57,45.07,25.07
B Niaz,T20I,24,427,490,397,20,176,41,26,24.5,123.43,44.33,16.88
DS Lehmann,Test,8,900,490,898,12,638,54,4,40.83,54.57,71.05,6.46
S Jora,T20I,32,418,490,404,27,154,27,22,18.15,121.29,38.12,12.13
C Tear,ODI,19,646,489,628,16,380,51,7,30.56,77.87,60.51,9.24
V Krishnamurthy,T20I,37,468,489,450,26,177,47,7,18.81,108.67,39.33,12.0
MPGT Ketiyage,T20I,20,425,489,390,18,178,33,30,27.17,125.38,45.64,16.15
Salman Butt,T20I,21,469,488,447,22,191,58,6,22.18,109.17,42.73,14.32
MJ Clarke,T20I,28,490,488,473,23,180,29,10,21.22,103.17,38.05,8.25
C Uwase,T20I,52,666,487,616,40,334,48,3,12.18,79.06,54.22,8.28
AA Obanda,ODI,14,704,487,677,16,426,56,8,30.44,71.94,62.92,9.45
JWM Dalrymple,ODI,26,677,487,672,24,359,32,3,20.29,72.47,53.42,5.21
R Powell,IPL,28,357,486,339,24,139,31,35,20.25,143.36,41.0,19.47
R Bakum,T20I,32,469,486,446,29,214,36,20,16.76,108.97,47.98,12.56
Talha Khan,T20I,26,485,486,470,22,209,39,11,22.09,103.4,44.47,10.64
LR Down,ODI,31,799,486,783,27,490,43,6,18.0,62.07,62.58,6.26
Q Joseph,ODI,25,632,486,616,24,393,67,10,20.25,78.9,63.8,12.5
OGL Bascome,T20I,28,370,485,358,26,165,35,33,18.65,135.47,46.09,18.99
I Niyomugabo,T20I,24,515,485,488,19,214,48,7,25.53,99.39,43.85,11.27
MO Kitunda,T20I,39,527,485,511,36,262,40,15,13.47,94.91,51.27,10.76
PW Borren,T20I,28,381,485,375,23,145,51,13,21.09,129.33,38.67,17.07
R McLaren,ODI,41,696,485,680,25,384,42,6,19.4,71.32,56.47,7.06
M Gorases,T20I,54,743,484,724,45,412,36,0,10.76,66.85,56.91,4.97
ND Laegsgaard,T20I,25,343,484,325,21,133,41,29,23.05,148.92,40.92,21.54
J Mosca,T20I,23,345,483,341,18,129,54,16,26.83,141.64,37.83,20.53
LM Jongwe,T20I,43,405,483,396,30,151,42,14,16.1,121.97,38.13,14.14
ME Bouchier,ODI,15,466,482,451,14,246,74,5,34.43,106.87,54.55,17.52
Rajin Saleh,Test,13,1373,482,1369,25,1117,58,2,19.28,35.21,81.59,4.38
J Nkomo,ODI,17,732,482,695,12,389,44,0,40.17,69.35,55.97,6.33
SJ Benn,Test,23,799,482,792,32,598,58,13,15.06,60.86,75.51,8.96
JDP Oram,T20I,30,350,482,343,26,117,38,23,18.54,140.52,34.11,17.78
SR Patel,ODI,22,532,482,517,16,235,37,12,30.12,93.23,45.45,9.48
Sabbir Rahman,Test,11,876,481,875,21,649,57,6,22.9,54.97,74.17,7.2
BCJ Cutting,PSL,25,319,481,306,21,105,33,33,22.9,157.19,34.31,21.57
J Nkomo,T20I,39,567,481,534,25,236,36,3,19.24,90.07,44.19,7.3
L Piety,T20I,23,438,480,419,17,209,61,13,28.24,114.56,49.88,17.66
Aminata Kamara,T20I,32,573,480,524,29,249,45,0,16.55,91.6,47.52,8.59
LE Kaushalya,T20I,36,470,480,450,31,169,39,9,15.48,106.67,37.56,10.67
MB Kruger,T20I,30,451,480,440,28,211,51,15,17.14,109.09,47.95,15.0
N Dickwella,T20I,26,374,480,366,25,151,61,9,19.2,131.15,41.26,19.13
Shafina Mahesh,T20I,44,825,480,729,38,419,36,3,12.63,65.84,57.48,5.35
SJ Erwee,Test,10,1108,479,1107,18,874,57,0,26.61,43.27,78.95,5.15
A Ikuzwe,T20I,46,661,479,615,34,313,36,2,14.09,77.89,50.89,6.18
A Limdawala,T20I,30,556,479,532,29,282,40,13,16.52,90.04,53.01,9.96
Karan KC,T20I,47,321,478,310,30,117,21,40,15.93,154.19,37.74,19.68
Nain Abidi,T20I,34,654,478,631,28,308,32,0,17.07,75.75,48.81,5.07
D Wangmo,T20I,28,690,478,647,23,348,32,2,20.78,73.88,53.79,5.26
SW Billings,T20I,33,377,478,368,27,130,41,16,17.7,129.89,35.33,15.49
NK Patel,ODI,32,701,477,685,25,386,34,8,19.08,69.64,56.35,6.13
M Campopiano,T20I,22,411,477,400,20,156,39,14,23.85,119.25,39.0,13.25
RS Williams,ODI,33,1032,477,997,32,710,44,2,14.91,47.84,71.21,4.61
Sher Sahak,T20I,29,365,476,356,28,143,29,27,17.0,133.71,40.17,15.73
JG Bethell,Test,6,735,476,730,12,491,63,5,39.67,65.21,67.26,9.32
GP Swann,ODI,47,525,475,516,33,242,46,4,14.39,92.05,46.9,9.69
GJ Bailey,T20I,26,350,475,347,18,121,37,20,26.39,136.89,34.87,16.43
S Lamichhane,ODI,43,541,475,536,29,266,40,9,16.38,88.62,49.63,9.14
G Voll,T20I,12,317,474,303,11,99,62,10,43.09,156.44,32.67,23.76
SW Ambris,ODI,15,505,473,494,12,234,54,3,39.42,95.75,47.37,11.54
KTGD Prasad,Test,23,870,473,870,36,654,54,8,13.14,54.37,75.17,7.13
RR Seth,T20I,41,722,473,685,40,392,41,3,11.82,69.05,57.23,6.42
Habib Khan,T20I,19,390,473,370,19,165,39,25,24.89,127.84,44.59,17.3
RR Rossouw,IPL,22,321,473,308,21,115,45,25,22.52,153.57,37.34,22.73
L Lamin,T20I,36,521,473,501,25,255,30,20,18.92,94.41,50.9,9.98
K Mishara,T20I,21,377,473,361,19,147,45,20,24.89,131.02,40.72,18.01
Shorna Akter,T20I,40,499,472,477,31,186,31,10,15.23,98.95,38.99,8.6
Hammad Mirza,T20I,26,449,472,438,24,194,40,14,19.67,107.76,44.29,12.33
US Hathinjar,T20I,28,440,472,415,25,201,41,24,18.88,113.73,48.43,15.66
Saad Bin Zafar,T20I,33,388,471,376,18,137,38,16,26.17,125.27,36.44,14.36
Sahil Chauhan,T20I,20,271,471,254,16,95,25,43,29.44,185.43,37.4,26.77
LA Dawson,PSL,27,378,471,376,23,121,32,19,20.48,125.27,32.18,13.56
IDA Damarell,T20I,26,423,471,416,22,178,53,8,21.41,113.22,42.79,14.66
TI Gajanayake,T20I,28,682,471,624,20,352,58,1,23.55,75.48,56.41,9.46
Abdul Razzaq,Test,10,1023,470,1019,17,795,55,8,27.65,46.12,78.02,6.18
Mohammad Rafique,Test,18,761,470,761,32,550,52,14,14.69,61.76,72.27,8.67
SA Jumbe,T20I,46,469,470,449,37,234,34,23,12.7,104.68,52.12,12.69
A Capsey,ODI,26,627,469,616,23,355,55,1,20.39,76.14,57.63,9.09
A Ferguson,T20I,24,528,469,500,17,234,53,2,27.59,93.8,46.8,11.0
EJ Villani,ODI,25,606,468,592,23,359,60,6,20.35,79.05,60.64,11.15
LS Livingstone,PSL,22,361,468,353,20,121,35,22,23.4,132.58,34.28,16.15
MA Ouma,ODI,26,855,468,836,23,575,49,2,20.35,55.98,68.78,6.1
Javed Omar,ODI,20,967,468,938,20,674,54,2,23.4,49.89,71.86,5.97
PM Nevill,Test,14,1155,468,1151,21,907,52,1,22.29,40.66,78.8,4.6
S Movva,ODI,22,743,468,728,17,408,30,4,27.53,64.29,56.04,4.67
TB de Bruyn,Test,13,1013,468,1012,23,804,69,2,20.35,46.25,79.45,7.02
J Bangura,T20I,35,617,468,596,34,309,36,5,13.76,78.52,51.85,6.88
E Kamara,T20I,29,624,468,570,25,286,44,0,18.72,82.11,50.18,7.72
CH Morris,ODI,27,474,467,465,21,215,36,15,22.24,100.43,46.24,10.97
Ashutosh Sharma,IPL,22,301,465,280,18,85,31,32,25.83,166.07,30.36,22.5
JEC Franklin,T20I,31,398,463,391,22,151,28,23,21.05,118.41,38.62,13.04
Shayan Jahangir,T20I,21,353,463,344,17,125,41,18,27.24,134.59,36.34,17.15
PE Mendonca,T20I,29,552,462,495,26,209,45,0,17.77,93.33,42.22,9.09
Umer Imtiaz,T20I,31,427,462,403,30,206,37,25,15.4,114.64,51.12,15.38
CMA Shillington,T20I,30,489,462,476,29,251,57,4,15.93,97.06,52.73,12.82
RL Blake,T20I,7,343,461,307,4,98,70,0,115.25,150.16,31.92,22.8
HH Pandya,Test,10,633,461,626,16,430,58,12,28.81,73.64,68.69,11.18
S Gooch,T20I,16,399,461,380,14,155,43,13,32.93,121.32,40.79,14.74
AS Joseph,ODI,44,623,461,599,28,374,35,21,16.46,76.96,62.44,9.35
Q Joseph,T20I,26,401,460,391,24,208,60,16,19.17,117.65,53.2,19.44
DT Christian,IPL,41,408,460,398,28,134,23,19,16.43,115.58,33.67,10.55
LS Greenway,T20I,27,523,460,505,20,214,44,0,23.0,91.09,42.38,8.71
MS Sinclair,Test,12,1131,459,1129,21,916,61,2,21.86,40.66,81.13,5.58
Dhruv Jurel,Test,9,824,459,823,13,586,47,10,35.31,55.77,71.2,6.93
Imad Wasim,T20I,46,339,459,330,34,99,50,10,13.5,139.09,30.0,18.18
Shahid Afridi,PSL,37,321,458,303,29,110,22,36,15.79,151.16,36.3,19.14
AM Kamara,T20I,34,653,457,595,25,312,42,0,18.28,76.81,52.44,7.06
JD Ryder,T20I,21,369,457,358,20,156,47,18,22.85,127.65,43.58,18.16
NS Dhaliwal,ODI,17,811,456,799,16,533,41,9,28.5,57.07,66.71,6.26
IM Vaghela,T20I,33,538,456,520,25,251,35,7,18.24,87.69,48.27,8.08
SR Patel,PSL,24,378,455,374,17,136,54,7,26.76,121.66,36.36,16.31
DAS Gunaratne,Test,5,863,455,861,9,600,50,1,50.56,52.85,69.69,5.92
Mohammad Nabi,PSL,26,324,455,315,20,113,36,24,22.75,144.44,35.87,19.05
AR Nurse,ODI,35,464,454,454,25,211,40,12,18.16,100.0,46.48,11.45
R Chopra,ODI,18,622,454,608,18,359,40,10,25.22,74.67,59.05,8.22
CS Baugh,Test,17,930,454,927,26,692,52,3,17.46,48.98,74.65,5.93
GS Ballance,ODI,20,647,454,639,19,337,37,1,23.89,71.05,52.74,5.95
AAP Atkinson,Test,15,577,453,575,22,368,47,13,20.59,78.78,64.0,10.43
AZ Lees,Test,10,1052,453,1052,18,837,59,1,25.17,43.06,79.56,5.7
S Jafta,ODI,36,641,452,630,27,388,53,3,16.74,71.75,61.59,8.89
CT Dhururu,T20I,39,574,452,557,31,278,43,1,14.58,81.15,49.91,7.9
Khawar Ali,T20I,27,456,452,445,28,225,47,14,16.14,101.57,50.56,13.71
JE Cameron,ODI,15,601,452,586,14,354,52,8,32.29,77.13,60.41,10.24
Saud Islam,T20I,19,440,452,426,18,188,43,9,25.11,106.1,44.13,12.21
BJ Webster,Test,8,734,452,733,11,484,51,1,41.09,61.66,66.03,7.09
C Karunaratne,ODI,24,589,451,575,22,305,32,8,20.5,78.43,53.04,6.96
M Akayezu,T20I,62,406,451,392,56,184,28,25,8.05,115.05,46.94,13.52
P Mishra,T20I,36,424,451,387,31,201,27,35,14.55,116.54,51.94,16.02
CAK Walton,PSL,25,333,451,323,21,112,36,22,21.48,139.63,34.67,17.96
Saeed Ajmal,Test,32,1085,451,1082,39,834,44,4,11.56,41.68,77.08,4.44
MF Maharoof,Test,15,1172,451,1172,25,942,55,3,18.04,38.48,80.38,4.95
PL Harris,Test,32,1330,450,1328,41,1099,47,3,10.98,33.89,82.76,3.77
Umaima Sohail,T20I,43,556,450,543,39,274,36,5,11.54,82.87,50.46,7.55
Naved-ul-Hasan,ODI,42,519,449,510,25,263,31,14,17.96,88.04,51.57,8.82
R Shepherd,ODI,29,445,449,428,27,213,40,17,16.63,104.91,49.77,13.32
GC Bhogle,T20I,26,501,449,475,17,225,43,5,26.41,94.53,47.37,10.11
MR Adair,ODI,34,421,448,410,23,197,34,21,19.48,109.27,48.05,13.41
JP Kotze,ODI,25,682,448,672,25,427,43,7,17.92,66.67,63.54,7.44
Chaya Mughal,T20I,43,598,448,564,31,262,36,1,14.45,79.43,46.45,6.56
Ahsan Ali,PSL,19,348,448,338,17,124,50,13,26.35,132.54,36.69,18.64
Shoaib Khan,T20I,36,436,447,417,28,198,39,18,15.96,107.19,47.48,13.67
TR Ambrose,Test,11,964,447,963,15,751,55,4,29.8,46.42,77.99,6.13
JL Denly,ODI,13,645,446,629,12,377,44,6,37.17,70.91,59.94,7.95
CT Bancroft,Test,10,1042,446,1042,15,838,62,1,29.73,42.8,80.42,6.05
Ilenia Sims,T20I,22,524,446,492,19,197,34,1,23.47,90.65,40.04,7.11
P Mapotsane,T20I,31,585,445,544,28,303,44,4,15.89,81.8,55.7,8.82
P Useni,T20I,46,316,445,310,32,127,22,31,13.91,143.55,40.97,17.1
D Gumyusenge,T20I,30,456,445,440,28,223,36,18,15.89,101.14,50.68,12.27
Ghulam Shabber,ODI,20,716,444,695,20,447,43,3,22.2,63.88,64.32,6.62
IKEG Artawan,T20I,61,500,443,472,40,246,40,13,11.08,93.86,52.12,11.23
JM Davison,ODI,16,393,443,387,14,200,50,15,31.64,114.47,51.68,16.8
Mohammad Ahnaff,T20I,19,404,443,389,16,171,34,20,27.69,113.88,43.96,13.88
M Levitt,ODI,17,533,443,528,17,345,53,14,26.06,83.9,65.34,12.69
SSJ Brooks,Test,12,1042,442,1041,23,837,58,3,19.22,42.46,80.4,5.86
BYA Mendis,T20I,36,493,442,483,35,264,60,4,12.63,91.51,54.66,13.25
Umar Gul,ODI,62,648,442,630,46,390,35,13,9.61,70.16,61.9,7.62
JM Vince,T20I,16,351,441,343,17,130,43,14,25.94,128.57,37.9,16.62
Khaled Mashud,Test,15,1258,441,1257,29,1012,41,0,15.21,35.08,80.51,3.26
A Mhatre,IPL,13,250,441,240,12,79,51,23,36.75,183.75,32.92,30.83
Sidra Nawaz,ODI,53,853,441,836,43,546,38,0,10.26,52.75,65.31,4.55
Hussain Talat,T20I,22,401,441,387,20,136,41,5,22.05,113.95,35.14,11.89
HT Tector,Test,8,985,440,983,16,746,45,7,27.5,44.76,75.89,5.29
Nurul Hasan,Test,11,697,440,694,21,499,57,5,20.95,63.4,71.9,8.93
Ritu Moni,T20I,58,580,440,555,44,260,36,0,10.0,79.28,46.85,6.49
NR Sciver,Test,7,860,440,858,11,617,56,0,40.0,51.28,71.91,6.53
Hassan Nawaz,T20I,22,302,439,287,20,112,23,33,21.95,152.96,39.02,19.51
H Hameed,Test,10,1372,439,1371,19,1131,50,2,23.11,32.02,82.49,3.79
A Johnson,ODI,19,460,438,443,20,293,53,23,21.9,98.87,66.14,17.16
MB Kruger,ODI,21,665,438,646,20,386,36,6,21.9,67.8,59.75,6.5
Arun Yadav,T20I,14,295,438,288,11,106,45,19,39.82,152.08,36.81,22.22
Mohammad Nawaz,PSL,33,376,437,357,26,142,41,16,16.81,122.41,39.78,15.97
S Mosweu,T20I,26,499,437,454,22,250,67,0,19.86,96.26,55.07,14.76
IC Gaze,T20I,28,366,436,360,17,124,52,2,25.65,121.11,34.44,15.0
Ali Masood,T20I,24,451,436,438,22,210,42,9,19.82,99.54,47.95,11.64
J Charles,PSL,16,293,435,283,15,95,46,18,29.0,153.71,33.57,22.61
H Hiri,ODI,32,794,435,787,30,517,30,5,14.5,55.27,65.69,4.45
L Canessane,T20I,34,395,434,377,29,151,37,13,14.97,115.12,40.05,13.26
MG Bracewell,T20I,29,343,434,323,19,117,36,17,22.84,134.37,36.22,16.41
Bilal Masud,T20I,18,362,434,342,13,121,32,16,33.38,126.9,35.38,14.04
UT Yadav,Test,47,863,434,862,40,673,40,22,10.85,50.35,78.07,7.19
A Dercksen,T20I,29,384,434,370,20,147,49,11,21.7,117.3,39.73,16.22
Aslam Khan,T20I,26,290,433,277,23,142,45,30,18.83,156.32,51.26,27.08
A Sharafu,ODI,26,616,433,599,26,369,43,10,16.65,72.29,61.6,8.85
C Magaia,T20I,39,607,433,517,31,288,48,5,13.97,83.75,55.71,10.25
AM Tribe,T20I,19,366,433,355,17,138,36,15,25.47,121.97,38.87,14.37
Muhammad Naeem,PSL,19,280,432,266,19,113,39,30,22.74,162.41,42.48,25.94
KA Jamieson,Test,19,778,432,777,22,554,39,10,19.64,55.6,71.3,6.31
MTMMJ Ave,T20I,16,407,432,395,12,178,37,16,36.0,109.37,45.06,13.42
DS Bajwa,T20I,19,350,432,339,15,139,43,13,28.8,127.43,41.0,16.52
G Burrows,T20I,16,376,432,367,14,138,36,10,30.86,117.71,37.6,12.53
M McColl,T20I,39,427,432,409,29,161,44,4,14.9,105.62,39.36,11.74
L Winfield,T20I,25,366,431,360,18,139,53,4,23.94,119.72,38.61,15.83
VD Adewoye,T20I,41,371,431,355,34,161,35,19,12.68,121.41,45.35,15.21
S Wickramasekara,T20I,22,340,431,313,21,121,32,22,20.52,137.7,38.66,17.25
Pargat Singh,T20I,21,379,430,364,22,162,39,14,19.55,118.13,44.51,14.56
B Rawal,T20I,41,717,430,668,30,404,42,0,14.33,64.37,60.48,6.29
DT Tiripano,Test,14,1341,429,1341,21,1128,54,1,20.43,31.99,84.12,4.1
JP Greaves,ODI,20,478,429,456,14,222,38,9,30.64,94.08,48.68,10.31
Murshida Khatun,ODI,26,780,429,749,25,527,56,1,17.16,57.28,70.36,7.61
E Wachira,T20I,35,620,429,588,34,311,34,0,12.62,72.96,52.89,5.78
Faisal Mubashir,T20I,20,435,428,421,11,153,33,6,38.91,101.66,36.34,9.26
V Ooko,T20I,38,579,428,538,33,287,47,1,12.97,79.55,53.35,8.92
RN ten Doeschate,T20I,19,323,428,314,10,80,21,17,42.8,136.31,25.48,12.1
E Chigumbura,Test,10,770,428,770,19,543,47,3,22.53,55.58,70.52,6.49
Younis Khan,T20I,21,347,428,341,19,112,31,12,22.53,125.51,32.84,12.61
A Ndiraya,ODI,16,624,428,604,15,333,40,0,28.53,70.86,55.13,6.62
S Jimmy,T20I,29,525,427,488,26,255,41,5,16.42,87.5,52.25,9.43
CG Williams,ODI,16,550,427,543,13,301,38,8,32.85,78.64,55.43,8.47
PV Vuniwaqa,T20I,11,274,427,264,10,117,34,33,42.7,161.74,44.32,25.38
NM Hauritz,Test,15,855,426,854,16,635,50,3,26.62,49.88,74.36,6.21
Yasir Hameed,Test,11,765,426,762,21,583,70,1,20.29,55.91,76.51,9.32
MN van Wyk,ODI,16,631,425,617,18,399,48,4,23.61,68.88,64.67,8.43
Aftab Ahmed,Test,11,896,425,894,19,692,53,1,22.37,47.54,77.4,6.04
Khushdil Shah,T20I,30,421,425,404,24,174,26,20,17.71,105.2,43.07,11.39
SC Taylor,Test,5,1136,424,1134,7,904,50,0,60.57,37.39,79.72,4.41
CJ Jordan,T20I,51,332,424,322,31,122,29,21,13.68,131.68,37.89,15.53
KC Ramamoorthy,T20I,26,409,424,391,25,192,37,17,16.96,108.44,49.1,13.81
NLTC Perera,IPL,30,326,424,309,24,112,23,26,17.67,137.22,36.25,15.86
TL Seifert,PSL,17,307,424,300,16,113,56,11,26.5,141.33,37.67,22.33
S Periyalwar,T20I,31,446,424,427,20,184,46,3,21.2,99.3,43.09,11.48
S Thakor,T20I,41,316,423,308,32,128,41,21,13.22,137.34,41.56,20.13
SA Asnodkar,IPL,19,352,423,339,19,149,56,10,22.26,124.78,43.95,19.47
AN Kelly,ODI,33,652,422,634,27,356,35,1,15.63,66.56,56.15,5.68
N Navaika,T20I,31,648,422,622,26,352,36,0,16.23,67.85,56.59,5.79
M Kaif,Test,8,930,421,928,10,703,44,1,42.1,45.37,75.75,4.85
Nahida Khan,T20I,40,568,421,555,33,304,41,5,12.76,75.86,54.77,8.29
S Nadigotla,T20I,27,390,421,366,28,144,36,13,15.04,115.03,39.34,13.39
Sameer Rizvi,IPL,17,297,421,286,13,103,30,26,32.38,147.2,36.01,19.58
S Prasanna,ODI,35,460,421,441,32,258,29,26,13.16,95.46,58.5,12.47
SMA Priyanjan,ODI,20,533,420,522,17,286,47,3,24.71,80.46,54.79,9.58
A Kirschbaum,T20I,29,429,420,424,24,186,32,6,17.5,99.06,43.87,8.96
T Shadrack,T20I,47,762,419,696,35,411,17,0,11.97,60.2,59.05,2.44
A Mokgotlhe,T20I,39,467,419,421,29,215,46,6,14.45,99.52,51.07,12.35
CNIM Joyce,T20I,24,523,419,510,25,269,40,3,16.76,82.16,52.75,8.43
J Goswami,ODI,39,572,419,562,27,328,41,7,15.52,74.56,58.36,8.54
CK Kapugedera,Test,8,788,418,786,12,579,48,7,34.83,53.18,73.66,7.0
N Mugabe,T20I,18,412,418,399,17,188,37,13,24.59,104.76,47.12,12.53
JR Hopes,IPL,19,314,417,306,17,111,49,11,24.53,136.27,36.27,19.61
S Ivetic,T20I,14,446,417,423,12,200,30,13,34.75,98.58,47.28,10.17
JL Pattinson,Test,15,972,417,971,16,769,44,7,26.06,42.95,79.2,5.25
AJ Blackwell,Test,8,1230,417,1228,14,1007,42,1,29.79,33.96,82.0,3.5
MW Short,T20I,22,284,416,277,20,107,40,20,20.8,150.18,38.63,21.66
Milind Kumar,T20I,21,401,416,385,14,117,25,9,29.71,108.05,30.39,8.83
VB Chikkannaiah,T20I,20,442,416,413,20,194,30,12,20.8,100.73,46.97,10.17
JJ Huo,T20I,21,364,415,345,15,155,40,14,27.67,120.29,44.93,15.65
S Sriharsha,T20I,21,461,415,442,19,201,39,1,21.84,93.89,45.48,9.05
MV Waldron,T20I,46,531,415,520,37,251,38,0,11.22,79.81,48.27,7.31
S Dharnidharka,T20I,46,525,415,481,31,227,35,5,13.39,86.28,47.19,8.32
AGS Gous,ODI,13,484,415,475,12,272,42,12,34.58,87.37,57.26,11.37
PR Stirling,Test,8,653,415,650,16,459,51,7,25.94,63.85,70.62,8.92
Mahedi Hasan,T20I,44,424,415,408,33,182,30,14,12.58,101.72,44.61,10.78
Namgay Thinley,T20I,37,417,414,395,29,194,29,20,14.28,104.81,49.11,12.41
S Ecclestone,ODI,51,589,414,575,36,320,35,6,11.5,72.0,55.65,7.13
R Rohan,T20I,27,432,414,418,27,213,43,12,15.33,99.04,50.96,13.16
PW Borren,ODI,17,463,413,459,13,241,42,8,31.77,89.98,52.51,10.89
C Campher,Test,8,1030,413,1029,15,828,54,7,27.53,40.14,80.47,5.93
Imran Ali Butt,T20I,19,442,413,417,19,198,38,11,21.74,99.04,47.48,11.75
S Thanikaithasan,T20I,25,353,413,334,20,129,29,15,20.65,123.65,38.62,13.17
R Ravindra,IPL,18,298,413,287,16,95,40,16,25.81,143.9,33.1,19.51
Khushi Sharma,T20I,41,537,413,522,34,240,28,1,12.15,79.12,45.98,5.56
FC Wilson,ODI,19,441,412,436,15,189,38,5,27.47,94.5,43.35,9.86
HJ Manenti,T20I,21,373,412,363,19,143,35,11,21.68,113.5,39.39,12.67
B Cooper,T20I,40,497,411,488,34,274,43,6,12.09,84.22,56.15,10.04
NP Kenjige,ODI,40,590,410,582,24,319,26,5,17.08,70.45,54.81,5.33
V Krishnamurthy,ODI,22,475,410,470,18,258,49,4,22.78,87.23,54.89,11.28
OE Robinson,Test,20,737,410,735,28,534,50,2,14.64,55.78,72.65,7.07
Mehedi Hasan Miraz,T20I,28,363,410,352,26,134,36,10,15.77,116.48,38.07,13.07
Shaheen Shah Afridi,PSL,46,332,410,314,35,147,20,34,11.71,130.57,46.82,17.2
L Cardoso,T20I,27,500,410,466,22,239,40,2,18.64,87.98,51.29,9.01
J Barker,T20I,26,461,409,426,17,155,29,2,24.06,96.01,36.38,7.28
J Botha,IPL,28,364,409,359,22,133,39,5,18.59,113.93,37.05,12.26
M Mwatile,T20I,47,526,408,504,35,271,36,4,11.66,80.95,53.77,7.94
RTM Mendis,Test,14,931,408,929,25,702,41,2,16.32,43.92,75.57,4.63
CD Cumming,Test,9,1116,408,1114,14,904,54,2,29.14,36.62,81.15,5.03
W Miyauchi,T20I,25,416,408,401,20,156,36,3,20.4,101.75,38.9,9.73
Faheem Ashraf,ODI,30,491,408,477,26,270,36,13,15.69,85.53,56.6,10.27
W Hornero-Garcia,T20I,21,487,407,429,21,213,43,0,19.38,94.87,49.65,10.02
LE Kaushalya,ODI,25,589,407,577,24,354,41,9,16.96,70.54,61.35,8.67
CM McBride,ODI,19,575,407,566,18,353,50,3,22.61,71.91,62.37,9.36
WU Tharanga,T20I,26,348,407,330,25,148,42,12,16.28,123.33,44.85,16.36
RD Shah,ODI,14,647,407,636,14,428,49,2,29.07,63.99,67.3,8.02
Simi Singh,ODI,18,517,406,495,14,240,34,6,29.0,82.02,48.48,8.08
LR Shukla,IPL,33,358,405,350,29,144,33,16,13.97,115.71,41.14,14.0
Zubair Ali,T20I,11,339,405,327,11,127,34,15,36.82,123.85,38.84,14.98
A Athanaze,ODI,17,537,405,525,17,327,46,9,23.82,77.14,62.29,10.48
DM Bravo,T20I,22,400,405,379,18,161,32,14,22.5,106.86,42.48,12.14
BJ Haddin,T20I,29,361,404,352,24,138,30,13,16.83,114.77,39.2,12.22
RJ Peterson,Test,13,541,403,540,15,351,54,2,26.87,74.63,65.0,10.37
GF Linde,T20I,26,286,403,273,21,88,27,22,19.19,147.62,32.23,17.95
LR Johnson,Test,9,837,403,832,16,644,55,1,25.19,48.44,77.4,6.73
IMHC Joyce,T20I,27,488,403,476,23,231,40,0,17.52,84.66,48.53,8.4
S Rana,ODI,28,470,403,450,21,221,45,2,19.19,89.56,49.11,10.44
D Norotam,T20I,14,300,402,287,15,118,39,17,26.8,140.07,41.11,19.51
A Balbirnie,Test,10,818,402,817,20,607,49,0,20.1,49.2,74.3,6.0
AL Menaria,IPL,23,367,401,356,22,140,24,18,18.23,112.64,39.33,11.8
RT Ponting,T20I,16,311,401,302,14,109,42,11,28.64,132.78,36.09,17.55
K Rabada,ODI,44,514,401,507,26,279,30,12,15.42,79.09,55.03,8.28
Shahid Afridi,Test,6,351,401,350,11,194,47,17,36.45,114.57,55.43,18.29
VS Padhaal,T20I,25,414,401,385,22,166,36,8,18.23,104.16,43.12,11.43
HH Gibbs,T20I,23,333,400,318,22,139,45,12,18.18,125.79,43.71,17.92
Vikramjit Singh,T20I,27,362,400,354,27,169,33,17,14.81,112.99,47.74,14.12
A Merritt,T20I,19,371,400,348,15,133,43,4,26.67,114.94,38.22,13.51
K Oala,T20I,20,351,399,342,17,180,50,14,23.47,116.67,52.63,18.71
Sohail Tanvir,ODI,38,468,399,458,27,241,44,6,14.78,87.12,52.62,10.92
S Desungnoen,T20I,39,497,399,485,32,271,35,11,12.47,82.27,55.88,9.48
AJ Stewart,ODI,12,547,398,545,12,290,32,1,33.17,73.03,53.21,6.06
S Solman,T20I,28,474,398,455,18,213,32,3,22.11,87.47,46.81,7.69
Ibrahim Rahimi,T20I,20,252,397,240,18,107,18,37,22.06,165.42,44.58,22.92
Ahmed Faiz Mohammad Noor,T20I,18,351,397,343,17,127,38,9,23.35,115.74,37.03,13.7
JK Vifah,T20I,28,382,396,361,26,172,39,9,15.23,109.7,47.65,13.3
V Shukla,T20I,21,287,396,277,18,80,35,15,22.0,142.96,28.88,18.05
K Kunwar,T20I,46,551,396,525,34,280,36,2,11.65,75.43,53.33,7.24
Anamul Haque,T20I,18,353,396,348,17,156,42,11,23.29,113.79,44.83,15.23
Ali Naseer,ODI,17,399,396,390,15,208,34,18,26.4,101.54,53.33,13.33
Nithish Kumar Reddy,Test,9,693,396,691,15,500,40,10,26.4,57.31,72.36,7.24
D Suzuki,T20I,40,402,396,384,27,168,39,6,14.67,103.12,43.75,11.72
T Mishra,ODI,15,564,395,554,12,304,33,4,32.92,71.3,54.87,6.68
Abdur Rehman,Test,21,933,395,931,28,751,47,9,14.11,42.43,80.67,6.02
Shan Masood,T20I,17,341,395,324,13,101,30,7,30.38,121.91,31.17,11.42
S van Zyl,Test,11,779,395,778,15,589,59,0,26.33,50.77,75.71,7.58
MV Boucher,IPL,23,318,394,309,15,107,32,13,26.27,127.51,34.63,14.56
ASS Fletcher,ODI,49,564,394,556,35,313,39,1,11.26,70.86,56.29,7.19
AB Barath,ODI,14,629,394,612,14,400,43,3,28.14,64.38,65.36,7.52
Anshuman Rath,ODI,12,539,393,527,12,289,36,3,32.75,74.57,54.84,7.4
MW Machan,ODI,11,497,393,484,12,264,36,4,32.75,81.2,54.55,8.26
K Ndlovu,ODI,19,701,393,675,18,460,43,1,21.83,58.22,68.15,6.52
Rinitha Rajith,T20I,40,399,392,370,30,168,46,7,13.07,105.95,45.41,14.32
Suraj Kumar,ODI,18,524,392,511,13,278,25,12,30.15,76.71,54.4,7.24
BJ Bennett,Test,8,557,391,555,14,394,65,1,27.93,70.45,70.99,11.89
Ahmed Raza,ODI,36,645,391,630,30,395,28,8,13.03,62.06,62.7,5.71
KMDN Kulasekara,Test,18,928,391,925,26,747,47,8,15.04,42.27,80.76,5.95
NV Knight,ODI,13,544,390,534,12,292,31,2,32.5,73.03,54.68,6.18
PA de Silva,ODI,13,487,390,474,13,250,34,7,30.0,82.28,52.74,8.65
CA Pujara,IPL,22,403,390,391,18,187,50,4,21.67,99.74,47.83,13.81
NRJ Croes,ODI,19,500,390,489,15,269,38,2,26.0,79.75,55.01,8.18
ZM Tribe,T20I,25,383,390,374,21,154,34,7,18.57,104.28,41.18,10.96
DN Wellalage,ODI,25,487,389,478,20,253,29,10,19.45,81.38,52.93,8.16
Usman Khalid,T20I,26,354,389,343,18,137,30,15,21.61,113.41,39.94,13.12
Azhar Mahmood,IPL,21,311,388,303,19,116,39,13,20.42,128.05,38.28,17.16
Abdul Razzaq,T20I,28,341,388,324,18,134,21,21,21.56,119.75,41.36,12.96
Sharjeel Khan,T20I,17,299,388,289,17,141,51,14,22.82,134.26,48.79,22.49
S Muthusamy,Test,7,812,388,811,7,596,34,4,55.43,47.84,73.49,4.69
Aryan Lakra,ODI,16,681,387,668,16,438,35,4,24.19,57.93,65.57,5.84
AJ Hall,ODI,28,464,387,451,20,218,30,6,19.35,85.81,48.34,7.98
HS Gericke,T20I,16,259,387,238,17,71,32,17,22.76,162.61,29.83,20.59
R Pathan,T20I,12,251,387,245,8,85,41,17,48.38,157.96,34.69,23.67
SP Gomes,T20I,12,302,386,284,9,90,37,10,42.89,135.92,31.69,16.55
V Sehwag,T20I,17,274,386,261,15,103,42,16,25.73,147.89,39.46,22.22
J Fraser-McGurk,IPL,15,203,385,193,14,82,39,30,27.5,199.48,42.49,35.75
V Abuga,T20I,28,458,385,435,23,238,48,2,16.74,88.51,54.71,11.49
MA Jones,ODI,14,582,385,572,15,343,36,3,25.67,67.31,59.97,6.82
Nauman Ali,Test,18,815,385,810,23,634,42,10,16.74,47.53,78.27,6.42
G Singh,T20I,22,371,383,358,17,156,28,13,22.53,106.98,43.58,11.45
RL Haynes,Test,6,961,383,961,12,759,51,0,31.92,39.85,78.98,5.31
Naeem Islam,Test,7,994,383,994,9,801,48,4,42.56,38.53,80.58,5.23
JL Smith,ODI,17,347,383,336,18,179,50,10,21.28,113.99,53.27,17.86
M Simpson-Parker,T20I,19,332,383,315,15,128,29,14,25.53,121.59,40.63,13.65
SJ McGlashan,T20I,20,355,383,345,15,132,29,7,25.53,111.01,38.26,10.43
Hazratullah,PSL,12,263,382,250,12,103,45,18,31.83,152.8,41.2,25.2
CS Baugh,ODI,27,563,382,553,20,312,30,4,19.1,69.08,56.42,6.15
Mohammad Ashraful,T20I,20,285,382,278,19,100,41,11,20.11,137.41,35.97,18.71
Hasan Ali,Test,23,533,382,530,30,383,34,20,12.73,72.08,72.26,10.19
T Munyonga,T20I,35,374,382,364,27,144,28,9,14.15,104.95,39.56,10.16
Iqbal Hossain,T20I,14,233,381,227,14,112,33,30,27.21,167.84,49.34,27.75
A Mishra,IPL,55,440,381,419,31,177,31,5,12.29,90.93,42.24,8.59
SPD Smith,PSL,11,238,380,235,11,71,39,18,34.55,161.7,30.21,24.26
MDKJ Perera,PSL,14,251,380,244,9,64,35,15,42.22,155.74,26.23,20.49
Gaurav Tiwari,T20I,22,398,380,387,18,183,34,10,21.11,98.19,47.29,11.37
I Chathurani,T20I,13,452,380,393,8,141,30,0,47.5,96.69,35.88,7.63
CN Ackermann,ODI,15,517,380,509,15,284,38,2,25.33,74.66,55.8,7.86
M Syrioti,T20I,24,666,380,557,19,308,32,0,20.0,68.22,55.3,5.75
Sompal Kami,T20I,46,351,380,337,33,154,27,15,11.52,112.76,45.7,12.46
T Zangmo,T20I,32,600,379,575,28,327,25,2,13.54,65.91,56.87,4.7
J Gumbie,ODI,15,581,379,567,15,357,42,1,25.27,66.84,62.96,7.58
XM Marshall,ODI,26,677,379,665,25,461,41,4,15.16,56.99,69.32,6.77
D Heyliger,T20I,36,236,379,231,15,72,24,26,25.27,164.07,31.17,21.65
KR Mayers,IPL,13,276,379,263,13,124,38,22,29.15,144.11,47.15,22.81
D Ajekun,T20I,32,534,379,511,31,283,32,2,12.23,74.17,55.38,6.65
JS Patel,Test,21,692,379,692,27,507,44,3,14.04,54.77,73.27,6.79
J Coetzee,T20I,22,361,378,349,16,138,24,14,23.62,108.31,39.54,10.89
A Zampa,ODI,57,591,378,573,37,345,32,2,10.22,65.97,60.21,5.93
Shahid Wasif,T20I,25,367,378,357,15,142,29,10,25.2,105.88,39.78,10.92
S Forbes,ODI,21,676,378,644,17,424,40,0,22.24,58.7,65.84,6.21
WIA Fernando,T20I,37,421,377,411,35,185,28,8,10.77,91.73,45.01,8.76
Hasan Ali,ODI,38,334,377,327,28,167,28,23,13.46,115.29,51.07,15.6
SN Thakur,Test,12,632,377,630,20,455,46,9,18.85,59.84,72.22,8.73
AK Mohan,T20I,22,450,377,423,22,226,24,15,17.14,89.13,53.43,9.22
Iram Javed,T20I,43,486,377,470,37,266,38,8,10.19,80.21,56.6,9.79
Kuldeep,T20I,13,241,377,228,11,89,35,23,34.27,165.35,39.04,25.44
M Shumba,T20I,25,342,376,335,18,126,23,13,20.89,112.24,37.61,10.75
S Movva,T20I,22,370,376,352,19,137,29,8,19.79,106.82,38.92,10.51
M Kapp,Test,3,596,376,596,6,430,60,0,62.67,63.09,72.15,10.07
DB Ravi Teja,IPL,25,325,375,317,20,116,35,9,18.75,118.3,36.59,13.88
Asif Ali,ODI,15,317,375,308,15,123,22,20,25.0,121.75,39.94,13.64
AM Rahane,T20I,20,347,375,331,18,116,32,6,20.83,113.29,35.05,11.48
Hisham Sheikh,T20I,23,421,375,410,19,150,20,3,19.74,91.46,36.59,5.61
Shahzaib Jamil,T20I,19,284,375,276,16,103,19,26,23.44,135.87,37.32,16.3
Saud Shakeel,ODI,14,455,374,438,13,219,40,1,28.77,85.39,50.0,9.36
Adnan Idrees,T20I,29,298,374,281,28,142,48,15,13.36,133.1,50.53,22.42
SA Abbott,ODI,21,397,374,388,19,206,32,13,19.68,96.39,53.09,11.6
T Tshose,T20I,35,345,374,333,30,155,20,19,12.47,112.31,46.55,11.71
A van der Merwe,T20I,24,485,373,450,22,252,38,3,16.95,82.89,56.0,9.11
Ehsan Khan,T20I,53,347,373,341,29,130,21,15,12.86,109.38,38.12,10.56
AA Onikoyi,T20I,26,435,372,423,24,218,26,12,15.5,87.94,51.54,8.98
Washington Sundar,ODI,20,459,372,452,18,233,25,11,20.67,82.3,51.55,7.96
MW Short,ODI,15,411,372,406,15,218,37,10,24.8,91.63,53.69,11.58
NR Sciver-Brunt,Test,4,535,371,534,8,353,53,0,46.38,69.48,66.1,9.93
M Chadha,T20I,13,322,371,313,9,124,33,14,41.22,118.53,39.62,15.02
TM McGrath,Test,8,748,371,746,11,558,50,0,33.73,49.73,74.8,6.7
SN Khan,Test,6,495,371,495,9,311,44,8,41.22,74.95,62.83,10.51
R Lutaaya,T20I,24,298,371,290,24,122,42,9,15.46,127.93,42.07,17.59
M Ntini,Test,48,849,370,849,37,684,48,4,10.0,43.58,80.57,6.12
KDK Vithanage,Test,10,485,370,484,14,321,44,9,26.43,76.45,66.32,10.95
CH Gayle,PSL,16,287,370,271,16,126,24,29,23.12,136.53,46.49,19.56
P Sharma,T20I,25,376,369,344,23,163,41,7,16.04,107.27,47.38,13.95
Ayesha Naseem,T20I,26,301,369,288,19,100,20,18,19.42,128.12,34.72,13.19
M Louis,Test,10,897,369,897,20,710,40,4,18.45,41.14,79.15,4.91
S Sohal,IPL,20,311,368,292,18,136,34,18,20.44,126.03,46.58,17.81
PJ Forrest,ODI,14,577,368,561,13,341,34,4,28.31,65.6,60.78,6.77
IG Holland,ODI,14,481,368,475,14,242,27,3,26.29,77.47,50.95,6.32
DJ Hooda,T20I,17,262,368,250,12,77,29,18,30.67,147.2,30.8,18.8
PK Matautaava,T20I,19,295,368,288,17,127,27,19,21.65,127.78,44.1,15.97
MS Sinclair,ODI,15,566,367,561,10,341,32,2,36.7,65.42,60.78,6.06
S Pradhan,T20I,26,429,367,409,24,212,41,4,15.29,89.73,51.83,11.0
Kyshona A Knight,T20I,35,524,367,501,31,259,32,1,11.84,73.25,51.7,6.59
B Masaba,T20I,34,385,366,368,24,170,37,6,15.25,99.46,46.2,11.68
MA Jones,T20I,15,272,366,264,14,102,34,17,26.14,138.64,38.64,19.32
Raza Iqbal,T20I,26,348,366,319,21,142,42,8,17.43,114.73,44.51,15.67
Zahir Mohammed,T20I,28,279,365,265,27,117,29,22,13.52,137.74,44.15,19.25
Pyae Phyo Wai,T20I,28,492,365,459,30,235,22,6,12.17,79.52,51.2,6.1
DW Steyn,ODI,51,592,365,562,39,376,35,9,9.36,64.95,66.9,7.83
P Negi,IPL,35,301,365,289,26,112,27,16,14.04,126.3,38.75,14.88
JM Kerr,ODI,39,339,365,333,30,146,39,7,12.17,109.61,43.84,13.81
KM Dabengwa,ODI,23,631,364,614,19,373,20,6,19.16,59.28,60.75,4.23
Saif Hassan,T20I,18,327,364,313,17,145,18,23,21.41,116.29,46.33,13.1
Saim Ayub,Test,7,657,364,657,14,474,38,4,26.0,55.4,72.15,6.39
PS Athavale,T20I,17,299,364,288,15,110,39,10,24.27,126.39,38.19,17.01
NY McLean,T20I,24,391,364,383,19,197,28,12,19.16,95.04,51.44,10.44
B Bhandari,T20I,26,314,363,299,22,131,29,16,16.5,121.4,43.81,15.05
Rahmanullah Gurbaz,IPL,18,283,363,269,17,132,34,22,21.35,134.94,49.07,20.82
Nasir Jamshed,T20I,18,328,363,320,17,142,34,12,21.35,113.44,44.38,14.37
KM Myat,T20I,23,549,363,498,21,273,32,0,17.29,72.89,54.82,6.43
SP Narine,ODI,42,455,363,441,31,270,36,12,11.71,82.31,61.22,10.88
Mohammad Amir,ODI,30,457,363,444,21,250,32,8,17.29,81.76,56.31,9.01
AA Alleyne,T20I,43,416,362,408,31,203,38,1,11.68,88.73,49.75,9.56
DM Gondaria,T20I,20,331,362,318,19,127,37,5,19.05,113.84,39.94,13.21
DA Blignaut,T20I,25,406,362,393,20,193,18,15,18.1,92.11,49.11,8.4
DT Johnston,ODI,29,473,361,459,20,253,27,8,18.05,78.65,55.12,7.63
SG Mangela,T20I,16,328,361,310,14,106,32,4,25.79,116.45,34.19,11.61
A Shreshta,T20I,20,376,361,361,17,165,34,5,21.24,100.0,45.71,10.8
T Stubbs,ODI,12,423,361,409,10,179,17,9,36.1,88.26,43.77,6.36
DG Brownlie,ODI,15,500,361,486,14,289,46,1,25.79,74.28,59.47,9.67
CB Wishart,ODI,15,496,361,492,14,302,40,4,25.79,73.37,61.38,8.94
G Kansonkho,T20I,29,423,360,410,25,215,36,3,14.4,87.8,52.44,9.51
Shahreeennawab,T20I,31,613,360,535,24,296,38,0,15.0,67.29,55.33,7.1
LMM Tahuhu,ODI,55,418,360,408,37,216,35,7,9.73,88.24,52.94,10.29
Mohammad Saifuddin,ODI,18,439,360,420,10,209,29,6,36.0,85.71,49.76,8.33
Naseem Khushi,ODI,24,335,360,329,22,156,24,19,16.36,109.42,47.42,13.07
F Overdijk,T20I,48,482,359,457,36,216,26,0,9.97,78.56,47.26,5.69
S Hook,T20I,23,372,359,352,19,174,28,15,18.89,101.99,49.43,12.22
L Agatha,T20I,30,520,359,479,25,271,32,2,14.36,74.95,56.58,7.1
J Bulele,T20I,13,398,359,373,11,193,43,1,32.64,96.25,51.74,11.8
L Ronchi,T20I,25,263,359,256,21,85,30,14,17.1,140.23,33.2,17.19
Wahab Riaz,PSL,52,296,359,280,32,110,31,14,11.22,128.21,39.29,16.07
NM Odhiambo,T20I,31,351,359,338,25,146,25,12,14.36,106.21,43.2,10.95
AM Zepeda,T20I,15,461,358,394,11,200,44,0,32.55,90.86,50.76,11.17
Isa Zaroo,T20I,19,293,358,282,18,127,42,11,19.89,126.95,45.04,18.79
JS Malhotra,ODI,15,382,358,373,11,201,23,20,32.55,95.98,53.89,11.53
Shah Abrar Hussain,T20I,20,364,358,345,16,163,21,19,22.38,103.77,47.25,11.59
A McAuley,T20I,20,402,358,384,20,166,33,2,17.9,93.23,43.23,9.11
MDN Hansika,ODI,24,748,357,721,23,514,43,0,15.52,49.51,71.29,5.96
A Donovan,T20I,13,226,357,221,8,67,25,22,44.62,161.54,30.32,21.27
T Thushara,ODI,23,386,357,382,19,190,31,7,18.79,93.46,49.74,9.95
Fahima Khatun,ODI,31,620,357,607,22,352,22,0,16.23,58.81,57.99,3.62
BA Carse,Test,14,496,357,491,20,332,32,15,17.85,72.71,67.62,9.57
G Motie,ODI,22,366,357,353,17,202,37,15,21.0,101.13,57.22,14.73
Saad Bin Zafar,ODI,25,483,356,472,20,262,32,4,17.8,75.42,55.51,7.63
P Silas,T20I,29,351,356,342,22,135,27,4,16.18,104.09,39.47,9.06
B Biza,T20I,21,402,356,387,22,190,36,3,16.18,91.99,49.1,10.08
E Sebareme,T20I,40,368,356,366,34,174,22,11,10.47,97.27,47.54,9.02
Fahima Khatun,T20I,51,383,355,366,31,137,29,1,11.45,96.99,37.43,8.2
S Kananji,T20I,26,401,355,380,23,192,43,0,15.43,93.42,50.53,11.32
AC Douglas,T20I,19,270,355,264,18,125,32,21,19.72,134.47,47.35,20.08
Surya Anand,T20I,21,340,355,335,13,112,12,13,27.31,105.97,33.43,7.46
BW Hilfenhaus,Test,22,657,355,655,26,495,49,5,13.65,54.2,75.57,8.24
MADD Surangika,T20I,25,422,355,406,24,186,32,2,14.79,87.44,45.81,8.37
MC Henriques,T20I,21,292,355,285,15,91,17,15,23.67,124.56,31.93,11.23
CN Greaves,ODI,22,414,355,401,17,213,31,8,20.88,88.53,53.12,9.73
RH Priest,T20I,23,375,355,363,22,199,49,5,16.14,97.8,54.82,14.88
JL Denly,PSL,13,295,354,287,11,124,42,11,32.18,123.34,43.21,18.47
JJ Atkinson,T20I,24,312,354,304,20,133,35,11,17.7,116.45,43.75,15.13
S Austin,T20I,23,372,354,344,23,138,28,5,15.39,102.91,40.12,9.59
N Joshi,T20I,19,380,354,325,19,124,37,1,18.63,108.92,38.15,11.69
S Gajnabi,T20I,34,480,354,467,29,228,27,3,12.21,75.8,48.82,6.42
LF Muller,T20I,16,309,353,294,14,131,40,8,25.21,120.07,44.56,16.33
P Siaka,T20I,32,350,353,334,29,140,34,4,12.17,105.69,41.92,11.38
EC Joyce,T20I,13,380,353,371,10,159,27,5,35.3,95.15,42.86,8.63
MDT Kamini,ODI,9,556,353,538,7,361,46,5,50.43,65.61,67.1,9.48
Aamer Jamal,Test,8,615,352,614,13,439,40,6,27.08,57.33,71.5,7.49
Diana Baig,ODI,48,472,352,460,34,255,31,5,10.35,76.52,55.43,7.83
AB Agarkar,ODI,37,552,352,539,35,327,26,6,10.06,65.31,60.67,5.94
Manan Bashir,T20I,13,152,352,150,10,57,16,41,35.2,234.67,38.0,38.0
KV Sharma,IPL,40,307,352,295,25,113,20,17,14.08,119.32,38.31,12.54
S Ecclestone,T20I,43,281,351,269,24,99,26,16,14.62,130.48,36.8,15.61
RD Rickelton,ODI,16,431,351,421,16,252,40,5,21.94,83.37,59.86,10.69
DJ Mitchell,IPL,15,274,351,267,13,75,28,10,27.0,131.46,28.09,14.23
PS Masvaure,Test,8,998,351,994,15,812,43,1,23.4,35.31,81.69,4.43
T Parima,T20I,16,266,350,257,15,116,30,20,23.33,136.19,45.14,19.46
CK Jasmat,T20I,22,333,350,320,18,141,25,17,19.44,109.38,44.06,13.12
S Khiaoto,T20I,36,443,349,423,29,213,28,3,12.03,82.51,50.35,7.33
Sazib Bhuiyan,T20I,23,273,349,262,20,114,40,13,17.45,133.21,43.51,20.23
J Singye,T20I,22,485,349,472,22,230,16,5,15.86,73.94,48.73,4.45
Sameer Minhas,PSL,11,234,349,224,9,76,41,13,38.78,155.8,33.93,24.11
Mukhtar Ghulami,T20I,23,316,348,304,22,142,31,16,15.82,114.47,46.71,15.46
JJ Bumrah,Test,47,847,348,843,48,689,38,11,7.25,41.28,81.73,5.81
O Olaleye,T20I,23,364,347,354,18,174,29,8,19.28,98.02,49.15,10.45
SJ Myburgh,ODI,14,466,347,457,12,296,40,7,28.92,75.93,64.77,10.28
Jahurul Islam,Test,7,905,347,902,14,735,37,4,24.79,38.47,81.49,4.55
B Kumar,IPL,74,389,347,375,37,172,34,3,9.38,92.53,45.87,9.87
Ikramullah Khan,T20I,26,309,347,299,20,123,31,12,17.35,116.05,41.14,14.38
OA Shah,T20I,15,297,347,284,15,105,26,13,23.13,122.18,36.97,13.73
Rumana Ahmed,ODI,24,683,346,675,22,467,35,0,15.73,51.26,69.19,5.19
K Hinds,T20I,26,346,346,339,28,191,24,20,12.36,102.06,56.34,12.98
MA Carberry,Test,6,835,345,835,12,690,54,1,28.75,41.32,82.63,6.59
JA Warrican,Test,22,618,345,618,27,454,31,8,12.78,55.83,73.46,6.31
CR Seneviratna,T20I,25,402,345,387,22,162,23,0,15.68,89.15,41.86,5.94
WA Young,T20I,19,345,344,338,19,163,35,10,18.11,101.78,48.22,13.31
Sheikh Rasik,T20I,10,209,344,201,9,69,19,28,38.22,171.14,34.33,23.38
TC Bruce,T20I,21,290,344,282,17,87,26,10,20.24,121.99,30.85,12.77
M Labuschagne,PSL,13,273,344,264,12,91,45,4,28.67,130.3,34.47,18.56
Ashfaq Ahmed,ODI,15,395,343,384,15,223,38,9,22.87,89.32,58.07,12.24
GP Meade,T20I,29,352,343,338,21,148,24,9,16.33,101.48,43.79,9.76
P Maya,T20I,44,462,343,449,33,241,32,0,10.39,76.39,53.67,7.13
DT Tiripano,ODI,26,535,343,526,18,332,27,8,19.06,65.21,63.12,6.65
SK Awiah,T20I,25,459,343,435,22,234,28,5,15.59,78.85,53.79,7.59
RS Morton,Test,10,729,343,728,18,579,49,4,19.06,47.12,79.53,7.28
Shaheen Shah Afridi,T20I,40,282,343,269,26,129,19,25,13.19,127.51,47.96,16.36
MA Vermeulen,Test,4,749,343,749,8,591,43,2,42.88,45.79,78.91,6.01
A Chandel,T20I,31,569,343,516,22,280,20,0,15.59,66.47,54.26,3.88
TM Dowlin,Test,6,742,343,742,11,559,41,1,31.18,46.23,75.34,5.66
S Chanderpaul,T20I,22,357,343,347,18,162,34,5,19.06,98.85,46.69,11.24
MR Aguilleira,T20I,30,443,342,431,23,213,24,2,14.87,79.35,49.42,6.03
G Wareham,ODI,21,311,342,300,15,116,27,11,22.8,114.0,38.67,12.67
R Bhatia,IPL,47,290,342,284,29,104,24,13,11.79,120.42,36.62,13.03
BR McDermott,T20I,23,347,342,343,19,148,17,13,18.0,99.71,43.15,8.75
Najjam Shahzad,T20I,22,279,342,264,20,115,27,19,17.1,129.55,43.56,17.42
M Castineiras,T20I,15,346,341,322,12,160,45,1,28.42,105.9,49.69,14.29
Mohammad Rizlan,T20I,23,299,341,294,20,138,21,21,17.05,115.99,46.94,14.29
CFK van Wyk,Test,9,695,341,694,17,517,41,0,20.06,49.14,74.5,5.91
M Bibi,T20I,45,429,341,410,37,181,15,4,9.22,83.17,44.15,4.63
Hasan Ali,PSL,48,259,340,244,31,96,27,16,10.97,139.34,39.34,17.62
S Kolcharam,T20I,24,335,340,311,17,136,40,0,20.0,109.32,43.73,12.86
P Kumar,IPL,57,323,340,314,34,148,22,17,10.0,108.28,47.13,12.42
PP Shaw,Test,5,395,339,394,8,238,48,2,42.38,86.04,60.41,12.69
B Cooper,ODI,18,581,339,570,17,386,35,4,19.94,59.47,67.72,6.84
SN Thakur,IPL,42,264,339,252,28,91,31,13,12.11,134.52,36.11,17.46
M Vijay,ODI,16,516,339,506,14,306,33,3,24.21,67.0,60.47,7.11
GJ Maxwell,Test,7,571,339,570,13,397,33,7,26.08,59.47,69.65,7.02
MG Bracewell,Test,9,595,339,594,15,431,44,2,22.6,57.07,72.56,7.74
BJ Bennett,ODI,8,358,339,349,8,182,41,5,42.38,97.13,52.15,13.18
AP Tare,IPL,27,285,339,273,24,129,40,11,14.12,124.18,47.25,18.68
R Rampaul,ODI,35,450,338,438,29,277,31,13,11.66,77.17,63.24,10.05
Maaz Sadaqat,PSL,15,196,338,193,13,67,33,20,26.0,175.13,34.72,27.46
A Patmore,T20I,24,385,338,372,21,169,35,0,16.1,90.86,45.43,9.41
Meghna Rajan,T20I,7,333,338,299,3,90,26,0,112.67,113.04,30.1,8.7
GK Ghalley,T20I,30,366,338,357,29,197,23,15,11.66,94.68,55.18,10.64
Jaker Ali,Test,6,597,337,595,11,422,36,6,30.64,56.64,70.92,7.06
Arslan Amjad,T20I,23,327,337,302,20,139,25,16,16.85,111.59,46.03,13.58
HJH Marshall,Test,8,695,337,691,13,518,41,1,25.92,48.77,74.96,6.08
A Symonds,T20I,11,204,337,199,7,47,33,10,48.14,169.35,23.62,21.61
B Shanti,T20I,35,501,337,467,25,259,33,1,13.48,72.16,55.46,7.28
MM Ali,PSL,17,237,336,230,14,86,24,20,24.0,146.09,37.39,19.13
Haroon Arshad,T20I,24,262,336,252,19,78,26,9,17.68,133.33,30.95,13.89
MS Atapattu,Test,7,874,336,873,12,703,39,1,28.0,38.49,80.53,4.58
SD Robson,Test,7,756,336,755,11,594,42,1,30.55,44.5,78.68,5.7
R Rampaul,Test,18,629,335,629,22,487,40,10,15.23,53.26,77.42,7.95
Rashid Latif,ODI,17,408,335,401,14,205,22,6,23.93,83.54,51.12,6.98
K Irakoze,T20I,40,324,335,315,37,144,20,17,9.05,106.35,45.71,11.75
A Randhawa,T20I,26,403,335,384,21,173,22,7,15.95,87.24,45.05,7.55
Zain Ul Abidin,T20I,31,305,335,284,23,113,18,17,14.57,117.96,39.79,12.32
DB Sharma,Test,6,786,335,786,7,606,44,1,47.86,42.62,77.1,5.73
R Dianish,T20I,19,308,333,290,17,144,34,12,19.59,114.83,49.66,15.86
Mohammad Mithun,Test,10,753,333,752,18,566,32,3,18.5,44.28,75.27,4.65
HM Rowe,ODI,34,501,332,484,26,265,28,1,12.77,68.6,54.75,5.99
BA King,Test,6,551,332,550,12,414,53,4,27.67,60.36,75.27,10.36
RP Singh,T20I,34,309,332,298,27,143,26,15,12.3,111.41,47.99,13.76
JN Gillespie,Test,16,1127,332,1127,16,956,45,1,20.75,29.46,84.83,4.08
M Rathnayake,T20I,30,461,332,425,26,252,40,4,12.77,78.12,59.29,10.35
V Mbazo,T20I,33,390,332,378,31,192,22,6,10.71,87.83,50.79,7.41
HP Tillakaratne,ODI,13,562,332,548,11,333,28,0,30.18,60.58,60.77,5.11
P Vastrakar,T20I,41,296,332,290,23,113,34,5,14.43,114.48,38.97,13.45
Umar Amin,PSL,18,319,332,307,14,120,36,4,23.71,108.14,39.09,13.03
A Flower,ODI,7,472,332,459,9,254,30,1,36.89,72.33,55.34,6.75
SS Pathirana,ODI,14,399,332,383,13,210,33,5,25.54,86.68,54.83,9.92
I Kaia,ODI,16,520,332,503,16,308,29,4,20.75,66.0,61.23,6.56
MM Baig,T20I,25,273,331,257,18,94,17,20,18.39,128.79,36.58,14.4
L Steenkamp,T20I,14,255,331,244,14,84,35,8,23.64,135.66,34.43,17.62
Muhammad Umar,T20I,21,292,331,281,15,119,12,22,22.07,117.79,42.35,12.1
KA Edwards,ODI,16,510,331,494,13,291,23,7,25.46,67.0,58.91,6.07
SN Thakur,ODI,24,321,329,313,18,137,31,9,18.28,105.11,43.77,12.78
OB Nightingale,T20I,19,313,329,303,14,97,21,3,23.5,108.58,32.01,7.92
LA Marsh,T20I,20,319,329,313,16,176,48,5,20.56,105.11,56.23,16.93
Khushdil Shah,ODI,12,340,329,336,10,151,25,10,32.9,97.92,44.94,10.42
D Khanal,ODI,12,482,329,476,12,283,24,6,27.42,69.12,59.45,6.3
PG Raut,T20I,13,364,329,351,11,165,39,0,29.91,93.73,47.01,11.11
R Hekure,ODI,22,436,328,426,19,229,26,6,17.26,77.0,53.76,7.51
D Wiese,ODI,14,375,328,364,12,177,21,10,27.33,90.11,48.63,8.52
Adnan Mufti,ODI,15,413,328,398,11,183,27,1,29.82,82.41,45.98,7.04
Jaker Ali,ODI,8,421,328,414,6,224,23,11,54.67,79.23,54.11,8.21
SS Weerakkody,ODI,33,521,328,512,27,308,32,2,12.15,64.06,60.16,6.64
RJ Nicol,T20I,19,315,327,296,19,139,33,11,17.21,110.47,46.96,14.86
JEC Franklin,IPL,16,309,327,301,11,115,25,9,29.73,108.64,38.21,11.3
SA Engelbrecht,ODI,11,519,327,501,10,301,28,3,32.7,65.27,60.08,6.19
MH Richardson,Test,6,972,327,972,10,808,43,0,32.7,33.64,83.13,4.42
BJ Haddin,PSL,16,253,327,250,13,92,25,15,25.15,130.8,36.8,16.0
A Gardner,Test,8,567,326,564,11,406,40,3,29.64,57.8,71.99,7.62
JP Kaltapau,T20I,19,353,326,345,16,154,23,5,20.38,94.49,44.64,8.12
RN ten Doeschate,IPL,21,238,326,235,17,77,26,15,19.18,138.72,32.77,17.45
A Athanaze,T20I,14,263,326,252,13,118,31,17,25.08,129.37,46.83,19.05
SJ Baard,ODI,17,567,326,559,18,373,31,3,18.11,58.32,66.73,6.08
MH Yardy,ODI,24,490,326,472,15,249,20,1,21.73,69.07,52.75,4.45
MM Lanning,Test,5,712,325,712,9,550,47,0,36.11,45.65,77.25,6.6
DK Mathias,T20I,14,332,325,319,11,147,21,15,29.55,101.88,46.08,11.29
Muhammad Haziq Aiman,T20I,16,215,325,205,15,92,27,23,21.67,158.54,44.88,24.39
D Mongia,ODI,18,545,325,536,15,321,24,3,21.67,60.63,59.89,5.04
Sohag Gazi,Test,10,529,325,529,15,381,32,11,21.67,61.44,72.02,8.13
MO Odumbe,ODI,10,363,324,355,8,169,31,2,40.5,91.27,47.61,9.3
JE Cameron,T20I,21,335,324,330,15,143,23,8,21.6,98.18,43.33,9.39
KA Maharaj,ODI,31,418,324,403,24,222,37,4,13.5,80.4,55.09,10.17
G Wareham,T20I,29,250,324,239,21,77,41,2,15.43,135.56,32.22,17.99
K Fraser,T20I,28,318,324,313,21,160,44,4,15.43,103.51,51.12,15.34
Anwar Ali,PSL,36,231,323,229,22,79,19,19,14.68,141.05,34.5,16.59
BB McCullum,PSL,17,288,323,277,17,128,29,16,19.0,116.61,46.21,16.25
S Horley,T20I,17,334,323,320,16,143,37,3,20.19,100.94,44.69,12.5
Saeed Ajmal,ODI,66,539,323,534,45,322,25,0,7.18,60.49,60.3,4.68
K Joshi,T20I,42,467,323,441,33,260,25,9,9.79,73.24,58.96,7.71
FC Wilson,T20I,22,330,323,321,16,101,22,2,20.19,100.62,31.46,7.48
MR Aguilleira,ODI,25,598,323,588,23,382,26,3,14.04,54.93,64.97,4.93
B Biza,ODI,13,513,323,493,13,298,31,0,24.85,65.52,60.45,6.29
AC Agar,ODI,18,400,322,388,13,193,28,4,24.77,82.99,49.74,8.25
NH Berejo,T20I,10,369,322,336,7,123,23,1,46.0,95.83,36.61,7.14
JL Gunn,ODI,27,534,322,523,18,311,21,4,17.89,61.57,59.46,4.78
MR Meshram,ODI,16,571,322,561,13,379,36,4,24.77,57.4,67.56,7.13
A Gbla,T20I,29,322,322,300,24,139,21,13,13.42,107.33,46.33,11.33
G Ngegba,T20I,20,329,322,314,15,137,32,3,21.47,102.55,43.63,11.15
AK Sah,ODI,14,382,322,369,12,217,34,12,26.83,87.26,58.81,12.47
DA Gunawardene,ODI,16,591,322,567,16,377,30,1,20.12,56.79,66.49,5.47
B Bhandari,ODI,15,525,321,513,14,319,31,3,22.93,62.57,62.18,6.63
A Dananjaya,ODI,29,446,321,441,21,239,29,3,15.29,72.79,54.2,7.26
OU Ranasinghe,T20I,40,438,321,425,33,209,24,0,9.73,75.53,49.18,5.65
H Doriga,T20I,22,323,321,305,19,177,40,11,16.89,105.25,58.03,16.72
UT Khawaja,PSL,10,218,321,214,6,63,40,6,53.5,150.0,29.44,21.5
SM Ervine,ODI,17,350,321,340,11,171,28,8,29.18,94.41,50.29,10.59
A Mukund,Test,7,705,320,700,14,524,32,1,22.86,45.71,74.86,4.71
Sanjida Islam,T20I,28,415,320,397,28,223,28,6,11.43,80.6,56.17,8.56
NR Welch,Test,7,722,319,717,13,559,32,5,24.54,44.49,77.96,5.16
MRJ Watt,T20I,37,284,319,279,27,101,28,7,11.81,114.34,36.2,12.54
DM Bess,Test,13,712,319,710,13,548,39,2,24.54,44.93,77.18,5.77
L Ronchi,Test,4,432,319,432,10,288,41,6,31.9,73.84,66.67,10.88
HER Tyler,T20I,26,257,319,251,25,122,30,17,12.76,127.09,48.61,18.73
R Mutumbami,ODI,23,447,319,439,19,273,36,5,16.79,72.67,62.19,9.34
Anuj Rawat,IPL,21,276,318,267,14,114,26,14,22.71,119.1,42.7,14.98
CA Lynn,PSL,12,186,318,183,11,70,38,17,28.91,173.77,38.25,30.05
Amarpal Kaur,T20I,19,425,318,407,18,156,13,0,17.67,78.13,38.33,3.19
A Doddaballapur,T20I,25,486,318,433,17,217,20,2,18.71,73.44,50.12,5.08
Rahmanullah Gurbaz,PSL,15,205,318,199,14,80,28,21,22.71,159.8,40.2,24.62
E Niyomugabo,T20I,35,331,317,324,33,150,18,11,9.61,97.84,46.3,8.95
M Muralitharan,ODI,64,386,317,379,42,212,30,7,7.55,83.64,55.94,9.76
A Raza,T20I,18,217,316,203,20,94,36,18,15.8,155.67,46.31,26.6
NJ O'Brien,T20I,20,331,316,326,18,145,25,6,17.56,96.93,44.48,9.51
N Chaiwai,ODI,14,515,316,480,11,284,32,0,28.73,65.83,59.17,6.67
C Bull,T20I,27,429,316,395,26,224,40,0,12.15,80.0,56.71,10.13
Farhad Reza,ODI,25,522,316,501,18,336,34,6,17.56,63.07,67.07,7.98
WCF Smeed,PSL,10,240,315,234,10,93,36,11,31.5,134.62,39.74,20.09
A Augastin,T20I,13,276,315,262,11,110,35,8,28.64,120.23,41.98,16.41
JA Fitzgerald,T20I,30,237,315,225,18,82,14,20,17.5,140.0,36.44,15.11
LM Jongwe,ODI,28,398,315,391,22,226,31,5,14.32,80.56,57.8,9.21
Aniket Verma,IPL,20,205,315,196,15,72,18,25,21.0,160.71,36.73,21.94
DP Conway,PSL,11,249,315,244,9,99,36,11,35.0,129.1,40.57,19.26
RW Price,ODI,44,541,315,527,34,333,26,4,9.26,59.77,63.19,5.69
W Boshoff,T20I,20,351,314,335,17,145,17,7,18.47,93.73,43.28,7.16
Abhijeet Ahuja,T20I,16,355,313,322,17,145,25,7,18.41,97.2,45.03,9.94
D la Cock,ODI,15,475,313,466,13,321,38,6,24.08,67.17,68.88,9.44
PJ Moor,T20I,15,249,313,239,12,101,19,21,26.08,130.96,42.26,16.74
BJ Curran,ODI,5,407,313,395,4,219,35,0,78.25,79.24,55.44,8.86
Kamran Ghulam,Test,6,552,312,552,11,405,39,2,28.36,56.52,73.37,7.43
V Shukla,ODI,14,371,312,367,12,187,15,13,26.0,85.01,50.95,7.63
E Van Zyl,T20I,42,446,312,433,35,246,19,8,8.91,72.06,56.81,6.24
JWA Taylor,Test,7,755,312,753,11,580,32,2,28.36,41.43,77.03,4.52
O Kgeresi,T20I,40,573,311,507,32,299,17,0,9.72,61.34,58.97,3.35
Khawaja Nafay,PSL,20,250,311,242,18,93,24,15,17.28,128.51,38.43,16.12
H Deol,T20I,20,355,311,338,18,159,37,1,17.28,92.01,47.04,11.24
LN Oluoch,T20I,35,298,311,290,24,127,23,10,12.96,107.24,43.79,11.38
K Vijayaraghavan,T20I,32,566,311,520,24,296,19,0,12.96,59.81,56.92,3.65
NG Collins,T20I,15,357,311,339,14,176,29,4,22.21,91.74,51.92,9.73
R Vinay Kumar,IPL,42,289,310,274,26,103,21,9,11.92,113.14,37.59,10.95
Shaheen Shah Afridi,ODI,37,362,310,357,24,205,26,13,12.92,86.83,57.42,10.92
BM Scholtz,ODI,41,483,310,474,26,282,24,4,11.92,65.4,59.49,5.91
Amar Naeem,T20I,21,280,310,261,17,130,23,20,18.24,118.77,49.81,16.48
RJ Sidebottom,Test,18,883,309,880,19,725,37,0,16.26,35.11,82.39,4.2
AJ Hosein,ODI,30,409,309,396,19,214,18,12,16.26,78.03,54.04,7.58
HH Streak,Test,8,871,309,867,14,707,38,1,22.07,35.64,81.55,4.5
ML Hayden,T20I,9,218,308,214,6,95,37,13,51.33,143.93,44.39,23.36
Shiraz Khan,T20I,28,335,308,327,17,140,13,14,18.12,94.19,42.81,8.26
Nasir Hossain,T20I,20,288,308,283,16,102,24,5,19.25,108.83,36.04,10.25
Mohamed Rishwan,T20I,24,377,308,366,24,206,25,12,12.83,84.15,56.28,10.11
KAJ Roach,ODI,52,610,308,593,22,410,24,6,14.0,51.94,69.14,5.06
Haseebullah Khan,PSL,18,258,307,255,16,100,29,10,19.19,120.39,39.22,15.29
Zubayr Hamza,Test,8,740,307,738,16,596,42,2,19.19,41.6,80.76,5.96
F Banunaek,T20I,38,387,306,360,24,176,22,6,12.75,85.0,48.89,7.78
O Mondlane,T20I,32,529,306,463,33,291,35,0,9.27,66.09,62.85,7.56
Gull Feroza,T20I,22,328,306,318,19,166,43,0,16.11,96.23,52.2,13.52
G Candiru,T20I,15,370,306,350,15,162,22,2,20.4,87.43,46.29,6.86
Wahab Riaz,Test,27,729,306,727,36,560,32,5,8.5,42.09,77.03,5.09
Lalit Yadav,IPL,21,301,305,290,15,116,27,7,20.33,105.17,40.0,11.72
R Stokell,ODI,21,499,305,480,19,286,20,4,16.05,63.54,59.58,5.0
C Piparo,T20I,10,254,305,240,7,75,33,1,43.57,127.08,31.25,14.17
Mohammad Nawaz,ODI,19,366,305,353,13,191,20,14,23.46,86.4,54.11,9.63
SACA King,T20I,28,341,305,329,25,163,31,3,12.2,92.71,49.54,10.33
ADS Fletcher,ODI,23,503,305,488,23,345,36,6,13.26,62.5,70.7,8.61
Shamsur Rahman,Test,6,641,305,640,12,495,40,3,25.42,47.66,77.34,6.72
D Wulandari,T20I,17,373,305,347,12,160,26,0,25.42,87.9,46.11,7.49
DB Das,IPL,22,267,304,261,12,117,23,16,25.33,116.48,44.83,14.94
Shamima Sultana,ODI,14,540,304,527,14,359,35,1,21.71,57.69,68.12,6.83
KMA Paul,ODI,19,316,304,310,15,164,26,11,20.27,98.06,52.9,11.94
C de Grandhomme,IPL,21,229,303,225,15,82,18,18,20.2,134.67,36.44,16.0
TG Southee,T20I,46,224,303,218,29,93,20,18,10.45,138.99,42.66,17.43
S Vijay Unni,T20I,37,366,303,358,19,163,22,5,15.95,84.64,45.53,7.54
T Musekiwa,T20I,31,231,303,218,18,78,24,12,16.83,138.99,35.78,16.51
TK Curran,ODI,16,332,303,321,10,157,29,5,30.3,94.39,48.91,10.59
R Trumpelmann,T20I,30,254,302,243,18,94,20,16,16.78,124.28,38.68,14.81
Salma Khatun,T20I,33,354,302,344,22,139,23,1,13.73,87.79,40.41,6.98
DO Obuya,ODI,23,583,302,569,20,375,25,3,15.1,53.08,65.91,4.92
AE Paraam,T20I,10,210,302,205,6,65,29,13,50.33,147.32,31.71,20.49
B Sai Sudharsan,Test,6,785,302,780,11,615,38,0,27.45,38.72,78.85,4.87
Rameez Shahzad,T20I,15,312,302,299,12,128,24,6,25.17,101.0,42.81,10.03
LA Pomersbach,IPL,16,251,302,246,11,102,25,13,27.45,122.76,41.46,15.45
LL Dimba,T20I,18,384,301,358,15,197,40,0,20.07,84.08,55.03,11.17
Raqibul Hasan,Test,8,739,301,737,15,574,33,1,20.07,40.84,77.88,4.61
AR White,ODI,23,498,301,487,23,287,23,0,13.09,61.81,58.93,4.72
LE Bosman,ODI,12,318,301,305,12,177,37,9,25.08,98.69,58.03,15.08
JI Rodrigues,Test,4,457,301,457,7,313,45,0,43.0,65.86,68.49,9.85
Amjad Sher,T20I,29,267,301,247,25,103,19,13,12.04,121.86,41.7,12.96
UBT Chand,IPL,20,314,300,300,20,155,32,9,15.0,100.0,51.67,13.67
Shadab Khan,Test,6,480,300,479,9,328,38,0,33.33,62.63,68.48,7.93
Anwar Ali,ODI,15,339,300,331,12,172,27,7,25.0,90.63,51.96,10.27
A Nel,Test,22,600,300,600,29,465,37,5,10.34,50.0,77.5,7.0
Mazharul Islam,T20I,18,345,300,335,14,177,38,1,21.43,89.55,52.84,11.64
Ramandeep Singh,IPL,26,212,299,205,16,68,17,19,18.69,145.85,33.17,17.56
JO Holder,IPL,30,244,299,238,23,100,14,21,13.0,125.63,42.02,14.71
NL McCullum,T20I,38,310,299,297,30,125,19,8,9.97,100.67,42.09,9.09
Shorna Akter,ODI,24,453,299,434,20,261,22,6,14.95,68.89,60.14,6.45
J Sumerauer,T20I,26,223,299,216,16,73,20,12,18.69,138.43,33.8,14.81
S Luus,Test,4,696,299,695,8,540,35,1,37.38,43.02,77.7,5.18
S Joseph,Test,11,337,299,335,20,217,33,13,14.95,89.25,64.78,13.73
MD Gunathilaka,Test,8,600,299,597,16,447,32,3,18.69,50.08,74.87,5.86
MR Adair,Test,6,423,298,423,10,292,40,5,29.8,70.45,69.03,10.64
HA Jackson,T20I,23,378,298,356,21,187,22,4,14.19,83.71,52.53,7.3
RA Reifer,Test,8,739,298,735,13,580,38,2,22.92,40.54,78.91,5.44
K Doriga,T20I,28,297,298,290,24,136,18,10,12.42,102.76,46.9,9.66
RR Sarwan,T20I,16,298,298,286,14,102,19,6,21.29,104.2,35.66,8.74
Sohail Tanvir,PSL,36,281,298,278,18,109,20,12,16.56,107.19,39.21,11.51
TAM Siriwardana,Test,5,455,298,454,9,330,32,11,33.11,65.64,72.69,9.47
SJ Bryce,ODI,10,417,298,396,12,223,35,0,24.83,75.25,56.31,8.84
Shantanu Kaveri,T20I,24,393,298,368,22,180,17,1,13.55,80.98,48.91,4.89
PA Nixon,ODI,18,351,297,347,15,171,21,7,19.8,85.59,49.28,8.07
Muhammad Shahdad,ODI,7,387,297,383,7,215,19,11,42.43,77.55,56.14,7.83
MS Chapman,PSL,11,196,297,187,8,48,25,14,37.12,158.82,25.67,20.86
Mohammad Sami,Test,18,868,297,863,24,716,32,4,12.38,34.41,82.97,4.17
MS Maker,T20I,12,223,296,217,5,71,20,13,59.2,136.41,32.72,15.21
Amna Tariq,T20I,45,625,296,588,43,373,16,0,6.88,50.34,63.44,2.72
Mosaddek Hossain,T20I,26,277,296,264,19,93,19,10,15.58,112.12,35.23,10.98
MLN Sissako,T20I,24,521,296,467,25,312,38,0,11.84,63.38,66.81,8.14
AM Kimote,T20I,39,317,295,304,24,142,24,6,12.29,97.04,46.71,9.87
DJG Sammy,IPL,20,251,295,241,15,98,15,18,19.67,122.41,40.66,13.69
A King,ODI,22,306,295,297,14,155,17,17,21.07,99.33,52.19,11.45
JM Clarke,PSL,12,220,295,215,10,77,25,13,29.5,137.21,35.81,17.67
Adri van der Merwe,T20I,16,407,295,355,10,170,24,0,29.5,83.1,47.89,6.76
NM Hauritz,ODI,27,317,295,309,15,132,20,6,19.67,95.47,42.72,8.41
AS Hansra,ODI,14,538,295,527,13,347,20,6,22.69,55.98,65.84,4.93
LC Sthalekar,Test,5,804,295,800,8,640,25,0,36.88,36.88,80.0,3.12
Asmavia Iqbal,T20I,32,315,294,309,26,139,16,12,11.31,95.15,44.98,9.06
Khalid Kail,T20I,18,269,294,266,13,105,22,11,22.62,110.53,39.47,12.41
Y Saranonnakkun,T20I,39,362,294,349,38,195,23,10,7.74,84.24,55.87,9.46
Natalia Pervaiz,ODI,16,397,294,383,13,203,28,2,22.62,76.76,53.0,7.83
L Winfield-Hill,ODI,13,474,294,447,12,288,35,2,24.5,65.77,64.43,8.28
BJ McCarthy,T20I,34,253,293,244,22,99,19,16,13.32,120.08,40.57,14.34
Mirza Ahsan,T20I,18,211,293,197,17,73,22,14,17.24,148.73,37.06,18.27
SP Goswami,IPL,21,307,293,295,20,131,32,3,14.65,99.32,44.41,11.86
AJ Hosein,T20I,36,268,293,262,17,114,18,15,17.24,111.83,43.51,12.6
Jasdeep Singh,ODI,26,427,293,422,23,249,19,9,12.74,69.43,59.0,6.64
E Sandy,T20I,27,398,293,367,29,202,32,0,10.1,79.84,55.04,8.72
FA Allen,T20I,28,220,293,214,21,97,20,21,13.95,136.92,45.33,19.16
DLS van Bunge,ODI,12,519,293,508,13,351,27,5,22.54,57.68,69.09,6.3
C Brits,ODI,7,421,292,410,8,238,19,0,36.5,71.22,58.05,4.63
P Kumar,ODI,33,338,292,331,23,169,25,7,12.7,88.22,51.06,9.67
A Manohar,IPL,20,243,292,235,19,91,23,14,15.37,124.26,38.72,15.74
A Makri,T20I,25,482,292,426,22,245,29,0,13.27,68.54,57.51,6.81
PVD Chameera,ODI,36,502,292,489,24,313,22,3,12.17,59.71,64.01,5.11
DR Patankar,T20I,22,309,291,278,20,131,30,6,14.55,104.68,47.12,12.95
Mashrafe Mortaza,T20I,35,230,291,225,26,103,26,15,11.19,129.33,45.78,18.22
Thuya Aung,T20I,29,518,291,496,28,309,20,5,10.39,58.67,62.3,5.04
JP Inglis,IPL,12,182,291,176,11,64,29,16,26.45,165.34,36.36,25.57
CA Lynn,T20I,16,232,291,221,14,94,28,14,20.79,131.67,42.53,19.0
JL Jonassen,Test,6,561,291,561,10,406,32,2,29.1,51.87,72.37,6.06
Omar Rassol,T20I,20,270,291,247,15,128,23,18,19.4,117.81,51.82,16.6
KK Lin Thu,T20I,29,444,291,407,26,233,25,3,11.19,71.5,57.25,6.88
LV Boas,T20I,30,361,290,324,28,177,33,0,10.36,89.51,54.63,10.19
H Karunaratne,ODI,19,577,290,563,15,389,31,1,19.33,51.51,69.09,5.68
SMSM Senanayake,ODI,33,321,290,311,24,163,31,6,12.08,93.25,52.41,11.9
MV Waldron,ODI,21,639,290,624,20,438,26,0,14.5,46.47,70.19,4.17
SM Kavanagh,T20I,34,341,290,336,27,154,23,2,10.74,86.31,45.83,7.44
B de Leede,ODI,13,435,289,410,13,238,32,1,22.23,70.49,58.05,8.05
D Dhingra,ODI,9,443,289,423,7,265,36,0,41.29,68.32,62.65,8.51
CPPM Sadun,T20I,18,334,289,312,15,141,24,3,19.27,92.63,45.19,8.65
C Brennan,T20I,22,257,289,251,14,98,18,13,20.64,115.14,39.04,12.35
CR Brathwaite,T20I,25,267,289,261,19,122,13,19,15.21,110.73,46.74,12.26
AM Blignaut,Test,6,440,289,439,12,316,36,8,24.08,65.83,71.98,10.02
S Veerapathiran,T20I,30,246,289,237,22,101,19,16,13.14,121.94,42.62,14.77
Sahir Naqash,T20I,22,219,288,211,12,62,18,11,24.0,136.49,29.38,13.74
J Broad,T20I,9,250,288,241,7,70,26,3,41.14,119.5,29.05,12.03
A Kheterpal,T20I,16,261,288,234,11,94,33,7,26.18,123.08,40.17,17.09
AF Giles,ODI,19,392,288,380,14,194,21,4,20.57,75.79,51.05,6.58
MK Tiwary,ODI,12,412,287,403,12,223,24,3,23.92,71.22,55.33,6.7
BG Rogers,ODI,8,410,287,398,9,244,37,1,31.89,72.11,61.31,9.55
S Niyomuhoza,T20I,24,388,287,361,20,193,30,2,14.35,79.5,53.46,8.86
C Madande,ODI,13,390,287,380,13,208,29,0,22.08,75.53,54.74,7.63
D Nanayakkara,T20I,27,297,286,264,24,126,44,1,11.92,108.33,47.73,17.05
Pooja Ganesh,T20I,23,296,286,282,17,102,25,1,16.82,101.42,36.17,9.22
L Tshuma,ODI,22,470,286,443,20,297,37,1,14.3,64.56,67.04,8.58
H Hotchandani,T20I,31,397,286,381,24,193,23,0,11.92,75.07,50.66,6.04
LH Rodrigues,T20I,16,294,286,286,15,141,27,6,19.07,100.0,49.3,11.54
YS Chauhan,T20I,9,207,286,204,7,79,26,14,40.86,140.2,38.73,19.61
FDW McCreath,ODI,10,409,286,398,10,217,23,3,28.6,71.86,54.52,6.53
HDRL Thirimanne,T20I,19,256,285,254,16,96,26,5,17.81,112.2,37.8,12.2
Y Nagar,IPL,20,271,285,259,15,101,20,9,19.0,110.04,39.0,11.2
M Theekshana,ODI,30,580,284,557,18,365,19,1,15.78,50.99,65.53,3.59
GH Vihari,IPL,23,331,284,321,20,136,23,1,14.2,88.47,42.37,7.48
AJ Stewart,Test,5,560,284,558,7,428,44,0,40.57,50.9,76.7,7.89
HNK Jensen,ODI,25,389,284,378,24,216,32,1,11.83,75.13,57.14,8.73
AM Blignaut,ODI,20,264,284,256,17,118,33,5,16.71,110.94,46.09,14.84
Khaled Mahmud,ODI,26,483,283,467,24,292,21,2,11.79,60.6,62.53,4.93
PRCS Kumarihami,ODI,20,764,283,730,19,534,25,0,14.89,38.77,73.15,3.42
Kashif Daud,ODI,16,318,282,310,8,166,19,13,35.25,90.97,53.55,10.32
VVS Laxman,IPL,20,271,282,267,16,119,33,5,17.62,105.62,44.57,14.23
JD Campbell,ODI,8,270,282,264,8,132,29,9,35.25,106.82,50.0,14.39
SF Tiai,T20I,19,255,282,243,16,119,23,15,17.62,116.05,48.97,15.64
Imran Ameer,T20I,18,266,282,256,12,96,29,4,23.5,110.16,37.5,12.89
TT Soe,T20I,30,415,281,387,28,214,26,0,10.04,72.61,55.3,6.72
ES Szwarczynski,ODI,12,482,281,467,10,307,29,1,28.1,60.17,65.74,6.42
S Samarawickrama,Test,7,374,281,374,12,242,36,1,23.42,75.13,64.71,9.89
S Dhaniram,ODI,11,316,281,309,12,145,23,4,23.42,90.94,46.93,8.74
Rizpha Bano,T20I,24,355,281,334,19,184,39,0,14.79,84.13,55.09,11.68
S Chattergoon,ODI,9,441,281,438,8,316,42,3,35.12,64.16,72.15,10.27
S Randiv,ODI,17,390,280,382,14,219,28,1,20.0,73.3,57.33,7.59
Tayyab Tahir,PSL,11,202,280,193,9,62,30,9,31.11,145.08,32.12,20.21
AP Devcich,PSL,10,214,280,207,10,75,26,12,28.0,135.27,36.23,18.36
Asad Shafiq,PSL,16,271,280,267,16,118,31,5,17.5,104.87,44.19,13.48
C Munoz-Mills,T20I,24,221,280,216,11,85,23,12,25.45,129.63,39.35,16.2
HV Patel,IPL,44,250,280,238,30,100,18,15,9.33,117.65,42.02,13.87
B Chipli,IPL,21,256,280,251,16,104,28,7,17.5,111.55,41.43,13.94
Hannan Sarkar,ODI,13,537,280,505,12,353,28,2,23.33,55.45,69.9,5.94
SA Engelbrecht,T20I,10,217,280,211,8,70,21,12,35.0,132.7,33.18,15.64
A Ashish Reddy,IPL,23,196,280,193,15,58,16,15,18.67,145.08,30.05,16.06
Fanyan Mughal,T20I,23,276,279,257,22,131,23,14,12.68,108.56,50.97,14.4
NO Miller,ODI,26,362,279,355,17,196,23,4,16.41,78.59,55.21,7.61
Divyendra Singh,T20I,18,292,279,277,17,121,29,4,16.41,100.72,43.68,11.91
ST Finn,Test,31,902,279,901,25,767,36,0,11.16,30.97,85.13,4.0
OU Ranasinghe,ODI,24,489,279,474,20,291,28,0,13.95,58.86,61.39,5.91
CN Greaves,T20I,25,270,278,254,14,102,22,7,19.86,109.45,40.16,11.42
HB Dickson,T20I,13,203,278,197,11,71,29,11,25.27,141.12,36.04,20.3
LMP Simmons,Test,8,597,278,593,16,453,28,4,17.38,46.88,76.39,5.4
KC Brathwaite,ODI,10,494,278,483,9,277,15,0,30.89,57.56,57.35,3.11
MJ Lumb,IPL,12,198,278,194,10,89,45,6,27.8,143.3,45.88,26.29
AJ Finch,Test,5,618,278,618,10,483,30,1,27.8,44.98,78.16,5.02
S Uwera,T20I,26,455,277,431,23,256,18,0,12.04,64.27,59.4,4.18
M Pascal,T20I,14,305,277,286,13,138,34,0,21.31,96.85,48.25,11.89
PBB Rajapaksa,IPL,13,201,277,191,12,70,22,15,23.08,145.03,36.65,19.37
Ali Naseer,T20I,24,225,277,216,17,70,18,11,16.29,128.24,32.41,13.43
MD Dai,ODI,10,367,277,362,9,211,26,5,30.78,76.52,58.29,8.56
AC Agar,T20I,28,285,277,273,21,114,19,9,13.19,101.47,41.76,10.26
D Hemalatha,T20I,21,256,276,247,16,110,28,8,17.25,111.74,44.53,14.57
JC Archer,IPL,35,200,276,193,20,67,15,18,13.8,143.01,34.72,17.1
S Horley,ODI,5,356,276,347,7,179,33,0,39.43,79.54,51.59,9.51
Hassan Khan,PSL,25,200,276,194,15,60,18,13,18.4,142.27,30.93,15.98
Ali Nayyer,T20I,20,223,275,213,14,70,15,13,19.64,129.11,32.86,13.15
Ilyas Ataullah,T20I,15,212,275,199,12,97,29,16,22.92,138.19,48.74,22.61
M Muralitharan,Test,28,355,275,355,31,241,29,10,8.87,77.46,67.89,10.99
TAM Siriwardana,T20I,19,217,275,208,16,55,16,12,17.19,132.21,26.44,13.46
Mohammad Naveed,ODI,27,267,275,258,20,145,23,16,13.75,106.59,56.2,15.12
Idrees Ul Haque,T20I,15,226,275,219,15,113,34,10,18.33,125.57,51.6,20.09
Moin Khan,ODI,15,318,274,314,11,147,21,3,24.91,87.26,46.82,7.64
P Cuinica,T20I,26,475,274,413,22,251,27,0,12.45,66.34,60.77,6.54
PK Garg,IPL,19,247,273,241,19,86,16,9,14.37,113.28,35.68,10.37
MG Bracewell,PSL,15,171,273,165,13,58,24,17,21.0,165.45,35.15,24.85
PS Punia,ODI,11,503,273,479,10,320,31,1,27.3,56.99,66.81,6.68
SS McKechnie,T20I,23,287,273,275,15,108,20,3,18.2,99.27,39.27,8.36
DT Christian,ODI,18,313,273,307,13,153,23,3,21.0,88.93,49.84,8.47
S Ismail,ODI,41,551,273,535,31,366,23,1,8.81,51.03,68.41,4.49
SR Harmer,Test,13,738,273,738,16,574,23,1,17.06,36.99,77.78,3.25
GH Worker,ODI,10,389,272,379,8,211,23,3,34.0,71.77,55.67,6.86
BBJL Perera,T20I,12,251,272,249,11,113,27,8,24.73,109.24,45.38,14.06
Md Ariyan,T20I,11,209,272,197,9,82,20,18,30.22,138.07,41.62,19.29
PWA Mulder,ODI,21,308,272,301,17,140,27,3,16.0,90.37,46.51,9.97
C Karunaratne,T20I,33,266,272,257,21,109,13,11,12.95,105.84,42.41,9.34
AC Gilchrist,T20I,13,203,272,192,12,82,27,13,22.67,141.67,42.71,20.83
S Pandey,ODI,21,313,271,309,15,163,36,1,18.07,87.7,52.75,11.97
JA Burns,T20I,8,198,271,195,7,69,26,10,38.71,138.97,35.38,18.46
A Kano,T20I,29,420,271,379,27,191,20,0,10.04,71.5,50.4,5.28
MJ Guptill,IPL,13,197,271,197,12,88,24,15,22.58,137.56,44.67,19.8
HJ Thomas,T20I,21,386,271,370,22,208,24,2,12.32,73.24,56.22,7.03
JW Hastings,ODI,18,281,271,273,10,142,29,8,27.1,99.27,52.01,13.55
FH Edwards,Test,34,918,271,915,39,768,32,1,6.95,29.62,83.93,3.61
J van Heerden,T20I,9,232,271,225,7,87,36,2,38.71,120.44,38.67,16.89
Umar Amin,ODI,16,408,271,392,14,236,28,2,19.36,69.13,60.2,7.65
L Goodall,T20I,15,254,270,243,11,89,31,2,24.55,111.11,36.63,13.58
RR Sharan,T20I,15,289,270,271,15,154,20,16,18.0,99.63,56.83,13.28
SP Krishnamurthi,ODI,12,279,270,276,10,134,16,12,27.0,97.83,48.55,10.14
KL Cross,ODI,31,391,270,378,20,221,29,1,13.5,71.43,58.47,7.94
C Connolly,IPL,8,166,270,161,7,57,24,18,38.57,167.7,35.4,26.09
Irfan Hafejee,T20I,16,337,270,323,15,177,28,4,18.0,83.59,54.8,9.91
C Bosch,ODI,10,254,270,248,7,107,29,5,38.57,108.87,43.15,13.71
T Rossi,T20I,21,242,270,239,16,109,15,13,16.88,112.97,45.61,11.72
Rizwan Butt,T20I,42,242,270,228,30,92,7,20,9.0,118.42,40.35,11.84
Muhammad Zohaib,T20I,13,273,270,263,12,121,27,6,22.5,102.66,46.01,12.55
LE Bosman,T20I,12,192,270,186,12,85,22,18,22.5,145.16,45.7,21.51
MJ Henry,ODI,37,298,270,290,25,162,22,11,10.8,93.1,55.86,11.38
R Sathish,IPL,24,236,270,231,16,87,22,6,16.88,116.88,37.66,12.12
Harmeet Singh,ODI,16,254,270,246,12,118,17,15,22.5,109.76,47.97,13.01
JL Jonassen,T20I,31,324,269,315,29,143,22,2,9.28,85.4,45.4,7.62
Noman Amjad,T20I,29,273,269,264,24,103,14,7,11.21,101.89,39.02,7.95
Anoop Orsu,T20I,22,235,269,223,16,99,20,13,16.81,120.63,44.39,14.8
ABY Smith,T20I,16,442,269,390,16,195,13,0,16.81,68.97,50.0,3.33
M Spoors,T20I,9,231,269,225,8,98,30,6,33.62,119.56,43.56,16.0
G Toka,ODI,21,496,268,483,21,324,21,2,12.76,55.49,67.08,4.76
JV Chand,T20I,10,260,268,252,10,96,23,6,26.8,106.35,38.1,11.51
Sohaib Maqsood,T20I,20,238,268,230,20,102,20,11,13.4,116.52,44.35,13.48
CL Cairns,Test,2,321,268,321,3,210,32,10,89.33,83.49,65.42,13.08
JR Philippe,PSL,11,182,268,177,11,49,30,7,24.36,151.41,27.68,20.9
S Chinawa,T20I,27,449,268,392,23,237,25,1,11.65,68.37,60.46,6.63
JC Archer,Test,17,513,268,513,25,379,33,4,10.72,52.24,73.88,7.21
M Morkel,ODI,42,364,268,354,30,208,24,7,8.93,75.71,58.76,8.76
DL Hemp,ODI,11,398,268,391,9,254,32,3,29.78,68.54,64.96,8.95
P Aho,T20I,34,245,268,237,17,92,19,6,15.76,113.08,38.82,10.55
C De Freitas,T20I,6,152,267,145,6,41,27,12,44.5,184.14,28.28,26.9
AT Carey,T20I,28,250,267,243,25,98,23,7,10.68,109.88,40.33,12.35
A Kolan,T20I,18,344,267,332,16,146,14,0,16.69,80.42,43.98,4.22
R Abdulkareem,T20I,30,322,267,311,21,167,19,9,12.71,85.85,53.7,9.0
RE van der Merwe,ODI,26,302,267,295,20,135,17,7,13.35,90.51,45.76,8.14
HC Brook,PSL,8,159,267,157,5,36,23,11,53.4,170.06,22.93,21.66
Mohammad Saifuddin,T20I,23,240,266,228,12,91,21,10,22.17,116.67,39.91,13.6
S Vesawkar,T20I,16,272,266,267,10,112,20,7,26.6,99.63,41.95,10.11
PR Stirling,PSL,10,161,266,160,9,62,33,12,29.56,166.25,38.75,28.12
TA Blundell,ODI,12,309,266,307,9,158,28,2,29.56,86.64,51.47,9.77
P Rathnayake,T20I,10,185,266,181,9,51,27,7,29.56,146.96,28.18,18.78
B Bezuidenhout,ODI,13,370,266,350,13,191,26,0,20.46,76.0,54.57,7.43
Shamsur Rahman,ODI,9,357,266,348,9,205,23,9,29.56,76.44,58.91,9.2
S Shillingford,Test,16,629,266,628,20,521,30,9,13.3,42.36,82.96,6.21
R Baaleri,T20I,18,337,265,316,17,154,19,2,15.59,83.86,48.73,6.65
Steven Ryan Taylor,T20I,8,213,265,207,7,89,28,10,37.86,128.02,43.0,18.36
Suman Ghimire,T20I,10,226,265,218,7,87,29,5,37.86,121.56,39.91,15.6
Rubel Hossain,Test,27,603,265,603,28,486,34,4,9.46,43.95,80.6,6.3
A Lyth,Test,7,532,265,529,12,420,40,1,22.08,50.09,79.4,7.75
A Argyropoulou,T20I,24,485,265,406,23,238,24,0,11.52,65.27,58.62,5.91
Fayaz Khan,T20I,17,161,265,156,14,61,16,23,18.93,169.87,39.1,25.0
G Motie,Test,10,419,265,418,12,290,34,1,22.08,63.4,69.38,8.37
P Pushparajan,T20I,10,182,265,177,11,65,22,14,24.09,149.72,36.72,20.34
AUKDS Kalugala,T20I,16,234,265,218,16,114,29,11,16.56,121.56,52.29,18.35
Rafiullah,T20I,22,160,265,151,20,64,13,26,13.25,175.5,42.38,25.83
BI Dilruksha,T20I,13,262,265,248,13,118,26,9,20.38,106.85,47.58,14.11
Washington Sundar,T20I,23,212,265,200,15,81,21,14,17.67,132.5,40.5,17.5
AC Botha,ODI,17,419,265,405,13,256,28,2,20.38,65.43,63.21,7.41
MV Boucher,T20I,19,281,264,269,15,103,22,2,17.6,98.14,38.29,8.92
Hamid Mahmood,T20I,14,256,264,250,9,98,22,6,29.33,105.6,39.2,11.2
AR Cusack,ODI,23,422,264,412,14,248,23,2,18.86,64.08,60.19,6.07
BA Carse,ODI,21,341,264,329,15,175,16,9,17.6,80.24,53.19,7.6
R Mutumbami,T20I,18,228,264,222,17,94,17,14,15.53,118.92,42.34,13.96
SJ Taylor,Test,8,535,264,535,12,416,43,0,22.0,49.35,77.76,8.04
LA Marsh,ODI,24,465,264,450,17,282,25,0,15.53,58.67,62.67,5.56
F Samanyika,T20I,23,526,263,478,23,309,21,0,11.43,55.02,64.64,4.39
MJ Hoggard,Test,31,1132,263,1130,37,967,28,0,7.11,23.27,85.58,2.48
Osama Mahmood,T20I,12,249,263,225,10,96,25,7,26.3,116.89,42.67,14.22
A Turay,T20I,16,267,263,250,16,127,29,5,16.44,105.2,50.8,13.6
AN Lascu,T20I,9,198,263,185,7,85,37,10,37.57,142.16,45.95,25.41
A Turkmen,T20I,15,213,262,197,11,77,24,12,23.82,132.99,39.09,18.27
Taufeeq Umar,ODI,11,504,262,474,10,334,33,0,26.2,55.27,70.46,6.96
Abdul-Shakoor Rahimzei,T20I,18,249,262,238,14,108,21,7,18.71,110.08,45.38,11.76
M Musonda,ODI,13,405,262,382,12,228,28,0,21.83,68.59,59.69,7.33
Mehran Khan,T20I,32,257,262,249,27,104,14,12,9.7,105.22,41.77,10.44
Najiha Alvi,ODI,13,349,262,338,10,161,18,1,26.2,77.51,47.63,5.62
R Tari,T20I,26,256,262,254,19,102,11,9,13.79,103.15,40.16,7.87
D Pretorius,T20I,17,166,261,159,12,55,22,15,21.75,164.15,34.59,23.27
UDU Chandana,ODI,20,397,261,393,15,225,19,2,17.4,66.41,57.25,5.34
Muslim Yar,T20I,22,219,261,214,17,93,16,15,15.35,121.96,43.46,14.49
XM Marshall,T20I,17,267,261,257,18,120,22,8,14.5,101.56,46.69,11.67
S Fouché,ODI,10,403,261,386,10,220,22,2,26.1,67.62,56.99,6.22
SA Wijeratne,T20I,13,224,261,214,11,93,38,2,23.73,121.96,43.46,18.69
H Hiri,T20I,16,256,261,253,12,112,22,7,21.75,103.16,44.27,11.46
Atharva Taide,IPL,10,188,260,177,9,63,30,8,28.89,146.89,35.59,21.47
Mirza Baig,PSL,12,216,260,211,13,98,30,10,20.0,123.22,46.45,18.96
A Venkatesh,T20I,15,255,260,241,11,88,24,2,23.64,107.88,36.51,10.79
KH Abe,T20I,21,227,260,215,17,92,16,13,15.29,120.93,42.79,13.49
M Kaif,IPL,22,258,259,250,16,111,22,6,16.19,103.6,44.4,11.2
C Hartmann,T20I,19,267,259,259,14,110,16,9,18.5,100.0,42.47,9.65
IDR Bradshaw,ODI,25,423,259,414,15,247,18,4,17.27,62.56,59.66,5.31
IJ Harvey,ODI,17,287,259,282,12,144,31,2,21.58,91.84,51.06,11.7
TS Kamunhukamwe,T20I,12,256,259,246,13,129,25,10,19.92,105.28,52.44,14.23
Taskin Ahmed,Test,16,558,259,558,24,421,27,3,10.79,46.42,75.45,5.38
Waqas Barkat,T20I,25,286,259,281,24,116,20,0,10.79,92.17,41.28,7.12
Ayesha Hasan,T20I,17,411,259,343,22,175,19,0,11.77,75.51,51.02,5.54
LB Ferbrache,T20I,19,296,258,286,13,110,12,4,19.85,90.21,38.46,5.59
SY Nihute,T20I,17,298,258,292,15,125,14,4,17.2,88.36,42.81,6.16
Z Bimenyimana,T20I,44,222,258,212,32,109,15,15,8.06,121.7,51.42,14.15
Lucas Rossi,T20I,17,275,258,265,16,130,24,4,16.12,97.36,49.06,10.57
Azhar Andani,T20I,11,261,258,242,10,105,30,1,25.8,106.61,43.39,12.81
Amoluk Singh,T20I,12,249,258,240,11,124,36,5,23.45,107.5,51.67,17.08
AJ Bichel,ODI,14,291,258,287,9,137,17,8,28.67,89.9,47.74,8.71
JE Taylor,ODI,38,300,258,296,30,170,29,5,8.6,87.16,57.43,11.49
K Shrestha,T20I,31,369,257,343,24,198,25,0,10.71,74.93,57.73,7.29
Sheraz Sheikh,T20I,24,276,257,265,18,147,12,18,14.28,96.98,55.47,11.32
JT Smuts,T20I,19,247,257,236,19,118,27,10,13.53,108.9,50.0,15.68
CB Wishart,Test,5,499,257,499,9,388,35,3,28.56,51.5,77.76,7.62
AB Kaur,ODI,17,340,257,333,13,166,24,1,19.77,77.18,49.85,7.51
A Natubhai Ahir,T20I,20,283,257,273,20,151,17,12,12.85,94.14,55.31,10.62
I Udana,T20I,24,191,256,186,16,71,16,14,16.0,137.63,38.17,16.13
Shaheen Shah Afridi,Test,28,599,256,597,33,488,33,5,7.76,42.88,81.74,6.37
RRS Cornwall,Test,9,427,256,424,13,304,35,4,19.69,60.38,71.7,9.2
DBL Powell,Test,19,676,256,675,26,539,35,0,9.85,37.93,79.85,5.19
A Brindle,T20I,18,266,256,262,12,87,12,1,21.33,97.71,33.21,4.96
Mehboob Ali,T20I,10,137,255,130,10,57,27,20,25.5,196.15,43.85,36.15
SL Malinga,Test,16,538,255,536,19,424,34,6,13.42,47.57,79.1,7.46
L Wolvaardt,Test,4,627,255,627,8,505,35,0,31.88,40.67,80.54,5.58
AA Patil,T20I,24,243,255,240,15,91,26,1,17.0,106.25,37.92,11.25
R Gunasekera,ODI,13,463,255,443,13,296,19,4,19.62,57.56,66.82,5.19
Ritik Tomar,T20I,21,238,255,222,17,96,21,9,15.0,114.86,43.24,13.51
SE Marsh,T20I,15,254,255,248,13,105,15,10,19.62,102.82,42.34,10.08
Kashif Siddique,T20I,11,192,254,184,12,83,39,6,21.17,138.04,45.11,24.46
KJ Garth,ODI,22,469,254,454,15,280,19,1,16.93,55.95,61.67,4.41
TT Aung,T20I,23,422,254,394,20,238,27,0,12.7,64.47,60.41,6.85
NMS Param,T20I,12,210,254,201,9,63,21,7,28.22,126.37,31.34,13.93
M Kasselman,T20I,17,265,254,252,13,122,20,9,19.54,100.79,48.41,11.51
BB Chari,Test,7,644,254,642,14,520,26,6,18.14,39.56,81.0,4.98
JM Anderson,ODI,64,514,254,498,34,337,22,0,7.47,51.0,67.67,4.42
CMW Read,Test,7,552,254,550,10,414,26,3,25.4,46.18,75.27,5.27
A Suwanchonrathi,T20I,24,352,253,341,23,194,26,0,11.0,74.19,56.89,7.62
Khizar Hayat,T20I,29,270,253,261,19,90,15,5,13.32,96.93,34.48,7.66
Sayed Monib,T20I,24,144,253,139,15,43,14,22,16.87,182.01,30.94,25.9
Yasin Patel,T20I,29,298,253,287,17,121,10,8,14.88,88.15,42.16,6.27
NGRP Jayasuriya,Test,19,766,253,764,30,626,27,0,8.43,33.12,81.94,3.53
M Jansen,T20I,19,178,252,175,14,76,15,20,18.0,144.0,43.43,20.0
Javed Hina,T20I,20,346,252,306,14,159,28,0,18.0,82.35,51.96,9.15
CP Rizwan,T20I,12,230,252,224,10,72,21,4,25.2,112.5,32.14,11.16
JL Gunn,Test,6,760,252,756,8,616,26,0,31.5,33.33,81.48,3.44
S Sreesanth,Test,25,485,252,484,27,373,34,4,9.33,52.07,77.07,7.85
S Tippoch,T20I,36,384,252,371,26,206,18,1,9.69,67.92,55.53,5.12
Sohail Khan,Test,8,329,252,328,9,236,34,8,28.0,76.83,71.95,12.8
CD McMillan,Test,5,464,252,464,6,333,27,4,42.0,54.31,71.77,6.68
P Khadka,ODI,8,317,252,308,7,189,33,3,36.0,81.82,61.36,11.69
NM Coulter-Nile,ODI,20,275,252,262,15,124,20,6,16.8,96.18,47.33,9.92
JP Duminy,PSL,9,255,251,249,9,108,22,8,27.89,100.8,43.37,12.05
Manjural Islam Rana,ODI,13,468,251,457,9,295,17,0,27.89,54.92,64.55,3.72
K Rabada,IPL,32,247,250,231,19,104,19,11,13.16,108.23,45.02,12.99
KO Otieno,ODI,18,595,250,571,19,434,29,4,13.16,43.78,76.01,5.78
A Parima,T20I,15,232,250,217,14,107,25,11,17.86,115.21,49.31,16.59
Tushar Imran,ODI,21,477,250,460,19,319,27,1,13.16,54.35,69.35,6.09
FA Cossa,T20I,15,235,250,222,10,119,24,13,25.0,112.61,53.6,16.67
RA Herman,T20I,11,201,250,198,9,79,21,10,27.78,126.26,39.9,15.66
I Dulani,T20I,9,224,249,220,7,87,36,0,35.57,113.18,39.55,16.36
DA Marillier,ODI,10,355,249,350,10,200,23,2,24.9,71.14,57.14,7.14
SH Venugopal,T20I,13,235,249,231,11,81,14,7,22.64,107.79,35.06,9.09
NJ Carey,ODI,13,228,249,220,7,70,21,2,35.57,113.18,31.82,10.45
B Kohler-Cadmore,T20I,7,137,249,127,6,42,29,14,41.5,196.06,33.07,33.86
Kanchan Rana,T20I,14,295,249,261,13,107,19,0,19.15,95.4,41.0,7.28
Amjad Ali,ODI,10,387,249,375,10,248,33,0,24.9,66.4,66.13,8.8
RV Uthappa,T20I,12,215,249,211,10,87,26,6,24.9,118.01,41.23,15.17
Aminuddin Ramly,T20I,19,170,249,167,15,55,11,19,16.6,149.1,32.93,17.96
JS Malhotra,T20I,14,219,248,213,12,75,18,9,20.67,116.43,35.21,12.68
M Raikes,T20I,7,175,248,161,6,50,25,10,41.33,154.04,31.06,21.74
J Yadav,Test,6,578,248,575,8,444,30,1,31.0,43.13,77.22,5.39
AI Chudasama,T20I,22,286,248,271,15,118,22,2,16.53,91.51,43.54,8.86
SR Clark,Test,21,355,248,354,19,242,22,6,13.05,70.06,68.36,7.91
Muhammad Siddiqui,T20I,11,228,248,208,12,103,24,12,20.67,119.23,49.52,17.31
B Bezuidenhout,T20I,23,253,247,244,20,117,30,2,12.35,101.23,47.95,13.11
D Muhumuza,T20I,18,258,247,248,11,115,19,9,22.45,99.6,46.37,11.29
Wasim Ali,T20I,15,204,247,197,12,72,18,12,20.58,125.38,36.55,15.23
Taranjit Singh,T20I,14,123,247,114,11,30,18,21,22.45,216.67,26.32,34.21
SN Shihepo,T20I,48,350,247,335,30,176,19,0,8.23,73.73,52.54,5.67
K Gowtham,IPL,27,159,247,148,18,50,15,17,13.72,166.89,33.78,21.62
Abhishek Ahuja,T20I,12,227,246,216,12,93,19,10,20.5,113.89,43.06,13.43
Mohammad Sami,ODI,24,362,246,357,16,206,12,8,15.38,68.91,57.7,5.6
Festus Benn,T20I,20,330,246,317,14,176,24,2,17.57,77.6,55.52,8.2
C Bosch,Test,3,319,245,319,4,189,31,1,61.25,76.8,59.25,10.03
AD Mascarenhas,ODI,13,262,245,257,10,129,12,13,24.5,95.33,50.19,9.73
C Mahamalage,T20I,25,416,245,386,18,223,19,0,13.61,63.47,57.77,4.92
MD Bell,Test,5,512,245,510,8,401,42,0,30.62,48.04,78.63,8.24
R Ngarava,ODI,29,291,244,283,16,163,25,8,15.25,86.22,57.6,11.66
GA Elwiss,ODI,16,331,244,321,11,173,24,0,22.18,76.01,53.89,7.48
Shuvagata Hom,Test,8,438,244,437,11,301,29,0,22.18,55.84,68.88,6.64
W Madhevere,Test,6,490,244,490,11,362,25,2,22.18,49.8,73.88,5.51
SM Davies,ODI,8,239,244,231,8,118,36,0,30.5,105.63,51.08,15.58
Awais Ahmed,T20I,16,224,244,219,14,103,25,9,17.43,111.42,47.03,15.53
BN Toube,T20I,15,255,244,240,15,134,35,4,16.27,101.67,55.83,16.25
AT Nidamanuru,T20I,19,232,244,225,18,98,10,13,13.56,108.44,43.56,10.22
Harpreet Brar,IPL,26,214,244,203,13,82,19,10,18.77,120.2,40.39,14.29
AIV Benatar,T20I,11,341,243,296,7,144,20,0,34.71,82.09,48.65,6.76
ML Udawatte,ODI,8,367,243,353,9,212,24,2,27.0,68.84,60.06,7.37
IS Sodhi,T20I,40,228,243,223,27,101,13,13,9.0,108.97,45.29,11.66
Shakeel Ahmed,T20I,25,262,243,253,17,118,16,9,14.29,96.05,46.64,9.88
S Foster,T20I,18,268,243,262,14,113,19,0,17.36,92.75,43.13,7.25
Amir Zaib,T20I,16,199,243,192,13,69,21,7,18.69,126.56,35.94,14.58
AR Odedara,ODI,10,481,243,464,9,336,23,6,27.0,52.37,72.41,6.25
M Veringmeier,T20I,11,223,242,217,10,74,24,4,24.2,111.52,34.1,12.9
PL Mommsen,T20I,9,192,242,184,10,64,21,7,24.2,131.52,34.78,15.22
Harmeet Singh,T20I,21,173,242,166,15,57,13,15,16.13,145.78,34.34,16.87
Aaftab Alam Khan,T20I,21,209,241,194,14,77,20,9,17.21,124.23,39.69,14.95
Avishka Iroshan,T20I,11,223,241,212,9,92,23,8,26.78,113.68,43.4,14.62
UT Khawaja,T20I,9,185,241,182,8,70,31,5,30.12,132.42,38.46,19.78
R Shepherd,IPL,17,133,241,127,11,42,15,21,21.91,189.76,33.07,28.35
LMM Tahuhu,T20I,33,221,241,216,22,90,21,5,10.95,111.57,41.67,12.04
JN Malan,T20I,11,188,241,186,11,81,25,11,21.91,129.57,43.55,19.35
SM Katich,IPL,11,191,241,186,10,80,26,8,24.1,129.57,43.01,18.28
GSNFG Jayasuriya,T20I,16,228,241,222,16,93,20,8,15.06,108.56,41.89,12.61
Sandeep Goud,T20I,35,309,240,297,28,157,10,11,8.57,80.81,52.86,7.07
D Ferreira,T20I,15,161,240,154,12,54,13,17,20.0,155.84,35.06,19.48
Amjad Javed,T20I,14,226,240,216,11,100,12,15,21.82,111.11,46.3,12.5
Junaid Siddique,T20I,28,189,240,180,17,76,22,10,14.12,133.33,42.22,17.78
J Overton,ODI,9,222,240,216,9,113,29,8,26.67,111.11,52.31,17.13
RR Watson,ODI,11,344,239,336,7,225,32,2,34.14,71.13,66.96,10.12
E Claridge,T20I,13,211,239,203,13,81,29,2,18.38,117.73,39.9,15.27
WP Masakadza,ODI,22,382,239,366,17,219,21,2,14.06,65.3,59.84,6.28
Ayesha Zafar,T20I,19,282,239,269,16,130,28,1,14.94,88.85,48.33,10.78
G Wetherall,T20I,17,246,238,221,12,112,28,5,19.83,107.69,50.68,14.93
R Rijke,ODI,13,339,238,326,14,189,23,2,17.0,73.01,57.98,7.67
D Ferreira,IPL,10,147,238,143,8,55,21,16,29.75,166.43,38.46,25.87
BCJ Cutting,IPL,17,146,238,141,11,53,15,19,21.64,168.79,37.59,24.11
J Campbell,T20I,13,195,238,192,10,78,15,12,23.8,123.96,40.62,14.06
DC Thomas,ODI,19,379,238,364,20,212,19,2,11.9,65.38,58.24,5.77
Marina Iqbal,T20I,18,301,238,297,13,153,23,2,18.31,80.13,51.52,8.42
SC Getkate,T20I,21,209,238,207,21,72,9,13,11.33,114.98,34.78,10.63
Musa Ahmed,ODI,13,379,238,371,13,234,20,3,18.31,64.15,63.07,6.2
ASF Sirah,T20I,17,196,238,188,12,74,25,8,19.83,126.6,39.36,17.55
Amjad Javed,ODI,12,267,238,258,11,160,27,9,21.64,92.25,62.02,13.95
MD Mishra,IPL,17,213,237,208,15,97,24,8,15.8,113.94,46.63,15.38
O Batisani,T20I,15,357,237,317,14,190,29,0,16.93,74.76,59.94,9.15
HN Ya France,ODI,17,293,237,279,8,155,20,8,29.62,84.95,55.56,10.04
Mohamed Arief,T20I,14,200,237,193,11,72,26,5,21.55,122.8,37.31,16.06
DE Budge,ODI,14,311,237,303,9,150,17,1,26.33,78.22,49.5,5.94
Khurram Khan,ODI,9,318,237,311,9,170,24,1,26.33,76.21,54.66,8.04
Khalid Latif,T20I,12,230,237,225,9,104,25,6,26.33,105.33,46.22,13.78
D Saxena,T20I,8,270,236,257,14,122,25,0,16.86,91.83,47.47,9.73
RE Levi,T20I,13,171,236,167,11,75,20,15,21.45,141.32,44.91,20.96
S Choden,T20I,29,430,236,408,24,230,11,0,9.83,57.84,56.37,2.7
YK Pathan,T20I,18,172,236,161,14,57,11,17,16.86,146.58,35.4,17.39
GJ Hopkins,ODI,16,317,236,311,16,161,19,2,14.75,75.88,51.77,6.75
PA Chatterji,ODI,14,374,236,365,13,213,19,1,18.15,64.66,58.36,5.48
L Keny,T20I,31,378,235,345,22,177,14,0,10.68,68.12,51.3,4.06
LG Pretorius,Test,2,253,235,253,3,129,18,7,78.33,92.89,50.99,9.88
AJ Turner,PSL,14,143,235,139,9,29,15,12,26.11,169.06,20.86,19.42
DA Miller,PSL,9,167,235,163,8,49,19,10,29.38,144.17,30.06,17.79
JNT Seales,Test,26,573,235,572,28,458,17,10,8.39,41.08,80.07,4.72
Nahida Akter,ODI,37,552,235,532,26,385,23,0,9.04,44.17,72.37,4.32
KU Carty,Test,7,516,235,513,14,400,23,1,16.79,45.81,77.97,4.68
R Sakurano-Thomas,T20I,24,254,235,250,19,101,11,2,12.37,94.0,40.4,5.2
WG Jacks,Test,6,454,234,453,11,318,17,6,21.27,51.66,70.2,5.08
Y Jalloh,T20I,16,281,234,269,15,126,19,1,15.6,86.99,46.84,7.43
F Suluoto,T20I,21,248,234,233,16,120,15,12,14.62,100.43,51.5,11.59
SK Rana,T20I,23,357,234,334,20,189,20,1,11.7,70.06,56.59,6.29
A Perera,T20I,23,347,234,334,20,175,16,0,11.7,70.06,52.4,4.79
Esam Rahman,T20I,8,183,234,177,8,72,21,10,29.25,132.2,40.68,17.51
Abid Ali,ODI,6,257,234,250,6,129,29,0,39.0,93.6,51.6,11.6
JP Bray,ODI,10,371,234,367,9,238,25,2,26.0,63.76,64.85,7.36
J Botha,T20I,22,205,234,198,13,78,19,9,18.0,118.18,39.39,14.14
NFI McCallum,ODI,10,366,233,353,8,235,22,5,29.12,66.01,66.57,7.65
AM Tribe,ODI,4,310,233,309,3,173,16,6,77.67,75.4,55.99,7.12
J Miyaji,T20I,27,222,233,218,21,88,5,14,11.1,106.88,40.37,8.72
K Birkenstock,ODI,15,438,233,426,15,288,25,0,15.53,54.69,67.61,5.87
T Ruma,ODI,8,368,232,358,8,229,26,0,29.0,64.8,63.97,7.26
I Chuma,T20I,32,397,232,353,25,200,20,0,9.28,65.72,56.66,5.67
HMD Rasangika,ODI,8,400,232,382,9,257,31,0,25.78,60.73,67.28,8.12
TL Best,Test,13,359,232,359,15,258,33,4,15.47,64.62,71.87,10.31
A Mohammed,ODI,36,568,232,561,24,415,23,0,9.67,41.35,73.98,4.1
Salma Khatun,ODI,20,460,232,450,15,297,17,0,15.47,51.56,66.0,3.78
JM Fields,Test,2,410,232,409,3,299,35,0,77.33,56.72,73.11,8.56
NKF Rada Rani,T20I,16,312,232,282,11,126,12,0,21.09,82.27,44.68,4.26
A Dirannehelage,T20I,12,423,231,335,8,185,28,0,28.88,68.96,55.22,8.36
Mohamed Azzam,T20I,30,325,231,316,24,161,13,2,9.62,73.1,50.95,4.75
BM Pecic,T20I,10,217,231,198,10,87,14,14,23.1,116.67,43.94,14.14
Danish Kaneria,Test,30,457,231,456,30,350,28,2,7.7,50.66,76.75,6.58
Shahil Momin,T20I,15,255,231,251,11,99,14,1,21.0,92.03,39.44,5.98
C Pyle,T20I,12,186,231,178,10,73,23,9,23.1,129.78,41.01,17.98
B Muzarabani,Test,13,425,231,425,19,325,29,6,12.16,54.35,76.47,8.24
P Murungi,T20I,23,201,231,197,17,92,21,8,13.59,117.26,46.7,14.72
Faisal Raza,T20I,16,204,231,198,13,77,14,10,17.77,116.67,38.89,12.12
BAD Manenti,T20I,11,161,231,160,10,57,20,12,23.1,144.38,35.62,20.0
NY McLean,ODI,14,362,231,352,13,236,27,4,17.77,65.62,67.05,8.81
P Siaka,ODI,11,327,230,315,11,172,21,0,20.91,73.02,54.6,6.67
KADA Kanchana,ODI,22,417,230,407,16,259,18,1,14.38,56.51,63.64,4.67
STR Binny,ODI,11,252,230,246,9,122,23,5,25.56,93.5,49.59,11.38
J Glasgow,ODI,12,321,230,311,15,193,30,2,15.33,73.95,62.06,10.29
IY Mckeon,T20I,10,223,230,207,11,110,28,7,20.91,111.11,53.14,16.91
Khadija Khalil,T20I,40,390,230,371,31,205,11,0,7.42,61.99,55.26,2.96
R Escobar,T20I,15,311,230,300,11,137,11,2,20.91,76.67,45.67,4.33
D Brevis,ODI,9,168,230,160,9,72,10,20,25.56,143.75,45.0,18.75
K Fraser,ODI,11,303,229,298,8,165,20,3,28.62,76.85,55.37,7.72
LE Plunkett,Test,11,456,229,455,14,339,31,0,16.36,50.33,74.51,6.81
E Solomon,T20I,8,217,229,209,7,75,24,0,32.71,109.57,35.89,11.48
RAS Lakmal,ODI,45,408,229,391,22,242,16,3,10.41,58.57,61.89,4.86
ST Gabriel,Test,53,661,229,660,53,561,28,6,4.32,34.7,85.0,5.15
Z James,ODI,23,515,228,488,21,360,22,1,10.86,46.72,73.77,4.71
RD Gaikwad,ODI,8,259,228,254,8,134,28,2,28.5,89.76,52.76,11.81
P Nissanka,IPL,9,150,228,146,9,56,28,9,25.33,156.16,38.36,25.34
TM Dowlin,ODI,10,362,228,348,8,200,20,1,28.5,65.52,57.47,6.03
CNIM Joyce,ODI,9,493,228,473,9,350,29,0,25.33,48.2,74.0,6.13
Saeed Ahmed,T20I,14,179,228,167,13,62,13,14,17.54,136.53,37.13,16.17
Taskin Ahmed,ODI,39,414,228,395,30,265,15,8,7.6,57.72,67.09,5.82
NRJ Croes,T20I,15,177,228,173,8,46,22,1,28.5,131.79,26.59,13.29
SIR Dunkley,Test,6,424,228,423,9,311,30,2,25.33,53.9,73.52,7.57
N Caruana,T20I,11,394,227,341,10,156,6,0,22.7,66.57,45.75,1.76
F Utagushimaninde,T20I,10,222,227,201,9,97,31,1,25.22,112.94,48.26,15.92
Devender Singh,T20I,18,236,227,219,13,97,17,7,17.46,103.65,44.29,10.96
Khurram Nawaz,T20I,16,199,227,190,11,73,16,11,20.64,119.47,38.42,14.21
D Njoroge,T20I,13,269,227,244,8,112,23,0,28.38,93.03,45.9,9.43
Z Kamara,T20I,30,291,227,274,22,147,21,0,10.32,82.85,53.65,7.66
I Udana,ODI,17,236,227,228,13,120,18,9,17.46,99.56,52.63,11.84
Nayeem Hasan,Test,12,562,227,561,16,419,20,0,14.19,40.46,74.69,3.57
AJ Redmond,Test,7,532,227,531,13,426,34,2,17.46,42.75,80.23,6.78
B Ito-Davis,T20I,18,215,226,202,15,67,13,5,15.07,111.88,33.17,8.91
S Gill,T20I,14,194,226,187,7,64,12,8,32.29,120.86,34.22,10.7
Zeeshan Ashraf,PSL,14,185,226,180,14,76,26,7,16.14,125.56,42.22,18.33
MA Baig,T20I,13,265,226,256,7,119,19,3,32.29,88.28,46.48,8.59
Jahurul Islam,ODI,11,325,226,319,10,190,22,2,22.6,70.85,59.56,7.52
AM Samad,ODI,10,382,226,369,8,241,23,1,28.25,61.25,65.31,6.5
A Aikenhead,T20I,17,285,226,261,14,128,22,0,16.14,86.59,49.04,8.43
DAS Gunaratne,T20I,12,183,225,178,9,55,19,6,25.0,126.4,30.9,14.04
MN van Wyk,T20I,7,163,225,157,7,67,19,14,32.14,143.31,42.68,21.02
Sajid Khan,Test,12,396,225,395,19,284,24,6,11.84,56.96,71.9,7.59
Kuldeep Yadav,Test,14,894,225,891,20,757,22,1,11.25,25.25,84.96,2.58
Asmavia Iqbal,ODI,22,430,225,414,17,275,23,0,13.24,54.35,66.43,5.56
DEM Carter,ODI,10,336,225,319,11,201,29,0,20.45,70.53,63.01,9.09
SKDT Madusanka,T20I,13,267,224,249,10,142,30,2,22.4,89.96,57.03,12.85
G Thakur,T20I,11,199,224,185,9,83,24,6,24.89,121.08,44.86,16.22
F Overdijk,ODI,13,471,224,456,11,299,15,0,20.36,49.12,65.57,3.29
Hussain Talat,ODI,10,290,224,278,8,135,19,2,28.0,80.58,48.56,7.55
MS Wade,PSL,9,194,224,185,8,72,29,3,28.0,121.08,38.92,17.3
Mahmud Jasat,T20I,17,319,224,307,15,163,14,2,14.93,72.96,53.09,5.21
T Duffin,ODI,9,492,224,473,9,338,24,0,24.89,47.36,71.46,5.07
P Sabu,T20I,14,273,224,244,15,119,21,0,14.93,91.8,48.77,8.61
Mohammed Shami,ODI,48,282,224,271,28,150,17,9,8.0,82.66,55.35,9.59
K Arua,T20I,17,317,223,297,12,155,17,0,18.58,75.08,52.19,5.72
BR McDermott,ODI,5,280,223,278,5,157,19,5,44.6,80.22,56.47,8.63
IS Billcliff,ODI,10,389,223,385,9,259,22,3,24.78,57.92,67.27,6.49
ASS Fletcher,T20I,41,271,223,260,29,118,19,0,7.69,85.77,45.38,7.31
A Kontopirakis,T20I,15,253,222,238,13,122,18,5,17.08,93.28,51.26,9.66
Akhil Anil,T20I,20,195,222,192,15,84,17,10,14.8,115.62,43.75,14.06
FL Mackay,T20I,13,234,222,229,10,98,23,2,22.2,96.94,42.79,10.92
CN Onwuzulike,T20I,18,227,222,219,17,104,17,8,13.06,101.37,47.49,11.42
D Cleaver,T20I,11,171,222,165,10,64,22,8,22.2,134.55,38.79,18.18
H Deshan,T20I,11,184,222,166,11,68,27,5,20.18,133.73,40.96,19.28
H Iwasaki,T20I,24,258,222,238,23,120,21,3,9.65,93.28,50.42,10.08
Nafees Iqbal,Test,6,526,221,519,12,410,31,0,18.42,42.58,79.0,5.97
Mohammad Nabi,IPL,19,157,221,152,17,55,18,12,13.0,145.39,36.18,19.74
KS Bharat,Test,7,418,221,417,11,303,19,6,20.09,53.0,72.66,6.0
A Chopra,Test,4,672,221,670,8,561,27,0,27.62,32.99,83.73,4.03
CT Dhururu,ODI,19,540,221,519,16,385,21,0,13.81,42.58,74.18,4.05
Taskin Ahmed,T20I,36,224,221,214,21,107,19,8,10.52,103.27,50.0,12.62
Delawar Khan,T20I,20,175,221,165,16,68,13,13,13.81,133.94,41.21,15.76
DAJ Bracewell,ODI,14,279,221,274,11,138,14,7,20.09,80.66,50.36,7.66
J Mubarak,T20I,14,175,221,169,10,57,19,8,22.1,130.77,33.73,15.98
ZP Ikiua,T20I,13,275,221,263,13,149,27,1,17.0,84.03,56.65,10.65
EL Watson,T20I,25,325,220,311,21,171,18,1,10.48,70.74,54.98,6.11
V Zimonjic,T20I,22,212,220,199,15,79,22,3,14.67,110.55,39.7,12.56
MPP San,T20I,27,385,220,353,24,214,18,0,9.17,62.32,60.62,5.1
L Tshuma,T20I,28,261,220,247,21,131,21,4,10.48,89.07,53.04,10.12
Rony Talukdar,T20I,9,167,220,160,9,60,23,7,24.44,137.5,37.5,18.75
Aziz Mohammad,T20I,11,169,219,158,11,81,20,15,19.91,138.61,51.27,22.15
AY Patel,Test,21,575,219,575,19,466,22,5,11.53,38.09,81.04,4.7
MK Amusa,T20I,14,353,219,337,15,207,20,0,14.6,64.99,61.42,5.93
E Mathew,T20I,22,245,219,236,19,106,11,6,11.53,92.8,44.92,7.2
DR Chumney,ODI,11,336,219,327,10,208,19,6,21.9,66.97,63.61,7.65
Asim Kamal,Test,3,457,219,453,4,356,35,1,54.75,48.34,78.59,7.95
P Mustard,ODI,9,244,219,237,9,130,25,5,24.33,92.41,54.85,12.66
Theertha Satish,ODI,8,382,219,361,6,224,23,0,36.5,60.66,62.05,6.37
Saeed Anwar,ODI,5,318,218,303,5,176,19,1,43.6,71.95,58.09,6.6
AK Sah,T20I,13,188,218,182,13,96,19,12,16.77,119.78,52.75,17.03
SSJ Brooks,T20I,12,219,218,212,11,109,15,11,19.82,102.83,51.42,12.26
I Kaia,T20I,16,199,218,196,15,89,23,5,14.53,111.22,45.41,14.29
AA Navicha,T20I,14,238,218,225,11,115,12,10,19.82,96.89,51.11,9.78
BJ Hodge,Test,4,438,218,437,6,328,29,1,36.33,49.89,75.06,6.86
AB de Villiers,PSL,7,169,218,169,4,49,19,5,54.5,128.99,28.99,14.2
K Goel,IPL,16,239,218,231,14,122,17,9,15.57,94.37,52.81,11.26
DK Anefie,T20I,21,189,218,187,16,79,9,11,13.62,116.58,42.25,10.7
UWMBCA Welegedara,Test,18,423,218,423,23,333,31,4,9.48,51.54,78.72,8.27
PM Seelaar,ODI,20,366,218,364,18,242,20,3,12.11,59.89,66.48,6.32
Simi Singh,T20I,30,215,218,207,22,73,16,4,9.91,105.31,35.27,9.66
R Mutumbami,Test,6,461,217,458,11,356,29,1,19.73,47.38,77.73,6.55
GJ Delany,ODI,16,228,217,222,12,110,20,6,18.08,97.75,49.55,11.71
AA Jhunjhunwala,IPL,15,218,217,210,14,89,19,5,15.5,103.33,42.38,11.43
Shoaib Akhtar,ODI,39,249,217,246,24,145,14,10,9.04,88.21,58.94,9.76
Khalid Ahmadi,T20I,19,129,217,121,11,43,16,17,19.73,179.34,35.54,27.27
MS Panesar,Test,43,726,217,725,42,613,23,1,5.17,29.93,84.55,3.31
Aamer Jamal,PSL,21,161,217,153,11,60,20,11,19.73,141.83,39.22,20.26
SF Mire,T20I,6,174,217,170,7,78,18,11,31.0,127.65,45.88,17.06
Nasrulla Rana,T20I,33,206,217,201,21,88,13,10,10.33,107.96,43.78,11.44
RS Glen,T20I,18,222,217,210,16,101,22,2,13.56,103.33,48.1,11.43
D Parashar,T20I,22,207,216,200,11,65,9,8,19.64,108.0,32.5,8.5
TA Boult,ODI,50,284,216,279,26,171,20,7,8.31,77.42,61.29,9.68
T Marumani,ODI,16,343,216,320,14,212,23,3,15.43,67.5,66.25,8.12
TT Bresnan,T20I,21,172,216,170,13,56,16,6,16.62,127.06,32.94,12.94
ARA Chambers,T20I,13,242,216,231,12,107,25,1,18.0,93.51,46.32,11.26
Ali Saleem,T20I,12,187,216,178,12,77,14,11,18.0,121.35,43.26,14.04
Iram Javed,ODI,17,380,216,369,18,251,25,3,12.0,58.54,68.02,7.59
Shamyl Hussain,PSL,9,152,215,147,9,51,16,13,23.89,146.26,34.69,19.73
Lokesh Bam,T20I,18,157,215,150,14,71,17,15,15.36,143.33,47.33,21.33
JM Fields,ODI,8,333,215,326,8,184,20,0,26.88,65.95,56.44,6.13
WP Masakadza,T20I,37,248,215,240,27,105,13,5,7.96,89.58,43.75,7.5
EMDY Munaweera,T20I,13,172,215,164,12,74,25,7,17.92,131.1,45.12,19.51
Atif Rasheed,T20I,15,189,215,180,15,78,12,10,14.33,119.44,43.33,12.22
B Etim,T20I,20,342,215,309,17,188,22,1,12.65,69.58,60.84,7.44
N Boje,ODI,11,211,215,211,5,94,23,2,43.0,101.9,44.55,11.85
D Sabir,T20I,21,192,215,189,15,67,18,4,14.33,113.76,35.45,11.64
C Uwamahoro,T20I,18,273,214,252,15,139,23,0,14.27,84.92,55.16,9.13
SP Narine,PSL,15,138,214,130,13,52,17,15,16.46,164.62,40.0,24.62
LOB Cann,ODI,10,174,214,172,10,89,23,10,21.4,124.42,51.74,19.19
HV Mandhyan,T20I,17,238,214,221,15,105,15,7,14.27,96.83,47.51,9.95
DG Blampied,T20I,21,226,214,225,13,80,11,1,16.46,95.11,35.56,5.33
YH Bhatia,T20I,14,247,214,242,13,125,24,2,16.46,88.43,51.65,10.74
Adam Senn,T20I,10,162,214,155,6,35,14,9,35.67,138.06,22.58,14.84
S Prasanna,T20I,20,176,214,161,15,66,13,13,14.27,132.92,40.99,16.15
KTK Rodrigo,T20I,12,240,214,231,12,112,22,3,17.83,92.64,48.48,10.82
DL Piedt,Test,11,619,214,619,14,506,20,3,15.29,34.57,81.74,3.72
Saad Baig,PSL,12,174,213,169,12,72,34,1,17.75,126.04,42.6,20.71
N Khanna,T20I,20,173,213,161,12,59,24,4,17.75,132.3,36.65,17.39
S Meghana,T20I,11,213,213,205,9,102,31,2,23.67,103.9,49.76,16.1
K Nestor,T20I,24,242,213,227,19,120,19,7,11.21,93.83,52.86,11.45
FH Allen,PSL,10,126,213,124,9,49,23,13,23.67,171.77,39.52,29.03
H Kaur,Test,6,368,213,368,9,251,25,0,23.67,57.88,68.21,6.79
N Hussain,ODI,11,324,213,321,11,178,15,0,19.36,66.36,55.45,4.67
BAW Mendis,Test,13,457,213,455,13,344,25,1,16.38,46.81,75.6,5.71
Nurul Hasan,ODI,8,223,213,216,4,96,18,5,53.25,98.61,44.44,10.65
PZ Kamunya,T20I,32,307,213,300,27,173,21,0,7.89,71.0,57.67,7.0
D Heyliger,ODI,17,225,213,222,16,117,18,8,13.31,95.95,52.7,11.71
A Lister,ODI,9,253,213,251,7,128,27,1,30.43,84.86,51.0,11.16
BJ Curran,Test,5,477,212,477,10,362,23,1,21.2,44.44,75.89,5.03
Abhishek Anand,T20I,12,195,212,179,11,93,18,13,19.27,118.44,51.96,17.32
S Cotter,T20I,13,219,212,210,14,101,24,3,15.14,100.95,48.1,12.86
S Samarawickrama,T20I,15,212,211,204,13,78,23,1,16.23,103.43,38.24,11.76
Harpreet Singh,ODI,4,220,211,215,5,98,22,4,42.2,98.14,45.58,12.09
SV Carlisle,Test,5,544,211,541,10,439,27,2,21.1,39.0,81.15,5.36
DJM Short,ODI,8,274,211,269,7,128,16,1,30.14,78.44,47.58,6.32
Khalid Zahid,T20I,19,156,211,149,16,49,15,10,13.19,141.61,32.89,16.78
Muhammad Fahad,T20I,4,90,211,89,4,27,21,17,52.75,237.08,30.34,42.7
Shafiul Islam,Test,11,439,211,439,19,358,31,3,11.11,48.06,81.55,7.74
Haris Sohail,T20I,13,213,210,204,11,81,16,3,19.09,102.94,39.71,9.31
KD Mills,Test,12,530,210,527,16,430,27,3,13.12,39.85,81.59,5.69
R Dhawan,IPL,22,188,210,187,10,84,18,7,21.0,112.3,44.92,13.37
Kuldeep Yadav,IPL,41,263,210,253,15,126,18,3,14.0,83.0,49.8,8.3
J Pandey,T20I,12,271,210,252,9,126,21,0,23.33,83.33,50.0,8.33
IE O'Brien,Test,18,534,210,534,27,441,28,1,7.78,39.33,82.58,5.43
CA Ingram,T20I,9,165,210,162,9,66,23,7,23.33,129.63,40.74,18.52
ZXM Vukusic,T20I,8,162,210,161,8,61,14,12,26.25,130.43,37.89,16.15
CJ Delany,T20I,9,205,210,193,7,86,22,1,30.0,108.81,44.56,11.92
Kamran Ghulam,ODI,7,213,210,212,7,112,19,9,30.0,99.06,52.83,13.21
TK Musakanda,ODI,9,240,210,233,9,129,23,3,23.33,90.13,55.36,11.16
IS Sodhi,ODI,24,306,210,289,20,163,8,10,10.5,72.66,56.4,6.23
RS Williams,T20I,21,263,210,256,18,133,24,0,11.67,82.03,51.95,9.38
M McColl,ODI,11,258,209,251,11,131,21,1,19.0,83.27,52.19,8.76
P Maziya,T20I,22,414,209,363,19,218,14,0,11.0,57.58,60.06,3.86
CN Kakuru,T20I,24,212,209,208,17,96,19,2,12.29,100.48,46.15,10.1
Saif Hassan,ODI,9,268,208,258,9,162,21,8,23.11,80.62,62.79,11.24
UT Yadav,IPL,48,211,208,201,21,96,16,9,9.9,103.48,47.76,12.44
Mushfiqur Rahman,ODI,14,416,208,404,11,268,19,0,18.91,51.49,66.34,4.7
AS Gorad,T20I,17,438,208,380,16,234,16,0,13.0,54.74,61.58,4.21
Amir Butt,T20I,8,165,208,159,8,69,9,14,26.0,130.82,43.4,14.47
J Tuffin,T20I,16,221,208,212,11,84,12,4,18.91,98.11,39.62,7.55
A Sutherland,T20I,23,154,208,152,18,48,25,3,11.56,136.84,31.58,18.42
A Dutt,ODI,36,359,207,346,27,223,9,8,7.67,59.83,64.45,4.91
KN Chaddha,T20I,9,207,207,196,10,84,21,5,20.7,105.61,42.86,13.27
BMAJ Mendis,T20I,15,186,207,174,10,64,18,6,20.7,118.97,36.78,13.79
Hamza Tariq,T20I,18,151,207,145,10,42,13,10,20.7,142.76,28.97,15.86
CE Coulter Reilly,ODI,10,325,207,317,9,190,22,0,23.0,65.3,59.94,6.94
T Mishra,T20I,12,239,206,230,12,104,15,4,17.17,89.57,45.22,8.26
WS Jayantha,ODI,9,322,206,313,9,201,24,1,22.89,65.81,64.22,7.99
DJ Willey,T20I,23,161,206,156,13,62,15,11,15.85,132.05,39.74,16.67
R Kanoh,T20I,31,231,206,223,21,112,21,3,9.81,92.38,50.22,10.76
Khalid Latif,PSL,7,176,206,173,6,62,11,9,34.33,119.08,35.84,11.56
Khurram Manzoor,ODI,6,323,206,316,6,195,20,0,34.33,65.19,61.71,6.33
SV Shetty,T20I,15,263,206,235,13,123,19,3,15.85,87.66,52.34,9.36
SL Verma,T20I,5,137,206,134,4,50,7,16,51.5,153.73,37.31,17.16
CR Pagydyala,ODI,3,307,206,282,1,154,20,0,206.0,73.05,54.61,7.09
Abbas Afridi,PSL,22,128,205,121,11,53,17,16,18.64,169.42,43.8,27.27
Z Crawley,ODI,9,219,205,216,8,109,24,2,25.62,94.91,50.46,12.04
Yasir Ali Chowdhury,Test,6,446,205,444,10,349,26,0,20.5,46.17,78.6,5.86
DL Vettori,T20I,21,197,205,190,12,60,14,2,17.08,107.89,31.58,8.42
WL Madsen,T20I,7,158,205,155,6,49,20,5,34.17,132.26,31.61,16.13
CA Ingram,IPL,15,183,205,180,12,74,22,5,17.08,113.89,41.11,15.0
HS Modi,ODI,13,457,205,448,10,300,15,0,20.5,45.76,66.96,3.35
Steven Ryan Taylor,ODI,12,318,205,307,12,195,22,3,17.08,66.78,63.52,8.14
PD Salt,PSL,18,175,204,172,17,73,26,3,12.0,118.6,42.44,16.86
Abdur Razzak,Test,11,289,204,289,12,205,25,6,17.0,70.59,70.93,10.73
JJ Tucker,ODI,11,321,203,315,11,214,26,2,18.45,64.44,67.94,8.89
KSA McKenzie,Test,6,348,203,347,12,274,30,2,16.92,58.5,78.96,9.22
NLTC Perera,Test,6,278,203,278,10,181,21,4,20.3,73.02,65.11,8.99
Shoaib Akhtar,Test,11,460,203,458,14,377,24,9,14.5,44.32,82.31,7.21
JM Kemp,T20I,7,163,203,160,3,69,17,10,67.67,126.88,43.12,16.88
Aftab Ahmed,T20I,11,174,203,170,9,69,22,5,22.56,119.41,40.59,15.88
GR Russ,T20I,19,243,203,239,11,116,18,2,18.45,84.94,48.54,8.37
WJ Cope,T20I,24,210,203,198,18,100,28,0,11.28,102.53,50.51,14.14
Mariamma Hyder,T20I,34,366,203,348,24,230,20,1,8.46,58.33,66.09,6.03
Kamran Ahmadzai,T20I,9,119,203,114,7,41,14,14,29.0,178.07,35.96,24.56
Iftikhar Anjum,ODI,28,335,203,325,15,193,12,3,13.53,62.46,59.38,4.62
LMP Simmons,PSL,7,183,203,179,6,89,25,7,33.83,113.41,49.72,17.88
AB Kamara,T20I,16,209,203,206,14,82,7,8,14.5,98.54,39.81,7.28
Kamran Khan,T20I,12,141,203,137,12,71,25,10,16.92,148.18,51.82,25.55
Rashid Khan,PSL,20,153,203,147,12,61,16,11,16.92,138.1,41.5,18.37
PD Collingwood,IPL,7,159,203,156,4,57,9,13,50.75,130.13,36.54,14.1
CZ Harris,ODI,18,402,203,388,14,254,15,0,14.5,52.32,65.46,3.87
Chaudhary Akram,T20I,9,199,203,197,7,90,20,3,29.0,103.05,45.69,11.68
DS Smith,T20I,6,170,203,161,5,67,22,5,40.6,126.09,41.61,16.77
M Yunusu Issa,T20I,26,173,203,169,17,72,14,9,11.94,120.12,42.6,13.61
RO Hinds,Test,7,577,203,576,12,473,23,2,16.92,35.24,82.12,4.34
Zeshan Arif,T20I,16,172,202,166,11,78,16,11,18.36,121.69,46.99,16.27
Kuldeep Yadav,ODI,38,417,202,399,20,250,15,0,10.1,50.63,62.66,3.76
Rishad Hossain,T20I,30,171,202,159,25,74,12,15,8.08,127.04,46.54,16.98
PE Kulume,T20I,29,275,202,258,20,143,24,0,10.1,78.29,55.43,9.3
Yousuf Youhana,Test,5,264,201,263,10,180,31,2,20.1,76.43,68.44,12.55
JD Unadkat,IPL,28,173,201,169,14,67,16,7,14.36,118.93,39.64,13.61
D Panda,T20I,12,179,201,171,9,58,12,5,22.33,117.54,33.92,9.94
IMHC Joyce,ODI,8,312,201,308,8,200,29,0,25.12,65.26,64.94,9.42
Qamar Mushtaque,T20I,23,218,201,212,13,95,13,6,15.46,94.81,44.81,8.96
EF Beard,T20I,14,180,201,174,11,80,20,5,18.27,115.52,45.98,14.37
Mohammad Wasim,PSL,26,163,201,155,17,70,14,12,11.82,129.68,45.16,16.77
Fayyaz Butt,ODI,19,284,201,279,11,152,17,3,18.27,72.04,54.48,7.17
KADA Kanchana,T20I,33,233,201,232,25,103,16,1,8.04,86.64,44.4,7.33
LG Pretorius,T20I,13,167,201,157,13,65,27,4,15.46,128.03,41.4,19.75
J Weatherald,Test,5,289,201,288,9,194,31,1,22.33,69.79,67.36,11.11
Musa Shaheen,T20I,17,211,200,200,16,88,10,8,12.5,100.0,44.0,9.0
S Maduranga,T20I,14,243,200,232,10,126,20,5,20.0,86.21,54.31,10.78
S Sriharsha,ODI,7,295,200,286,4,148,12,0,50.0,69.93,51.75,4.2
S Kato,T20I,20,290,200,276,18,150,19,0,11.11,72.46,54.35,6.88
AA Senn,T20I,12,252,200,232,12,103,14,1,16.67,86.21,44.4,6.47
Wahidullah Sahak,T20I,14,179,200,177,12,81,18,7,16.67,112.99,45.76,14.12
C Esterhuizen,T20I,5,143,200,137,4,58,16,13,50.0,145.99,42.34,21.17
Ali Farasat,T20I,17,181,200,168,15,74,10,12,13.33,119.05,44.05,13.1
FA Allen,ODI,14,207,200,203,15,115,18,8,13.33,98.52,56.65,12.81
ZB Lion-Cachet,ODI,10,284,200,280,10,150,16,1,20.0,71.43,53.57,6.07
Vinay Ravi,T20I,26,197,199,196,19,93,14,6,10.47,101.53,47.45,10.2
BDH Stevens,T20I,12,209,199,202,11,93,19,3,18.09,98.51,46.04,10.89
H Goto,T20I,24,380,199,361,22,222,11,0,9.05,55.12,61.5,3.05
Saleem Elahi,ODI,7,307,199,301,6,178,17,0,33.17,66.11,59.14,5.65
Luis Hermida,T20I,14,279,199,270,9,128,11,0,22.11,73.7,47.41,4.07
OF Smith,ODI,8,128,199,119,7,42,14,15,28.43,167.23,35.29,24.37
AJ Burger,ODI,6,204,199,198,6,107,25,3,33.17,100.51,54.04,14.14
KS Bharat,IPL,8,168,199,163,7,56,12,8,28.43,122.09,34.36,12.27
A Shrubsole,ODI,32,258,199,256,22,153,21,4,9.05,77.73,59.77,9.77
DC Stovell,T20I,15,197,198,192,10,78,13,3,19.8,103.12,40.62,8.33
Yasser Nazir,T20I,13,178,198,174,11,83,21,8,18.0,113.79,47.7,16.67
SK Warne,IPL,27,219,198,214,19,100,14,6,10.42,92.52,46.73,9.35
SD Hope,PSL,13,176,198,174,13,64,17,5,15.23,113.79,36.78,12.64
NF Kelly,ODI,6,276,198,266,6,178,28,3,33.0,74.44,66.92,11.65
I Asif,T20I,13,210,197,200,11,99,20,5,17.91,98.5,49.5,12.5
R Coker,T20I,25,329,197,316,22,189,14,2,8.95,62.34,59.81,5.06
GA Lamb,ODI,14,389,197,381,10,230,6,1,19.7,51.71,60.37,1.84
A Mesarovic,T20I,7,198,197,170,4,71,28,1,49.25,115.88,41.76,17.06
E Vukusic,T20I,4,204,197,162,3,44,21,0,65.67,121.6,27.16,12.96
T Suri,T20I,9,180,197,176,9,69,19,3,21.89,111.93,39.2,12.5
S Ramakrishnan,T20I,7,175,197,156,7,52,22,4,28.14,126.28,33.33,16.67
L Steenkamp,ODI,4,267,197,266,4,149,14,4,49.25,74.06,56.02,6.77
Jitin Singh,T20I,15,186,196,180,16,81,26,1,12.25,108.89,45.0,15.0
Paing Danu,T20I,17,235,196,228,16,131,15,9,12.25,85.96,57.46,10.53
Samiullah Rahmani,T20I,11,139,196,134,8,61,16,14,24.5,146.27,45.52,22.39
SJ Elliott,Test,2,597,196,597,3,475,16,0,65.33,32.83,79.56,2.68
IA Karim,ODI,3,237,196,231,2,121,23,0,98.0,84.85,52.38,9.96
KMDN Kulasekara,T20I,29,184,196,178,21,61,14,5,9.33,110.11,34.27,10.67
S Ecclestone,Test,9,467,196,464,11,358,23,1,17.82,42.24,77.16,5.17
G Venkateswaran,T20I,14,189,196,177,11,77,15,7,17.82,110.73,43.5,12.43
Rizwan Cheema,ODI,13,167,196,165,12,90,23,9,16.33,118.79,54.55,19.39
PWH de Silva,Test,4,227,196,227,9,136,29,1,21.78,86.34,59.91,13.22
SP Krishnamurthi,T20I,9,141,196,137,6,43,11,12,32.67,143.07,31.39,16.79
Sohail Tanvir,T20I,22,172,196,161,16,66,16,9,12.25,121.74,40.99,15.53
SP Fleming,IPL,10,171,196,165,9,78,27,3,21.78,118.79,47.27,18.18
Naseem Shah,ODI,16,231,196,221,12,120,9,12,16.33,88.69,54.3,9.5
AP Devcich,ODI,11,262,195,253,11,147,25,0,17.73,77.08,58.1,9.88
AC Agar,Test,4,352,195,351,5,262,24,3,39.0,55.56,74.64,7.69
KM Jarvis,ODI,28,320,195,315,21,204,18,3,9.29,61.9,64.76,6.67
SB Dubey,IPL,14,119,195,114,8,33,16,12,24.38,171.05,28.95,24.56
UDU Chandana,Test,3,313,195,313,6,220,24,2,32.5,62.3,70.29,8.31
V Shankar,ODI,7,210,194,205,5,94,18,4,38.8,94.63,45.85,10.73
Zain Ahmad,T20I,16,191,194,180,16,87,24,3,12.12,107.78,48.33,15.0
STR Binny,Test,5,334,194,333,9,225,23,1,21.56,58.26,67.57,7.21
DA Mehta,T20I,13,203,194,194,12,100,26,2,16.17,100.0,51.55,14.43
Kazim Somani,T20I,16,236,194,233,8,108,15,2,24.25,83.26,46.35,7.3
JH Davey,ODI,16,315,194,309,13,203,18,1,14.92,62.78,65.7,6.15
Ameer Saiyed,T20I,13,221,194,213,12,104,16,2,16.17,91.08,48.83,8.45
Usman Najeeb,T20I,20,151,194,147,14,62,9,13,13.86,131.97,42.18,14.97
Natalia Pervaiz,T20I,22,217,194,210,18,100,20,2,10.78,92.38,47.62,10.48
Jordan O'Brien,T20I,16,181,194,173,16,73,20,3,12.12,112.14,42.2,13.29
P Rathnayake,ODI,4,200,194,200,4,80,17,2,48.5,97.0,40.0,9.5
V Sukumaran,ODI,10,314,194,305,10,200,16,6,19.4,63.61,65.57,7.21
AS Raut,IPL,16,172,194,167,11,62,13,7,17.64,116.17,37.13,11.98
AD Dore,T20I,13,192,194,181,11,89,20,4,17.64,107.18,49.17,13.26
C Miles,T20I,11,203,194,188,11,80,22,0,17.64,103.19,42.55,11.7
RMS Eranga,Test,16,469,193,469,15,381,26,0,12.87,41.15,81.24,5.54
A Hartley,T20I,9,215,193,198,5,78,17,0,38.6,97.47,39.39,8.59
BJ Rohrer,IPL,8,146,193,141,7,52,21,5,27.57,136.88,36.88,18.44
ME Bessala,T20I,23,282,193,267,19,167,25,1,10.16,72.28,62.55,9.74
N Knights,T20I,13,148,193,139,12,69,16,13,16.08,138.85,49.64,20.86
PJ Ingram,ODI,7,239,193,238,7,146,30,0,27.57,81.09,61.34,12.61
Salman Butt,IPL,7,172,193,161,7,75,30,2,27.57,119.88,46.58,19.88
MW Machan,T20I,8,143,193,141,4,42,24,2,48.25,136.88,29.79,18.44
MW Forde,ODI,12,159,193,153,10,79,13,15,19.3,126.14,51.63,18.3
OF Smith,T20I,20,148,193,138,12,55,13,12,16.08,139.86,39.86,18.12
Mohammad Nawaz (3),ODI,12,221,193,215,8,92,15,2,24.12,89.77,42.79,7.91
T Westley,Test,5,455,193,453,8,377,33,0,24.12,42.6,83.22,7.28
JC Archer,ODI,20,189,193,179,11,93,20,7,17.55,107.82,51.96,15.08
Abdul Samad,PSL,12,108,193,102,9,33,14,15,21.44,189.22,32.35,28.43
D Parashar,ODI,12,313,192,309,7,187,13,4,27.43,62.14,60.52,5.5
BMSM Kumari,ODI,27,396,192,375,21,253,21,0,9.14,51.2,67.47,5.6
Fakhar Zaman,Test,3,360,192,359,6,265,20,1,32.0,53.48,73.82,5.85
A Mare,T20I,23,297,192,277,15,143,14,1,12.8,69.31,51.62,5.42
Mukhtar Ahmed,T20I,6,142,192,134,6,50,23,5,32.0,143.28,37.31,20.9
AJ Turner,ODI,7,165,192,160,6,63,10,10,32.0,120.0,39.38,12.5
S Dhadwal,T20I,22,386,192,360,22,226,12,1,8.73,53.33,62.78,3.61
Lata Mondal,T20I,25,328,192,322,21,176,9,0,9.14,59.63,54.66,2.8
GB Brent,ODI,18,305,192,298,11,174,13,3,17.45,64.43,58.39,5.37
T Panyangara,ODI,38,389,192,384,32,272,17,3,6.0,50.0,70.83,5.21
YV Takawale,IPL,10,183,192,178,8,95,26,3,24.0,107.87,53.37,16.29
Tanzim Hasan Sakib,T20I,21,180,192,175,13,73,13,8,14.77,109.71,41.71,12.0
Asad Shafiq,T20I,10,190,192,185,9,79,19,2,21.33,103.78,42.7,11.35
AB Kaur,T20I,14,151,192,148,6,45,26,1,32.0,129.73,30.41,18.24
D Pretorius,ODI,13,232,192,224,12,116,14,5,16.0,85.71,51.79,8.48
N Tanner,T20I,17,238,192,234,15,112,6,5,12.8,82.05,47.86,4.7
A Halbhavi,T20I,16,204,191,180,16,91,25,3,11.94,106.11,50.56,15.56
DL Chahar,ODI,8,204,191,193,5,106,16,8,38.2,98.96,54.92,12.44
Zeerak Chughtai,T20I,16,216,191,204,12,94,14,5,15.92,93.63,46.08,9.31
S Nitschke,Test,4,629,191,627,7,531,27,1,27.29,30.46,84.69,4.47
S Stephen,T20I,18,229,191,208,14,105,23,1,13.64,91.83,50.48,11.54
L Embuldeniya,Test,16,584,191,583,25,493,17,6,7.64,32.76,84.56,3.95
AJ Doolan,Test,4,459,191,455,8,361,26,1,23.88,41.98,79.34,5.93
S Burdekin,T20I,14,197,191,180,13,95,16,8,14.69,106.11,52.78,13.33
Praveen Santhanakrishnan,T20I,16,215,191,209,15,114,22,4,12.73,91.39,54.55,12.44
R Gunasekera,T20I,7,189,191,182,8,82,22,3,23.88,104.95,45.05,13.74
SA Wijeratne,ODI,9,275,191,269,8,149,16,1,23.88,71.0,55.39,6.32
U Aryaman Sunil,T20I,21,156,191,152,16,65,11,12,11.94,125.66,42.76,15.13
DE Bernard,Test,2,356,191,355,3,247,16,3,63.67,53.8,69.58,5.35
F Eseigbe,T20I,25,439,191,406,22,270,12,0,8.68,47.04,66.5,2.96
NK Tiwari,T20I,13,228,190,214,12,113,15,5,15.83,88.79,52.8,9.35
DD Ebrahim,Test,7,495,190,493,14,399,27,0,13.57,38.54,80.93,5.48
I Ranaweera,ODI,40,509,190,493,17,361,17,0,11.18,38.54,73.23,3.45
CJ McKay,ODI,29,343,190,337,20,218,15,2,9.5,56.38,64.69,5.04
RMMP Rathnayake,Test,4,325,190,324,6,238,22,3,31.67,58.64,73.46,7.72
XSD Smith,T20I,14,184,190,178,10,66,7,8,19.0,106.74,37.08,8.43
KJ O'Brien,Test,2,367,190,366,3,250,20,0,63.33,51.91,68.31,5.46
Shafiq Sharif,T20I,12,161,190,157,11,70,24,4,17.27,121.02,44.59,17.83
HC Brook,IPL,11,159,190,154,9,65,23,4,21.11,123.38,42.21,17.53
NN Odhiambo,ODI,18,291,189,286,16,179,19,1,11.81,66.08,62.59,6.99
SR Patel,T20I,13,179,189,173,12,67,17,5,15.75,109.25,38.73,12.72
CE McConchie,T20I,15,169,189,160,10,56,16,3,18.9,118.12,35.0,11.88
Fawad Alam,T20I,16,167,189,166,11,52,6,7,17.18,113.86,31.33,7.83
Mohammad Shahzad (2),T20I,14,179,189,175,12,82,19,5,15.75,108.0,46.86,13.71
Irfan Khan,T20I,11,145,189,140,8,58,20,7,23.62,135.0,41.43,19.29
Ismail Ali,T20I,15,172,189,169,13,79,10,11,14.54,111.83,46.75,12.43
BMA Mbida,T20I,22,284,189,263,24,164,22,1,7.88,71.86,62.36,8.75
KK Donovan,T20I,13,230,189,218,14,102,18,1,13.5,86.7,46.79,8.72
PP Shaw,ODI,6,174,189,166,6,95,32,2,31.5,113.86,57.23,20.48
L Gregory,PSL,12,149,189,143,8,49,17,6,23.62,132.17,34.27,16.08
Umar Nawaz,T20I,9,195,189,188,9,104,16,9,21.0,100.53,55.32,13.3
TE Tsiga,Test,8,516,189,516,14,418,24,0,13.5,36.63,81.01,4.65
A Saud,ODI,11,401,189,387,9,289,17,4,21.0,48.84,74.68,5.43
JM Kerr,T20I,24,162,189,161,17,58,19,3,11.12,117.39,36.02,13.66
DR Tuffey,ODI,21,200,188,194,17,100,13,6,11.06,96.91,51.55,9.79
AE Jones,Test,8,393,188,392,15,307,32,0,12.53,47.96,78.32,8.16
DN Wyatt,Test,4,274,188,274,8,176,26,0,23.5,68.61,64.23,9.49
IR Bell,T20I,8,166,188,163,7,71,23,2,26.86,115.34,43.56,15.34
L Phiri,ODI,12,328,188,317,8,190,12,0,23.5,59.31,59.94,3.79
Ali Nadeem,T20I,6,133,188,131,3,45,15,8,62.67,143.51,34.35,17.56
JJ Roy,Test,5,318,187,318,10,240,26,1,18.7,58.81,75.47,8.49
ZL Win,T20I,26,262,187,243,21,130,18,0,8.9,76.95,53.5,7.41
Gurpratap Singh,T20I,10,142,187,133,10,63,10,15,18.7,140.6,47.37,18.8
Ibrahim Hassan,T20I,28,257,187,244,20,120,9,5,9.35,76.64,49.18,5.74
H Lin Aung,T20I,28,314,187,301,29,197,9,10,6.45,62.13,65.45,6.31
F Kuenburg,T20I,6,184,187,159,3,60,24,0,62.33,117.61,37.74,15.09
Bipul Sharma,IPL,17,124,187,123,6,33,11,9,31.17,152.03,26.83,16.26
CJ Bowes,T20I,11,161,187,156,11,64,27,2,17.0,119.87,41.03,18.59
A Nortje,Test,18,620,187,618,25,532,27,0,7.48,30.26,86.08,4.37
CD McMillan,T20I,7,119,187,117,6,35,8,14,31.17,159.83,29.91,18.8
N Nuntarach,T20I,29,310,187,300,26,164,10,1,7.19,62.33,54.67,3.67
S Sadarangani,T20I,22,297,186,274,12,144,13,0,15.5,67.88,52.55,4.74
J Mubarak,Test,7,413,186,412,13,330,22,3,14.31,45.15,80.1,6.07
MJ Hay,ODI,7,187,186,178,7,85,13,8,26.57,104.49,47.75,11.8
BB Chari,ODI,14,412,186,399,15,283,12,2,12.4,46.62,70.93,3.51
T Kaitano,Test,4,639,186,639,8,543,21,0,23.25,29.11,84.98,3.29
G Kirsten,ODI,6,228,186,217,3,126,24,2,62.0,85.71,58.06,11.98
A Manepalli,T20I,10,189,186,172,9,71,18,3,20.67,108.14,41.28,12.21
JR Philippe,T20I,15,177,186,172,15,72,13,5,12.4,108.14,41.86,10.47
K Tesarikova,T20I,12,241,186,209,10,101,22,0,18.6,89.0,48.33,10.53
BAW Mendis,ODI,39,267,185,261,22,157,16,2,8.41,70.88,60.15,6.9
TW Hartley,Test,5,284,185,284,10,204,23,6,18.5,65.14,71.83,10.21
Y Choden,T20I,24,344,185,321,21,208,16,0,8.81,57.63,64.8,4.98
AA Jasani,T20I,6,158,185,152,5,63,15,6,37.0,121.71,41.45,13.82
H Lin Oo,T20I,23,230,184,223,15,116,18,1,12.27,82.51,52.02,8.52
R Ashwin,T20I,18,167,184,160,9,55,17,4,20.44,115.0,34.38,13.12
R Rodrigo,T20I,19,279,184,254,19,139,19,0,9.68,72.44,54.72,7.48
Khurram Manzoor,PSL,7,165,184,162,8,64,21,3,23.0,113.58,39.51,14.81
Ainool Hafizs,T20I,29,203,184,192,25,81,12,4,7.36,95.83,42.19,8.33
JP Inglis,Test,5,229,184,228,7,126,18,1,26.29,80.7,55.26,8.33
AD Russell,PSL,16,140,184,131,14,60,15,12,13.14,140.46,45.8,20.61
K Rabada,T20I,27,167,184,159,13,69,18,6,14.15,115.72,43.4,15.09
CJ Jordan,ODI,23,218,184,211,16,105,12,5,11.5,87.2,49.76,8.06
Omair Yousuf,PSL,7,140,184,135,8,43,17,6,23.0,136.3,31.85,17.04
Haseeb Ghafoor,T20I,9,175,184,170,5,75,10,10,36.8,108.24,44.12,11.76
D Unhale,T20I,8,299,184,265,8,163,19,0,23.0,69.43,61.51,7.17
AA Rahayu,T20I,20,214,184,204,14,103,12,6,13.14,90.2,50.49,8.82
F Mutizwa,ODI,10,282,183,275,8,159,11,3,22.88,66.55,57.82,5.09
A Vaidya,T20I,12,226,183,204,11,107,21,0,16.64,89.71,52.45,10.29
Mehrab Hossain jnr,ODI,10,431,183,408,11,291,17,0,16.64,44.85,71.32,4.17
Eman Asim,T20I,9,241,183,226,8,123,17,1,22.88,80.97,54.42,7.96
BJ Hodge,T20I,11,146,183,144,10,41,10,7,18.3,127.08,28.47,11.81
ZT Kyaw,T20I,22,263,183,244,16,136,16,0,11.44,75.0,55.74,6.56
MS Wade,IPL,14,185,183,177,13,85,23,2,14.08,103.39,48.02,14.12
GJ Bailey,Test,5,311,183,311,7,230,15,8,26.14,58.84,73.95,7.4
Juairiya Ferdous,T20I,10,175,183,160,9,74,18,7,20.33,114.38,46.25,15.62
SL Gomez,T20I,36,292,183,266,32,136,11,0,5.72,68.8,51.13,4.14
T Putthawong,T20I,23,249,183,240,14,120,15,0,13.07,76.25,50.0,6.25
V Vasquez,T20I,9,211,183,195,9,94,18,0,20.33,93.85,48.21,9.23
S Georgota,T20I,21,359,183,315,17,181,9,0,10.76,58.1,57.46,2.86
SD Hope,IPL,9,125,183,122,8,45,12,12,22.88,150.0,36.89,19.67
BJ Jacobs,T20I,9,135,183,128,6,41,10,10,30.5,142.97,32.03,15.62
FY Fazal,IPL,11,179,183,173,9,67,22,1,20.33,105.78,38.73,13.29
Azhar Ali,PSL,7,177,183,172,7,77,22,3,26.14,106.4,44.77,14.53
KNM Fernando,ODI,7,226,182,225,7,126,21,2,26.0,80.89,56.0,10.22
K Reyneke,T20I,9,124,182,117,3,40,14,12,60.67,155.56,34.19,22.22
SZ Vayani,T20I,25,196,182,195,16,98,15,4,11.38,93.33,50.26,9.74
XM Marshall,Test,3,312,182,310,5,227,27,1,36.4,58.71,73.23,9.03
SJ Benn,ODI,29,242,182,240,23,144,19,3,7.91,75.83,60.0,9.17
H Patel,T20I,10,203,182,193,10,80,15,1,18.2,94.3,41.45,8.29
Sohag Gazi,ODI,15,207,182,205,12,103,18,4,15.17,88.78,50.24,10.73
Sikandar Raza,IPL,9,143,182,136,7,52,12,8,26.0,133.82,38.24,14.71
C Overton,Test,8,416,182,415,12,329,23,1,15.17,43.86,79.28,5.78
SM Sharif,T20I,31,180,182,176,14,63,9,5,13.0,103.41,35.8,7.95
ND McKenzie,ODI,7,260,182,256,6,138,16,0,30.33,71.09,53.91,6.25
Rameesha Shahid,T20I,15,217,182,197,9,91,17,0,20.22,92.39,46.19,8.63
N Koncharoenkai,ODI,11,260,182,255,10,155,22,0,18.2,71.37,60.78,8.63
J Ramanandi,ODI,8,187,182,182,8,81,13,7,22.75,100.0,44.51,10.99
CR Brathwaite,IPL,14,120,181,111,14,44,10,16,12.93,163.06,39.64,23.42
A Yon,T20I,12,172,181,159,11,72,16,7,16.45,113.84,45.28,14.47
LJ Wright,PSL,7,145,181,141,6,64,20,7,30.17,128.37,45.39,19.15
GSNFG Jayasuriya,ODI,9,246,181,245,8,135,13,2,22.62,73.88,55.1,6.12
CR Brathwaite,Test,3,284,181,284,4,196,12,7,45.25,63.73,69.01,6.69
J Liyanage,T20I,13,179,181,175,8,66,13,3,22.62,103.43,37.71,9.14
F Conteh,T20I,20,360,181,338,18,214,12,0,10.06,53.55,63.31,3.55
RM Haq,ODI,17,354,181,339,14,228,18,1,12.93,53.39,67.26,5.6
Tayyab Tahir,ODI,10,185,181,177,7,77,18,3,25.86,102.26,43.5,11.86
AC Voges,IPL,7,143,181,143,6,44,15,3,30.17,126.57,30.77,12.59
S Gopal,IPL,22,173,180,169,13,67,19,2,13.85,106.51,39.64,12.43
AM Hardie,ODI,12,227,180,225,11,118,16,2,16.36,80.0,52.44,8.0
AF Milne,ODI,22,211,180,205,15,97,11,4,12.0,87.8,47.32,7.32
JT Smuts,ODI,5,233,180,229,4,119,20,1,45.0,78.6,51.97,9.17
M Dlamini,T20I,20,371,180,342,21,246,22,0,8.57,52.63,71.93,6.43
Shakib Al Hasan,PSL,14,175,180,168,12,54,11,4,15.0,107.14,32.14,8.93
AM Hardie,T20I,11,149,180,142,8,53,19,5,22.5,126.76,37.32,16.9
Anwar Arudin,T20I,19,187,180,177,18,92,21,5,10.0,101.69,51.98,14.69
AR Cusack,T20I,16,136,180,134,9,49,16,5,20.0,134.33,36.57,15.67
AL Mundundo,T20I,24,449,180,382,21,250,11,0,8.57,47.12,65.45,2.88
H Jangariya,T20I,8,146,180,142,7,64,20,8,25.71,126.76,45.07,19.72
I van Zyl,T20I,33,347,180,326,21,185,5,0,8.57,55.21,56.75,1.53
GT Taylor,T20I,17,240,180,228,15,138,18,6,12.0,78.95,60.53,10.53
J Vijay,T20I,8,140,180,133,8,61,26,4,22.5,135.34,45.86,22.56
CJ Jordan,Test,7,322,180,320,9,234,25,1,20.0,56.25,73.12,8.12
Jakir Patel,T20I,10,163,179,158,9,64,14,8,19.89,113.29,40.51,13.92
N Chejay,T20I,15,248,179,234,12,120,14,2,14.92,76.5,51.28,6.84
CMA Shillington,ODI,9,199,179,197,7,125,27,2,25.57,90.86,63.45,14.72
AB Agarkar,IPL,18,160,179,154,8,53,13,5,22.38,116.23,34.42,11.69
MP Ainsworth,T20I,11,235,179,224,8,105,10,3,22.38,79.91,46.88,5.8
MJ Owen,T20I,11,126,179,121,9,43,7,14,19.89,147.93,35.54,17.36
SP Patil,T20I,12,212,179,203,12,101,16,4,14.92,88.18,49.75,9.85
JL Gunn,T20I,26,202,179,191,17,77,11,3,10.53,93.72,40.31,7.33
DM Richards,ODI,7,260,179,251,6,163,21,3,29.83,71.31,64.94,9.56
B Fitchet,T20I,14,188,179,176,14,99,21,5,12.79,101.7,56.25,14.77
AR Valdez,T20I,15,278,178,263,10,149,14,1,17.8,67.68,56.65,5.7
E Rukiriza,T20I,40,248,178,239,30,137,10,4,5.93,74.48,57.32,5.86
SR Thompson,ODI,11,198,178,196,9,99,17,3,19.78,90.82,50.51,10.2
JA McCollum,ODI,6,246,178,242,6,156,26,1,29.67,73.55,64.46,11.16
B Zuiderent,ODI,16,368,178,358,15,254,15,2,11.87,49.72,70.95,4.75
H Rathod,T20I,12,157,178,147,6,58,15,5,29.67,121.09,39.46,13.61
Nazimuddin,T20I,7,164,178,158,10,74,13,10,17.8,112.66,46.84,14.56
Sidhant Singh,T20I,9,144,178,135,7,44,15,6,25.43,131.85,32.59,15.56
C Munro,IPL,11,144,177,141,9,65,19,8,19.67,125.53,46.1,19.15
MF Maharoof,IPL,14,124,177,123,10,43,12,9,17.7,143.9,34.96,17.07
T Smith,T20I,15,232,177,218,16,103,13,0,11.06,81.19,47.25,5.96
Sachin Mandy,T20I,16,175,177,169,15,89,11,11,11.8,104.73,52.66,13.02
NR Kumar,ODI,11,306,177,293,9,181,15,0,19.67,60.41,61.77,5.12
DR Tuffey,Test,5,313,177,312,4,226,20,3,44.25,56.73,72.44,7.37
MD Botha,T20I,12,219,177,208,10,96,14,0,17.7,85.1,46.15,6.73
JAD Lawrenson,ODI,4,215,177,211,4,96,14,2,44.25,83.89,45.5,7.58
RS Kaluwitharana,ODI,8,246,176,236,5,145,22,1,35.2,74.58,61.44,9.75
Choudry Share Ali,T20I,6,102,176,100,5,33,15,11,35.2,176.0,33.0,26.0
J Martins,T20I,9,154,176,151,9,64,12,8,19.56,116.56,42.38,13.25
KH Brunt,Test,10,535,176,533,12,435,21,0,14.67,33.02,81.61,3.94
TL Chatara,ODI,45,369,176,360,20,249,15,2,8.8,48.89,69.17,4.72
D Johnson,T20I,18,161,176,160,14,72,15,5,12.57,110.0,45.0,12.5
JF Mooney,T20I,16,163,176,158,10,53,18,1,17.6,111.39,33.54,12.03
AAP Rivero,T20I,19,203,176,195,14,91,8,4,12.57,90.26,46.67,6.15
S Juma,T20I,15,187,176,176,10,84,23,0,17.6,100.0,47.73,13.07
H Patel,ODI,10,198,176,189,9,120,21,6,19.56,93.12,63.49,14.29
CRD Fernando,ODI,34,266,175,257,18,162,17,2,9.72,68.09,63.04,7.39
K Winda Prastini,T20I,8,259,175,236,7,125,14,0,25.0,74.15,52.97,5.93
BKB Corbin,T20I,14,148,175,144,12,85,18,11,14.58,121.53,59.03,20.14
CJ Chibhabha,Test,5,450,175,450,10,370,25,0,17.5,38.89,82.22,5.56
Muhammad Kashif,T20I,9,148,175,145,8,61,9,12,21.88,120.69,42.07,14.48
IH Romaine,ODI,12,360,175,349,10,251,20,1,17.5,50.14,71.92,6.02
LPC Silva,T20I,15,184,175,177,14,83,19,3,12.5,98.87,46.89,12.43
Wasim Ali,ODI,13,221,175,219,10,126,14,4,17.5,79.91,57.53,8.22
R Immadi,T20I,18,319,175,234,11,108,10,0,15.91,74.79,46.15,4.27
JR Barry,T20I,12,273,175,255,7,137,14,0,25.0,68.63,53.73,5.49
AS Wikman,T20I,9,147,175,142,7,52,22,0,25.0,123.24,36.62,15.49
R Gaznavi,T20I,15,223,175,212,15,110,15,2,11.67,82.55,51.89,8.02
M van Jaarsveld,Test,3,334,175,334,5,253,27,0,35.0,52.4,75.75,8.08
CAK Walton,T20I,14,172,174,169,14,91,14,10,12.43,102.96,53.85,14.2
WD Parnell,T20I,21,189,174,180,10,78,13,4,17.4,96.67,43.33,9.44
A Sokovagone,T20I,6,131,174,129,7,53,10,12,24.86,134.88,41.09,17.05
S Houghton,T20I,14,242,174,234,14,134,12,5,12.43,74.36,57.26,7.26
F Sisifo,T20I,16,310,174,290,13,183,14,1,13.38,60.0,63.1,5.17
CAJ Meschede,T20I,4,114,174,113,4,40,9,13,43.5,153.98,35.4,19.47
Raza-ur-Rehman,ODI,4,215,174,210,3,122,24,0,58.0,82.86,58.1,11.43
T Sandeep,T20I,10,191,174,177,7,85,23,1,24.86,98.31,48.02,13.56
L Vincent,T20I,9,186,174,174,9,80,17,3,19.33,100.0,45.98,11.49
NW Bracken,ODI,31,265,174,263,16,159,11,3,10.88,66.16,60.46,5.32
PSR Gurusinghe,T20I,28,374,174,336,27,214,9,0,6.44,51.79,63.69,2.68
CH Morris,Test,4,365,173,362,7,280,25,0,24.71,47.79,77.35,6.91
GM Hamilton,ODI,10,305,173,293,10,181,13,1,17.3,59.04,61.77,4.78
MK Thakur,T20I,15,154,173,144,12,57,10,9,14.42,120.14,39.58,13.19
Hassan Rasheed,T20I,15,210,173,201,16,94,9,6,10.81,86.07,46.77,7.46
C Bah,T20I,21,173,173,165,18,74,12,6,9.61,104.85,44.85,10.91
SE Bond,ODI,29,271,173,266,14,162,10,3,12.36,65.04,60.9,4.89
P Suanchuai,T20I,20,275,173,269,19,161,12,3,9.11,64.31,59.85,5.58
SC Taylor,T20I,3,125,173,122,2,33,20,0,86.5,141.8,27.05,16.39
STRA de Silva,T20I,12,205,173,202,9,101,13,1,19.22,85.64,50.0,6.93
RD Jacobs,Test,5,382,173,381,8,282,19,3,21.62,45.41,74.02,5.77
Mohammad Boota,ODI,7,240,173,232,6,138,12,6,28.83,74.57,59.48,7.76
F Malefula,T20I,14,198,173,187,12,91,14,1,14.42,92.51,48.66,8.02
BL Morgan,Test,4,733,172,728,6,634,18,0,28.67,23.63,87.09,2.47
T Banton,ODI,6,186,172,186,6,104,21,4,28.67,92.47,55.91,13.44
YS Samra,ODI,6,262,172,256,5,171,19,5,34.4,67.19,66.8,9.38
M Mwangi,T20I,18,258,172,248,13,146,14,1,13.23,69.35,58.87,6.05
I Kaia,Test,2,287,172,287,4,204,23,0,43.0,59.93,71.08,8.01
HR Walsh,ODI,13,264,172,252,10,154,18,1,17.2,68.25,61.11,7.54
KMA Paul,T20I,14,155,172,150,8,68,10,10,21.5,114.67,45.33,13.33
IK Pathan,T20I,13,146,172,144,8,54,9,7,21.5,119.44,37.5,11.11
Rishad Hossain,ODI,12,118,172,116,9,54,12,13,19.11,148.28,46.55,21.55
K Gore,ODI,12,256,171,249,10,147,13,2,17.1,68.67,59.04,6.02
W Moutswi,T20I,21,271,171,252,15,139,7,0,11.4,67.86,55.16,2.78
Aslam Mohammad,T20I,9,155,171,142,10,73,11,12,17.1,120.42,51.41,16.2
SR Thompson,T20I,21,147,171,143,14,54,10,6,12.21,119.58,37.76,11.19
GD Elliott,T20I,15,159,171,157,9,55,13,2,19.0,108.92,35.03,9.55
A Reyes,T20I,16,210,171,192,14,95,17,2,12.21,89.06,49.48,9.9
YBK Jaiswal,ODI,4,208,171,197,3,107,19,4,57.0,86.8,54.31,11.68
Natim Hassam,T20I,8,164,171,159,4,61,13,5,42.75,107.55,38.36,11.32
G Gune,T20I,12,187,171,178,12,80,13,3,14.25,96.07,44.94,8.99
C Muthoni,T20I,16,267,171,244,17,151,20,0,10.06,70.08,61.89,8.2
M Jansen,IPL,23,162,171,151,14,58,9,8,12.21,113.25,38.41,11.26
D Jansen,T20I,8,162,171,159,8,65,12,5,21.38,107.55,40.88,10.69
AD Poynter,T20I,9,137,171,134,8,60,17,7,21.38,127.61,44.78,17.91
JK Kamande,ODI,19,363,171,358,18,248,13,1,9.5,47.77,69.27,3.91
Nasum Ahmed,ODI,11,206,171,203,9,118,17,6,19.0,84.24,58.13,11.33
Najibullah Zadran,PSL,7,130,171,126,6,46,11,9,28.5,135.71,36.51,15.87
Muhammad Yasin,T20I,11,165,171,153,11,69,16,6,15.55,111.76,45.1,14.38
Abdul Wahid,T20I,10,136,170,131,6,44,13,8,28.33,129.77,33.59,16.03
Omid Mailk Khel,T20I,9,161,170,156,9,58,15,4,18.89,108.97,37.18,12.18
Lata Mondal,ODI,12,349,170,339,11,233,15,0,15.45,50.15,68.73,4.42
KB Patil,T20I,15,202,170,195,14,104,11,4,12.14,87.18,53.33,7.69
SM Solia,T20I,6,135,170,133,7,42,10,9,24.29,127.82,31.58,14.29
Tanvir Ahmed (1),Test,5,272,170,271,5,190,26,0,34.0,62.73,70.11,9.59
N Vare,ODI,12,412,170,393,12,285,14,0,14.17,43.26,72.52,3.56
Ada Bhasin,T20I,26,319,170,297,22,192,12,2,7.73,57.24,64.65,4.71
DH Yagnik,IPL,17,142,170,137,9,55,23,2,18.89,124.09,40.15,18.25
F Nsubuga,T20I,21,162,170,158,12,76,9,10,14.17,107.59,48.1,12.03
S Laomi,T20I,33,277,169,268,21,149,11,0,8.05,63.06,55.6,4.1
Shakeel Ahmed,ODI,17,300,169,294,11,199,9,6,15.36,57.48,67.69,5.1
RA Young,Test,5,420,169,419,7,330,19,1,24.14,40.33,78.76,4.77
CM Gautam,IPL,13,158,169,150,9,75,17,6,18.78,112.67,50.0,15.33
Shariq Munir,T20I,9,120,169,116,9,45,15,8,18.78,145.69,38.79,19.83
TSS Mackintosh,ODI,9,203,169,201,7,97,17,1,24.14,84.08,48.26,8.96
BJ McCarthy,ODI,21,269,169,265,17,154,14,2,9.94,63.77,58.11,6.04
C Tommy,T20I,13,197,169,189,13,84,10,4,13.0,89.42,44.44,7.41
F Achelam,T20I,22,172,169,160,14,83,9,10,12.07,105.62,51.88,11.88
TA Imlach,Test,6,478,169,476,11,380,15,2,15.36,35.5,79.83,3.57
Umar Siddiq,PSL,7,155,169,150,6,69,13,8,28.17,112.67,46.0,14.0
LS Greenway,Test,8,668,169,666,14,583,23,0,12.07,25.38,87.54,3.45
GD McGrath,Test,17,367,169,366,12,275,14,1,14.08,46.17,75.14,4.1
L Bull,T20I,24,290,168,256,14,137,11,0,12.0,65.62,53.52,4.3
Saad Khan,T20I,11,166,168,157,10,76,15,6,16.8,107.01,48.41,13.38
J Alegra,T20I,11,195,168,193,11,94,9,4,15.27,87.05,48.7,6.74
TB Pawde,T20I,12,198,168,176,10,91,23,0,16.8,95.45,51.7,13.07
Awais Ahmad,T20I,14,144,168,135,14,72,14,10,12.0,124.44,53.33,17.78
RR Patel,ODI,10,237,168,225,6,122,13,2,28.0,74.67,54.22,6.67
C Potgieter,T20I,9,126,168,123,8,52,10,13,21.0,136.59,42.28,18.7
H Niaz,T20I,10,123,168,117,10,54,17,8,16.8,143.59,46.15,21.37
MG Johnson,IPL,28,168,167,164,14,76,10,7,11.93,101.83,46.34,10.37
Gurdeep Singh,T20I,9,181,167,176,8,89,18,3,20.88,94.89,50.57,11.93
CJ Jordan,PSL,21,140,167,136,10,56,11,9,16.7,122.79,41.18,14.71
Tamoor Sajjad,T20I,6,145,167,140,6,50,11,7,27.83,119.29,35.71,12.86
DW Steyn,IPL,33,163,167,160,22,69,14,3,7.59,104.38,43.12,10.62
MN van Wyk,IPL,5,135,167,132,3,41,19,1,55.67,126.52,31.06,15.15
KT Kasuza,Test,5,546,167,545,8,458,14,2,20.88,30.64,84.04,2.94
M Ariokot,T20I,25,253,167,236,13,134,14,0,12.85,70.76,56.78,5.93
AM Peterson,ODI,12,211,167,203,9,110,14,3,18.56,82.27,54.19,8.37
DR Flynn,ODI,10,247,167,239,9,150,19,1,18.56,69.87,62.76,8.37
Kaushal Kumar,T20I,10,182,167,171,8,92,20,4,20.88,97.66,53.8,14.04
SW Ambris,Test,6,356,166,356,12,259,17,1,13.83,46.63,72.75,5.06
AL Phehlukwayo,T20I,25,159,166,153,18,69,16,5,9.22,108.5,45.1,13.73
Ruchitha Venkatesh,T20I,28,302,166,286,17,160,6,1,9.76,58.04,55.94,2.45
G Motie,T20I,20,138,166,130,12,62,11,11,13.83,127.69,47.69,16.92
Mohammad Amir,PSL,33,144,166,137,20,67,21,6,8.3,121.17,48.91,19.71
SH Mohamedi,T20I,23,220,166,213,18,125,18,0,9.22,77.93,58.69,8.45
DO Leicher,T20I,16,186,166,180,8,79,7,5,20.75,92.22,43.89,6.67
T van der Gugten,T20I,13,122,166,120,11,39,8,9,15.09,138.33,32.5,14.17
ME Trescothick,T20I,3,135,166,131,3,44,23,1,55.33,126.72,33.59,18.32
HJ Jordaan,T20I,8,214,166,210,8,101,10,4,20.75,79.05,48.1,6.67
ED Silva,T20I,7,93,166,89,7,34,10,15,23.71,186.52,38.2,28.09
ST Doheny,ODI,9,275,165,264,9,172,16,2,18.33,62.5,65.15,6.82
N Davin,ODI,12,211,165,205,12,129,18,4,13.75,80.49,62.93,10.73
PM Weerakkody,T20I,13,213,165,206,13,99,15,0,12.69,80.1,48.06,7.28
Abul Hasan,Test,3,278,165,278,2,197,17,5,82.5,59.35,70.86,7.91
MJ Lumb,ODI,3,206,165,203,3,111,12,3,55.0,81.28,54.68,7.39
T Taibu,T20I,11,159,165,155,7,52,11,2,23.57,106.45,33.55,8.39
N Boochatham,ODI,12,332,165,312,12,216,19,0,13.75,52.88,69.23,6.09
NN Saidi,T20I,23,288,165,271,16,148,7,0,10.31,60.89,54.61,2.58
A Bagai,T20I,4,157,165,154,4,44,14,0,41.25,107.14,28.57,9.09
Mohammad Naveed,T20I,19,139,165,138,13,66,16,7,12.69,119.57,47.83,16.67
Umar Gul,T20I,25,166,165,156,17,82,11,10,9.71,105.77,52.56,13.46
Rabeya Khan,ODI,23,265,165,256,18,163,19,1,9.17,64.45,63.67,7.81
AR Adams,ODI,12,154,165,151,10,79,11,10,16.5,109.27,52.32,13.91
PA Reddy,IPL,10,167,164,160,10,65,15,2,16.4,102.5,40.62,10.62
C Dickson,T20I,13,199,164,197,11,91,10,3,14.91,83.25,46.19,6.6
MC Henriques,Test,4,346,164,346,6,245,12,2,27.33,47.4,70.81,4.05
D Bishoo,ODI,24,265,164,263,15,164,17,1,10.93,62.36,62.36,6.84
M Vandrasi,T20I,8,162,164,156,6,62,17,1,27.33,105.13,39.74,11.54
Waqas Khan,T20I,14,195,164,189,10,83,6,5,16.4,86.77,43.92,5.82
Sidra Nawaz,T20I,26,230,164,220,19,108,12,2,8.63,74.55,49.09,6.36
BS Stephenson,T20I,11,145,164,140,9,65,11,9,18.22,117.14,46.43,14.29
HNK Jensen,T20I,26,219,164,213,18,105,15,0,9.11,77.0,49.3,7.04
T Luka,T20I,21,335,164,296,19,191,11,0,8.63,55.41,64.53,3.72
EJG Morgan,PSL,9,163,164,160,8,76,17,4,20.5,102.5,47.5,13.12
S Jafta,T20I,23,127,164,124,9,43,19,2,18.22,132.26,34.68,16.94
G Obukor,T20I,10,224,164,206,10,107,13,0,16.4,79.61,51.94,6.31
AWJ Auguste,T20I,8,121,164,118,6,50,11,11,27.33,138.98,42.37,18.64
KS Lokuarachchi,ODI,12,217,164,215,10,107,7,3,16.4,76.28,49.77,4.65
PC McGeown,T20I,15,271,164,248,12,151,14,0,13.67,66.13,60.89,5.65
S Vashisht,T20I,19,173,163,168,13,77,13,5,12.54,97.02,45.83,10.71
L Klusener,ODI,8,156,163,152,3,66,9,8,54.33,107.24,43.42,11.18
F Tunnicliffe,T20I,13,198,163,190,10,97,19,0,16.3,85.79,51.05,10.0
JC Tredwell,ODI,25,247,163,242,12,138,9,4,13.58,67.36,57.02,5.37
Shan Masood,ODI,9,242,163,234,9,141,19,0,18.11,69.66,60.26,8.12
Akash Deep,Test,10,304,163,303,13,239,20,6,12.54,53.8,78.88,8.58
Kulwinderjeet Singh,T20I,8,113,163,110,6,51,18,9,27.17,148.18,46.36,24.55
Saghar Manzoor,T20I,14,201,163,184,13,107,17,6,12.54,88.59,58.15,12.5
N Shangase,ODI,13,247,163,243,11,152,16,3,14.82,67.08,62.55,7.82
S Konstas,Test,5,291,163,289,10,215,20,2,16.3,56.4,74.39,7.61
AU Rashid,T20I,40,192,163,182,23,79,13,1,7.09,89.56,43.41,7.69
KP Meiyappan,ODI,21,342,163,333,17,226,11,0,9.59,48.95,67.87,3.3
Anamul Haque,Test,8,399,162,399,15,316,20,1,10.8,40.6,79.2,5.26
A Aitken-Drummond,T20I,16,207,162,201,14,102,15,2,11.57,80.6,50.75,8.46
I Waqavakatoga,T20I,14,273,162,243,13,152,19,1,12.46,66.67,62.55,8.23
MA Abbas,ODI,6,209,162,203,6,103,8,4,27.0,79.8,50.74,5.91
LC Sthalekar,T20I,8,149,162,143,6,38,13,0,27.0,113.29,26.57,9.09
RM Ghosh,Test,3,269,162,269,5,196,27,0,32.4,60.22,72.86,10.04
SM Mayers,ODI,10,241,162,227,10,146,23,1,16.2,71.37,64.32,10.57
JS Kundi,T20I,19,174,162,170,15,79,10,6,10.8,95.29,46.47,9.41
Hannan Sarkar,Test,4,453,162,453,8,363,14,0,20.25,35.76,80.13,3.09
Khaibar Deldar,T20I,12,153,162,138,12,75,17,7,13.5,117.39,54.35,17.39
DP Michael,T20I,5,148,162,134,4,46,12,7,40.5,120.9,34.33,14.18
N Jagadeesan,IPL,10,155,162,147,9,65,21,2,18.0,110.2,44.22,15.65
LA Burns,T20I,14,151,161,140,11,47,15,2,14.64,115.0,33.57,12.14
J Goswami,T20I,20,173,161,171,16,64,8,4,10.06,94.15,37.43,7.02
Rohit Kumar,T20I,12,147,161,134,11,70,20,6,14.64,120.15,52.24,19.4
AS Withanage,T20I,8,184,161,170,7,92,25,0,23.0,94.71,54.12,14.71
GB Hogg,Test,4,279,161,279,4,190,12,2,40.25,57.71,68.1,5.02
A Shahi,T20I,13,97,161,91,11,35,9,14,14.64,176.92,38.46,25.27
MN Samuels,IPL,14,174,161,172,12,84,9,7,13.42,93.6,48.84,9.3
Waqas Ahmad,T20I,12,105,161,100,8,37,10,12,20.12,161.0,37.0,22.0
H Davids,T20I,9,138,161,134,9,56,18,4,17.89,120.15,41.79,16.42
R Poddar,T20I,14,198,161,189,10,92,14,1,16.1,85.19,48.68,7.94
Tanwir Afzal,ODI,12,182,161,177,11,103,13,8,14.64,90.96,58.19,11.86
Y Venugopal Rao,ODI,8,257,161,249,8,147,12,2,20.12,64.66,59.04,5.62
MVT Fernando,Test,22,617,161,616,21,539,16,1,7.67,26.14,87.5,2.76
O Kamchomphu,T20I,46,210,160,206,33,109,9,4,4.85,77.67,52.91,6.31
E Thelander,T20I,12,242,160,217,9,110,9,0,17.78,73.73,50.69,4.15
OJ Phillips,Test,2,313,160,312,4,216,16,0,40.0,51.28,69.23,5.13
NA Rock,T20I,16,156,160,149,15,61,13,3,10.67,107.38,40.94,10.74
M Turay,T20I,22,287,160,260,21,158,12,0,7.62,61.54,60.77,4.62
AN Davidson-Richards,ODI,7,193,160,190,4,76,9,1,40.0,84.21,40.0,5.26
Mustafizur Rahman,ODI,50,335,160,328,23,232,17,1,6.96,48.78,70.73,5.49
FRJ Coleman,ODI,8,220,160,214,7,126,18,1,22.86,74.77,58.88,8.88
Aamir Kaleem,ODI,13,271,160,266,13,192,21,3,12.31,60.15,72.18,9.02
Syed Haider,T20I,12,154,160,147,9,58,10,6,17.78,108.84,39.46,10.88
S Khurana,T20I,13,168,160,158,9,56,15,0,17.78,101.27,35.44,9.49
SJ McGlashan,ODI,10,234,160,230,9,149,19,3,17.78,69.57,64.78,9.57
AA Jangoo,T20I,6,129,160,126,4,61,16,8,40.0,126.98,48.41,19.05
B Tau,ODI,11,351,159,334,11,235,16,0,14.45,47.6,70.36,4.79
Shariz Ahmad,ODI,17,291,159,281,13,170,11,0,12.23,56.58,60.5,3.91
J Kila,ODI,12,249,159,244,11,150,14,2,14.45,65.16,61.48,6.56
Saif Hassan,Test,6,308,159,307,11,248,27,2,14.45,51.79,80.78,9.45
JP Faulkner,T20I,18,143,159,138,11,41,7,5,14.45,115.22,29.71,8.7
Akshay Homraj,ODI,8,230,159,223,8,130,9,4,19.88,71.3,58.3,5.83
Bilal Muhammad,T20I,13,90,159,83,8,22,7,12,19.88,191.57,26.51,22.89
RE van der Merwe,IPL,15,144,159,141,12,63,11,8,13.25,112.77,44.68,13.48
R McLaren,IPL,13,178,159,171,8,69,14,1,19.88,92.98,40.35,8.77
K Dema,T20I,24,332,159,314,19,206,12,0,8.37,50.64,65.61,3.82
WP Masakadza,Test,7,524,159,523,12,449,16,3,13.25,30.4,85.85,3.63
Saqib Zulfiqar,ODI,11,233,158,223,8,135,12,4,19.75,70.85,60.54,7.17
R Nath,T20I,11,188,158,177,10,93,12,6,15.8,89.27,52.54,10.17
Abdul Shakoor,T20I,12,192,158,180,10,74,12,1,15.8,87.78,41.11,7.22
MP Breetzke,T20I,13,142,158,136,11,56,14,6,14.36,116.18,41.18,14.71
JL Ontong,T20I,10,111,158,109,10,37,6,11,15.8,144.95,33.94,15.6
Hasan Mahmud,Test,13,400,158,400,12,332,17,4,13.17,39.5,83.0,5.25
Yves Cyusa,T20I,15,193,158,184,11,100,14,4,14.36,85.87,54.35,9.78
Rizwan Mahmood,T20I,11,136,158,131,10,47,10,6,15.8,120.61,35.88,12.21
ADS Fletcher,PSL,9,140,158,138,9,68,14,8,17.56,114.49,49.28,15.94
Imran Tahir,ODI,32,233,157,225,18,148,21,1,8.72,69.78,65.78,9.78
Raja Shoaib,T20I,9,178,157,175,5,86,15,2,31.4,89.71,49.14,9.71
Zawar Farid,T20I,13,123,157,121,10,52,11,8,15.7,129.75,42.98,15.7
CJO Smith,ODI,9,240,157,238,10,155,23,0,15.7,65.97,65.13,9.66
JM Vujinovich,T20I,13,254,157,242,13,126,10,1,12.08,64.88,52.07,4.55
R Sharma,T20I,8,110,157,104,3,35,11,9,52.33,150.96,33.65,19.23
D Mohammed,Test,3,215,157,215,4,153,21,4,39.25,73.02,71.16,11.63
T Kaitano,ODI,11,264,157,256,9,180,18,2,17.44,61.33,70.31,7.81
P Mujaji,T20I,18,186,157,180,14,90,15,2,11.21,87.22,50.0,9.44
Hamid Safi,T20I,13,102,157,92,8,40,6,16,19.62,170.65,43.48,23.91
S Koppolu,T20I,13,157,157,149,11,70,15,4,14.27,105.37,46.98,12.75
PJ Malan,Test,3,530,156,530,6,429,11,0,26.0,29.43,80.94,2.08
PBB Rajapaksa,PSL,8,109,156,107,6,36,16,6,26.0,145.79,33.64,20.56
P Litchfield,Test,5,337,156,335,6,260,22,0,26.0,46.57,77.61,6.57
CMW Read,ODI,14,221,156,216,12,121,12,1,13.0,72.22,56.02,6.02
S Rana,Test,4,363,156,363,6,291,24,0,26.0,42.98,80.17,6.61
N Gwanzura,T20I,24,169,156,164,21,84,14,4,7.43,95.12,51.22,10.98
MD Choudhary,IPL,8,109,156,107,5,42,9,12,31.2,145.79,39.25,19.63
SRH Curtis,ODI,8,234,156,227,6,123,11,0,26.0,68.72,54.19,4.85
JA McCollum,Test,5,397,156,397,10,324,21,0,15.6,39.29,81.61,5.29
V Igbinedion,T20I,10,232,156,215,9,137,20,1,17.33,72.56,63.72,9.77
Tanwir Afzal,T20I,13,134,156,131,11,63,6,11,14.18,119.08,48.09,12.98
H Kaushik,T20I,13,122,156,120,9,46,4,12,17.33,130.0,38.33,13.33
RR Powar,ODI,15,246,156,240,12,139,12,2,13.0,65.0,57.92,5.83
AGS Gous,PSL,8,112,155,111,6,43,14,8,25.83,139.64,38.74,19.82
PJ Cummins,T20I,21,127,155,122,12,47,11,7,12.92,127.05,38.52,14.75
SP Narine,T20I,20,149,155,138,14,59,13,5,11.07,112.32,42.75,13.04
Arafat Minhas,PSL,13,102,155,98,9,34,16,7,17.22,158.16,34.69,23.47
C Sutthiruang,ODI,12,250,155,232,12,154,21,1,12.92,66.81,66.38,9.48
Mushfiqur Rahman,Test,4,476,155,476,6,396,18,0,25.83,32.56,83.19,3.78
K McGill,T20I,20,202,155,193,14,84,11,0,11.07,80.31,43.52,5.7
A Kolan,ODI,7,297,155,286,8,184,16,0,19.38,54.2,64.34,5.59
A McGrath,ODI,11,342,155,336,9,228,10,0,17.22,46.13,67.86,2.98
Wahab Riaz,T20I,14,124,154,123,11,45,10,7,14.0,125.2,36.59,13.82
AM Ellis,ODI,12,189,154,184,10,81,10,2,15.4,83.7,44.02,6.52
DO Leicher,ODI,7,208,154,207,6,117,8,4,25.67,74.4,56.52,5.8
Mohammed Siraj,Test,39,456,154,453,33,371,16,2,4.67,34.0,81.9,3.97
AC Sabino,T20I,16,202,154,182,11,104,15,3,14.0,84.62,57.14,9.89
SJ Coyte,ODI,8,233,154,229,6,138,18,1,25.67,67.25,60.26,8.3
KA Blackwell,Test,2,507,154,506,5,434,25,0,30.8,30.43,85.77,4.94
EAS Ferrary,T20I,10,198,154,175,9,79,14,0,17.11,88.0,45.14,8.0
Amandeep Singh,T20I,13,126,154,124,8,52,14,4,19.25,124.19,41.94,14.52
Hadisullah Tarakhel,T20I,5,89,154,84,4,34,16,11,38.5,183.33,40.48,32.14
C Zhuwao,ODI,8,137,154,131,8,78,18,9,19.25,117.56,59.54,20.61
V Nigam,IPL,9,89,154,86,6,28,18,8,25.67,179.07,32.56,30.23
A Rawat,ODI,2,188,153,185,1,110,20,2,153.0,82.7,59.46,11.89
GK Berg,T20I,12,124,153,123,7,45,11,6,21.86,124.39,36.59,13.82
Kartik Sharma,IPL,7,123,153,120,5,51,11,9,30.6,127.5,42.5,16.67
A Bierwisch,T20I,17,310,153,283,14,165,4,0,10.93,54.06,58.3,1.41
MW Short,IPL,8,138,153,129,8,58,18,4,19.12,118.6,44.96,17.05
A Kainessie,T20I,11,171,153,159,11,80,16,2,13.91,96.23,50.31,11.32
RWT Key,Test,5,406,153,406,9,320,18,0,17.0,37.68,78.82,4.43
DJ Hooda,ODI,7,194,153,189,6,84,10,1,25.5,80.95,44.44,5.82
A Stocks,T20I,14,284,153,269,14,151,5,1,10.93,56.88,56.13,2.23
SP Patil,ODI,8,295,153,290,7,192,13,0,21.86,52.76,66.21,4.48
Aamer Yamin,PSL,16,120,153,115,12,51,8,11,12.75,133.04,44.35,16.52
Virk Ali,T20I,8,176,153,170,8,83,10,4,19.12,90.0,48.82,8.24
AA Jangoo,ODI,5,170,153,166,4,68,6,5,38.25,92.17,40.96,6.63
Haris Sohail,PSL,11,183,153,178,9,75,11,2,17.0,85.96,42.13,7.3
Nur Arianna Natsya,T20I,32,285,152,271,23,154,6,0,6.61,56.09,56.83,2.21
S Crowie,T20I,8,212,152,195,7,101,15,1,21.71,77.95,51.79,8.21
DT Christian,PSL,10,106,152,103,7,29,14,6,21.71,147.57,28.16,19.42
D Ganga,ODI,7,302,152,293,7,204,17,0,21.71,51.88,69.62,5.8
IE Mulhovo,T20I,22,441,152,377,23,274,10,0,6.61,40.32,72.68,2.65
SW Poynter,T20I,15,147,152,141,11,60,12,4,13.82,107.8,42.55,11.35
MDK Perera,ODI,12,207,152,199,12,116,13,3,12.67,76.38,58.29,8.04
Naeem Gull,T20I,10,183,152,179,12,105,21,2,12.67,84.92,58.66,12.85
K Ramharack,ODI,32,367,152,360,18,268,13,0,8.44,42.22,74.44,3.61
RG Aga,T20I,11,134,152,132,10,48,14,2,15.2,115.15,36.36,12.12
MJG Rippon,T20I,7,137,152,136,7,52,11,3,21.71,111.76,38.24,10.29
PWA Mulder,T20I,12,149,152,145,10,69,11,6,15.2,104.83,47.59,11.72
AJ Redmond,ODI,6,266,152,259,6,175,19,0,25.33,58.69,67.57,7.34
HM Rowe,T20I,17,147,152,146,12,57,13,1,12.67,104.11,39.04,9.59
SR Patel,Test,6,339,151,338,9,251,16,1,16.78,44.67,74.26,5.03
LA Marsh,Test,8,598,151,596,10,509,16,0,15.1,25.34,85.4,2.68
JA Clarkson,T20I,9,118,151,114,7,45,10,7,21.57,132.46,39.47,14.91
Ghulam Abbas Butt,T20I,13,136,151,127,13,69,18,5,11.62,118.9,54.33,18.11
SO Tikolo,T20I,8,129,151,127,7,55,18,3,21.57,118.9,43.31,16.54
MBA Lamplough,T20I,20,210,151,206,16,102,8,0,9.44,73.3,49.51,3.88
J Overton,IPL,8,98,151,93,5,28,14,7,30.2,162.37,30.11,22.58
Khin Aye,T20I,27,345,151,322,22,218,7,3,6.86,46.89,67.7,3.11
KT Perkins,T20I,16,182,151,179,11,70,10,0,13.73,84.36,39.11,5.59
Sufyan Mehmood,T20I,15,225,151,222,10,113,8,3,15.1,68.02,50.9,4.95
Umaid Asif,PSL,16,96,151,94,9,38,11,11,16.78,160.64,40.43,23.4
EA Osborne,ODI,16,184,151,180,7,92,13,2,21.57,83.89,51.11,8.33
V Sukumaran,T20I,8,131,151,124,8,61,15,7,18.88,121.77,49.19,17.74
Adeeb Usmani,ODI,4,179,151,177,4,91,10,6,37.75,85.31,51.41,9.04
Yasar Haroon,T20I,15,221,151,205,14,115,13,2,10.79,73.66,56.1,7.32
S Lundell,T20I,8,185,151,157,5,75,18,0,30.2,96.18,47.77,11.46
HD Rutherford,T20I,7,107,151,105,7,42,12,9,21.57,143.81,40.0,20.0
VD Philander,ODI,18,219,151,213,11,115,14,0,13.73,70.89,53.99,6.57
Waseem Yaqoob,T20I,12,208,151,201,13,121,13,4,11.62,75.12,60.2,8.46
PJ Ongondo,ODI,26,250,150,248,19,161,9,4,7.89,60.48,64.92,5.24
TKP Rajapaksha,T20I,13,213,150,200,13,118,17,1,11.54,75.0,59.0,9.0
Ghulam Shabber,T20I,10,136,150,131,6,56,17,3,25.0,114.5,42.75,15.27
Adnan Ilyas,T20I,8,149,150,146,8,61,11,3,18.75,102.74,41.78,9.59
AA Mulla,ODI,8,160,150,155,8,91,21,4,18.75,96.77,58.71,16.13
A Otwani,T20I,12,157,150,149,13,75,19,2,11.54,100.67,50.34,14.09
AL Watkins,T20I,4,119,150,115,3,48,19,2,50.0,130.43,41.74,18.26
NM Coulter-Nile,T20I,15,122,150,120,11,56,10,10,13.64,125.0,46.67,16.67
NN Odhiambo,T20I,18,155,150,151,15,82,19,2,10.0,99.34,54.3,13.91
CA Young,ODI,23,175,149,168,10,90,12,5,14.9,88.69,53.57,10.12
Aamir Lal,T20I,9,128,149,127,8,54,7,9,18.62,117.32,42.52,12.6
D Foxcroft,ODI,4,169,149,166,4,84,8,7,37.25,89.76,50.6,9.04
Bakhtiar Tahiri,T20I,6,155,149,141,6,72,13,6,24.83,105.67,51.06,13.48
Muhammed Manga,T20I,8,198,149,187,9,102,8,4,16.56,79.68,54.55,6.42
JF Kloppenburg,ODI,4,240,149,232,4,142,9,4,37.25,64.22,61.21,5.6
P Kumar,Test,6,161,149,159,10,104,21,5,14.9,93.71,65.41,16.35
N Pathan,T20I,8,132,149,128,6,54,10,7,24.83,116.41,42.19,13.28
J Jemison,T20I,20,230,149,216,17,119,10,1,8.76,68.98,55.09,5.09
BOP Fernando,ODI,8,238,148,230,8,151,15,3,18.5,64.35,65.65,7.83
S Ashwathnarayana,T20I,7,104,148,103,4,40,9,9,37.0,143.69,38.83,17.48
LM Kasperek,ODI,21,276,148,269,15,169,11,0,9.87,55.02,62.83,4.09
AD Hales,IPL,6,119,148,118,6,47,13,6,24.67,125.42,39.83,16.1
J Weatherald,PSL,5,121,148,118,5,58,16,7,29.6,125.42,49.15,19.49
ER Oza,ODI,8,219,148,208,8,129,18,0,18.5,71.15,62.02,8.65
Ali Rahmon,T20I,7,130,148,123,6,56,17,3,24.67,120.33,45.53,16.26
M Machado,T20I,11,134,148,125,10,54,13,5,14.8,118.4,43.2,14.4
KDU Prabodhani,ODI,29,437,148,421,20,335,17,0,7.4,35.15,79.57,4.04
D Wiese,IPL,11,105,148,101,6,30,12,7,24.67,146.53,29.7,18.81
BN Cooper,ODI,9,175,148,172,7,102,15,4,21.14,86.05,59.3,11.05
CE Dean,T20I,16,139,148,136,11,41,13,0,13.45,108.82,30.15,9.56
Amar Sharma,T20I,14,187,148,178,11,76,6,2,13.45,83.15,42.7,4.49
Mansoor Safi,T20I,8,75,148,73,8,25,11,12,18.5,202.74,34.25,31.51
AN Kervezee,T20I,6,149,148,148,8,54,10,1,18.5,100.0,36.49,7.43
Muhammad Nadir,T20I,28,207,148,197,19,114,10,5,7.79,75.13,57.87,7.61
CM Greechan,T20I,15,238,148,214,11,98,4,0,13.45,69.16,45.79,1.87
K Mishara,ODI,6,177,148,171,7,108,20,2,21.14,86.55,63.16,12.87
SM Pollock,IPL,8,116,147,111,8,42,12,8,18.38,132.43,37.84,18.02
A Dhabe,T20I,11,149,147,146,5,65,8,6,29.4,100.68,44.52,9.59
MA Wood,ODI,22,143,147,140,6,64,13,5,24.5,105.0,45.71,12.86
AN Kelly,T20I,25,164,147,159,20,69,12,1,7.35,92.45,43.4,8.18
Fayyaz Butt,T20I,19,149,147,144,9,58,11,4,16.33,102.08,40.28,10.42
HR Walsh,T20I,15,151,147,147,9,64,9,5,16.33,100.0,43.54,9.52
Rinitha Rajith,ODI,8,231,147,222,7,135,16,0,21.0,66.22,60.81,7.21
TK Joseph,T20I,23,168,147,164,18,86,7,5,8.17,89.63,52.44,7.32
J Chialoufas,T20I,10,149,147,143,8,68,11,4,18.38,102.8,47.55,10.49
Muhammad Younis,T20I,11,143,147,139,11,68,15,5,13.36,105.76,48.92,14.39
Nazimuddin,ODI,11,246,147,237,10,162,18,2,14.7,62.03,68.35,8.44
Aina Najwa,T20I,28,270,147,259,17,143,3,0,8.65,56.76,55.21,1.16
M Choamba,T20I,18,213,147,207,15,116,7,3,9.8,71.01,56.04,4.83
CR Woakes,T20I,16,121,147,117,8,40,9,7,18.38,125.64,34.19,13.68
Maaz Khan,T20I,16,152,147,145,15,73,10,8,9.8,101.38,50.34,12.41
Khalid Latif,ODI,5,233,147,228,5,139,13,0,29.4,64.47,60.96,5.7
BYA Mendis,ODI,8,252,147,244,7,165,21,0,21.0,60.25,67.62,8.61
S Gajnabi,ODI,23,319,147,315,20,212,10,1,7.35,46.67,67.3,3.49
Kalhan Challu,T20I,8,112,147,108,4,19,10,3,36.75,136.11,17.59,12.04
P Marange,T20I,24,173,147,166,13,92,16,3,11.31,88.55,55.42,11.45
Rasheed Ali Mamadkhel,T20I,11,131,147,120,11,52,10,8,13.36,122.5,43.33,15.0
S Randiv,Test,11,480,147,480,15,396,16,0,9.8,30.63,82.5,3.33
DR Gibson,T20I,15,119,147,118,10,43,21,1,14.7,124.58,36.44,18.64
Hasan Ali,T20I,20,94,147,86,12,30,7,12,12.25,170.93,34.88,22.09
A Khaka,ODI,45,320,146,313,24,224,14,0,6.08,46.65,71.57,4.47
M Stanikzai,T20I,11,116,146,111,10,45,12,6,14.6,131.53,40.54,16.22
T Kolcunova,T20I,12,249,146,220,13,128,12,0,11.23,66.36,58.18,5.45
B Murekatete,T20I,32,213,146,205,20,113,14,0,7.3,71.22,55.12,6.83
Usman Arif,T20I,10,83,146,80,10,33,6,15,14.6,182.5,41.25,26.25
O Bascome,T20I,11,146,146,144,11,77,11,8,13.27,101.39,53.47,13.19
CL White,Test,4,331,146,330,5,247,15,1,29.2,44.24,74.85,4.85
S Vaia,T20I,11,250,146,230,10,137,12,0,14.6,63.48,59.57,5.22
ID Blackwell,ODI,18,213,146,211,16,129,17,1,9.12,69.19,61.14,8.53
K Zondo,ODI,6,235,146,231,5,129,8,3,29.2,63.2,55.84,4.76
M Smit,T20I,6,129,146,122,4,37,14,1,36.5,119.67,30.33,12.3
Mandeep Singh,T20I,7,129,146,127,5,49,14,2,29.2,114.96,38.58,12.6
D Wheatley,T20I,21,186,146,180,16,100,10,4,9.12,81.11,55.56,7.78
ZB Lion-Cachet,T20I,12,139,146,137,12,49,9,4,12.17,106.57,35.77,9.49
JA Burns,ODI,6,189,146,184,6,106,16,1,24.33,79.35,57.61,9.24
T Munyonga,ODI,8,208,145,199,6,114,10,2,24.17,72.86,57.29,6.03
NC Dodd,ODI,9,299,145,289,10,205,15,1,14.5,50.17,70.93,5.54
J Neill,Test,2,242,145,242,4,188,24,2,36.25,59.92,77.69,10.74
S Vidyut,IPL,8,115,145,109,8,49,21,3,18.12,133.03,44.95,22.02
KM Molapo,T20I,20,343,145,290,19,187,7,0,7.63,50.0,64.48,2.41
SN Netravalkar,ODI,31,241,145,240,15,152,12,2,9.67,60.42,63.33,5.83
GA Elwiss,Test,4,508,145,508,4,415,14,0,36.25,28.54,81.69,2.76
FG Kemp,T20I,15,118,145,112,9,43,14,5,16.11,129.46,38.39,16.96
BF Mailata,T20I,9,160,145,153,9,83,9,9,16.11,94.77,54.25,11.76
D Devnarain,ODI,11,302,145,295,10,212,16,0,14.5,49.15,71.86,5.42
IJR Zwilling,ODI,13,351,145,335,13,237,11,0,11.15,43.28,70.75,3.28
C White,Test,2,289,145,289,2,225,18,3,72.5,50.17,77.85,7.27
V Permaul,Test,9,290,145,290,11,224,18,2,13.18,50.0,77.24,6.9
D Ruynekova,T20I,14,233,145,205,13,112,12,0,11.15,70.73,54.63,5.85
CO Browne,ODI,8,171,144,168,6,84,14,2,24.0,85.71,50.0,9.52
LL Htun,T20I,21,280,144,252,19,162,12,0,7.58,57.14,64.29,4.76
KR Patterson,Test,2,275,144,274,1,198,17,1,144.0,52.55,72.26,6.57
Rubya Haider,ODI,7,265,144,253,6,174,19,0,24.0,56.92,68.77,7.51
Lucky Ali,T20I,14,179,144,175,10,88,11,0,14.4,82.29,50.29,6.29
Sohail Khan,PSL,23,152,144,149,18,74,7,9,8.0,96.64,49.66,10.74
C Chukwuonye,T20I,21,194,144,177,15,100,13,1,9.6,81.36,56.5,7.91
Naseem Shah,Test,17,459,144,457,19,401,15,8,7.58,31.51,87.75,5.03
Sachin Baby,IPL,11,123,144,118,10,44,11,5,14.4,122.03,37.29,13.56
Zulfiqar Babar,Test,13,207,144,207,9,142,15,4,16.0,69.57,68.6,9.18
NJ Browne,ODI,6,194,143,191,5,107,16,1,28.6,74.87,56.02,8.9
BF Smith,T20I,8,122,143,119,7,54,23,0,20.43,120.17,45.38,19.33
CE Jacob,T20I,14,227,143,222,14,121,10,0,10.21,64.41,54.5,4.5
H Karunaratne,T20I,11,215,143,207,8,108,12,0,17.88,69.08,52.17,5.8
Alok Kapali,Test,6,260,143,257,12,193,19,1,11.92,55.64,75.1,7.78
Zahoor Khan,ODI,38,259,143,257,20,176,10,4,7.15,55.64,68.48,5.45
G Manan,T20I,12,98,143,88,12,40,15,10,11.92,162.5,45.45,28.41
OA Shah,Test,4,362,143,362,8,294,18,2,17.88,39.5,81.22,5.52
Aizaz Khan,ODI,10,216,143,211,9,135,12,5,15.89,67.77,63.98,8.06
Mohameed Taiwo,T20I,28,201,143,194,20,111,8,3,7.15,73.71,57.22,5.67
M Klinger,T20I,3,116,143,112,3,34,12,2,47.67,127.68,30.36,12.5
Maidul Islam,T20I,8,159,143,149,8,71,13,4,17.88,95.97,47.65,11.41
TJ Murtagh,ODI,20,190,143,185,10,102,14,1,14.3,77.3,55.14,8.11
W Wotu,T20I,14,145,143,136,11,71,5,11,13.0,105.15,52.21,11.76
S Molineux,ODI,12,188,143,181,9,94,12,3,15.89,79.01,51.93,8.29
VV Morea,ODI,8,228,142,224,10,147,13,1,14.2,63.39,65.62,6.25
HJW Gardiner,ODI,7,220,142,213,7,132,16,0,20.29,66.67,61.97,7.51
Umar Amin,T20I,9,128,142,123,9,53,15,4,15.78,115.45,43.09,15.45
JD Allan,T20I,14,168,142,165,15,87,13,2,9.47,86.06,52.73,9.09
Aayan Afzal Khan,T20I,14,162,142,157,11,70,9,2,12.91,90.45,44.59,7.01
S Grover,T20I,16,139,142,131,13,59,13,4,10.92,108.4,45.04,12.98
Apsari Begam,T20I,15,227,142,216,11,129,13,0,12.91,65.74,59.72,6.02
RD Jacobs,ODI,13,225,142,224,8,123,7,1,17.75,63.39,54.91,3.57
I Dulani,ODI,6,252,142,250,6,159,15,0,23.67,56.8,63.6,6.0
MB Loye,ODI,7,190,142,184,6,129,19,5,23.67,77.17,70.11,13.04
Salvin Stanly,T20I,17,158,142,157,15,73,13,3,9.47,90.45,46.5,10.19
CRD Fernando,Test,15,285,142,283,11,214,19,0,12.91,50.18,75.62,6.71
LG Pretorius,ODI,3,147,142,145,3,81,18,3,47.33,97.93,55.86,14.48
RP Singh,ODI,23,320,141,315,16,217,8,1,8.81,44.76,68.89,2.86
T Dissanayake,T20I,6,134,141,116,5,40,14,2,28.2,121.55,34.48,13.79
KNA Bandara,ODI,5,217,141,217,5,115,9,1,28.2,64.98,53.0,4.61
A Mutreja,T20I,8,110,141,106,7,40,9,8,20.14,133.02,37.74,16.04
L Ostergaard,T20I,12,272,141,236,11,129,7,0,12.82,59.75,54.66,2.97
KJJ van Noortwijk,ODI,3,143,141,138,2,64,12,3,70.5,102.17,46.38,10.87
Shubham Ranjane,T20I,4,82,141,78,2,13,9,8,70.5,180.77,16.67,21.79
SF Daley,ODI,12,240,141,238,11,161,14,2,12.82,59.24,67.65,6.72
Rizwan Cheema,T20I,16,131,141,127,15,67,11,9,9.4,111.02,52.76,15.75
Viktoria Frey,T20I,15,227,141,180,15,75,11,0,9.4,78.33,41.67,6.11
T Wangchuk,T20I,28,199,141,195,27,101,8,3,5.22,72.31,51.79,5.64
L Denny,T20I,11,147,141,144,9,55,10,1,15.67,97.92,38.19,7.64
CAH Stevenson,ODI,16,216,141,211,12,121,12,1,11.75,66.82,57.35,6.16
S Ismail,T20I,31,179,141,177,21,90,12,1,6.71,79.66,50.85,7.34
DE Bernard,ODI,12,225,141,219,10,124,10,0,14.1,64.38,56.62,4.57
LM Gabriel,T20I,12,166,140,155,12,88,16,2,11.67,90.32,56.77,11.61
M Bhanuka,ODI,6,199,140,194,6,119,13,2,23.33,72.16,61.34,7.73
HMRKB Herath,ODI,29,229,140,217,13,124,10,2,10.77,64.52,57.14,5.53
MD Shanaka,Test,6,276,140,276,10,211,9,7,14.0,50.72,76.45,5.8
TS Hasabnis,ODI,6,184,140,178,3,95,16,0,46.67,78.65,53.37,8.99
R Chandrika,Test,5,449,140,448,10,369,11,0,14.0,31.25,82.37,2.46
N Saini,IPL,10,143,140,141,11,65,16,0,12.73,99.29,46.1,11.35
JP Faulkner,PSL,8,83,139,80,5,21,7,10,27.8,173.75,26.25,21.25
M Klaas,ODI,36,329,139,319,23,226,13,0,6.04,43.57,70.85,4.08
C Wright,T20I,23,182,139,178,15,90,5,3,9.27,78.09,50.56,4.49
Sahel Zadran,T20I,19,114,139,108,14,48,13,6,9.93,128.7,44.44,17.59
Kamran Khan (2),T20I,7,133,139,127,7,69,14,7,19.86,109.45,54.33,16.54
AC Voges,T20I,5,116,139,114,3,28,8,2,46.33,121.93,24.56,8.77
LD Chandimal,PSL,6,83,139,81,4,24,10,9,34.75,171.6,29.63,23.46
G Chohan,T20I,14,143,139,137,12,68,13,3,11.58,101.46,49.64,11.68
L Leisner,T20I,14,203,139,182,14,94,11,1,9.93,76.37,51.65,6.59
Sulaiman Ali,T20I,11,142,139,132,10,64,12,4,13.9,105.3,48.48,12.12
Baseer Khan,T20I,13,117,139,114,9,40,8,7,15.44,121.93,35.09,13.16
G Shukla,T20I,10,152,139,143,9,62,15,0,15.44,97.2,43.36,10.49
Anmolpreet Singh,IPL,9,117,139,115,9,53,19,3,15.44,120.87,46.09,19.13
AL Seddon,T20I,10,154,139,144,8,67,15,0,17.38,96.53,46.53,10.42
GD Elliott,PSL,12,138,139,134,11,56,8,5,12.64,103.73,41.79,9.7
Sameera Khan,T20I,19,186,139,174,9,90,10,0,15.44,79.89,51.72,5.75
VE Tembo,T20I,14,137,138,131,12,70,12,6,11.5,105.34,53.44,13.74
Shoriful Islam,Test,11,191,138,189,15,132,15,4,9.2,73.02,69.84,10.05
D Brevis,Test,4,144,138,144,6,80,13,6,23.0,95.83,55.56,13.19
T Bhatia,ODI,11,205,138,199,8,113,13,0,17.25,69.35,56.78,6.53
MSN Ekani,T20I,17,328,138,307,16,220,11,0,8.62,44.95,71.66,3.58
S Krisheta,T20I,10,171,138,164,12,72,7,0,11.5,84.15,43.9,4.27
D Myers,ODI,7,194,138,189,7,111,17,0,19.71,73.02,58.73,8.99
P Manning,T20I,13,212,138,203,11,114,10,1,12.55,67.98,56.16,5.42
IJL Trott,T20I,7,149,138,144,6,64,9,3,23.0,95.83,44.44,8.33
KA Hope,ODI,6,201,138,192,6,129,20,0,23.0,71.88,67.19,10.42
Wahidullah Usmani,T20I,6,146,138,137,7,67,14,2,19.71,100.73,48.91,11.68
ARI Umeed,ODI,4,139,138,139,3,80,18,3,46.0,99.28,57.55,15.11
SC van Schalkwyk,ODI,9,236,138,226,8,145,12,3,17.25,61.06,64.16,6.64
K Peddrick,T20I,20,197,137,185,15,103,15,0,9.13,74.05,55.68,8.11
KD Mills,T20I,19,125,137,123,11,57,11,5,12.45,111.38,46.34,13.01
N Senamontree,T20I,30,234,137,223,17,108,3,0,8.06,61.43,48.43,1.35
Anique Uddin,T20I,12,174,137,172,11,76,8,1,12.45,79.65,44.19,5.23
M Raj,Test,4,392,137,390,6,314,18,0,22.83,35.13,80.51,4.62
Marina Iqbal,ODI,8,312,137,308,8,226,12,0,17.12,44.48,73.38,3.9
RSM Lili'i,T20I,7,153,137,140,4,67,17,0,34.25,97.86,47.86,12.14
Basir Ahamad,T20I,4,103,137,101,3,26,11,4,45.67,135.64,25.74,14.85
A Davidson Soler,T20I,8,130,137,115,5,36,11,1,27.4,119.13,31.3,10.43
S Wetoto,T20I,11,125,137,117,7,58,17,5,19.57,117.09,49.57,18.8
Yusuf Ebrahim,T20I,15,199,137,196,15,105,8,0,9.13,69.9,53.57,4.08
D Gough,ODI,13,198,137,197,7,114,12,1,19.57,69.54,57.87,6.6
CMG Atkins,Test,4,400,137,399,8,323,17,0,17.12,34.34,80.95,4.26
MJ Santner,IPL,21,132,136,123,8,50,9,6,17.0,110.57,40.65,12.2
A Savvani,T20I,17,305,136,267,14,158,6,0,9.71,50.94,59.18,2.25
SC Selman,ODI,24,317,136,305,17,195,5,0,8.0,44.59,63.93,1.64
ST Finn,ODI,27,228,136,223,18,145,11,3,7.56,60.99,65.02,6.28
TN de Grooth,T20I,9,131,136,129,6,54,14,1,22.67,105.43,41.86,11.63
A Dutt,T20I,17,133,136,128,11,51,9,4,12.36,106.25,39.84,10.16
Rahat Ali,Test,19,372,136,372,16,317,19,3,8.5,36.56,85.22,5.91
YP Dayal,T20I,13,164,136,158,10,66,4,3,13.6,86.08,41.77,4.43
Waqar Zalmai,T20I,16,108,136,102,7,42,9,9,19.43,133.33,41.18,17.65
NB Mahwire,Test,5,315,136,315,6,258,20,2,22.67,43.17,81.9,6.98
S Anirudha,IPL,12,121,136,113,8,45,9,7,17.0,120.35,39.82,14.16
S Conteh,T20I,17,209,136,197,16,109,9,1,8.5,69.04,55.33,5.08
J Dzulfikar,T20I,16,185,136,172,12,100,14,2,11.33,79.07,58.14,9.3
Mujibur Ali,ODI,8,243,136,230,8,143,13,0,17.0,59.13,62.17,5.65
T Whiteman,T20I,7,121,136,115,6,50,14,4,22.67,118.26,43.48,15.65
A Ndiraya,T20I,15,174,136,160,12,73,12,0,11.33,85.0,45.62,7.5
SL Malinga,T20I,31,164,136,161,20,87,9,5,6.8,84.47,54.04,8.7
TS Erichsen,T20I,11,231,136,193,9,111,12,0,15.11,70.47,57.51,6.22
K Klein,ODI,11,202,136,193,8,108,9,2,17.0,70.47,55.96,5.7
PA van Meekeren,T20I,23,126,136,121,16,54,9,6,8.5,112.4,44.63,12.4
Nahida Akter,T20I,33,198,135,189,21,97,9,0,6.43,71.43,51.32,4.76
HK Badani,ODI,5,175,135,174,3,90,9,1,45.0,77.59,51.72,5.75
S Kharvi,T20I,14,159,135,151,13,86,8,7,10.38,89.4,56.95,9.93
A Dananjaya,Test,6,254,135,254,8,185,14,0,16.88,53.15,72.83,5.51
Zada Sher,T20I,7,98,135,93,7,32,10,7,19.29,145.16,34.41,18.28
S Verma,ODI,15,217,135,215,13,129,11,1,10.38,62.79,60.0,5.58
P Molkenboer,ODI,6,279,135,269,6,172,7,0,22.5,50.19,63.94,2.6
M Beitaki,T20I,11,141,135,134,11,68,10,6,12.27,100.75,50.75,11.94
JR Hazlewood,ODI,33,169,135,166,8,98,14,3,16.88,81.33,59.04,10.24
CBRLS Kumara,Test,29,462,135,458,26,395,21,0,5.19,29.48,86.24,4.59
GF Linde,Test,3,255,135,255,6,192,19,2,22.5,52.94,75.29,8.24
RJ Hatchman,T20I,13,99,135,94,11,39,9,8,12.27,143.62,41.49,18.09
Abbas Afridi,T20I,15,119,135,119,12,65,10,10,11.25,113.45,54.62,16.81
PD Hennessy,T20I,8,149,134,142,7,61,6,4,19.14,94.37,42.96,7.04
RW Price,Test,7,372,134,371,12,324,21,1,11.17,36.12,87.33,5.93
M Khojbariya,T20I,14,142,134,137,14,64,16,0,9.57,97.81,46.72,11.68
PG Raut,Test,3,448,134,447,5,375,15,0,26.8,29.98,83.89,3.36
A Prashar,T20I,10,85,134,82,8,24,8,9,16.75,163.41,29.27,20.73
Zhang Mei,T20I,8,175,134,161,6,83,12,0,22.33,83.23,51.55,7.45
Faisal Iqbal,ODI,8,260,134,248,7,160,11,0,19.14,54.03,64.52,4.44
ME Violleau,T20I,16,257,134,236,14,145,11,0,9.57,56.78,61.44,4.66
DJ Bravo,PSL,12,141,134,127,5,47,12,2,26.8,105.51,37.01,11.02
AR McBrine,T20I,14,110,134,108,8,33,10,4,16.75,124.07,30.56,12.96
Tanzim Hasan Sakib,ODI,9,162,134,159,6,89,9,6,22.33,84.28,55.97,9.43
RN Lewis,ODI,8,128,134,125,7,55,2,8,19.14,107.2,44.0,8.0
UCKA Dona,T20I,20,193,134,190,13,100,7,1,10.31,70.53,52.63,4.21
PA Browne,ODI,5,183,134,179,4,106,7,6,33.5,74.86,59.22,7.26
LJ Poulton,T20I,5,127,134,123,5,53,18,0,26.8,108.94,43.09,14.63
S Glenn,T20I,19,115,134,112,6,39,16,0,22.33,119.64,34.82,14.29
OD Hald,T20I,14,116,134,114,10,44,9,5,13.4,117.54,38.6,12.28
AM Hardie,PSL,6,90,133,89,3,25,12,4,44.33,149.44,28.09,17.98
CAK Rajitha,Test,15,553,133,551,19,478,14,0,7.0,24.14,86.75,2.54
NJ Ferraby,T20I,13,138,133,135,14,71,19,0,9.5,98.52,52.59,14.07
CR Seneviratna,ODI,9,277,133,275,8,183,11,0,16.62,48.36,66.55,4.0
PF Gallagher,T20I,16,110,133,104,14,52,12,8,9.5,127.88,50.0,19.23
SB Wagh,T20I,7,170,133,161,9,75,10,1,14.78,82.61,46.58,6.83
VR Iyer,T20I,7,88,133,82,4,23,15,5,33.25,162.2,28.05,24.39
Shawaal Zulfiqar,T20I,9,164,133,158,9,91,20,0,14.78,84.18,57.59,12.66
Rahel Khan,T20I,6,103,133,100,6,53,12,8,22.17,133.0,53.0,20.0
CH Morris,T20I,13,106,133,102,11,40,12,5,12.09,130.39,39.22,16.67
Tarun Sharma,T20I,12,143,133,134,11,62,9,6,12.09,99.25,46.27,11.19
Tapash Baisya,Test,5,146,133,146,8,97,19,2,16.62,91.1,66.44,14.38
ML Love,Test,4,324,133,322,5,251,10,0,26.6,41.3,77.95,3.11
D Myers,Test,3,353,132,353,6,281,9,3,22.0,37.39,79.6,3.4
N Pradeep,Test,28,362,132,361,32,306,19,0,4.12,36.57,84.76,5.26
Zawar Farid,ODI,8,145,132,139,7,80,15,4,18.86,94.96,57.55,13.67
Abdur Rehman,ODI,22,234,132,222,15,137,10,1,8.8,59.46,61.71,4.95
S Vuni,T20I,11,209,132,193,8,115,13,0,16.5,68.39,59.59,6.74
R Ngarava,Test,8,265,132,265,11,201,15,2,12.0,49.81,75.85,6.42
K Mirpuri,T20I,14,132,132,126,3,39,9,3,44.0,104.76,30.95,9.52
A Phillip,Test,6,423,132,423,7,355,16,1,18.86,31.21,83.92,4.02
GD Phillips,IPL,13,112,132,109,11,45,7,8,12.0,121.1,41.28,13.76
AR Bisht,T20I,6,145,132,137,7,50,6,3,18.86,96.35,36.5,6.57
Shafiul Islam,ODI,33,242,132,239,19,164,13,2,6.95,55.23,68.62,6.28
D Keulder,ODI,6,221,132,220,6,133,11,0,22.0,60.0,60.45,5.0
TJ Friend,ODI,7,175,132,169,7,103,14,2,18.86,78.11,60.95,9.47
JDF Vandersay,ODI,18,272,132,265,11,164,6,0,12.0,49.81,61.89,2.26
D Forrester,PSL,6,78,132,77,3,29,7,11,44.0,171.43,37.66,23.38
DP Vaidya,ODI,7,207,132,198,7,123,15,0,18.86,66.67,62.12,7.58
Shaof Hassan,T20I,10,106,132,100,7,42,10,7,18.86,132.0,42.0,17.0
JF Smith,ODI,2,151,132,144,2,83,10,6,66.0,91.67,57.64,11.11
OJ Webster,T20I,6,101,132,95,7,36,14,5,18.86,138.95,37.89,20.0
C Hinze,T20I,15,128,132,124,9,51,11,2,14.67,106.45,41.13,10.48
Ijaz Hussain,T20I,19,160,132,148,15,74,13,1,8.8,89.19,50.0,9.46
SB Styris,IPL,10,134,131,133,7,51,10,3,18.71,98.5,38.35,9.77
Bazid Khan,ODI,5,237,131,232,5,144,7,1,26.2,56.47,62.07,3.45
JM Sharma,T20I,9,90,131,85,7,32,11,7,18.71,154.12,37.65,21.18
A Chilia,T20I,21,244,131,229,17,139,10,0,7.71,57.21,60.7,4.37
S Tosic,T20I,14,251,131,235,12,136,8,0,10.92,55.74,57.87,3.4
Abdul Hashim,T20I,15,163,131,154,11,77,10,2,11.91,85.06,50.0,7.79
MG Neser,Test,5,258,131,257,7,199,19,1,18.71,50.97,77.43,7.78
R Panchal,T20I,13,187,131,178,6,88,3,4,21.83,73.6,49.44,3.93
Tanzeel Sheikh,T20I,10,92,131,86,9,37,11,8,14.56,152.33,43.02,22.09
WW Hinds,Test,4,274,131,271,7,212,16,2,18.71,48.34,78.23,6.64
TS Kamunhukamwe,ODI,12,169,131,164,12,108,15,5,10.92,79.88,65.85,12.2
C Zhou,T20I,12,252,131,244,13,164,10,0,10.08,53.69,67.21,4.1
DF Watts,ODI,8,240,130,232,8,161,13,2,16.25,56.03,69.4,6.47
SM Sharma,ODI,9,138,130,135,6,70,7,5,21.67,96.3,51.85,8.89
S Pillai,T20I,10,200,130,188,9,120,15,2,14.44,69.15,63.83,9.04
Z de Bruyn,Test,2,345,130,344,2,270,9,3,65.0,37.79,78.49,3.49
HMCM Bandara,ODI,13,185,130,181,8,102,6,4,16.25,71.82,56.35,5.52
D Bau,ODI,8,222,130,219,6,135,10,1,21.67,59.36,61.64,5.02
N Sibanda,ODI,17,295,130,284,13,199,9,0,10.0,45.77,70.07,3.17
V Hirlal,T20I,13,203,130,194,11,120,11,2,11.82,67.01,61.86,6.7
DA Galia,T20I,23,301,130,261,21,161,4,0,6.19,49.81,61.69,1.53
Amad Butt,PSL,15,96,130,91,11,35,9,8,11.82,142.86,38.46,18.68
P Thongsa,T20I,20,191,130,186,12,89,5,0,10.83,69.89,47.85,2.69
JL Smith,T20I,5,68,130,67,5,20,9,10,26.0,194.03,29.85,28.36
KH Pandya,ODI,4,131,130,128,2,52,11,2,65.0,101.56,40.62,10.16
Naeem Islam,T20I,10,119,130,114,10,53,8,7,13.0,114.04,46.49,13.16
Adnan Mirza,T20I,9,105,130,102,9,50,22,2,14.44,127.45,49.02,23.53
Kainat Imtiaz,T20I,15,162,130,158,11,73,10,0,11.82,82.28,46.2,6.33
Imran Tahir,Test,15,235,130,235,14,181,18,1,9.29,55.32,77.02,8.09
W Jaffer,IPL,8,129,130,121,7,56,14,3,18.57,107.44,46.28,14.05
JB Nero,T20I,10,191,130,186,9,111,13,1,14.44,69.89,59.68,7.53
Nur Dania Syuhada,T20I,23,236,130,224,18,135,9,0,7.22,58.04,60.27,4.02
MS Kasprowicz,Test,12,263,129,263,13,191,12,0,9.92,49.05,72.62,4.56
MW Forde,T20I,13,90,129,88,8,37,11,8,16.12,146.59,42.05,21.59
ME Bouchier,Test,2,191,129,188,4,140,22,2,32.25,68.62,74.47,12.77
ST Frohnmayer,T20I,14,233,129,219,14,126,7,0,9.21,58.9,57.53,3.2
K Tathgur,T20I,10,118,129,113,7,48,5,8,18.43,114.16,42.48,11.5
RD Chahar,IPL,22,127,129,124,16,67,13,5,8.06,104.03,54.03,14.52
D Jakiel,T20I,17,182,129,180,13,94,7,1,9.92,71.67,52.22,4.44
Imran Butt (2),Test,4,360,129,360,6,288,14,0,21.5,35.83,80.0,3.89
AS Joseph,T20I,19,130,129,125,8,56,9,5,16.12,103.2,44.8,11.2
B Evans,ODI,15,160,129,156,12,85,10,2,10.75,82.69,54.49,7.69
Tashi Phuntsho,T20I,14,201,129,191,9,87,4,1,14.33,67.54,45.55,2.62
Mudassar Bukhari,T20I,18,125,129,124,13,47,8,3,9.92,104.03,37.9,8.87
HDPK Dharmasena,ODI,8,155,129,151,6,64,8,0,21.5,85.43,42.38,5.3
S Pandey,T20I,21,172,129,169,13,79,8,1,9.92,76.33,46.75,5.33
N Salekar,T20I,12,157,128,154,11,65,6,1,11.64,83.12,42.21,4.55
KM Jarvis,Test,13,385,128,384,14,318,13,1,9.14,33.33,82.81,3.65
Kamran Akmal,IPL,6,78,128,78,4,33,13,8,32.0,164.1,42.31,26.92
BOP Fernando,T20I,6,120,128,114,5,50,11,4,25.6,112.28,43.86,13.16
AJ Hosein,PSL,10,110,128,107,6,39,6,7,21.33,119.63,36.45,12.15
Rohail Nazir,PSL,8,106,128,103,8,37,17,2,16.0,124.27,35.92,18.45
Nafees Iqbal,ODI,9,270,128,263,10,185,12,0,12.8,48.67,70.34,4.56
G Coetzee,T20I,14,96,128,93,11,34,10,7,11.64,137.63,36.56,18.28
A Reddy,T20I,20,134,128,129,17,60,15,1,7.53,99.22,46.51,12.4
MI Khagoitsa,T20I,15,162,128,154,12,91,17,1,10.67,83.12,59.09,11.69
K Sathish,T20I,8,135,128,132,8,63,13,2,16.0,96.97,47.73,11.36
D Ravu,ODI,13,193,128,190,9,119,9,4,14.22,67.37,62.63,6.84
L Little,T20I,18,134,128,127,14,57,10,3,9.14,100.79,44.88,10.24
Muhammad Akhlaq,PSL,9,104,128,98,10,47,15,6,12.8,130.61,47.96,21.43
Faheem Nellancheri,T20I,10,94,128,87,9,32,11,6,14.22,147.13,36.78,19.54
P Marange,ODI,11,165,128,156,11,81,13,1,11.64,82.05,51.92,8.97
F Stoman,T20I,14,177,128,169,10,88,5,4,12.8,75.74,52.07,5.33
Farhan Yousaf,PSL,7,85,128,84,5,25,10,7,25.6,152.38,29.76,20.24
Ashfaq Ahmed,T20I,10,112,128,109,10,52,16,4,12.8,117.43,47.71,18.35
J Trembeath-Moro,T20I,6,153,128,148,5,75,10,3,25.6,86.49,50.68,8.78
C Henery,T20I,11,127,128,121,8,47,12,2,16.0,105.79,38.84,11.57
D Foerster,T20I,23,184,127,172,11,97,10,2,11.55,73.84,56.4,6.98
UT Khawaja,IPL,6,105,127,100,5,37,14,3,25.4,127.0,37.0,17.0
Arshad Khan,IPL,11,96,127,89,6,34,6,9,21.17,142.7,38.2,16.85
B Sai Sudharsan,ODI,3,144,127,142,2,77,17,1,63.5,89.44,54.23,12.68
TK Curran,IPL,10,108,127,107,5,36,10,3,25.4,118.69,33.64,12.15
Ayaz Dadabhai,T20I,10,126,127,120,8,41,6,5,15.88,105.83,34.17,9.17
Mohammad Mithun,T20I,13,138,127,136,13,65,10,4,9.77,93.38,47.79,10.29
P Dogra,IPL,12,141,127,138,12,60,4,5,10.58,92.03,43.48,6.52
MJ Prior,T20I,8,106,127,100,6,42,11,5,21.17,127.0,42.0,16.0
C Pengkumta,T20I,19,172,127,167,15,90,6,5,8.47,76.05,53.89,6.59
ZE Surkari,ODI,8,299,127,292,7,202,7,0,18.14,43.49,69.18,2.4
Rabeya Khan,T20I,26,183,127,178,14,95,7,1,9.07,71.35,53.37,4.49
CK Coventry,T20I,12,90,127,90,11,38,14,6,11.55,141.11,42.22,22.22
A Kadowaki Fleming,T20I,3,80,127,79,2,14,10,2,63.5,160.76,17.72,15.19
PG Fulton,T20I,12,145,127,140,11,76,7,6,11.55,90.71,54.29,9.29
Yasir Shah,ODI,12,153,127,149,6,65,9,1,21.17,85.23,43.62,6.71
TK Musakanda,T20I,9,110,127,107,9,38,10,2,14.11,118.69,35.51,11.21
J Glasgow,T20I,12,144,127,142,7,67,10,0,18.14,89.44,47.18,7.04
M Ngoche,T20I,9,173,127,165,8,97,16,1,15.88,76.97,58.79,10.3
BC Fortuin,T20I,16,118,127,109,10,40,14,2,12.7,116.51,36.7,14.68
S Bhaskar,T20I,8,165,127,156,7,84,15,0,18.14,81.41,53.85,9.62
S Jegannathan,T20I,9,150,127,141,5,75,11,5,25.4,90.07,53.19,11.35
V Mahajan,T20I,11,190,127,179,12,95,9,1,10.58,70.95,53.07,5.59
S Foo-Ryland,T20I,3,152,127,143,1,60,14,0,127.0,88.81,41.96,9.79
L Ramjit,T20I,8,181,126,174,4,94,12,0,31.5,72.41,54.02,6.9
SS Prabhudessai,IPL,10,113,126,106,9,48,11,4,14.0,118.87,45.28,14.15
H Venkataram,T20I,12,124,126,119,3,48,10,3,42.0,105.88,40.34,10.92
SM Kavanagh,ODI,11,239,126,234,12,165,13,0,10.5,53.85,70.51,5.56
CE McConchie,ODI,5,133,126,127,4,60,11,3,31.5,99.21,47.24,11.02
AJ Redmond,T20I,6,84,126,84,6,31,19,2,21.0,150.0,36.9,25.0
DAJ Bracewell,T20I,11,96,126,90,6,34,6,9,21.0,140.0,37.78,16.67
SACA King,ODI,9,233,126,225,9,146,8,1,14.0,56.0,64.89,4.0
A Davidson-Soler,T20I,8,155,126,144,6,62,7,0,21.0,87.5,43.06,4.86
GG Alta,T20I,12,151,126,147,11,78,7,6,11.45,85.71,53.06,8.84
Mudassar Bukhari,ODI,12,182,126,179,11,97,5,4,11.45,70.39,54.19,5.03
Azhar Mahmood,ODI,9,164,126,156,6,87,9,4,21.0,80.77,55.77,8.33
Qasim Akram,PSL,8,92,126,90,7,34,11,5,18.0,140.0,37.78,17.78
T Bhatia,T20I,22,158,126,154,18,71,12,0,7.0,81.82,46.1,7.79
M Morkel,IPL,20,93,126,90,11,32,11,5,11.45,140.0,35.56,17.78
Kaleemullah,ODI,27,139,125,136,16,77,8,7,7.81,91.91,56.62,11.03
JL Denly,T20I,12,119,125,118,10,51,15,1,12.5,105.93,43.22,13.56
NG Smith,Test,4,261,125,260,6,196,12,3,20.83,48.08,75.38,5.77
Marshall Ayub,Test,3,292,125,291,6,227,13,1,20.83,42.96,78.01,4.81
Waqar Ul Hassan,T20I,5,113,125,104,4,37,9,5,31.25,120.19,35.58,13.46
MM Sharma,IPL,30,140,125,136,17,67,9,4,7.35,91.91,49.26,9.56
ML Nkala,ODI,10,178,125,175,9,105,12,2,13.89,71.43,60.0,8.0
BB Samantray,IPL,8,116,125,113,5,45,13,2,25.0,110.62,39.82,13.27
PJ van Biljon,T20I,8,102,125,101,6,38,10,4,20.83,123.76,37.62,13.86
N Gwanzura,ODI,10,207,125,199,9,116,9,0,13.89,62.81,58.29,4.52
SM Boland,Test,16,395,125,393,15,331,17,0,8.33,31.81,84.22,4.33
E Duff,T20I,14,211,125,204,12,124,12,0,10.42,61.27,60.78,5.88
MC Juneja,IPL,7,134,125,128,7,48,11,1,17.86,97.66,37.5,9.38
H Carlyon,ODI,4,149,125,145,4,93,13,6,31.25,86.21,64.14,13.1
FL Mackay,ODI,12,196,125,194,8,116,13,0,15.62,64.43,59.79,6.7
LC Le Tissier,T20I,11,99,125,98,7,41,16,3,17.86,127.55,41.84,19.39
L Idambo,T20I,21,222,125,207,15,122,11,0,8.33,60.39,58.94,5.31
Nazimuddin,Test,3,320,125,320,6,268,17,2,20.83,39.06,83.75,5.94
DM Richards,Test,3,165,125,165,6,120,20,3,20.83,75.76,72.73,13.94
Z James,T20I,16,169,125,161,11,90,10,2,11.36,77.64,55.9,7.45
C Sudarsanan,T20I,17,178,125,170,11,89,9,1,11.36,73.53,52.35,5.88
KH Pandya,T20I,10,98,124,95,5,34,8,6,24.8,130.53,35.79,14.74
KDA Lukies,T20I,14,125,124,121,7,52,8,4,17.71,102.48,42.98,9.92
NM Salonen,T20I,13,143,124,137,12,70,9,2,10.33,90.51,51.09,8.03
LI Salomone,T20I,10,132,124,123,10,69,17,3,12.4,100.81,56.1,16.26
RJ Sidebottom,ODI,16,187,124,182,10,107,11,0,12.4,68.13,58.79,6.04
TR Gripper,Test,3,311,124,309,6,245,16,0,20.67,40.13,79.29,5.18
Shashikant Laxman,T20I,15,134,124,127,15,76,18,2,8.27,97.64,59.84,15.75
PB Gouge,T20I,6,93,124,90,4,28,5,7,31.0,137.78,31.11,13.33
B Lee,IPL,19,102,124,97,10,40,8,8,12.4,127.84,41.24,16.49
Harshit Rana,ODI,7,106,124,102,5,46,10,6,24.8,121.57,45.1,15.69
Muhammad Moiz,T20I,14,101,124,96,14,46,11,7,8.86,129.17,47.92,18.75
Washeem Abbas,T20I,28,107,124,103,15,48,8,8,8.27,120.39,46.6,15.53
M Gill,ODI,5,172,124,171,3,96,13,1,41.33,72.51,56.14,8.19
Dipanjan Dey,T20I,5,95,124,93,3,26,8,3,41.33,133.33,27.96,11.83
JOP Scamans,T20I,13,131,124,128,12,58,8,1,10.33,96.88,45.31,7.03
Waheed Ahmed,T20I,12,109,124,106,7,47,6,9,17.71,116.98,44.34,14.15
JF Smith,T20I,10,104,124,104,6,35,13,2,20.67,119.23,33.65,14.42
Dhiman Ghosh,ODI,11,205,124,199,10,119,9,1,12.4,62.31,59.8,5.03
RJ Peterson,T20I,12,114,124,113,8,45,13,2,15.5,109.73,39.82,13.27
WNA Bucuane,T20I,18,221,124,195,17,111,10,0,7.29,63.59,56.92,5.13
AB McDonald,IPL,9,103,123,100,5,35,9,4,24.6,123.0,35.0,13.0
Muhammad Arfan,T20I,9,119,123,116,6,46,9,3,20.5,106.03,39.66,10.34
PA Jaques,ODI,5,170,123,165,5,101,16,1,24.6,74.55,61.21,10.3
D Klein,T20I,17,101,123,99,12,40,10,5,10.25,124.24,40.4,15.15
A Nel,ODI,19,159,123,156,9,92,14,3,13.67,78.85,58.97,10.9
Harpreet Singh,IPL,8,119,123,119,6,49,10,3,20.5,103.36,41.18,10.92
L Bonner,T20I,7,106,123,99,6,46,10,5,20.5,124.24,46.46,15.15
Usman Limbada,ODI,4,193,123,188,4,114,12,1,30.75,65.43,60.64,6.91
EH Hutchinson,ODI,6,125,123,125,4,68,7,7,30.75,98.4,54.4,11.2
J Little,T20I,23,144,123,141,9,69,10,3,13.67,87.23,48.94,9.22
MJ Scotland,T20I,7,126,123,119,3,46,9,2,41.0,103.36,38.66,9.24
AD Mascarenhas,T20I,12,107,123,100,7,33,8,5,17.57,123.0,33.0,13.0
S Mathur,T20I,9,148,123,145,8,61,6,2,15.38,84.83,42.07,5.52
L Ngidi,ODI,28,253,123,247,12,186,8,6,10.25,49.8,75.3,5.67
DL Chahar,IPL,17,91,123,89,8,33,6,8,15.38,138.2,37.08,15.73
T Maruma,ODI,15,225,122,221,14,157,8,4,8.71,55.2,71.04,5.43
KM Jadhav,T20I,6,102,122,99,5,37,12,3,24.4,123.23,37.37,15.15
BF Calitz,T20I,9,89,122,89,7,26,7,6,17.43,137.08,29.21,14.61
S Ravikumar,T20I,11,201,122,188,11,110,6,2,11.09,64.89,58.51,4.26
CT Mutombodzi,ODI,9,149,122,144,9,77,12,2,13.56,84.72,53.47,9.72
G Dempsey,ODI,13,190,122,184,6,101,8,0,20.33,66.3,54.89,4.35
Roma Thapa,T20I,19,181,122,176,15,91,7,1,8.13,69.32,51.7,4.55
LH Ferguson,ODI,30,246,122,236,16,151,6,3,7.62,51.69,63.98,3.81
S Dharnidharka,ODI,8,251,122,240,6,167,13,0,20.33,50.83,69.58,5.42
AJ Jabiri,T20I,15,220,122,212,15,138,11,1,8.13,57.55,65.09,5.66
ROC Dunka,T20I,15,136,122,131,12,63,5,4,10.17,93.13,48.09,6.87
Vineet Shah,T20I,9,144,122,140,7,57,10,1,17.43,87.14,40.71,7.86
Junaid Khan,Test,19,308,122,306,17,247,14,2,7.18,39.87,80.72,5.23
GS Sequeira,T20I,3,126,122,115,1,46,16,1,122.0,106.09,40.0,14.78
DT Tiripano,T20I,9,134,122,128,7,60,6,5,17.43,95.31,46.88,8.59
JP Maher,ODI,6,187,122,186,5,120,9,3,24.4,65.59,64.52,6.45
Ayasha Rahman,ODI,3,209,122,202,2,130,13,0,61.0,60.4,64.36,6.44
AB Fudadin,Test,3,380,122,380,4,314,15,0,30.5,32.11,82.63,3.95
Mahedi Hasan,ODI,10,195,122,188,8,114,10,2,15.25,64.89,60.64,6.38
Mohammad Kamran,T20I,11,118,122,112,8,49,10,3,15.25,108.93,43.75,11.61
Mohammad Aadil Alam,T20I,11,96,122,94,8,41,8,7,15.25,129.79,43.62,15.96
NJ Browne,T20I,11,127,122,118,8,42,9,2,15.25,103.39,35.59,9.32
Zi Mei,T20I,16,324,122,287,13,191,3,0,9.38,42.51,66.55,1.05
T Murphy,Test,6,206,122,205,9,151,15,3,13.56,59.51,73.66,8.78
J Intan,T20I,25,205,122,192,16,116,9,0,7.62,63.54,60.42,4.69
EN Lynch,T20I,29,150,121,141,19,69,12,0,6.37,85.82,48.94,8.51
K Mendon,T20I,6,125,121,118,5,54,9,3,24.2,102.54,45.76,10.17
Ismaila Tanba,T20I,9,108,121,100,6,48,16,3,20.17,121.0,48.0,19.0
AL Hodgkinson,ODI,3,169,121,165,3,91,9,0,40.33,73.33,55.15,5.45
M Koli,T20I,12,115,121,109,8,40,10,2,15.12,111.01,36.7,11.01
Usama Mir,PSL,22,89,121,85,16,39,7,10,7.56,142.35,45.88,20.0
C Greenshields,T20I,6,115,121,112,3,51,11,3,40.33,108.04,45.54,12.5
Niraj Patel,IPL,6,124,121,119,5,56,14,1,24.2,101.68,47.06,12.61
Farzan Afzal,T20I,4,124,121,115,3,53,8,6,40.33,105.22,46.09,12.17
TJG Pringle,T20I,15,126,121,124,12,57,5,5,10.08,97.58,45.97,8.06
AI Chudasama,ODI,7,173,121,170,6,89,8,0,20.17,71.18,52.35,4.71
AE Isesele,T20I,16,136,121,131,13,65,8,4,9.31,92.37,49.62,9.16
DL Vettori,IPL,16,118,121,113,7,40,11,2,17.29,107.08,35.4,11.5
R Haiong,T20I,27,283,121,247,23,161,7,0,5.26,48.99,65.18,2.83
M Vijay,T20I,8,119,121,108,8,54,11,5,15.12,112.04,50.0,14.81
Jahandad Khan,PSL,11,79,121,73,7,22,9,8,17.29,165.75,30.14,23.29
Mohammad Abbas,Test,25,689,120,688,19,624,13,2,6.32,17.44,90.7,2.18
DR Martyn,T20I,4,77,120,74,4,22,11,5,30.0,162.16,29.73,21.62
GC Murtaza,T20I,16,138,120,132,13,66,10,4,9.23,90.91,50.0,10.61
Mohammad Boota,T20I,13,109,120,107,7,44,9,4,17.14,112.15,41.12,12.15
Mohammad Asif,Test,19,371,120,369,23,311,16,0,5.22,32.52,84.28,4.34
K Zondo,Test,4,316,120,316,5,255,12,3,24.0,37.97,80.7,4.75
Karri Gullem Keen,T20I,13,212,120,203,12,132,14,0,10.0,59.11,65.02,6.9
Haris Rauf,PSL,22,125,120,119,17,70,7,9,7.06,100.84,58.82,13.45
AC Blizzard,IPL,7,91,120,90,7,47,21,2,17.14,133.33,52.22,25.56
A Mithun,Test,4,249,120,249,5,187,16,0,24.0,48.19,75.1,6.43
MA Swedy,T20I,7,98,120,91,5,32,14,0,24.0,131.87,35.16,15.38
K Weeraratne,ODI,5,139,120,137,5,59,6,2,24.0,87.59,43.07,5.84
A Pusthay,T20I,11,157,120,148,10,71,10,0,12.0,81.08,47.97,6.76
Yasir Ali Chowdhury,T20I,10,86,120,83,7,28,11,5,17.14,144.58,33.73,19.28
Akhil Arjunan,T20I,10,137,120,137,8,56,7,1,15.0,87.59,40.88,5.84
DL Brangman,T20I,15,125,120,123,7,54,9,2,17.14,97.56,43.9,8.94
KTGD Prasad,ODI,10,117,120,112,5,47,9,3,24.0,107.14,41.96,10.71
SF Daley,T20I,16,183,120,174,13,88,7,0,9.23,68.97,50.57,4.02
TG Southee,IPL,19,108,120,107,11,45,8,4,10.91,112.15,42.06,11.21
MT Renshaw,T20I,5,103,120,99,5,29,8,2,24.0,121.21,29.29,10.1
C Kyewuta,T20I,20,111,120,110,10,46,9,4,12.0,109.09,41.82,11.82
U Bhatti,ODI,8,131,120,129,6,70,10,3,20.0,93.02,54.26,10.08
W Maximo,T20I,11,182,120,172,11,96,10,0,10.91,69.77,55.81,5.81
O Asika,T20I,10,237,120,214,7,137,7,0,17.14,56.07,64.02,3.27
Danyal Raja,T20I,13,136,119,132,10,61,11,1,11.9,90.15,46.21,9.09
MC Sorensen,ODI,7,153,119,149,5,84,11,3,23.8,79.87,56.38,9.4
JW Jenner,ODI,4,176,119,171,4,96,6,3,29.75,69.59,56.14,5.26
Imrul Kayes,T20I,13,141,119,134,10,75,14,3,11.9,88.81,55.97,12.69
Nisha Ali,T20I,5,113,119,112,4,50,14,0,29.75,106.25,44.64,12.5
RGA Amah,T20I,10,176,119,166,9,89,10,1,13.22,71.69,53.61,6.63
ML Castillo,T20I,11,140,119,137,10,82,11,4,11.9,86.86,59.85,10.95
S Loday,T20I,11,157,119,154,11,68,7,0,10.82,77.27,44.16,4.55
CA Soper,T20I,15,147,119,144,10,61,6,2,11.9,82.64,42.36,5.56
J Edness,ODI,4,218,119,210,4,139,13,0,29.75,56.67,66.19,6.19
H Hotchandani,ODI,4,250,119,243,4,165,10,0,29.75,48.97,67.9,4.12
CJ Langford,T20I,11,116,119,108,4,43,9,3,29.75,110.19,39.81,11.11
LC Sthalekar,ODI,7,191,119,184,7,112,14,0,17.0,64.67,60.87,7.61
DR Sams,PSL,7,69,118,68,4,22,12,6,29.5,173.53,32.35,26.47
Nashra Sandhu,ODI,48,408,118,399,25,310,7,1,4.72,29.57,77.69,2.01
J Anderson,ODI,6,205,118,197,6,136,17,0,19.67,59.9,69.04,8.63
H Satheedevi,T20I,8,86,118,84,7,36,9,8,16.86,140.48,42.86,20.24
Marcelle Hanekom,T20I,9,136,118,126,8,59,13,1,14.75,93.65,46.83,11.11
SCJ Broad,T20I,25,119,118,118,16,53,7,3,7.38,100.0,44.92,8.47
J Byrappa,T20I,9,127,118,123,7,56,6,4,16.86,95.93,45.53,8.13
S Jimmy,ODI,8,198,118,191,8,121,12,0,14.75,61.78,63.35,6.28
K Sinclair,Test,4,292,118,292,7,228,12,1,16.86,40.41,78.08,4.45
JE Taylor,T20I,14,95,118,92,9,43,10,6,13.11,128.26,46.74,17.39
LA Musiani,T20I,10,122,118,116,9,45,7,1,13.11,101.72,38.79,6.9
DT Christian,T20I,14,96,118,93,9,36,7,6,13.11,126.88,38.71,13.98
D McGahey,T20I,6,134,118,123,6,68,16,1,19.67,95.93,55.28,13.82
ML Karlsen,T20I,12,235,118,204,8,117,6,0,14.75,57.84,57.35,2.94
Shivam Sharma,ODI,6,164,118,159,6,81,8,2,19.67,74.21,50.94,6.29
RC Irani,ODI,10,202,118,200,7,118,7,0,16.86,59.0,59.0,3.5
BJ Patel,ODI,10,253,118,241,9,180,15,0,13.11,48.96,74.69,6.22
JM Watkin,T20I,8,78,118,75,7,34,17,4,16.86,157.33,45.33,28.0
Mujeeb-ur-Rehman,T20I,12,135,118,127,9,47,10,0,13.11,92.91,37.01,7.87
R Malhotra,ODI,5,185,118,181,3,104,7,0,39.33,65.19,57.46,3.87
SL Quintyne,ODI,7,204,117,196,6,132,13,1,19.5,59.69,67.35,7.14
L Gregory,ODI,2,116,117,116,2,55,10,3,58.5,100.86,47.41,11.21
N Zimonjic,T20I,16,126,117,119,14,64,8,6,8.36,98.32,53.78,11.76
KS Bagabena,T20I,20,142,117,135,10,59,5,1,11.7,86.67,43.7,4.44
Abdul Rahman,T20I,7,119,117,117,5,38,9,1,23.4,100.0,32.48,8.55
HS Baidwan,ODI,12,182,117,177,8,99,10,0,14.62,66.1,55.93,5.65
Z Khan,IPL,27,141,117,141,15,74,11,2,7.8,82.98,52.48,9.22
L Krvaric,T20I,6,122,117,109,4,36,10,0,29.25,107.34,33.03,9.17
Gurpreet Singh,T20I,9,137,117,130,6,60,8,1,19.5,90.0,46.15,6.92
RJ Harris,IPL,21,112,117,112,12,46,6,3,9.75,104.46,41.07,8.04
Khalid Kail,ODI,5,158,117,157,4,96,14,1,29.25,74.52,61.15,9.55
L Rajadurai,ODI,7,317,117,310,6,243,12,0,19.5,37.74,78.39,3.87
Khaled Mahmud,Test,4,202,117,201,8,147,13,1,14.62,58.21,73.13,6.97
CMG Atkins,ODI,2,211,117,205,0,140,13,0,117.0,57.07,68.29,6.34
MC Henriques,ODI,15,192,117,192,13,114,10,0,9.0,60.94,59.38,5.21
S Etim,T20I,20,184,117,179,17,111,11,0,6.88,65.36,62.01,6.15
Dawood Ahmadzai,T20I,21,167,117,153,12,78,10,0,9.75,76.47,50.98,6.54
Misbah-ul-Haq,IPL,8,82,117,81,9,30,10,6,13.0,144.44,37.04,19.75
PADLR Sandakan,Test,10,275,117,274,11,224,19,0,10.64,42.7,81.75,6.93
Saad Masood,PSL,6,66,117,66,5,20,16,4,23.4,177.27,30.3,30.3
WA Simpson,T20I,6,89,117,87,3,31,7,6,39.0,134.48,35.63,14.94
Khalid Shah,T20I,7,109,116,103,7,52,10,6,16.57,112.62,50.49,15.53
C de Lange,T20I,23,190,116,185,17,115,11,0,6.82,62.7,62.16,5.95
Amir Khan,T20I,7,113,116,112,5,43,8,2,23.2,103.57,38.39,8.93
A Oxley,T20I,5,161,116,156,5,72,6,0,23.2,74.36,46.15,3.85
A Ostergaard,T20I,11,171,116,162,8,104,16,1,14.5,71.6,64.2,10.49
PVD Chameera,T20I,35,155,116,152,22,74,9,1,5.27,76.32,48.68,6.58
KK Cooper,IPL,12,70,116,68,9,27,9,8,12.89,170.59,39.71,25.0
DT Johnston,T20I,11,98,116,98,7,40,5,5,16.57,118.37,40.82,10.2
Shahzaib Hasan,T20I,10,133,116,130,10,76,13,3,11.6,89.23,58.46,12.31
M Smit,ODI,5,152,116,147,4,82,15,0,29.0,78.91,55.78,10.2
Khadija Imtiaz,T20I,26,267,116,253,19,171,8,0,6.11,45.85,67.59,3.16
S Lita D'Sa,T20I,21,170,116,162,18,86,10,0,6.44,71.6,53.09,6.17
RP Singh,Test,12,276,116,276,16,226,16,1,7.25,42.03,81.88,6.16
T van der Gugten,ODI,8,170,116,166,7,102,5,4,16.57,69.88,61.45,5.42
D Hannema,T20I,5,139,116,136,4,51,1,0,29.0,85.29,37.5,0.74
Aman Hakim Khan,IPL,10,109,115,104,9,50,8,6,12.78,110.58,48.08,13.46
Mohammed Shami,IPL,33,115,115,110,18,53,9,5,6.39,104.55,48.18,12.73
T Trajkovic,T20I,8,192,115,152,8,75,11,0,14.38,75.66,49.34,7.24
I Goordial-John,T20I,10,218,115,204,8,105,2,0,14.38,56.37,51.47,0.98
EN Lynch,ODI,13,229,115,221,9,159,14,0,12.78,52.04,71.95,6.33
Kainat Imtiaz,ODI,11,264,115,258,12,183,9,0,9.58,44.57,70.93,3.49
K Mothlhanka,T20I,7,130,115,123,7,59,11,2,16.43,93.5,47.97,10.57
B Muzarabani,ODI,32,214,115,210,22,143,9,3,5.23,54.76,68.1,5.71
M Bayram,T20I,8,92,115,76,7,25,16,1,16.43,151.32,32.89,22.37
WER Somerville,Test,5,489,115,489,8,412,9,0,14.38,23.52,84.25,1.84
GM Ntambalika,T20I,7,105,115,101,6,39,7,4,19.17,113.86,38.61,10.89
NK Patel,T20I,11,110,115,105,7,41,9,2,16.43,109.52,39.05,10.48
SE Bond,Test,7,289,115,287,8,233,12,4,14.38,40.07,81.18,5.57
R Mupfudza,T20I,5,128,115,121,4,58,9,3,28.75,95.04,47.93,9.92
DJM Short,IPL,7,102,115,99,7,45,11,5,16.43,116.16,45.45,16.16
JN Gillespie,ODI,13,110,115,109,6,42,5,4,19.17,105.5,38.53,8.26
Qanita Jalil,T20I,20,146,115,141,19,74,13,0,6.05,81.56,52.48,9.22
N Kingsley,T20I,13,113,115,102,10,43,12,1,11.5,112.75,42.16,12.75
AJ Ayannaike,T20I,17,153,115,149,17,85,9,3,6.76,77.18,57.05,8.05
Sanwar Hossain,ODI,9,203,115,199,9,125,9,0,12.78,57.79,62.81,4.52
Eric Phiri,T20I,10,138,115,131,9,74,15,2,12.78,87.79,56.49,12.98
DE Roache,T20I,7,103,115,98,6,54,9,8,19.17,117.35,55.1,17.35
J Fraser-McGurk,T20I,8,88,115,86,8,43,16,3,14.38,133.72,50.0,22.09
Fitri Sham,T20I,19,125,115,118,15,58,4,7,7.67,97.46,49.15,9.32
C Bosch,T20I,14,112,115,107,9,39,9,2,12.78,107.48,36.45,10.28
S Rani,T20I,9,150,114,145,9,85,14,1,12.67,78.62,58.62,10.34
MA Carberry,ODI,6,181,114,180,5,117,14,0,22.8,63.33,65.0,7.78
RD de Sousa,T20I,8,197,114,182,6,97,5,0,19.0,62.64,53.3,2.75
F Akankwasa,T20I,17,119,114,115,12,57,12,2,9.5,99.13,49.57,12.17
N de Klerk,Test,4,280,114,280,7,225,16,1,16.29,40.71,80.36,6.07
RG Aga,ODI,5,122,114,122,5,59,15,0,22.8,93.44,48.36,12.3
ML Cummins,Test,13,323,114,321,14,273,12,4,8.14,35.51,85.05,4.98
P Maya,ODI,13,214,114,205,11,139,10,1,10.36,55.61,67.8,5.37
S Meghana,ODI,3,111,114,105,3,60,17,2,38.0,108.57,57.14,18.1
Mohammed Irshad,T20I,11,109,114,107,9,50,4,8,12.67,106.54,46.73,11.21
JC Archer,T20I,18,84,114,77,11,29,8,7,10.36,148.05,37.66,19.48
SS Connell,ODI,33,229,114,225,15,154,12,0,7.6,50.67,68.44,5.33
Suraj Kumar,T20I,10,104,114,101,8,40,10,3,14.25,112.87,39.6,12.87
Sun Meng Yao,T20I,6,188,114,167,6,90,7,0,19.0,68.26,53.89,4.19
Asif Bevinje,T20I,7,102,114,98,7,46,12,4,16.29,116.33,46.94,16.33
Urvil Patel,IPL,6,58,113,56,6,21,8,10,18.83,201.79,37.5,32.14
CT Tremlett,Test,10,299,113,299,11,246,12,0,10.27,37.79,82.27,4.01
M Kartik,IPL,14,109,113,108,7,31,7,1,16.14,104.63,28.7,7.41
Mosaddek Hossain,Test,3,278,113,276,5,215,12,2,22.6,40.94,77.9,5.07
Hassan Nawaz,ODI,4,132,113,127,2,65,5,6,56.5,88.98,51.18,8.66
Tapash Baisya,ODI,15,217,113,212,10,139,9,0,11.3,53.3,65.57,4.25
HA Chohan,T20I,17,75,113,74,9,29,8,7,12.56,152.7,39.19,20.27
CT Mutombodzi,T20I,12,124,113,121,11,54,8,2,10.27,93.39,44.63,8.26
Jaskaran Singh,T20I,9,67,113,63,6,17,7,8,18.83,179.37,26.98,23.81
MFI Assuncao,T20I,13,144,113,138,13,78,8,2,8.69,81.88,56.52,7.25
Shahid Arshad,T20I,11,146,113,140,11,79,11,2,10.27,80.71,56.43,9.29
TBM de Leede,ODI,9,210,113,206,8,136,10,1,14.12,54.85,66.02,5.34
DL Maddy,T20I,4,80,113,80,3,26,12,3,37.67,141.25,32.5,18.75
L Jack,ODI,8,109,113,107,6,43,12,0,18.83,105.61,40.19,11.21
HK Kukreja,T20I,6,119,113,115,7,47,12,0,16.14,98.26,40.87,10.43
HG Kuhn,Test,4,297,113,297,8,248,18,0,14.12,38.05,83.5,6.06
P Shetty,T20I,19,189,113,181,15,111,10,0,7.53,62.43,61.33,5.52
TC Mataora,T20I,7,142,113,131,6,70,14,0,18.83,86.26,53.44,10.69
L Keny,ODI,8,266,112,246,8,173,8,0,14.0,45.53,70.33,3.25
Huzaifa Mohammed,T20I,12,150,112,146,7,64,3,1,16.0,76.71,43.84,2.74
R Davson,T20I,10,161,112,158,11,94,9,2,10.18,70.89,59.49,6.96
Rubel Hossain,ODI,39,226,112,224,21,158,11,2,5.33,50.0,70.54,5.8
MJG Rippon,ODI,4,160,112,157,4,88,9,3,28.0,71.34,56.05,7.64
D Busingye,T20I,5,149,112,139,3,63,8,0,37.33,80.58,45.32,5.76
DP Hyatt,ODI,9,189,112,188,7,137,8,6,16.0,59.57,72.87,7.45
W Liengprasert,T20I,16,167,112,162,15,79,4,0,7.47,69.14,48.77,2.47
KD Shah,ODI,7,192,112,187,6,119,9,2,18.67,59.89,63.64,5.88
Mohammed Siraj,IPL,22,131,112,126,11,68,10,4,10.18,88.89,53.97,11.11
LP van Troost,ODI,9,164,112,160,9,100,9,3,12.44,70.0,62.5,7.5
LK Newton,Test,3,297,111,297,5,243,15,1,22.2,37.37,81.82,5.39
A Rameshan,T20I,6,166,111,147,4,80,13,0,27.75,75.51,54.42,8.84
CR Brathwaite,PSL,12,81,111,74,6,23,10,5,18.5,150.0,31.08,20.27
S Kambalapalli,T20I,8,116,111,111,8,61,18,0,13.88,100.0,54.95,16.22
AP Devcich,T20I,4,81,111,79,4,36,17,2,27.75,140.51,45.57,24.05
PA van Meekeren,ODI,23,162,111,156,15,96,8,3,7.4,71.15,61.54,7.05
Vaishnave Mahesh,T20I,32,179,111,167,22,99,8,0,5.05,66.47,59.28,4.79
M Kadyan,T20I,10,95,111,87,7,45,11,6,15.86,127.59,51.72,19.54
MA Starc,IPL,21,120,111,119,10,50,11,0,11.1,93.28,42.02,9.24
FG Kemp,ODI,5,96,111,91,4,38,10,3,27.75,121.98,41.76,14.29
NK Bagenda,T20I,12,163,111,155,9,83,6,0,12.33,71.61,53.55,3.87
Han Lili,T20I,12,167,111,152,9,75,8,0,12.33,73.03,49.34,5.26
DJ Harris,IPL,4,103,111,101,3,50,11,5,37.0,109.9,49.5,15.84
C Carter,ODI,8,176,111,173,8,117,16,0,13.88,64.16,67.63,9.25
M Shumba,Test,4,291,111,291,7,242,18,0,15.86,38.14,83.16,6.19
Danish Aziz,PSL,8,93,111,91,6,40,7,7,18.5,121.98,43.96,15.38
P Vastrakar,Test,4,314,111,314,4,264,20,0,27.75,35.35,84.08,6.37
A Shrubsole,Test,7,298,111,297,10,241,14,1,11.1,37.37,81.14,5.05
S Nitschke,T20I,5,95,111,94,4,41,14,0,27.75,118.09,43.62,14.89
DM Kimmince,T20I,9,117,110,112,6,40,5,2,18.33,98.21,35.71,6.25
SP Fleming,T20I,5,87,110,85,5,41,20,0,22.0,129.41,48.24,23.53
HML Madushani,T20I,6,134,110,128,5,65,10,2,22.0,85.94,50.78,9.38
Robert Raina,T20I,9,119,110,116,9,63,13,3,12.22,94.83,54.31,13.79
SV Carlisle,ODI,6,249,110,245,7,166,5,0,15.71,44.9,67.76,2.04
JAN Ngono,T20I,15,229,110,214,11,148,12,0,10.0,51.4,69.16,5.61
Huang Zhuo,T20I,11,217,110,203,9,122,7,0,12.22,54.19,60.1,3.45
Hammad Azam,PSL,13,115,110,113,10,41,8,1,11.0,97.35,36.28,7.96
AN Kervezee,ODI,9,204,110,201,10,142,13,0,11.0,54.73,70.65,6.47
Gulraiz Sadaf,PSL,5,123,110,121,3,56,8,3,36.67,90.91,46.28,9.09
FH Allen,IPL,6,58,110,55,6,24,16,6,18.33,200.0,43.64,40.0
LA Dawson,Test,4,262,110,262,5,200,10,1,22.0,41.98,76.34,4.2
AJ Turner,T20I,14,133,110,131,9,54,4,2,12.22,83.97,41.22,4.58
K Suttisan,T20I,6,86,109,85,7,44,11,5,15.57,128.24,51.76,18.82
V Shaw,T20I,12,145,109,139,11,86,7,4,9.91,78.42,61.87,7.91
D Hazell,ODI,8,140,109,130,7,64,8,2,15.57,83.85,49.23,7.69
SW Masakadza,ODI,8,112,109,108,7,62,10,6,15.57,100.93,57.41,14.81
Haris Rauf,T20I,28,111,109,104,13,56,8,5,8.38,104.81,53.85,12.5
JNK Shannon,T20I,7,84,109,81,7,40,12,5,15.57,134.57,49.38,20.99
Anwar Ali,T20I,10,77,109,77,7,28,6,6,15.57,141.56,36.36,15.58
JKC Claxton,ODI,7,102,109,101,6,55,14,3,18.17,107.92,54.46,16.83
C Forbes,T20I,9,143,109,133,9,80,15,1,12.11,81.95,60.15,12.03
MG Johnson,T20I,17,97,109,95,9,40,8,3,12.11,114.74,42.11,11.58
R Slater,T20I,22,135,109,132,17,65,11,0,6.41,82.58,49.24,8.33
Sharmin Sultana,ODI,14,269,109,265,14,202,12,0,7.79,41.13,76.23,4.53
YS To,T20I,14,193,109,184,11,111,6,0,9.91,59.24,60.33,3.26
SB Patel,T20I,9,112,109,100,8,51,8,6,13.62,109.0,51.0,14.0
K Piet,T20I,22,148,109,141,15,74,5,1,7.27,77.3,52.48,4.26
TS Chisoro,ODI,9,155,109,151,8,85,8,2,13.62,72.19,56.29,6.62
J Albin,T20I,12,142,109,134,6,72,11,0,18.17,81.34,53.73,8.21
Naveed Ahmed,T20I,14,124,109,110,6,53,11,1,18.17,99.09,48.18,10.91
Ahmed Raza,T20I,16,136,108,133,12,68,3,5,9.0,81.2,51.13,6.02
A Kumble,ODI,16,261,108,254,12,180,10,0,9.0,42.52,70.87,3.94
M Sohel Patel,T20I,12,113,108,108,12,61,10,5,9.0,100.0,56.48,13.89
G Bakiweyem,T20I,19,138,108,133,12,64,4,0,9.0,81.2,48.12,3.01
S MacMahon,ODI,8,125,108,121,8,62,11,0,13.5,89.26,51.24,9.09
A Canning,ODI,18,191,108,186,15,116,7,2,7.2,58.06,62.37,4.84
A Maregwede,ODI,8,182,108,179,8,118,10,1,13.5,60.34,65.92,6.15
DS Bajwa,ODI,8,184,108,175,8,121,11,1,13.5,61.71,69.14,6.86
OAC Banks,Test,3,298,108,298,3,243,15,0,36.0,36.24,81.54,5.03
LV van Beek,T20I,23,137,108,134,14,60,4,1,7.71,80.6,44.78,3.73
Harbhajan Singh,T20I,12,94,108,87,9,39,11,4,12.0,124.14,44.83,17.24
MB Tambe,T20I,18,160,108,153,12,75,5,1,9.0,70.59,49.02,3.92
C Murray,ODI,20,205,108,201,12,134,10,0,9.0,53.73,66.67,4.98
Parvez Hossain Emon,ODI,3,133,108,129,3,77,13,3,36.0,83.72,59.69,12.4
MJ McClenaghan,ODI,14,143,108,138,6,82,10,3,18.0,78.26,59.42,9.42
R Murray,ODI,5,180,108,178,4,104,6,2,27.0,60.67,58.43,4.49
J Goswami,Test,4,344,108,344,4,287,17,0,27.0,31.4,83.43,4.94
Kaleem Sana,ODI,17,131,108,130,8,81,6,7,13.5,83.08,62.31,10.0
CP Turkich,T20I,9,191,107,181,9,99,7,0,11.89,59.12,54.7,3.87
Zeeshan Sarwar,T20I,3,72,107,70,3,26,4,9,35.67,152.86,37.14,18.57
AN Davidson-Richards,Test,1,195,107,194,1,143,17,0,107.0,55.15,73.71,8.76
G Kodali,T20I,23,133,107,126,18,53,7,0,5.94,84.92,42.06,5.56
Sufyan Mehmood,ODI,7,141,107,138,6,70,6,3,17.83,77.54,50.72,6.52
C Tlali,T20I,16,160,107,152,15,91,6,3,7.13,70.39,59.87,5.92
Ethan D'Souza,T20I,7,103,107,101,8,38,10,1,13.38,105.94,37.62,10.89
F Baleri,T20I,9,136,107,129,6,62,9,0,17.83,82.95,48.06,6.98
AB McDonald,Test,4,218,107,217,5,162,11,0,21.4,49.31,74.65,5.07
P Sarraf,T20I,14,121,107,118,12,77,14,4,8.92,90.68,65.25,15.25
G Van Heerden,T20I,1,60,107,57,0,13,8,7,107.0,187.72,22.81,26.32
F du Plessis,PSL,5,90,107,87,5,30,9,2,21.4,122.99,34.48,12.64
BA Parchment,ODI,6,198,107,194,6,144,13,1,17.83,55.15,74.23,7.22
MT Renshaw,ODI,3,113,107,112,2,39,4,2,53.5,95.54,34.82,5.36
KA Maharaj,T20I,19,129,107,127,14,68,6,5,7.64,84.25,53.54,8.66
AJ Staal,T20I,10,79,107,75,7,32,7,7,15.29,142.67,42.67,18.67
HMHE Parsons,T20I,8,89,107,85,8,43,10,6,13.38,125.88,50.59,18.82
MM English,ODI,1,124,107,122,0,61,9,2,107.0,87.7,50.0,9.02
HMCM Bandara,Test,4,204,107,204,4,153,11,2,26.75,52.45,75.0,6.37
SC van Schalkwyk,T20I,12,98,107,95,6,34,8,3,17.83,112.63,35.79,11.58
C Aweko,T20I,32,193,107,184,19,111,9,0,5.63,58.15,60.33,4.89
Izaz Ali,T20I,11,98,107,96,11,48,8,5,9.73,111.46,50.0,13.54
A Mene-Ejegi,T20I,10,73,107,69,9,27,10,6,11.89,155.07,39.13,23.19
NT Ellis,ODI,12,116,106,114,8,67,7,6,13.25,92.98,58.77,11.4
J Evans,T20I,9,123,106,114,7,56,10,2,15.14,92.98,49.12,10.53
R Hashu,T20I,8,83,106,76,3,23,2,6,35.33,139.47,30.26,10.53
D Foxcroft,T20I,6,104,106,101,5,36,3,5,21.2,104.95,35.64,7.92
JG Bethell,IPL,5,65,106,65,5,27,14,5,21.2,163.08,41.54,29.23
SL Kalis,ODI,5,240,106,230,5,162,10,0,21.2,46.09,70.43,4.35
DR Sams,T20I,7,65,106,62,4,17,8,6,26.5,170.97,27.42,22.58
I Toua,T20I,17,129,106,120,13,58,11,0,8.15,88.33,48.33,9.17
JDP Oram,IPL,11,110,106,108,8,47,6,5,13.25,98.15,43.52,10.19
J Overton,Test,2,157,106,157,3,114,15,2,35.33,67.52,72.61,10.83
S Khiaoto,ODI,5,147,106,142,5,80,10,0,21.2,74.65,56.34,7.04
R Parag,T20I,6,72,106,70,6,19,3,9,17.67,151.43,27.14,17.14
A Minny,ODI,3,130,106,123,1,69,11,1,106.0,86.18,56.1,9.76
MPS Cheema,T20I,12,117,106,114,9,49,10,1,11.78,92.98,42.98,9.65
S Miyaji,T20I,10,143,106,136,7,64,7,0,15.14,77.94,47.06,5.15
A Rajshekara,T20I,7,118,106,110,5,55,9,4,21.2,96.36,50.0,11.82
Amrita Sasidharan,T20I,3,137,106,116,2,36,0,1,53.0,91.38,31.03,0.86
Jassim Khan,T20I,7,71,106,68,6,28,4,10,17.67,155.88,41.18,20.59
EAJ Richardson,ODI,6,143,106,138,5,84,14,0,21.2,76.81,60.87,10.14
JM Cox,PSL,5,90,106,86,5,25,7,3,21.2,123.26,29.07,11.63
SR Hain,ODI,2,100,106,100,2,30,8,0,53.0,106.0,30.0,8.0
LJ Wright,IPL,5,63,106,60,4,19,16,3,26.5,176.67,31.67,31.67
PHT Kaushal,Test,7,245,106,244,10,202,16,0,10.6,43.44,82.79,6.56
JD Freyone,T20I,13,146,105,138,11,77,8,2,9.55,76.09,55.8,7.25
Sami Ullah,T20I,7,58,105,54,6,15,13,4,17.5,194.44,27.78,31.48
M Mosehle,T20I,6,65,105,65,4,25,6,9,26.25,161.54,38.46,23.08
M Polimeri,T20I,17,256,105,222,15,136,2,0,7.0,47.3,61.26,0.9
JR Hopes,T20I,7,100,105,98,5,35,7,1,21.0,107.14,35.71,8.16
IG Sharp,T20I,8,87,105,82,3,27,14,0,35.0,128.05,32.93,17.07
G Cengiz,T20I,8,124,105,107,6,48,12,0,17.5,98.13,44.86,11.21
NJ Carey,T20I,14,112,105,110,4,36,8,0,26.25,95.45,32.73,7.27
R Muriyalo,T20I,7,160,105,150,7,78,7,1,15.0,70.0,52.0,5.33
MJ Potts,Test,10,228,105,227,11,178,15,1,9.55,46.26,78.41,7.05
M Theekshana,T20I,34,171,105,167,24,100,6,2,4.38,62.87,59.88,4.79
HDJ Siegers,ODI,5,124,105,122,5,61,8,2,21.0,86.07,50.0,8.2
Jahanara Alam,T20I,31,149,105,146,18,74,4,1,5.83,71.92,50.68,3.42
S Mba,T20I,7,149,105,144,5,83,11,1,21.0,72.92,57.64,8.33
D Marsic,T20I,8,171,105,164,8,102,9,2,13.12,64.02,62.2,6.71
RP Yadav,ODI,8,122,105,121,7,52,10,0,15.0,86.78,42.98,8.26
RML Taylor,ODI,9,128,105,126,8,65,9,1,13.12,83.33,51.59,7.94
Sajid Liaqat,T20I,8,72,105,70,6,30,3,10,17.5,150.0,42.86,18.57
DBL Powell,ODI,19,139,105,136,16,74,4,5,6.56,77.21,54.41,6.62
RK Kleinveldt,ODI,7,129,105,124,7,79,9,5,15.0,84.68,63.71,11.29
JH Davey,T20I,14,78,104,75,6,20,7,4,17.33,138.67,26.67,14.67
Haris Rauf,ODI,20,127,104,126,13,85,6,9,8.0,82.54,67.46,11.9
KV Jain,ODI,6,219,104,215,6,151,11,0,17.33,48.37,70.23,5.12
K Klesse,T20I,3,102,104,95,3,39,9,3,34.67,109.47,41.05,12.63
M Aboagye,T20I,14,156,104,152,15,78,5,0,6.93,68.42,51.32,3.29
HB Kayondo,T20I,4,105,104,98,4,37,6,4,26.0,106.12,37.76,10.2
L Balaji,ODI,11,132,104,129,8,72,8,3,13.0,80.62,55.81,8.53
H Klaasen,Test,4,230,104,230,8,174,11,0,13.0,45.22,75.65,4.78
S Galabova,T20I,14,240,104,183,14,107,10,0,7.43,56.83,58.47,5.46
DS Kulkarni,IPL,20,113,104,108,9,45,7,2,11.56,96.3,41.67,8.33
AM Rossington,PSL,3,69,104,69,3,26,16,2,34.67,150.72,37.68,26.09
CAK Rajitha,ODI,15,178,104,171,9,118,12,1,11.56,60.82,69.01,7.6
PVD Chameera,Test,12,342,104,342,19,296,13,0,5.47,30.41,86.55,3.8
Seika Sumi,T20I,16,143,104,138,12,66,5,0,8.67,75.36,47.83,3.62
DA Minors,ODI,8,176,104,172,8,121,10,4,13.0,60.47,70.35,8.14
D Nikolov,T20I,18,132,104,127,16,72,9,3,6.5,81.89,56.69,9.45
CD Wallace,T20I,11,108,104,107,7,42,7,3,14.86,97.2,39.25,9.35
DF Watts,T20I,5,94,104,93,5,37,12,1,20.8,111.83,39.78,13.98
S Lomani,T20I,9,190,104,176,8,122,15,0,13.0,59.09,69.32,8.52
Poorvaja Jagdeesha,T20I,16,241,104,211,16,138,8,0,6.5,49.29,65.4,3.79
GP Swann,T20I,15,91,104,89,7,26,9,1,14.86,116.85,29.21,11.24
JE Cameron,Test,2,200,104,199,3,150,17,1,34.67,52.26,75.38,9.05
D Elgar,ODI,7,181,104,177,6,101,6,0,17.33,58.76,57.06,3.39
AAP Atkinson,ODI,8,81,104,76,6,34,16,2,17.33,136.84,44.74,23.68
Rehan Ahmed,Test,5,182,103,182,10,130,14,0,10.3,56.59,71.43,7.69
AM Healey,T20I,12,156,103,141,11,95,17,0,9.36,73.05,67.38,12.06
J Guatam,T20I,4,83,103,78,4,38,16,2,25.75,132.05,48.72,23.08
T Taylor,T20I,16,144,103,139,10,83,3,5,10.3,74.1,59.71,5.76
A Shrubsole,T20I,16,97,103,96,8,40,8,2,12.88,107.29,41.67,10.42
Umair Tariq,T20I,15,113,103,109,11,52,9,1,9.36,94.5,47.71,9.17
F Najjumba,T20I,8,130,103,127,6,54,7,0,17.17,81.1,42.52,5.51
RDB Ahir,T20I,15,116,103,113,15,45,4,3,6.87,91.15,39.82,6.19
MD Botha,ODI,7,154,103,149,4,79,8,0,25.75,69.13,53.02,5.37
Habib Ahmadzai,T20I,7,114,103,101,6,46,10,1,17.17,101.98,45.54,10.89
KJ Garth,Test,4,204,103,204,3,159,13,1,34.33,50.49,77.94,6.86
J Sanele,T20I,11,153,103,148,13,88,9,0,7.92,69.59,59.46,6.08
C de Lange,ODI,12,226,103,216,9,152,9,0,11.44,47.69,70.37,4.17
RJ Quiney,IPL,7,105,103,102,7,54,12,3,14.71,100.98,52.94,14.71
Nishat Sakib,T20I,7,107,103,104,7,49,11,2,14.71,99.04,47.12,12.5
Junaid Mehmood,T20I,11,127,103,121,10,61,7,2,10.3,85.12,50.41,7.44
PS Athavale,ODI,7,176,103,169,9,117,14,0,11.44,60.95,69.23,8.28
AJ Bichel,Test,4,137,103,136,6,97,18,0,17.17,75.74,71.32,13.24
B Evans,T20I,13,97,103,93,12,45,3,7,8.58,110.75,48.39,10.75
T Iosefo,T20I,11,128,103,121,11,67,13,0,9.36,85.12,55.37,10.74
LJ Evans,PSL,9,119,103,116,8,53,10,0,12.88,88.79,45.69,8.62
LJ Payas,T20I,9,121,102,98,5,37,9,0,20.4,104.08,37.76,9.18
R Klein,T20I,7,77,102,76,5,17,7,3,20.4,134.21,22.37,13.16
BJ Jacobs,PSL,6,76,102,75,5,32,5,8,20.4,136.0,42.67,17.33
Firas Hussain,T20I,9,100,102,97,8,47,13,1,12.75,105.15,48.45,14.43
PM Pushpakumara,Test,4,225,102,224,6,180,15,2,17.0,45.54,80.36,7.59
BJ Dwarshuis,PSL,6,61,102,60,2,15,7,6,51.0,170.0,25.0,21.67
M Kartik,ODI,8,137,102,133,5,75,9,1,20.4,76.69,56.39,7.52
JR Philippe,ODI,4,121,102,118,4,76,11,4,25.5,86.44,64.41,12.71
Breeze Ahir,T20I,10,134,102,125,8,70,9,1,12.75,81.6,56.0,8.0
DF Jacobs,T20I,9,172,102,159,9,104,12,2,11.33,64.15,65.41,8.81
M Ndhambi,T20I,7,142,102,141,4,79,10,0,25.5,72.34,56.03,7.09
GPK Wijesingha,T20I,5,106,102,102,5,49,7,3,20.4,100.0,48.04,9.8
N Shangase,T20I,10,144,102,137,10,72,8,0,10.2,74.45,52.55,5.84
Y Naing Tun,T20I,11,171,102,155,10,97,9,2,10.2,65.81,62.58,7.1
AM Bacher,ODI,5,181,102,175,5,119,12,0,20.4,58.29,68.0,6.86
Tshering Tashi,T20I,14,147,102,144,10,87,8,3,10.2,70.83,60.42,7.64
OJR Groves,T20I,2,71,102,69,2,20,9,5,51.0,147.83,28.99,20.29
SS Weerakkody,T20I,21,142,102,137,13,69,9,0,7.85,74.45,50.36,6.57
Mehrab Hossain jnr,Test,5,209,102,209,8,158,15,0,12.75,48.8,75.6,7.18
SM Davies,T20I,5,83,102,82,5,29,12,0,20.4,124.39,35.37,14.63
MJ Owen,PSL,7,56,102,53,7,23,5,11,14.57,192.45,43.4,30.19
OP Stone,Test,5,234,102,234,9,187,12,1,11.33,43.59,79.91,5.56
V Shankar,T20I,4,77,101,73,4,33,11,5,25.25,138.36,45.21,21.92
Yasir Ali Chowdhury,ODI,5,106,101,105,5,52,8,4,20.2,96.19,49.52,11.43
Emily Sirs,T20I,9,98,101,93,6,43,14,0,16.83,108.6,46.24,15.05
J Vira,T20I,14,118,101,113,11,50,7,1,9.18,89.38,44.25,7.08
B Lee,T20I,12,71,101,71,6,25,9,4,16.83,142.25,35.21,18.31
Shaik Basha,T20I,9,107,101,104,8,47,3,5,12.62,97.12,45.19,7.69
KA Hope,Test,5,251,101,250,8,202,14,0,12.62,40.4,80.8,5.6
A Kohli,T20I,13,154,101,130,11,71,8,0,9.18,77.69,54.62,6.15
XJ Doherty,ODI,22,188,101,184,6,113,5,1,16.83,54.89,61.41,3.26
D Paterson,Test,6,110,101,110,8,75,15,3,12.62,91.82,68.18,16.36
KL Rolton,Test,4,309,101,309,8,258,15,0,12.62,32.69,83.5,4.85
M Ntini,ODI,26,153,101,143,14,92,7,4,7.21,70.63,64.34,7.69
AG Weligamage,T20I,10,97,101,92,6,48,4,8,16.83,109.78,52.17,13.04
KA Jamieson,ODI,9,116,101,115,4,54,7,3,25.25,87.83,46.96,8.7
M Nikolic,T20I,9,233,101,200,6,119,8,0,16.83,50.5,59.5,4.0
WK McCallan,ODI,13,176,101,175,11,113,9,0,9.18,57.71,64.57,5.14
Umair Qasim,T20I,18,134,101,133,15,73,6,3,6.73,75.94,54.89,6.77
C Bisson,T20I,8,72,100,71,7,29,10,3,14.29,140.85,40.85,18.31
S Chaturongrattana,T20I,15,172,100,161,9,96,8,0,11.11,62.11,59.63,4.97
G Sesay,T20I,19,169,100,160,15,102,3,5,6.67,62.5,63.75,5.0
Kim Daeyeon,T20I,16,159,100,152,15,92,9,1,6.67,65.79,60.53,6.58
SM Benade,ODI,4,128,100,125,3,73,12,0,33.33,80.0,58.4,9.6
Nouman Sarwar,T20I,5,73,100,71,2,16,9,3,50.0,140.85,22.54,16.9
JA Rymer,T20I,5,185,100,145,2,78,8,0,50.0,68.97,53.79,5.52
Shahzaib Hasan,ODI,3,118,100,113,3,69,13,2,33.33,88.5,61.06,13.27
R Kanoh,ODI,8,149,100,139,7,86,14,0,14.29,71.94,61.87,10.07
C Carmichael,Test,2,213,100,213,4,154,11,0,25.0,46.95,72.3,5.16
Ehsan Khan,ODI,11,229,100,224,10,156,8,0,10.0,44.64,69.64,3.57
ZGF Foulkes,T20I,13,74,100,67,7,27,7,5,14.29,149.25,40.3,17.91
HM Nicholls,T20I,9,114,100,112,8,44,9,0,12.5,89.29,39.29,8.04
Nithish Kumar Reddy,ODI,4,101,100,99,4,37,3,5,25.0,101.01,37.37,8.08
Robiul Islam,Test,9,203,99,203,11,162,13,3,9.0,48.77,79.8,7.88
MNR Cooray,T20I,3,80,99,76,2,34,12,3,49.5,130.26,44.74,19.74
Shahid Yousuf,PSL,6,100,99,97,4,38,9,1,24.75,102.06,39.18,10.31
P Agboya,T20I,14,131,99,119,12,73,15,0,8.25,83.19,61.34,12.61
Rehan Ahmed,ODI,7,124,99,122,7,66,11,1,14.14,81.15,54.1,9.84
SD Chitnis,IPL,8,92,99,89,7,35,10,2,14.14,111.24,39.33,13.48
K Ota,T20I,16,202,99,181,12,109,4,0,8.25,54.7,60.22,2.21
H Rashid,T20I,10,120,99,116,7,61,9,3,14.14,85.34,52.59,10.34
GJ Maxwell,PSL,8,73,99,69,7,25,9,5,14.14,143.48,36.23,20.29
CB Mpofu,Test,13,234,99,233,15,191,6,5,6.6,42.49,81.97,4.72
MS Gony,IPL,15,76,99,71,9,33,6,8,11.0,139.44,46.48,19.72
Kaleemullah,T20I,19,105,99,101,12,47,3,6,8.25,98.02,46.53,8.91
Umar Amin,Test,4,198,99,198,8,154,13,0,12.38,50.0,77.78,6.57
WGAKK Kulasuriya,ODI,21,226,99,219,15,162,13,0,6.6,45.21,73.97,5.94
Hamza Tariq,ODI,5,144,99,135,6,90,14,2,16.5,73.33,66.67,11.85
Maaz Sadaqat,ODI,3,80,99,79,3,45,9,6,33.0,125.32,56.96,18.99
CW Perchard,T20I,15,101,99,101,11,43,4,5,9.0,98.02,42.57,8.91
Azmatullah Omarzai,IPL,9,77,99,74,8,27,8,5,12.38,133.78,36.49,17.57
TH Tector,T20I,5,67,99,67,5,25,13,3,19.8,147.76,37.31,23.88
R de Swardt,Test,2,222,99,220,3,172,13,0,33.0,45.0,78.18,5.91
BR Dunk,T20I,5,70,99,69,5,33,8,6,19.8,143.48,47.83,20.29
CJ Bowes,ODI,6,121,99,119,6,72,15,0,16.5,83.19,60.5,12.61
Saad Nasim,ODI,3,125,99,124,2,67,9,1,49.5,79.84,54.03,8.06
D la Cock,T20I,5,87,98,84,5,37,8,5,19.6,116.67,44.05,15.48
TD Astle,Test,4,257,98,257,5,204,13,0,19.6,38.13,79.38,5.06
Ali Dawood,T20I,24,121,98,117,11,56,6,3,8.91,83.76,47.86,7.69
Ibrahim Rizan,T20I,28,147,98,144,18,82,6,1,5.44,68.06,56.94,4.86
S Magar,T20I,13,146,98,140,10,68,6,0,9.8,70.0,48.57,4.29
Garret Banner,T20I,9,94,98,88,8,38,6,5,12.25,111.36,43.18,12.5
M Magagula,T20I,15,145,98,139,12,84,10,1,8.17,70.5,60.43,7.91
MJ Clarke,IPL,6,96,98,94,6,41,12,0,16.33,104.26,43.62,12.77
Naseem Shah,PSL,21,88,98,85,12,45,8,6,8.17,115.29,52.94,16.47
MA Starc,T20I,19,105,98,100,8,39,4,2,12.25,98.0,39.0,6.0
A Kato-Stafford,T20I,4,139,98,134,5,73,6,0,19.6,73.13,54.48,4.48
I Maraj,ODI,6,273,98,264,5,210,12,0,19.6,37.12,79.55,4.55
Azam Khalil,T20I,7,83,98,82,8,33,6,4,12.25,119.51,40.24,12.2
YH Bhatia,Test,3,162,98,161,5,112,14,1,19.6,60.87,69.57,9.32
CJ Ferguson,IPL,8,119,98,117,6,56,9,0,16.33,83.76,47.86,7.69
J Fraser-McGurk,ODI,7,77,98,74,7,40,13,4,14.0,132.43,54.05,22.97
Sameer Patel,T20I,7,118,98,113,6,62,6,4,16.33,86.73,54.87,8.85
Suhrawadi Shuvo,ODI,10,138,98,135,8,75,9,1,12.25,72.59,55.56,7.41
NF Kelly,T20I,7,92,97,88,6,36,12,1,16.17,110.23,40.91,14.77
PN Mankad,IPL,5,75,97,73,3,29,13,2,32.33,132.88,39.73,20.55
M Taniyama,T20I,15,123,97,115,8,54,3,3,12.12,84.35,46.96,5.22
Nasum Ahmed,T20I,19,100,97,95,11,46,9,3,8.82,102.11,48.42,12.63
Mohsin Riaz,PSL,4,67,97,59,4,21,13,3,24.25,164.41,35.59,27.12
IP Swaney,T20I,10,80,97,78,9,34,9,4,10.78,124.36,43.59,16.67
L Ngidi,Test,20,230,97,230,19,190,14,1,5.11,42.17,82.61,6.52
RA Tripathi,T20I,5,68,97,67,5,30,11,5,19.4,144.78,44.78,23.88
S Molineux,Test,3,182,97,182,4,139,13,0,24.25,53.3,76.37,7.14
Muhammad Naeem,T20I,9,109,97,102,8,52,4,6,12.12,95.1,50.98,9.8
S Shubha,Test,2,129,97,129,2,88,16,0,48.5,75.19,68.22,12.4
KJ Ferrary,T20I,6,115,97,107,4,44,9,0,24.25,90.65,41.12,8.41
AL Kandappah,ODI,2,159,97,156,1,89,4,3,97.0,62.18,57.05,4.49
D Hemalatha,ODI,8,171,97,167,8,111,7,3,12.12,58.08,66.47,5.99
GM Strydom,T20I,6,93,97,89,5,40,6,5,19.4,108.99,44.94,12.36
NR Welch,T20I,7,94,97,93,7,46,12,1,13.86,104.3,49.46,13.98
TK Curran,PSL,8,69,97,65,7,21,6,6,13.86,149.23,32.31,18.46
A Martel,T20I,12,94,97,92,8,49,11,3,12.12,105.43,53.26,15.22
JC Balt,T20I,9,113,97,109,7,48,4,3,13.86,88.99,44.04,6.42
JL Ontong,ODI,6,136,97,131,6,79,12,0,16.17,74.05,60.31,9.16
S Yildirim,T20I,4,112,97,102,3,43,10,0,32.33,95.1,42.16,9.8
JDS Neesham,PSL,9,81,96,74,8,27,6,5,12.0,129.73,36.49,14.86
KDU Prabodhani,T20I,28,174,96,171,15,95,3,0,6.4,56.14,55.56,1.75
CJ Green,PSL,8,76,96,72,4,21,9,3,24.0,133.33,29.17,16.67
SP Jones,Test,5,180,96,179,4,138,13,1,24.0,53.63,77.09,7.82
RA Reilly,T20I,8,139,96,127,8,61,10,0,12.0,75.59,48.03,7.87
CS Nascimento,T20I,14,141,96,135,10,72,1,1,9.6,71.11,53.33,1.48
Zaheer Zahiri,T20I,12,79,96,72,5,29,9,4,19.2,133.33,40.28,18.06
KMA Paul,Test,3,119,96,118,6,88,15,4,16.0,81.36,74.58,16.1
MH Yardy,T20I,7,72,96,72,2,20,10,1,48.0,133.33,27.78,15.28
Niv Nagavkar,T20I,7,88,96,87,6,30,8,1,16.0,110.34,34.48,10.34
RA Jones,ODI,3,187,96,185,4,118,7,1,24.0,51.89,63.78,4.32
MH Wessels,PSL,8,99,96,94,6,42,11,2,16.0,102.13,44.68,13.83
U Shahid,T20I,4,94,96,90,4,33,5,3,24.0,106.67,36.67,8.89
RS Morton,T20I,7,105,96,103,7,48,8,2,13.71,93.2,46.6,9.71
D Rawat,T20I,8,100,96,98,7,50,14,0,13.71,97.96,51.02,14.29
JE Dunford,T20I,13,101,96,100,6,47,11,0,16.0,96.0,47.0,11.0
T Martin,T20I,4,57,96,56,4,14,9,4,24.0,171.43,25.0,23.21
ES Szwarczynski,T20I,7,112,96,110,5,47,9,0,19.2,87.27,42.73,8.18
R Clarke,Test,2,253,96,253,3,205,8,1,32.0,37.94,81.03,3.56
Jamshid Nasiri,T20I,7,95,95,91,6,41,6,4,15.83,104.4,45.05,10.99
S Molineux,T20I,14,87,95,84,11,33,9,2,8.64,113.1,39.29,13.1
RJ Trott,ODI,4,194,95,191,3,129,7,0,31.67,49.74,67.54,3.66
GEF Barnett,ODI,5,185,95,179,5,126,10,0,19.0,53.07,70.39,5.59
C Bogdanos,T20I,5,125,95,121,4,53,5,0,23.75,78.51,43.8,4.13
Ali Zaheer,T20I,7,99,95,96,6,37,8,1,15.83,98.96,38.54,9.38
KJ Abbott,Test,10,339,95,338,13,294,10,1,7.31,28.11,86.98,3.25
Z Hoque,T20I,7,100,95,98,6,46,6,4,15.83,96.94,46.94,10.2
KA Jamieson,T20I,13,78,95,77,9,22,10,0,10.56,123.38,28.57,12.99
G Keles,T20I,10,132,95,118,7,60,11,0,13.57,80.51,50.85,9.32
DJ Willey,PSL,11,114,95,109,9,51,6,3,10.56,87.16,46.79,8.26
S Arora,IPL,8,61,95,59,6,22,6,8,15.83,161.02,37.29,23.73
Zaid Soulat,T20I,5,92,95,86,3,47,10,4,31.67,110.47,54.65,16.28
AR White,T20I,7,92,95,91,6,34,7,2,15.83,104.4,37.36,9.89
Abdullah Khan Lodhi,T20I,4,113,95,109,5,54,10,0,19.0,87.16,49.54,9.17
JAH Marshall,Test,5,227,95,226,7,180,15,0,13.57,42.04,79.65,6.64
R Ngarava,T20I,28,85,95,81,14,39,10,4,6.79,117.28,48.15,17.28
AS Qwele,T20I,17,157,95,151,12,90,8,0,7.92,62.91,59.6,5.3
Aamer Yamin,ODI,3,101,95,96,1,53,8,5,95.0,98.96,55.21,13.54
Ziaur Rahman,T20I,9,77,94,75,6,34,2,8,15.67,125.33,45.33,13.33
TL Chatara,Test,9,201,94,201,15,162,15,1,6.27,46.77,80.6,7.96
L Winfield,Test,3,376,94,375,6,324,12,0,15.67,25.07,86.4,3.2
EM Bermingham,ODI,11,107,94,103,7,51,7,3,13.43,91.26,49.51,9.71
M Dale-Bradley,T20I,10,95,94,94,8,39,9,1,11.75,100.0,41.49,10.64
FDW McCreath,T20I,7,87,94,85,7,33,9,2,13.43,110.59,38.82,12.94
Mohammad Nawaz,Test,3,189,94,189,5,137,11,0,18.8,49.74,72.49,5.82
AF Ifill,T20I,15,152,94,152,13,88,5,1,7.23,61.84,57.89,3.95
Mohammad Wasim,ODI,14,106,94,101,11,56,7,5,8.55,93.07,55.45,11.88
C Nunes,T20I,8,73,94,68,6,28,6,6,15.67,138.24,41.18,17.65
NM Cherriath,T20I,10,140,94,136,7,80,9,0,13.43,69.12,58.82,6.62
S Godara,T20I,7,65,94,65,5,33,5,9,18.8,144.62,50.77,21.54
Yasir Arafat,Test,2,201,94,201,2,151,9,2,47.0,46.77,75.12,5.47
S Paldon,T20I,10,200,94,187,9,117,6,0,10.44,50.27,62.57,3.21
Ali Nawaz,T20I,9,89,94,82,6,36,4,5,15.67,114.63,43.9,10.98
Tashi Dorji,T20I,11,69,94,68,8,29,2,9,11.75,138.24,42.65,16.18
B Waluma,T20I,24,199,94,190,22,128,7,0,4.27,49.47,67.37,3.68
Guido Angeletti,T20I,11,119,94,113,9,61,6,3,10.44,83.19,53.98,7.96
NS Poonia,T20I,5,104,94,103,1,34,3,1,94.0,91.26,33.01,3.88
Mudassir Iqbal,T20I,9,108,94,104,8,51,4,4,11.75,90.38,49.04,7.69
JJ Tucker,T20I,5,102,94,97,4,48,11,1,23.5,96.91,49.48,12.37
C Agafili,T20I,8,109,94,105,8,59,14,0,11.75,89.52,56.19,13.33
C Connolly,ODI,5,138,94,128,4,67,7,1,23.5,73.44,52.34,6.25
DJ Vilas,Test,5,211,94,210,10,161,11,0,9.4,44.76,76.67,5.24
JP Crawley,Test,2,307,93,307,4,250,9,0,23.25,30.29,81.43,2.93
Abeera Waris,T20I,15,131,93,125,12,71,11,0,7.75,74.4,56.8,8.8
RMAU Grimmond,ODI,5,145,93,143,5,96,8,3,18.6,65.03,67.13,7.69
Y Cariah,ODI,7,167,93,166,7,105,6,1,13.29,56.02,63.25,4.22
Javed Maroofkhail,T20I,8,105,93,100,4,43,3,3,23.25,93.0,43.0,6.0
RP Yadav,T20I,25,98,93,97,16,32,5,1,5.81,95.88,32.99,6.19
Manjural Islam Rana,Test,1,173,93,173,2,136,16,0,46.5,53.76,78.61,9.25
RS Gavaskar,ODI,8,164,93,162,6,99,5,1,15.5,57.41,61.11,3.7
LR Down,T20I,9,109,93,108,8,42,6,0,11.62,86.11,38.89,5.56
M Maguire,T20I,17,171,93,153,11,87,5,0,8.45,60.78,56.86,3.27
HJ Thomas,ODI,11,193,93,175,9,125,13,0,10.33,53.14,71.43,7.43
E Anyipo,T20I,16,97,93,94,12,41,7,1,7.75,98.94,43.62,8.51
BJ Hodge,PSL,4,64,93,61,3,19,6,6,31.0,152.46,31.15,19.67
JA Richardson,ODI,8,109,93,107,5,47,8,0,18.6,86.92,43.93,7.48
T de Zorzi,T20I,7,94,93,91,7,53,13,2,13.29,102.2,58.24,16.48
Nimish Lathief,T20I,12,112,93,110,8,56,8,2,11.62,84.55,50.91,9.09
GJ Thompson,T20I,4,79,93,78,4,32,13,1,23.25,119.23,41.03,17.95
SJ Modani,T20I,4,71,93,68,3,13,5,3,31.0,136.76,19.12,11.76
CL Hooper,ODI,5,118,93,118,4,46,3,1,23.25,78.81,38.98,3.39
D van Deventer,T20I,6,113,93,109,6,42,5,0,15.5,85.32,38.53,4.59
Sanjida Islam,ODI,8,226,93,220,7,157,9,0,13.29,42.27,71.36,4.09
TA Boult,IPL,26,90,93,85,9,36,5,4,10.33,109.41,42.35,10.59
DN Wellalage,T20I,9,94,93,91,5,41,9,2,18.6,102.2,45.05,12.09
WK Bitis,T20I,7,76,93,72,5,39,13,4,18.6,129.17,54.17,23.61
M Perisic,T20I,10,248,92,188,10,103,5,0,9.2,48.94,54.79,2.66
MA Nyabela,T20I,19,197,92,185,16,117,3,0,5.75,49.73,63.24,1.62
Yasir Arafat,T20I,11,79,92,79,7,30,8,2,13.14,116.46,37.97,12.66
MV Pavlovic,T20I,14,156,92,143,14,84,9,0,6.57,64.34,58.74,6.29
PR Shah,IPL,9,97,92,91,8,44,9,2,11.5,101.1,48.35,12.09
Shoaib Bashir,Test,17,244,92,244,12,197,12,1,7.67,37.7,80.74,5.33
JDS Neesham,IPL,10,93,92,93,8,40,6,2,11.5,98.92,43.01,8.6
PHKD Mendis,IPL,5,72,92,69,4,22,7,2,23.0,133.33,31.88,13.04
MD Dai,T20I,6,110,92,108,6,37,3,0,15.33,85.19,34.26,2.78
J Jarvis,T20I,8,88,92,85,6,36,4,4,15.33,108.24,42.35,9.41
B Mavuta,ODI,10,108,92,107,8,60,10,1,11.5,85.98,56.07,10.28
D Hazell,T20I,15,109,92,106,10,44,5,1,9.2,86.79,41.51,5.66
Tafseer Ali,T20I,12,135,92,132,8,72,8,0,11.5,69.7,54.55,6.06
Sohel Patel,T20I,6,98,92,95,6,45,8,0,15.33,96.84,47.37,8.42
Hiu Ying Cheung,T20I,25,132,92,123,18,63,8,0,5.11,74.8,51.22,6.5
Ragne Hallik,T20I,11,246,92,192,8,115,4,0,11.5,47.92,59.9,2.08
CS Martin,Test,49,476,92,476,39,428,10,0,2.36,19.33,89.92,2.1
K Krishnakumar,T20I,5,92,92,87,4,37,6,3,23.0,105.75,42.53,10.34
DJ Jacobs,IPL,7,101,92,98,7,59,10,4,13.14,93.88,60.2,14.29
Shoriful Islam,ODI,21,110,92,108,12,62,7,4,7.67,85.19,57.41,10.19
Shafat Ali Syed,T20I,7,61,92,56,6,23,6,8,15.33,164.29,41.07,25.0
M Martinez,T20I,14,144,92,136,12,84,10,0,7.67,67.65,61.76,7.35
SC Kuggeleijn,Test,3,122,92,122,6,82,11,3,15.33,75.41,67.21,11.48
NA Saini,ODI,4,103,92,100,1,55,9,3,92.0,92.0,55.0,12.0
RM Farrell,ODI,6,156,92,151,3,97,9,0,30.67,60.93,64.24,5.96
SR Mohan,T20I,12,149,91,147,8,83,5,1,11.38,61.9,56.46,4.08
Mustafizur Rahman,T20I,32,138,91,131,17,81,4,4,5.35,69.47,61.83,6.11
NE Bolton,Test,3,265,91,263,4,218,12,0,22.75,34.6,82.89,4.56
Zuhaib Zubair,T20I,12,66,91,63,6,20,6,4,15.17,144.44,31.75,15.87
B Yadav,T20I,11,85,91,81,9,42,2,8,10.11,112.35,51.85,12.35
T Suri,ODI,5,127,91,124,4,80,14,0,22.75,73.39,64.52,11.29
Mohammed Qasim,ODI,4,179,91,172,4,117,10,0,22.75,52.91,68.02,5.81
Saeed Ajmal,T20I,19,91,91,86,10,34,7,2,9.1,105.81,39.53,10.47
DDP D'Silva,T20I,6,111,91,108,3,45,5,0,30.33,84.26,41.67,4.63
A Sootaga,T20I,11,113,91,106,6,57,9,1,15.17,85.85,53.77,9.43
DJ Turkich,T20I,9,116,91,113,9,57,9,1,10.11,80.53,50.44,8.85
Abdullah Fazal,PSL,7,68,91,67,5,24,5,6,18.2,135.82,35.82,16.42
Jasdeep Singh,T20I,13,103,91,98,11,44,2,5,8.27,92.86,44.9,7.14
Aditya Panwar,T20I,4,80,91,73,4,26,3,4,22.75,124.66,35.62,9.59
JV Harris,ODI,6,207,91,204,6,152,9,1,15.17,44.61,74.51,4.9
JS Patel,ODI,12,152,91,148,7,90,5,2,13.0,61.49,60.81,4.73
Bosco Tuyizere,T20I,9,122,91,116,9,57,6,1,10.11,78.45,49.14,6.03
GG Banner,T20I,11,98,91,98,10,61,8,4,9.1,92.86,62.24,12.24
M Faraz Akram,T20I,7,67,91,61,3,23,4,6,30.33,149.18,37.7,16.39
MR Machado,T20I,11,121,91,113,9,62,8,0,10.11,80.53,54.87,7.08
TA Blundell,T20I,8,98,91,94,6,40,10,0,15.17,96.81,42.55,10.64
RT Ponting,IPL,9,129,91,128,8,68,5,2,11.38,71.09,53.12,5.47
Ezgi Nur Kilic,T20I,10,143,91,133,10,79,11,0,9.1,68.42,59.4,8.27
R Clarke,ODI,9,172,91,170,9,103,6,0,10.11,53.53,60.59,3.53
SL Quintyne,T20I,13,111,91,109,9,53,8,0,10.11,83.49,48.62,7.34
S Rana,IPL,8,82,91,81,5,32,9,1,18.2,112.35,39.51,12.35
AJ Tye,IPL,13,79,91,76,8,35,6,5,11.38,119.74,46.05,14.47
A Mohamed,T20I,11,118,90,111,9,52,8,0,10.0,81.08,46.85,7.21
SK Atai,ODI,12,184,90,173,9,106,6,0,10.0,52.02,61.27,3.47
D Padikkal,Test,2,198,90,197,3,154,12,1,30.0,45.69,78.17,6.6
RM Magare,T20I,8,106,90,93,8,40,9,1,11.25,96.77,43.01,10.75
JJ Bumrah,ODI,21,163,90,158,11,108,10,1,8.18,56.96,68.35,6.96
DP Vaidya,T20I,8,93,90,91,4,31,7,1,22.5,98.9,34.07,8.79
GH Worker,T20I,2,65,90,64,3,27,6,5,30.0,140.62,42.19,17.19
S Naik,T20I,9,100,90,93,7,42,8,1,12.86,96.77,45.16,9.68
S Mukuddem,ODI,4,150,90,148,3,86,6,0,30.0,60.81,58.11,4.05
A Nehra,ODI,31,174,90,171,20,121,9,2,4.5,52.63,70.76,6.43
NL Smith,T20I,6,112,90,111,5,64,4,4,18.0,81.08,57.66,7.21
KS Gautam,ODI,5,98,90,97,3,48,8,3,30.0,92.78,49.48,11.34
MO Jones,T20I,11,110,90,106,6,45,1,3,15.0,84.91,42.45,3.77
G Schachat,T20I,2,80,90,74,1,22,8,2,90.0,121.62,29.73,13.51
N Benjamin,T20I,15,114,90,110,9,52,7,0,10.0,81.82,47.27,6.36
S Sheridan,T20I,7,100,90,87,7,37,8,0,12.86,103.45,42.53,9.2
Al-Amin Hossain,Test,7,127,90,127,4,97,11,5,22.5,70.87,76.38,12.6
SM Nash,T20I,13,139,90,135,10,77,8,1,9.0,66.67,57.04,6.67
AD Nath,IPL,10,99,90,98,10,44,7,2,9.0,91.84,44.9,9.18
Muhammad Shoaib Ahmed,T20I,5,89,90,84,5,41,10,2,18.0,107.14,48.81,14.29
Kashif Daud,T20I,10,68,90,64,7,22,4,6,12.86,140.62,34.38,15.62
BM Duckett,PSL,6,85,90,84,6,40,12,1,15.0,107.14,47.62,15.48
Nithish Kumar Reddy,T20I,3,52,90,50,2,14,4,8,45.0,180.0,28.0,24.0
GB Murgatroyd,ODI,6,148,90,145,6,82,7,1,15.0,62.07,56.55,5.52
R Slater,ODI,4,103,90,103,1,44,7,0,90.0,87.38,42.72,6.8
PP Ojha,Test,22,493,89,492,10,431,7,0,8.9,18.09,87.6,1.42
JJ van der Wath,ODI,8,72,89,70,6,37,3,8,14.83,127.14,52.86,15.71
S Rungrueang,T20I,21,149,89,143,18,81,1,3,4.94,62.24,56.64,2.8
Amir Ali,T20I,6,63,89,59,4,20,10,2,22.25,150.85,33.9,20.34
CS Fraser,ODI,11,175,89,170,9,112,8,1,9.89,52.35,65.88,5.29
CL Tryon,Test,2,210,89,210,4,172,15,0,22.25,42.38,81.9,7.14
M Jenkinson,T20I,5,81,89,79,5,38,5,5,17.8,112.66,48.1,12.66
MJ Hay,T20I,10,73,89,71,8,22,5,4,11.12,125.35,30.99,12.68
TC Bastiampillai,ODI,5,163,89,160,5,115,11,2,17.8,55.62,71.88,8.12
MHW Papps,Test,6,273,89,272,11,232,15,0,8.09,32.72,85.29,5.51
PBB Rajapaksa,ODI,5,87,89,85,5,52,14,2,17.8,104.71,61.18,18.82
I Suhun,T20I,20,169,89,162,16,95,7,0,5.56,54.94,58.64,4.32
NLTC Perera,PSL,7,70,89,66,7,25,7,5,12.71,134.85,37.88,18.18
Tuba Hassan,T20I,16,99,89,95,9,42,7,1,9.89,93.68,44.21,8.42
Bilawal Bhatti,ODI,7,77,89,75,6,33,10,2,14.83,118.67,44.0,16.0
SSD Arachchige,ODI,3,134,89,134,3,75,6,0,29.67,66.42,55.97,4.48
S Tippoch,ODI,9,226,89,206,9,149,7,0,9.89,43.2,72.33,3.4
S Thakur,T20I,4,76,89,70,2,24,12,1,44.5,127.14,34.29,18.57
MNK Fernando,ODI,5,135,89,132,5,84,12,0,17.8,67.42,63.64,9.09
Bilal Ahmad Mir,T20I,8,83,89,79,7,36,8,4,12.71,112.66,45.57,15.19
Taijul Islam,ODI,10,137,89,133,8,79,8,1,11.12,66.92,59.4,6.77
Zishan Shah,T20I,5,87,88,87,4,36,7,1,22.0,101.15,41.38,9.2
A Bosch,Test,4,193,88,192,7,154,13,1,12.57,45.83,80.21,7.29
Taher Muhammad,T20I,12,133,88,120,10,68,8,1,8.8,73.33,56.67,7.5
SS Cottrell,ODI,17,135,88,130,8,84,6,4,11.0,67.69,64.62,7.69
UCKA Dona,ODI,4,186,88,185,4,130,8,0,22.0,47.57,70.27,4.32
SE Findlay,ODI,4,140,88,137,3,89,9,2,29.33,64.23,64.96,8.03
J Overton,T20I,15,90,88,84,10,34,5,3,8.8,104.76,40.48,9.52
H Khogiyani,T20I,8,67,88,64,5,32,7,6,17.6,137.5,50.0,20.31
I Elec,T20I,11,145,88,136,12,89,5,4,7.33,64.71,65.44,6.62
SW Masakadza,Test,5,240,88,240,8,199,9,0,11.0,36.67,82.92,3.75
L Udeh,T20I,17,131,88,127,15,73,6,0,5.87,69.29,57.48,4.72
Javeria Rauf,T20I,10,127,88,123,12,78,10,1,7.33,71.54,63.41,8.94
K Jaikaran,T20I,13,142,88,134,11,78,9,0,8.0,65.67,58.21,6.72
AB Agarkar,Test,3,144,88,143,4,99,9,1,22.0,61.54,69.23,6.99
Md Shafiqul Haque,T20I,4,66,88,62,3,26,5,6,29.33,141.94,41.94,17.74
J Jarvis,ODI,12,121,88,119,9,66,7,1,9.78,73.95,55.46,6.72
KM Awala,T20I,11,110,88,105,10,50,5,1,8.8,83.81,47.62,5.71
Iqbal Abdulla,IPL,13,86,88,84,1,33,9,1,88.0,104.76,39.29,11.9
JM Cox,T20I,4,67,88,67,4,29,9,4,22.0,131.34,43.28,19.4
Ariful Haque,Test,2,159,88,159,4,110,8,2,22.0,55.35,69.18,6.29
NP Dalgaard,T20I,12,132,88,121,11,59,7,0,8.0,72.73,48.76,5.79
NM Anil,T20I,7,101,88,89,6,42,12,0,14.67,98.88,47.19,13.48
KIC Asalanka,Test,3,171,88,171,6,132,11,3,14.67,51.46,77.19,8.19
Ziaur Rehman,T20I,6,93,88,90,5,44,8,1,17.6,97.78,48.89,10.0
Zulqarnain Haider,Test,1,201,88,201,2,164,15,0,44.0,43.78,81.59,7.46
SL Malinga,IPL,20,103,88,99,12,55,6,5,7.33,88.89,55.56,11.11
Keziah Miriam Sabin,T20I,9,90,88,75,4,28,10,1,22.0,117.33,37.33,14.67
Arshdeep Singh,T20I,26,88,87,84,12,45,9,3,7.25,103.57,53.57,14.29
J Essex,T20I,6,126,87,119,6,71,9,1,14.5,73.11,59.66,8.4
SH Lawlor,T20I,6,182,87,163,6,109,7,0,14.5,53.37,66.87,4.29
AP Majumdar,IPL,4,77,87,76,4,27,7,2,21.75,114.47,35.53,11.84
V Frank,T20I,8,102,87,97,5,45,9,0,17.4,89.69,46.39,9.28
Nasibullah Arab,T20I,5,56,87,55,5,22,8,5,17.4,158.18,40.0,23.64
Ankit Sharma,IPL,10,69,87,67,7,27,7,4,12.43,129.85,40.3,16.42
Mohammad Farooq,PSL,4,72,87,69,4,39,7,7,21.75,126.09,56.52,20.29
Azam Khan,T20I,11,64,87,60,8,27,6,7,10.88,145.0,45.0,21.67
Ayyaz Qureshi,T20I,6,142,87,132,5,71,7,0,17.4,65.91,53.79,5.3
J Daley,T20I,4,80,87,74,3,33,9,1,29.0,117.57,44.59,13.51
C Tear,T20I,7,94,87,93,7,47,9,1,12.43,93.55,50.54,10.75
Ramanjot Singh,T20I,4,100,87,94,4,45,8,2,21.75,92.55,47.87,10.64
ET Smith,Test,3,174,87,172,5,136,15,0,17.4,50.58,79.07,8.72
Amir Farooq,T20I,12,94,87,91,8,41,5,4,10.88,95.6,45.05,9.89
Rameen Shamim,ODI,10,180,87,171,7,106,5,0,12.43,50.88,61.99,2.92
T Mupariwa,ODI,21,208,87,200,16,150,7,2,5.44,43.5,75.0,4.5
A Akhigbe,T20I,13,142,86,135,12,90,11,1,7.17,63.7,66.67,8.89
J Ramanandi,T20I,13,98,86,97,10,46,6,2,8.6,88.66,47.42,8.25
RM Siri,T20I,4,96,86,93,4,39,7,1,21.5,92.47,41.94,8.6
GD Elliott,Test,5,323,86,322,8,262,3,0,10.75,26.71,81.37,0.93
Mudassar Muhammad,T20I,3,93,86,88,3,39,3,4,28.67,97.73,44.32,7.95
CD Collymore,Test,15,266,86,266,15,219,7,0,5.73,32.33,82.33,2.63
AR Gandhi,T20I,3,99,86,98,2,40,5,1,43.0,87.76,40.82,6.12
SM Pollock,T20I,9,72,86,70,6,27,4,4,14.33,122.86,38.57,11.43
MA Agarwal,ODI,5,91,86,83,5,47,12,1,17.2,103.61,56.63,15.66
SNJ O'Keefe,Test,7,433,86,433,8,389,11,0,10.75,19.86,89.84,2.54
Hassnain Shah,ODI,7,71,86,71,5,34,2,8,17.2,121.13,47.89,14.08
Ibrahim Nashath,T20I,13,154,86,148,13,89,3,2,6.62,58.11,60.14,3.38
R Vinay Kumar,ODI,12,150,86,146,8,95,5,2,10.75,58.9,65.07,4.79
J Maguire,ODI,18,140,86,136,13,71,3,0,6.62,63.24,52.21,2.21
G Chilia,T20I,12,150,86,144,10,83,5,1,8.6,59.72,57.64,4.17
Shamsur Rahman,T20I,8,86,86,85,8,44,12,1,10.75,101.18,51.76,15.29
GJ Hopkins,T20I,8,72,86,71,7,27,5,5,12.29,121.13,38.03,14.08
Waseem Muhammad,PSL,5,75,86,73,5,31,9,3,17.2,117.81,42.47,16.44
Avi Dixit,T20I,10,95,86,92,9,35,6,1,9.56,93.48,38.04,7.61
T Maruma,T20I,9,91,86,88,5,44,5,4,17.2,97.73,50.0,10.23
P Mujaji,ODI,7,166,86,160,7,103,8,0,12.29,53.75,64.38,5.0
FL Reifer,ODI,6,190,86,184,7,127,6,1,12.29,46.74,69.02,3.8
Alina Aslam,T20I,12,172,85,151,10,80,1,0,8.5,56.29,52.98,0.66
LM Kasperek,T20I,19,93,85,89,14,35,7,0,6.07,95.51,39.33,7.87
AR Leo,T20I,11,136,85,133,9,78,5,1,9.44,63.91,58.65,4.51
Ahmadullah Shinwari,T20I,12,95,85,90,8,42,8,1,10.62,94.44,46.67,10.0
T Khabo,T20I,17,295,85,250,13,183,2,0,6.54,34.0,73.2,0.8
JN du Plooy,T20I,4,64,85,61,4,17,3,5,21.25,139.34,27.87,13.11
G Chaturvedi,T20I,8,90,85,84,7,47,10,2,12.14,101.19,55.95,14.29
DGAPD Wiswi,T20I,10,104,85,97,7,44,7,1,12.14,87.63,45.36,8.25
Panna Ghosh,ODI,8,207,85,198,5,146,9,0,17.0,42.93,73.74,4.55
MJ McClenaghan,IPL,20,73,85,70,11,36,5,7,7.73,121.43,51.43,17.14
SF Jerome,T20I,16,121,85,114,10,58,7,0,8.5,74.56,50.88,6.14
AR Nurse,T20I,8,78,85,71,2,24,7,3,42.5,119.72,33.8,14.08
NE Bonner,ODI,6,140,85,135,5,80,6,0,17.0,62.96,59.26,4.44
KNA Bandara,T20I,4,82,84,79,4,27,4,3,21.0,106.33,34.18,8.86
JJ Atkinson,ODI,4,152,84,148,4,104,8,2,21.0,56.76,70.27,6.76
PI Walter,PSL,5,68,84,62,3,19,11,1,28.0,135.48,30.65,19.35
DO Obuya,T20I,7,128,84,123,6,66,8,0,14.0,68.29,53.66,6.5
Shubham Ranjane,ODI,3,116,84,116,2,60,6,1,42.0,72.41,51.72,6.03
A Beresford-Peirse,T20I,7,128,84,122,7,68,3,2,12.0,68.85,55.74,4.1
F Tunnicliffe,ODI,5,117,84,114,4,64,8,1,21.0,73.68,56.14,7.89
D Bhatta,T20I,10,79,84,76,10,33,6,3,8.4,110.53,43.42,11.84
Zaid Ahmad,T20I,7,94,84,91,6,39,7,0,14.0,92.31,42.86,7.69
BMSM Kumari,T20I,25,145,84,140,16,84,7,0,5.25,60.0,60.0,5.0
LJ Barker,T20I,9,92,84,88,9,45,12,0,9.33,95.45,51.14,13.64
AM Peterson,T20I,14,98,84,94,12,43,8,0,7.0,89.36,45.74,8.51
Tayyab Tahir,T20I,4,66,84,63,3,21,7,3,28.0,133.33,33.33,15.87
H Kala,Test,1,203,84,203,3,153,10,0,28.0,41.38,75.37,4.93
NG Smith,ODI,12,121,84,118,8,55,5,0,10.5,71.19,46.61,4.24
SI Mahmood,ODI,12,99,84,99,9,57,8,1,9.33,84.85,57.58,9.09
L Emilio,T20I,10,92,84,85,7,47,10,1,12.0,98.82,55.29,12.94
Shahid Nazir,Test,5,176,84,175,6,137,9,1,14.0,48.0,78.29,5.71
Puneet Arora,T20I,6,102,84,96,4,52,8,2,21.0,87.5,54.17,10.42
Abdul Samad,T20I,8,88,84,85,4,38,5,3,21.0,98.82,44.71,9.41
J Sumerauer,ODI,3,74,84,74,3,29,8,2,28.0,113.51,39.19,13.51
ML Schutt,ODI,21,166,84,161,14,98,6,0,6.0,52.17,60.87,3.73
Habeeba Bader,T20I,12,155,84,142,7,86,6,0,12.0,59.15,60.56,4.23
M Lollo,T20I,12,125,84,122,9,61,2,0,9.33,68.85,50.0,1.64
M Sankoh,T20I,9,210,84,175,7,123,5,0,12.0,48.0,70.29,2.86
CT McNally,T20I,7,156,84,133,6,70,8,0,14.0,63.16,52.63,6.02
CJ Nevin,ODI,7,151,83,141,7,99,10,0,11.86,58.87,70.21,7.09
D Pretorius,Test,3,163,83,163,6,129,13,1,13.83,50.92,79.14,8.59
T Rajiv,T20I,5,73,83,68,5,30,11,2,16.6,122.06,44.12,19.12
RE Levi,IPL,6,74,83,73,6,40,10,4,13.83,113.7,54.79,19.18
D Forrester,T20I,5,80,83,77,3,32,4,4,27.67,107.79,41.56,10.39
GH Bodi,ODI,2,136,83,132,2,91,9,1,41.5,62.88,68.94,7.58
B Zuiderent,T20I,4,100,83,95,3,41,6,1,27.67,87.37,43.16,7.37
Saad Nasim,PSL,8,65,83,63,7,23,9,3,11.86,131.75,36.51,19.05
K Carney,T20I,10,109,83,90,6,39,9,0,13.83,92.22,43.33,10.0
AJ Tye,T20I,14,79,83,76,8,36,5,4,10.38,109.21,47.37,11.84
Ziaur Rahman,ODI,10,91,83,88,10,48,9,3,8.3,94.32,54.55,13.64
V Redkar,T20I,4,145,83,117,4,64,8,0,20.75,70.94,54.7,6.84
A Saud,T20I,4,75,83,74,4,41,10,4,20.75,112.16,55.41,18.92
AR Bisht,ODI,5,113,83,109,4,67,8,2,20.75,76.15,61.47,9.17
PR Adams,Test,4,169,83,169,4,124,10,0,20.75,49.11,73.37,5.92
J Botha,Test,5,240,83,238,4,193,9,0,20.75,34.87,81.09,3.78
G Madanayake,T20I,8,174,83,134,6,55,6,0,13.83,61.94,41.04,4.48
MPM Pathirannehelage,T20I,8,114,83,94,4,52,10,0,20.75,88.3,55.32,10.64
T Banton,PSL,9,69,83,68,8,30,10,2,10.38,122.06,44.12,17.65
Khurram Shahzad,Test,6,224,83,224,8,186,11,0,10.38,37.05,83.04,4.91
AF Milne,T20I,19,89,83,86,10,43,1,6,8.3,96.51,50.0,8.14
Waqar Khan,T20I,10,76,83,75,9,37,7,4,9.22,110.67,49.33,14.67
D Long Martinez,T20I,2,58,83,56,2,21,8,4,41.5,148.21,37.5,21.43
JM Joao,T20I,7,97,82,84,7,39,11,0,11.71,97.62,46.43,13.1
Nyeing Cham Soe,T20I,16,111,82,106,9,53,5,2,9.11,77.36,50.0,6.6
GC Bhogle,ODI,6,166,82,159,6,113,10,0,13.67,51.57,71.07,6.29
DR Hooper,T20I,9,105,82,103,5,42,2,1,16.4,79.61,40.78,2.91
B Mavuta,Test,4,206,82,206,7,167,11,1,11.71,39.81,81.07,5.83
Muhammad Amin,T20I,9,87,82,84,8,50,10,3,10.25,97.62,59.52,15.48
Bella Poon,T20I,12,136,82,130,10,86,9,0,8.2,63.08,66.15,6.92
Ranjit Singh,T20I,5,59,82,56,5,20,8,3,16.4,146.43,35.71,19.64
DB Kotze,ODI,6,135,82,135,5,83,3,1,16.4,60.74,61.48,2.96
TS Roland-Jones,Test,4,119,82,118,4,85,10,3,20.5,69.49,72.03,11.02
Ebadat Hossain,Test,18,272,82,271,17,238,11,2,4.82,30.26,87.82,4.8
M Gouws,T20I,7,63,82,58,7,23,5,5,11.71,141.38,39.66,17.24
Rizwan Hussain,PSL,8,79,82,77,7,32,9,1,11.71,106.49,41.56,12.99
GT Main,ODI,3,89,82,87,1,41,7,1,82.0,94.25,47.13,9.2
Luka Woods,T20I,5,79,82,78,6,39,4,6,13.67,105.13,50.0,12.82
C Hemraj,ODI,6,101,82,98,6,67,13,2,13.67,83.67,68.37,15.31
RL Vitas,T20I,6,116,82,109,2,56,7,2,41.0,75.23,51.38,8.26
Shahnawaz Patel,T20I,8,84,82,81,6,33,7,1,13.67,101.23,40.74,9.88
TD Paine,T20I,8,78,82,77,7,34,7,3,11.71,106.49,44.16,12.99
L Pickard,T20I,8,173,82,139,7,82,4,0,11.71,58.99,58.99,2.88
E Cleator,T20I,7,115,82,105,6,48,5,0,13.67,78.1,45.71,4.76
NM Coulter-Nile,IPL,16,75,82,72,10,36,7,4,8.2,113.89,50.0,15.28
Sirajullah Khadim,T20I,12,100,81,92,8,42,7,1,10.12,88.04,45.65,8.7
CJ Jordan,IPL,12,81,81,77,9,34,3,3,9.0,105.19,44.16,7.79
Yahya Suhail,T20I,8,173,81,157,10,109,7,1,8.1,51.59,69.43,5.1
Yusrina Yaakop,T20I,16,158,81,153,14,106,6,0,5.79,52.94,69.28,3.92
NK Yadav,T20I,8,36,81,36,4,11,4,8,20.25,225.0,30.56,33.33
E Chiralile,T20I,13,174,81,163,11,110,6,0,7.36,49.69,67.48,3.68
Shahbaz Badar,T20I,10,99,81,89,9,39,6,1,9.0,91.01,43.82,7.87
MN Samuels,PSL,5,67,81,67,5,21,5,3,16.2,120.9,31.34,11.94
CM Wright,ODI,6,145,81,139,5,82,4,1,16.2,58.27,58.99,3.6
LA Carseldine,IPL,5,71,81,68,3,27,11,0,27.0,119.12,39.71,16.18
S Nitschke,ODI,2,84,81,82,2,46,12,1,40.5,98.78,56.1,15.85
Nasir Aziz,ODI,2,125,81,122,2,83,11,0,40.5,66.39,68.03,9.02
WPUJC Vaas,IPL,11,73,81,73,7,24,2,3,11.57,110.96,32.88,6.85
Jun Hyunwoo,T20I,9,112,81,112,9,71,4,5,9.0,72.32,63.39,8.04
SI Mahmood,Test,7,161,81,161,10,116,10,0,8.1,50.31,72.05,6.21
AM Phangiso,ODI,12,164,81,162,10,107,5,0,8.1,50.0,66.05,3.09
J Little,ODI,14,90,81,87,9,53,11,2,9.0,93.1,60.92,14.94
Shahid Afridi,IPL,9,46,81,46,8,20,7,6,10.12,176.09,43.48,28.26
KL Rolton,T20I,2,70,81,69,1,23,6,1,81.0,117.39,33.33,10.14
Mahbubul Alam,ODI,2,72,81,71,2,34,3,4,40.5,114.08,47.89,9.86
PWH de Silva,IPL,19,95,81,88,16,41,7,1,5.06,92.05,46.59,9.09
Usman Khan (2),PSL,1,50,81,50,1,18,10,3,81.0,162.0,36.0,26.0
Mohammad Faiq,PSL,5,66,81,63,4,20,9,1,20.25,128.57,31.75,15.87
Pratika Rawal,Test,1,181,81,180,2,141,11,0,40.5,45.0,78.33,6.11
M Spoors,ODI,4,146,80,143,3,106,9,2,26.67,55.94,74.13,7.69
N Dutta,T20I,7,53,80,50,5,14,5,5,16.0,160.0,28.0,20.0
SS Grimmond,T20I,14,121,80,116,11,70,7,2,7.27,68.97,60.34,7.76
Zohaib Sarwar,T20I,9,75,80,72,7,33,2,6,11.43,111.11,45.83,11.11
W Nalisa,T20I,13,76,80,75,7,27,7,1,11.43,106.67,36.0,10.67
K Canavarci,T20I,8,112,80,104,7,59,8,0,11.43,76.92,56.73,7.69
Rabiya Shah,ODI,6,127,80,122,5,78,10,0,16.0,65.57,63.93,8.2
Jaspreet Singh,T20I,12,78,80,75,9,31,6,2,8.89,106.67,41.33,10.67
Mustafa Omer,T20I,6,102,80,95,7,56,6,3,11.43,84.21,58.95,9.47
WK Lai,T20I,23,143,80,134,21,76,3,0,3.81,59.7,56.72,2.24
RD Pangestuti,T20I,9,144,80,136,7,86,8,0,11.43,58.82,63.24,5.88
SJ Harmison,ODI,17,138,80,133,10,71,2,0,8.0,60.15,53.38,1.5
Inam-ul-Haq,T20I,3,75,80,72,2,30,11,0,40.0,111.11,41.67,15.28
MR Gillespie,ODI,10,95,80,93,5,56,8,1,16.0,86.02,60.22,9.68
Jahanara Alam,ODI,19,227,80,223,16,172,8,0,5.0,35.87,77.13,3.59
Ansar Iqbal,T20I,6,82,80,81,6,42,9,2,13.33,98.77,51.85,13.58
GR Codrington,ODI,6,123,80,118,5,74,8,2,16.0,67.8,62.71,8.47
H Kaushik,ODI,4,93,80,92,4,53,2,6,20.0,86.96,57.61,8.7
M Terblanche,ODI,4,137,80,129,3,91,10,0,26.67,62.02,70.54,7.75
K Birkenstock,T20I,3,45,80,44,3,15,9,4,26.67,181.82,34.09,29.55
RV Patel,IPL,7,76,80,73,5,26,6,2,16.0,109.59,35.62,10.96
Hammad Azam,ODI,6,131,79,129,5,81,5,2,15.8,61.24,62.79,5.43
C White,ODI,4,84,79,81,3,31,6,0,26.33,97.53,38.27,7.41
PS Airee,T20I,10,98,79,94,12,53,9,1,6.58,84.04,56.38,10.64
D Langford-Smith,ODI,9,84,79,83,5,42,6,2,15.8,95.18,50.6,9.64
E Schiferli,ODI,8,140,79,129,7,96,12,0,11.29,61.24,74.42,9.3
V Jesrani,T20I,10,196,79,182,11,113,1,0,7.18,43.41,62.09,0.55
RML Taylor,T20I,5,52,79,52,2,12,5,4,39.5,151.92,23.08,17.31
UT Yadav,ODI,21,136,79,134,10,87,8,1,7.9,58.96,64.93,6.72
J Post,T20I,14,126,79,120,11,59,6,0,7.18,65.83,49.17,5.0
S Badrinath,ODI,6,173,79,172,5,116,4,0,15.8,45.93,67.44,2.33
LA Dawson,T20I,9,70,79,69,6,30,9,2,13.17,114.49,43.48,15.94
M Whelan,T20I,8,72,79,71,6,30,6,2,13.17,111.27,42.25,11.27
Aleena Khan,T20I,16,162,79,155,14,107,8,0,5.64,50.97,69.03,5.16
Murid Ekrami,T20I,12,81,79,76,7,35,9,1,11.29,103.95,46.05,13.16
TD Astle,ODI,4,80,79,77,3,32,5,2,26.33,102.6,41.56,9.09
AD Mascarenhas,IPL,11,79,79,78,10,28,5,1,7.9,101.28,35.9,7.69
GJ van Rensburg,T20I,6,113,79,110,5,59,5,1,15.8,71.82,53.64,5.45
Christina Baret,T20I,13,192,79,180,12,121,2,0,6.58,43.89,67.22,1.11
E Claridge,ODI,5,103,79,97,4,52,10,0,19.75,81.44,53.61,10.31
SC Kuggeleijn,T20I,7,39,79,37,4,9,5,7,19.75,213.51,24.32,32.43
Sami Aslam,ODI,4,123,78,117,4,70,9,0,19.5,66.67,59.83,7.69
WB Rankin,ODI,20,183,78,179,5,125,3,1,15.6,43.58,69.83,2.23
SP Khakurel,ODI,5,166,78,160,5,109,3,1,15.6,48.75,68.12,2.5
M Kearvell,T20I,4,91,78,83,3,34,5,0,26.0,93.98,40.96,6.02
Rachel Delaney,ODI,11,187,78,184,9,126,5,0,8.67,42.39,68.48,2.72
RR Bastiansz,T20I,3,75,78,73,3,32,5,3,26.0,106.85,43.84,10.96
Sagar Pun,T20I,7,89,78,87,5,45,11,0,15.6,89.66,51.72,12.64
CR Woakes,IPL,12,77,78,77,5,33,7,2,15.6,101.3,42.86,11.69
M Dixit,T20I,11,76,78,72,10,26,3,2,7.8,108.33,36.11,6.94
M Dillon,Test,3,162,78,161,4,128,10,1,19.5,48.45,79.5,6.83
S Dunukedeniya,T20I,7,125,78,90,7,44,10,0,11.14,86.67,48.89,11.11
HJ Armitage,ODI,3,95,78,92,3,53,10,0,26.0,84.78,57.61,10.87
LU Igalagamage,Test,2,112,78,112,3,73,12,0,26.0,69.64,65.18,10.71
S Lamichhane,T20I,21,87,78,87,13,35,3,2,6.0,89.66,40.23,5.75
IG Butler,ODI,8,125,78,125,7,84,6,2,11.14,62.4,67.2,6.4
Regina Khan,T20I,7,136,78,133,3,81,7,0,26.0,58.65,60.9,5.26
SF Mire,Test,2,135,78,135,4,105,12,1,19.5,57.78,77.78,9.63
R Dhar,Test,1,164,78,164,2,135,15,0,39.0,47.56,82.32,9.15
CD Barnwell,T20I,6,65,78,62,4,24,4,4,19.5,125.81,38.71,12.9
S Sarandeva,T20I,13,202,78,177,11,122,7,0,7.09,44.07,68.93,3.95
Saran Aslam,T20I,6,41,78,41,5,11,5,6,15.6,190.24,26.83,26.83
J Maguire,T20I,15,77,78,75,7,26,3,2,11.14,104.0,34.67,6.67
MJ Cosgrove,ODI,2,81,78,78,2,43,7,2,39.0,100.0,55.13,11.54
R Ramadhasyena,T20I,2,50,78,48,1,18,8,4,78.0,162.5,37.5,25.0
JR Philippe,IPL,5,80,78,77,4,35,9,1,19.5,101.3,45.45,12.99
R Gowthaman,T20I,5,100,78,95,5,44,3,1,15.6,82.11,46.32,4.21
Ishan Kishan,Test,2,91,78,91,1,51,8,2,78.0,85.71,56.04,10.99
J Andrew,T20I,5,82,78,80,5,44,5,4,15.6,97.5,55.0,11.25
JA Duffy,Test,4,104,78,104,4,73,14,0,19.5,75.0,70.19,13.46
JA Stiglitz,T20I,8,124,78,111,6,67,8,0,13.0,70.27,60.36,7.21
B Mpedi,T20I,7,110,78,99,6,57,10,0,13.0,78.79,57.58,10.1
A Aitken-Drummond,ODI,8,114,78,111,7,78,13,0,11.14,70.27,70.27,11.71
A Kanukuntla,T20I,8,182,77,164,6,110,4,0,12.83,46.95,67.07,2.44
R Hekure,T20I,15,103,77,99,13,54,8,0,5.92,77.78,54.55,8.08
BM Scholtz,T20I,21,84,77,84,7,32,7,0,11.0,91.67,38.1,8.33
Rahmatullah Mangal,T20I,13,91,77,88,11,45,4,2,7.0,87.5,51.14,6.82
Ravinderpal Singh,ODI,5,107,77,102,6,58,5,3,12.83,75.49,56.86,7.84
M Kpaka,T20I,14,154,77,140,13,83,0,1,5.92,55.0,59.29,0.71
MK Anafie,T20I,6,70,77,66,5,32,5,5,15.4,116.67,48.48,15.15
NM Lyon,ODI,13,83,77,83,4,44,7,2,19.25,92.77,53.01,10.84
SC Taylor,ODI,2,73,77,72,0,34,10,1,77.0,106.94,47.22,15.28
BK Majji,T20I,3,85,77,82,3,30,3,2,25.67,93.9,36.59,6.1
GM Ewing,ODI,6,115,77,114,6,62,7,0,12.83,67.54,54.39,6.14
Aslan Jafri,T20I,9,88,77,84,9,42,4,3,8.56,91.67,50.0,8.33
Ameel Mauroof,T20I,13,124,77,120,10,63,3,1,7.7,64.17,52.5,3.33
FA Zavala,T20I,10,151,77,127,10,77,5,0,7.7,60.63,60.63,3.94
Yogev Nagavkar,T20I,5,113,77,103,6,60,8,0,12.83,74.76,58.25,7.77
Z Franova,T20I,11,186,77,163,11,108,5,0,7.0,47.24,66.26,3.07
Sajjida Shah,ODI,3,172,77,168,2,127,9,0,38.5,45.83,75.6,5.36
KA Jamieson,IPL,10,74,77,73,4,39,6,4,19.25,105.48,53.42,13.7
YS Chahal,ODI,14,144,77,141,9,99,8,0,8.56,54.61,70.21,5.67
PC de Silva,ODI,6,98,77,96,4,50,9,0,19.25,80.21,52.08,9.38
HV Patel,T20I,10,61,77,57,6,24,9,3,12.83,135.09,42.11,21.05
P Utseya,T20I,17,101,77,96,11,44,5,1,7.0,80.21,45.83,6.25
SC Joseph,ODI,5,153,77,150,4,103,6,1,19.25,51.33,68.67,4.67
VM Nyauchi,Test,8,199,77,199,8,160,10,0,9.62,38.69,80.4,5.03
S Bodha,T20I,12,79,77,70,8,27,7,1,9.62,110.0,38.57,11.43
T Putthawong,ODI,12,231,77,215,8,157,2,0,9.62,35.81,73.02,0.93
Khurram Chohan,ODI,9,144,77,137,7,87,5,2,11.0,56.2,63.5,5.11
V Aritharan,T20I,4,40,77,39,2,15,5,7,38.5,197.44,38.46,30.77
D Kalvin,T20I,9,121,77,118,7,71,4,1,11.0,65.25,60.17,4.24
AL Kerai,T20I,8,134,76,123,7,75,2,2,10.86,61.79,60.98,3.25
G Ayan,T20I,11,112,76,100,11,60,10,0,6.91,76.0,60.0,10.0
VS Solanki,T20I,3,61,76,61,3,24,10,1,25.33,124.59,39.34,18.03
Y Anggraeni,T20I,3,84,76,78,3,39,11,0,25.33,97.44,50.0,14.1
A Salomao,T20I,23,152,76,131,17,81,5,0,4.47,58.02,61.83,3.82
MLG Silva,T20I,18,136,76,128,14,84,7,0,5.43,59.38,65.62,5.47
F Irakoze,T20I,13,89,76,84,8,41,7,0,9.5,90.48,48.81,8.33
A Flintoff,T20I,7,62,76,60,5,20,7,2,15.2,126.67,33.33,15.0
MT Waqanisau,T20I,8,131,76,118,7,72,8,0,10.86,64.41,61.02,6.78
R Baruah,T20I,7,50,76,45,3,13,5,5,25.33,168.89,28.89,22.22
Alam Nakash,T20I,9,86,76,83,10,37,4,1,7.6,91.57,44.58,6.02
IR Jaggi,IPL,7,100,76,97,5,48,6,0,15.2,78.35,49.48,6.19
B Akhil,IPL,11,57,76,55,7,24,5,5,10.86,138.18,43.64,18.18
AS Hansra,T20I,7,74,76,73,5,33,4,3,15.2,104.11,45.21,9.59
S Agazuma,T20I,6,113,76,107,4,54,5,0,19.0,71.03,50.47,4.67
F Khaliq,T20I,7,69,76,65,4,22,8,0,19.0,116.92,33.85,12.31
Shoaib Rafiq,T20I,14,85,76,82,12,42,3,4,6.33,92.68,51.22,8.54
Imran Farhat,T20I,7,77,76,70,7,42,15,0,10.86,108.57,60.0,21.43
S Chattergoon,Test,2,131,76,128,4,88,9,0,19.0,59.38,68.75,7.03
Uswa Syed,T20I,6,117,76,112,6,51,2,0,12.67,67.86,45.54,1.79
Syed Rasel,ODI,22,168,76,163,13,115,7,0,5.85,46.63,70.55,4.29
MDN Hansika,T20I,10,130,76,122,9,72,4,1,8.44,62.3,59.02,4.1
HWA Landheer,T20I,20,114,76,109,11,62,4,2,6.91,69.72,56.88,5.5
KJ Abbott,ODI,13,129,76,126,9,72,6,0,8.44,60.32,57.14,4.76
WP Myburgh,ODI,5,167,76,167,5,107,2,0,15.2,45.51,64.07,1.2
Swann Htet Ko Ko,T20I,16,128,76,125,12,75,1,3,6.33,60.8,60.0,3.2
RA Mariu,ODI,2,93,76,86,2,50,9,2,38.0,88.37,58.14,12.79
EL Lamb,Test,2,143,76,141,3,105,10,0,25.33,53.9,74.47,7.09
L Sormus,T20I,12,193,76,154,10,92,2,0,7.6,49.35,59.74,1.3
Saqib Zulfiqar,T20I,6,73,76,69,4,22,4,2,19.0,110.14,31.88,8.7
Kainat Qazi,T20I,12,165,75,159,11,109,5,0,6.82,47.17,68.55,3.14
KW Richardson,ODI,12,70,75,68,5,40,7,4,15.0,110.29,58.82,16.18
Himmat Singh,IPL,4,61,75,57,2,16,4,4,37.5,131.58,28.07,14.04
DAP Darrell,T20I,9,89,75,85,7,42,1,5,10.71,88.24,49.41,7.06
FL Patel,T20I,8,75,75,69,9,37,9,2,8.33,108.7,53.62,15.94
A Brindle,Test,3,242,75,241,5,209,13,0,15.0,31.12,86.72,5.39
Zain Asif,T20I,3,53,75,47,2,23,6,6,37.5,159.57,48.94,25.53
M Vivekanandan,T20I,12,173,75,159,13,120,8,0,5.77,47.17,75.47,5.03
S Ingabire,T20I,10,169,75,164,9,96,0,0,8.33,45.73,58.54,0.0
VC Drakes,Test,2,149,75,149,3,117,10,1,25.0,50.34,78.52,7.38
S Jamil,T20I,10,92,75,84,7,47,10,0,10.71,89.29,55.95,11.9
A Zimunu,ODI,9,100,75,99,7,47,4,0,10.71,75.76,47.47,4.04
KDK Vithanage,ODI,6,92,75,90,5,53,11,0,15.0,83.33,58.89,12.22
CA Lynn,ODI,4,92,75,89,4,58,6,3,18.75,84.27,65.17,10.11
Vaishnave Mahesh,ODI,6,143,75,139,6,86,4,0,12.5,53.96,61.87,2.88
TR Birt,IPL,5,59,75,58,5,25,9,2,15.0,129.31,43.1,18.97
AC Botha,T20I,6,82,75,81,5,45,10,0,15.0,92.59,55.56,12.35
JG Kimaro,T20I,12,128,75,125,10,75,6,0,7.5,60.0,60.0,4.8
JJ Bumrah,IPL,29,89,75,86,9,38,6,1,8.33,87.21,44.19,8.14
Tejwinder Singh,T20I,7,37,75,37,6,11,5,5,12.5,202.7,29.73,27.03
Z Burgess,T20I,12,55,75,54,9,29,3,7,8.33,138.89,53.7,18.52
Utkarsh Srivastava,ODI,2,75,75,73,2,24,6,1,37.5,102.74,32.88,9.59
Mohammed Jamadar,T20I,5,103,75,97,6,63,11,0,12.5,77.32,64.95,11.34
MM Patel,ODI,24,114,74,112,12,68,7,1,6.17,66.07,60.71,7.14
NJ Astle,T20I,4,69,74,67,4,27,7,2,18.5,110.45,40.3,13.43
J Masquater,T20I,7,111,74,106,7,69,9,2,10.57,69.81,65.09,10.38
H Agarwal,T20I,16,191,74,186,10,130,4,0,7.4,39.78,69.89,2.15
SW Poynter,ODI,7,102,74,101,6,55,7,0,12.33,73.27,54.46,6.93
U Raymond-Hoey,ODI,8,124,74,119,8,69,5,0,9.25,62.18,57.98,4.2
Aamer Jamal,T20I,4,40,74,38,3,11,4,6,24.67,194.74,28.95,26.32
Rehan Ahmed,T20I,9,53,74,52,5,26,6,5,14.8,142.31,50.0,21.15
A King,Test,6,188,74,187,7,155,12,0,10.57,39.57,82.89,6.42
A Mazvishaya,ODI,10,152,74,144,5,95,7,0,14.8,51.39,65.97,4.86
BP Martin,Test,5,142,74,141,5,113,14,0,14.8,52.48,80.14,9.93
SM Tupou,T20I,5,77,74,73,5,31,3,4,14.8,101.37,42.47,9.59
Sweeta Corda,T20I,7,114,74,102,5,55,5,0,14.8,72.55,53.92,4.9
Sapan Mehta,T20I,5,84,74,82,4,33,3,0,18.5,90.24,40.24,3.66
I Tchakou,T20I,14,119,74,117,14,79,10,0,5.29,63.25,67.52,8.55
GS Bajwa,T20I,3,64,74,57,2,25,5,4,37.0,129.82,43.86,15.79
L Taylor,T20I,14,119,74,112,14,69,8,0,5.29,66.07,61.61,7.14
D Tekyildirim,T20I,5,110,74,96,2,52,8,0,37.0,77.08,54.17,8.33
IDR Bradshaw,Test,3,282,74,280,6,227,8,0,12.33,26.43,81.07,2.86
GES Sullivan,T20I,7,103,74,96,7,46,6,0,10.57,77.08,47.92,6.25
S Laomi,ODI,10,147,74,136,9,89,5,0,8.22,54.41,65.44,3.68
Rudolph Fox,T20I,8,83,74,80,5,37,4,3,14.8,92.5,46.25,8.75
Mohammad Amin,T20I,4,76,73,76,3,32,3,3,24.33,96.05,42.11,7.89
DS Weerakkody,ODI,3,67,73,66,3,28,9,1,24.33,110.61,42.42,15.15
Anser Mehmood,T20I,4,74,73,70,3,30,4,3,24.33,104.29,42.86,10.0
J Gumbie,Test,1,145,73,144,2,111,10,0,36.5,50.69,77.08,6.94
J Kominkova,T20I,14,205,73,170,12,118,7,0,6.08,42.94,69.41,4.12
AJ Strauss,T20I,4,68,73,64,4,25,9,0,18.25,114.06,39.06,14.06
L Phiri,T20I,13,92,73,89,12,45,7,0,6.08,82.02,50.56,7.87
Utkarsh Jain,T20I,11,81,73,78,4,30,5,1,18.25,93.59,38.46,7.69
D Nanda,T20I,5,75,73,64,3,29,6,2,24.33,114.06,45.31,12.5
CA Young,T20I,22,101,73,100,13,58,5,2,5.62,73.0,58.0,7.0
Ntombizodwa Mkhatshwa,T20I,20,258,73,243,18,195,5,0,4.06,30.04,80.25,2.06
XC Bartlett,T20I,11,72,73,70,5,35,7,3,14.6,104.29,50.0,14.29
CO Browne,Test,2,93,73,93,3,59,5,4,24.33,78.49,63.44,9.68
JEA Doctora,T20I,10,103,73,100,7,59,3,3,10.43,73.0,59.0,6.0
Khurram Khan,T20I,3,77,73,73,3,31,8,1,24.33,100.0,42.47,12.33
Bilal Safdar,T20I,8,90,73,86,7,40,7,0,10.43,84.88,46.51,8.14
Bilal Asif,Test,4,176,73,176,8,137,6,1,9.12,41.48,77.84,3.98
Nayab Razwan,T20I,10,151,73,130,11,76,3,0,6.64,56.15,58.46,2.31
JS Foster,Test,2,232,73,231,3,188,5,0,24.33,31.6,81.39,2.16
SS McKechnie,ODI,6,142,73,138,6,84,4,0,12.17,52.9,60.87,2.9
TD Smartt,T20I,9,79,73,77,8,35,4,0,9.12,94.81,45.45,5.19
E Bisht,ODI,17,125,73,119,12,70,6,0,6.08,61.34,58.82,5.04
Waheed Ahmed,ODI,6,131,73,129,6,92,8,2,12.17,56.59,71.32,7.75
NT Broom,T20I,7,68,73,68,6,29,8,1,12.17,107.35,42.65,13.24
T Panyangara,Test,6,198,73,198,8,172,13,0,9.12,36.87,86.87,6.57
M Klinger,IPL,4,78,73,77,4,34,9,0,18.25,94.81,44.16,11.69
TG Norris,T20I,8,74,73,71,6,31,6,1,12.17,102.82,43.66,9.86
MR Meshram,T20I,6,105,73,103,6,47,4,0,12.17,70.87,45.63,3.88
RR Sarwan,IPL,4,78,73,75,3,31,6,1,24.33,97.33,41.33,9.33
TE Britton,T20I,16,244,73,224,14,164,1,0,5.21,32.59,73.21,0.45
M Ozturk,T20I,10,113,73,110,10,74,3,5,7.3,66.36,67.27,7.27
AD Nath,ODI,4,95,73,95,3,45,4,2,24.33,76.84,47.37,6.32
SD Outerbridge,ODI,9,147,72,137,9,97,7,0,8.0,52.55,70.8,5.11
NA McSweeney,Test,3,212,72,212,5,180,11,0,14.4,33.96,84.91,5.19
KM Dabengwa,Test,2,118,72,117,4,91,11,2,18.0,61.54,77.78,11.11
T Mulepati,T20I,8,218,72,184,6,140,6,0,12.0,39.13,76.09,3.26
RA Thomas,T20I,7,93,72,91,6,50,7,1,12.0,79.12,54.95,8.79
TL Best,ODI,13,114,72,110,8,65,7,0,9.0,65.45,59.09,6.36
Mohmedazim Abbasbhai,T20I,6,81,72,75,5,41,9,1,14.4,96.0,54.67,13.33
L Winfield-Hill,Test,2,135,72,135,3,108,10,2,24.0,53.33,80.0,8.89
J Smits,ODI,8,195,72,195,5,143,4,0,14.4,36.92,73.33,2.05
C Brits,T20I,3,70,72,69,3,28,7,1,24.0,104.35,40.58,11.59
DR Brown,ODI,4,115,72,115,4,66,6,0,18.0,62.61,57.39,5.22
Hassan Khan,T20I,6,62,72,61,5,21,4,3,14.4,118.03,34.43,11.48
OJ Herrington,T20I,5,71,72,70,4,34,1,5,18.0,102.86,48.57,8.57
I Sharma,ODI,26,209,72,203,15,153,6,0,4.8,35.47,75.37,2.96
Delroy Leo,T20I,6,92,72,88,5,45,5,2,14.4,81.82,51.14,7.95
AB Sharma,T20I,3,74,72,70,3,30,9,0,24.0,102.86,42.86,12.86
WJ Pucovski,Test,1,126,72,126,2,95,6,0,36.0,57.14,75.4,4.76
Xu Qian,T20I,14,183,72,165,13,121,7,0,5.54,43.64,73.33,4.24
TP Visee,ODI,3,66,72,66,3,42,12,2,24.0,109.09,63.64,21.21
KV Morea,ODI,12,119,72,116,6,73,5,1,12.0,62.07,62.93,5.17
EGS Kana,T20I,21,164,72,148,22,102,6,0,3.27,48.65,68.92,4.05
PE Kruger,T20I,5,62,72,60,4,23,6,3,18.0,120.0,38.33,15.0
HGV Vare,T20I,13,92,72,88,8,45,7,0,9.0,81.82,51.14,7.95
KO Meth,Test,2,129,72,129,3,96,7,2,24.0,55.81,74.42,6.98
Shoriful Islam,T20I,17,69,72,68,14,36,5,4,5.14,105.88,52.94,13.24
LH Ferguson,IPL,8,49,72,47,4,12,7,2,18.0,153.19,25.53,19.15
P Sarraf,ODI,10,118,72,116,9,75,6,2,8.0,62.07,64.66,6.9
Nasra Mohamedi,T20I,8,104,72,96,7,57,10,0,10.29,75.0,59.38,10.42
Ali Yalmaz,T20I,9,62,71,58,8,24,2,6,8.88,122.41,41.38,13.79
SH Obed,T20I,11,72,71,67,6,26,4,2,11.83,105.97,38.81,8.96
GL Mushi,T20I,6,103,71,98,3,59,9,0,23.67,72.45,60.2,9.18
ML Udawatte,T20I,7,75,71,72,7,32,8,1,10.14,98.61,44.44,12.5
T Legaabile,T20I,10,142,71,120,9,72,4,0,7.89,59.17,60.0,3.33
H Leko,T20I,6,143,71,111,5,47,3,0,14.2,63.96,42.34,2.7
R Ankad,T20I,9,107,71,100,6,56,5,0,11.83,71.0,56.0,5.0
Parvez Hossain Emon,PSL,3,46,71,44,3,16,2,7,23.67,161.36,36.36,20.45
Shamsullah Ehsan,T20I,8,102,71,98,8,56,7,0,8.88,72.45,57.14,7.14
MO Kain,T20I,6,50,71,50,5,14,5,3,14.2,142.0,28.0,16.0
GJ Hopkins,Test,4,278,71,277,6,236,8,0,11.83,25.63,85.2,2.89
C Lokuge,T20I,8,132,71,97,7,49,6,0,10.14,73.2,50.52,6.19
Kapil Kumar,T20I,5,113,71,105,6,65,6,2,11.83,67.62,61.9,7.62
C Abel,T20I,11,103,71,103,7,52,2,1,10.14,68.93,50.49,2.91
P Zuze,T20I,12,117,71,111,13,65,6,0,5.46,63.96,58.56,5.41
Zafar Gohar,Test,1,127,71,126,2,100,13,0,35.5,56.35,79.37,10.32
Wei Guo Lei,T20I,9,121,71,116,9,87,9,2,7.89,61.21,75.0,9.48
Wasim Akram,ODI,5,72,71,69,2,34,10,1,35.5,102.9,49.28,15.94
JJ Krejza,Test,2,146,71,146,3,113,8,0,23.67,48.63,77.4,5.48
Jaweed Sadran,T20I,11,62,71,60,8,25,6,2,8.88,118.33,41.67,13.33
Mahmudullah,PSL,5,60,71,59,3,21,6,2,23.67,120.34,35.59,13.56
SK Rasheed,IPL,5,67,71,63,5,34,9,2,14.2,112.7,53.97,17.46
R Pasipanodya,ODI,7,165,71,157,4,114,7,0,17.75,45.22,72.61,4.46
Gull Feroza,ODI,5,102,71,95,5,53,7,0,14.2,74.74,55.79,7.37
JDF Vandersay,Test,2,77,71,77,4,53,11,2,17.75,92.21,68.83,16.88
Muhammad Saleem,T20I,7,63,71,59,6,30,5,5,11.83,120.34,50.85,16.95
TK Musakanda,Test,3,165,71,165,5,129,8,1,14.2,43.03,78.18,5.45
Jayasooriya,T20I,12,117,71,107,10,57,4,0,7.1,66.36,53.27,3.74
S Matijevic,T20I,7,121,71,79,4,44,11,0,17.75,89.87,55.7,13.92
Abdul Stanikzai,T20I,4,93,71,86,4,51,4,3,17.75,82.56,59.3,8.14
R Walker,T20I,9,99,71,99,8,51,3,1,8.88,71.72,51.52,4.04
HIS Mendis,T20I,6,88,71,87,5,37,5,0,14.2,81.61,42.53,5.75
TK Patel,ODI,6,149,71,148,4,102,7,0,17.75,47.97,68.92,4.73
V Araa,ODI,7,179,71,170,7,121,4,0,10.14,41.76,71.18,2.35
KIC Asalanka,PSL,5,60,71,60,4,24,7,2,17.75,118.33,40.0,15.0
DS Maraiwai,T20I,5,63,71,61,5,31,11,1,14.2,116.39,50.82,19.67
Suzan Turan,T20I,7,90,71,84,6,44,10,0,11.83,84.52,52.38,11.9
O Casasola,T20I,7,124,71,120,7,78,6,0,10.14,59.17,65.0,5.0
TL Chivanga,Test,7,217,71,217,10,186,7,3,7.1,32.72,85.71,4.61
SJ French,T20I,7,95,70,89,6,47,3,3,11.67,78.65,52.81,6.74
HP Tillakaratne,Test,2,180,70,180,3,142,9,0,23.33,38.89,78.89,5.0
Shuvagata Hom,ODI,3,88,70,86,2,45,9,0,35.0,81.4,52.33,10.47
Irfan Safi,T20I,6,50,70,48,4,18,4,5,17.5,145.83,37.5,18.75
KU Carty,T20I,5,54,70,53,4,26,5,5,17.5,132.08,49.06,18.87
Geovanis Uwase,T20I,15,87,70,81,12,41,4,1,5.83,86.42,50.62,6.17
L Maritz,T20I,15,82,70,78,9,41,5,2,7.78,89.74,52.56,8.97
Gaurav Mishra,T20I,6,62,70,61,5,21,3,2,14.0,114.75,34.43,8.2
E Ul Haq,T20I,9,117,70,109,10,67,6,1,7.0,64.22,61.47,6.42
Awais Zia,T20I,5,86,70,80,5,45,4,3,14.0,87.5,56.25,8.75
K Sonavale,T20I,6,73,70,73,6,35,8,1,11.67,95.89,47.95,12.33
Abrar Ahmed,PSL,16,64,70,64,10,35,10,2,7.0,109.38,54.69,18.75
T Thushara,Test,9,154,70,154,8,119,10,0,8.75,45.45,77.27,6.49
Vishaul Singh,T20I,8,109,70,105,7,51,2,0,10.0,66.67,48.57,1.9
K Frank,ODI,7,130,70,125,6,81,6,0,11.67,56.0,64.8,4.8
K Pierre,ODI,6,99,70,98,2,59,5,3,35.0,71.43,60.2,8.16
R Misra,T20I,5,92,70,89,5,46,6,0,14.0,78.65,51.69,6.74
AS Mehmi,T20I,9,86,70,80,8,44,8,1,8.75,87.5,55.0,11.25
Alexandros Karvelas,T20I,3,74,70,70,3,33,2,5,23.33,100.0,47.14,10.0
FH Edwards,ODI,18,154,70,153,6,101,5,0,11.67,45.75,66.01,3.27
KJ Young,T20I,5,79,70,78,5,44,8,2,14.0,89.74,56.41,12.82
J Suchith,IPL,9,62,70,61,4,29,6,3,17.5,114.75,47.54,14.75
N Dutta,ODI,5,122,70,120,3,67,2,2,23.33,58.33,55.83,3.33
Bilawal Bhatti,Test,2,153,70,153,2,122,9,1,35.0,45.75,79.74,6.54
Mohammad Aadil Alam,ODI,4,82,70,77,5,41,6,3,14.0,90.91,53.25,11.69
Jakob Gul,T20I,9,66,70,63,10,28,4,4,7.0,111.11,44.44,12.7
A Wanjira,T20I,12,103,70,98,9,56,8,0,7.78,71.43,57.14,8.16
TN de Grooth,ODI,8,150,70,148,7,104,5,0,10.0,47.3,70.27,3.38
A Fujikawa,T20I,12,109,70,103,4,57,5,0,17.5,67.96,55.34,4.85
AD Nath,T20I,2,51,70,50,0,19,3,6,70.0,140.0,38.0,18.0
Mohammad Nawaz (3),T20I,9,76,70,70,6,34,4,3,11.67,100.0,48.57,10.0
CK Langeveldt,ODI,17,120,70,119,10,77,8,0,7.0,58.82,64.71,6.72
A Zampa,T20I,26,91,70,90,15,45,6,0,4.67,77.78,50.0,6.67
Muhammad Kaleem,T20I,7,96,70,93,7,62,6,2,10.0,75.27,66.67,8.6
KV Morea,T20I,13,64,70,64,7,26,5,3,10.0,109.38,40.62,12.5
Mahidul Islam Ankon,ODI,3,122,69,121,3,78,5,0,23.0,57.02,64.46,4.13
SR Clark,ODI,11,90,69,88,6,46,6,1,11.5,78.41,52.27,7.95
Vivrant Sharma,IPL,1,49,69,47,1,16,9,2,69.0,146.81,34.04,23.4
JO Holder,PSL,5,44,69,42,3,13,7,3,23.0,164.29,30.95,23.81
BA King,PSL,3,46,69,45,2,23,7,4,34.5,153.33,51.11,24.44
DR Mousley,ODI,3,88,69,86,2,41,5,1,34.5,80.23,47.67,6.98
Javed Hira,T20I,4,76,69,67,5,23,6,0,13.8,102.99,34.33,8.96
A Nagarajan,T20I,5,80,69,77,5,39,8,1,13.8,89.61,50.65,11.69
Ali Nadeem,ODI,3,114,69,108,3,77,7,2,23.0,63.89,71.3,8.33
SM Katich,T20I,2,48,69,47,2,14,8,2,34.5,146.81,29.79,21.28
TB Sole,T20I,6,43,69,43,3,12,9,1,23.0,160.47,27.91,23.26
G Fatouros,T20I,3,54,69,54,3,25,6,3,23.0,127.78,46.3,16.67
Myat Thu Aung,T20I,10,142,69,139,6,89,3,0,11.5,49.64,64.03,2.16
CM Akachukwu,T20I,9,74,69,69,7,33,4,1,9.86,100.0,47.83,7.25
K John,T20I,5,124,69,111,5,76,7,0,13.8,62.16,68.47,6.31
SN Thakur,T20I,6,40,69,38,3,12,5,4,23.0,181.58,31.58,23.68
Raihan Hossain,T20I,8,139,69,128,8,85,3,0,8.62,53.91,66.41,2.34
C Hauptfleisch,T20I,5,90,69,85,5,43,4,2,13.8,81.18,50.59,7.06
Nadeem Khan,T20I,7,62,69,58,5,28,5,4,13.8,118.97,48.28,15.52
D Maisuria,T20I,13,117,69,115,10,62,1,1,6.9,60.0,53.91,1.74
B Ward,ODI,4,106,69,106,3,70,7,2,23.0,65.09,66.04,8.49
Maryyam Ashraf,T20I,19,97,69,93,14,56,5,2,4.93,74.19,60.22,7.53
B Phelenyane,T20I,19,220,69,180,15,134,3,0,4.6,38.33,74.44,1.67
K Abdulquadri,T20I,8,152,69,142,9,97,3,0,7.67,48.59,68.31,2.11
Zafer Durmaz,T20I,8,60,69,56,5,27,8,2,13.8,123.21,48.21,17.86
T Amarmend,T20I,12,168,69,157,11,116,6,1,6.27,43.95,73.89,4.46
Likitha Yadav,T20I,3,155,69,126,3,76,6,0,23.0,54.76,60.32,4.76
AA Bilakhia,IPL,7,88,69,85,5,39,5,0,13.8,81.18,45.88,5.88
J Stanigze,T20I,5,58,69,58,4,28,3,5,17.25,118.97,48.28,13.79
JN Dorji,T20I,7,91,69,88,8,45,8,0,8.62,78.41,51.14,9.09
Anas Khan,T20I,9,82,69,80,5,39,5,2,13.8,86.25,48.75,8.75
Kawsar Khan,T20I,6,74,69,72,4,34,5,2,17.25,95.83,47.22,9.72
Sazzad Hosen,T20I,7,76,68,72,7,39,10,0,9.71,94.44,54.17,13.89
M Zondeki,Test,3,168,68,167,4,137,10,0,17.0,40.72,82.04,5.99
B Manuel,T20I,16,134,68,130,14,87,7,0,4.86,52.31,66.92,5.38
WIA Fernando,PSL,3,49,68,48,3,12,8,1,22.67,141.67,25.0,18.75
OC McCoy,T20I,14,68,68,67,7,42,7,4,9.71,101.49,62.69,16.42
TL Cutler,T20I,6,56,68,54,3,26,2,6,22.67,125.93,48.15,14.81
N Mabila,T20I,17,163,68,145,12,104,6,0,5.67,46.9,71.72,4.14
TM Dowlin,T20I,2,70,68,69,1,32,8,0,68.0,98.55,46.38,11.59
N Ahir,T20I,6,123,68,120,4,77,2,2,17.0,56.67,64.17,3.33
BJ McCarthy,Test,3,147,68,147,5,113,6,1,13.6,46.26,76.87,4.76
Abrar Ahmed,Test,9,120,68,120,8,97,8,3,8.5,56.67,80.83,9.17
S Glenn,ODI,7,84,68,83,3,40,4,0,22.67,81.93,48.19,4.82
Junaid Khan,ODI,23,134,68,127,14,84,4,1,4.86,53.54,66.14,3.94
C Overton,ODI,5,79,68,76,3,35,4,1,22.67,89.47,46.05,6.58
S Samal,T20I,4,58,68,58,4,26,5,3,17.0,117.24,44.83,13.79
VR Vanitha,T20I,4,61,68,59,4,30,10,1,17.0,115.25,50.85,18.64
MA Sherry,T20I,7,81,68,78,6,32,4,1,11.33,87.18,41.03,6.41
KA Vimlesh,T20I,6,73,68,71,3,28,5,0,22.67,95.77,39.44,7.04
Tilak Varma,ODI,4,125,68,119,3,78,6,1,22.67,57.14,65.55,5.88
O Erdenebaatar,T20I,14,347,68,317,13,261,1,0,5.23,21.45,82.33,0.32
A Gurung,T20I,21,124,68,117,17,68,4,0,4.0,58.12,58.12,3.42
Sana Javed,ODI,3,136,68,128,3,98,11,0,22.67,53.12,76.56,8.59
T Maruma,Test,4,186,68,186,7,150,8,0,9.71,36.56,80.65,4.3
LAR Bommareddy,T20I,15,150,68,145,11,96,5,0,6.18,46.9,66.21,3.45
G Murali,T20I,4,106,68,103,4,60,3,2,17.0,66.02,58.25,4.85
AS van Beuge,ODI,7,196,68,187,6,135,3,0,11.33,36.36,72.19,1.6
Avesh Khan,IPL,16,46,68,43,3,19,7,4,22.67,158.14,44.19,25.58
C Viljoen,T20I,6,71,68,70,4,31,7,1,17.0,97.14,44.29,11.43
B Shetty,T20I,9,122,67,112,4,63,4,0,16.75,59.82,56.25,3.57
JT Ball,Test,4,125,67,125,7,94,8,1,9.57,53.6,75.2,7.2
Mohammad Khan Rafah,T20I,5,50,67,47,5,23,2,6,13.4,142.55,48.94,17.02
WD Parnell,Test,3,182,67,180,4,150,11,0,16.75,37.22,83.33,6.11
F Song,T20I,8,99,67,92,6,46,4,0,11.17,72.83,50.0,4.35
LR Gaonkar,T20I,6,84,67,80,6,43,4,1,11.17,83.75,53.75,6.25
SR Waters,ODI,7,147,67,143,7,105,7,0,9.57,46.85,73.43,4.9
RG Somashekhar,T20I,8,119,67,106,5,53,4,0,13.4,63.21,50.0,3.77
O Ranedoumoun,T20I,15,121,67,118,12,73,4,0,5.58,56.78,61.86,3.39
Suryansh Shedge,IPL,5,43,67,42,4,12,3,5,16.75,159.52,28.57,19.05
Mohammed Alamgir,T20I,7,69,67,65,5,36,7,3,13.4,103.08,55.38,15.38
S Cholasseri,T20I,4,97,67,82,3,47,8,0,22.33,81.71,57.32,9.76
A McKnight,T20I,2,76,67,74,2,36,6,2,33.5,90.54,48.65,10.81
Meet Ahir,T20I,4,71,67,68,2,33,5,2,33.5,98.53,48.53,10.29
ET Williams,T20I,6,91,67,83,5,40,3,1,13.4,80.72,48.19,4.82
RR Powar,IPL,9,64,67,64,3,27,6,1,22.33,104.69,42.19,10.94
CB Sole,ODI,13,84,67,83,8,45,8,0,8.38,80.72,54.22,9.64
GM Strydom,ODI,5,133,67,130,5,94,6,2,13.4,51.54,72.31,6.15
Jaswinder Singh,T20I,15,93,67,88,10,50,4,1,6.7,76.14,56.82,5.68
JAR Blain,ODI,6,134,67,129,5,84,2,2,13.4,51.94,65.12,3.1
Aamer Azmat,PSL,5,61,67,60,4,24,7,1,16.75,111.67,40.0,13.33
B Kumar,T20I,19,95,67,94,8,42,0,0,8.38,71.28,44.68,0.0
MJ Humphreys,Test,5,153,67,152,6,126,9,2,11.17,44.08,82.89,7.24
RO Mazumba,T20I,12,143,67,130,6,79,4,0,11.17,51.54,60.77,3.08
G Coetzee,Test,4,78,67,76,5,44,7,2,13.4,88.16,57.89,11.84
Saleem Elahi,Test,2,229,67,229,4,190,7,0,16.75,29.26,82.97,3.06
JAD Lawrenson,T20I,6,82,67,80,5,34,4,0,13.4,83.75,42.5,5.0
Haider Ali,ODI,6,127,67,124,5,89,5,2,13.4,54.03,71.77,5.65
Omair Yousuf,T20I,6,66,67,64,4,28,6,2,16.75,104.69,43.75,12.5
HAM Samuddika,ODI,7,128,67,124,3,86,7,0,22.33,54.03,69.35,5.65
Shorifa Khatun,T20I,9,70,67,66,5,30,8,0,13.4,101.52,45.45,12.12
A Nao,T20I,8,56,67,55,4,23,5,3,16.75,121.82,41.82,14.55
AJ Michael,T20I,5,81,66,80,3,35,5,1,22.0,82.5,43.75,7.5
Mubasir Khan,PSL,8,69,66,64,8,27,6,1,8.25,103.12,42.19,10.94
D Olivier,Test,14,267,66,266,11,237,10,1,6.0,24.81,89.1,4.14
WSLK Narayana,T20I,4,55,66,53,4,26,10,1,16.5,124.53,49.06,20.75
BL Morgan,T20I,2,58,66,57,1,19,5,0,66.0,115.79,33.33,8.77
J Kila,T20I,8,50,66,46,6,21,4,5,11.0,143.48,45.65,19.57
Rhys Burinaga,T20I,12,89,66,87,11,39,1,1,6.0,75.86,44.83,2.3
AC Evans,ODI,11,92,66,90,5,55,6,1,13.2,73.33,61.11,7.78
TK Curran,Test,2,120,66,120,2,93,12,0,33.0,55.0,77.5,10.0
R Hubbard,T20I,3,67,66,60,2,28,10,0,33.0,110.0,46.67,16.67
Sajid Khan Afridi,T20I,4,55,66,53,4,26,4,4,16.5,124.53,49.06,15.09
R Sharma,IPL,19,77,66,75,11,46,5,3,6.0,88.0,61.33,10.67
P Heron,T20I,6,92,66,90,5,51,3,2,13.2,73.33,56.67,5.56
SW Billings,Test,2,114,66,114,3,82,10,0,22.0,57.89,71.93,8.77
HR Shokeen,IPL,5,67,66,65,3,31,9,0,22.0,101.54,47.69,13.85
N Brand,Test,2,129,66,129,4,100,11,0,16.5,51.16,77.52,8.53
Zameer Khan,T20I,5,96,66,92,4,51,5,0,16.5,71.74,55.43,5.43
Mustafizur Rahman,Test,13,163,66,162,15,133,3,5,4.4,40.74,82.1,4.94
DR Smith,Test,2,107,66,107,3,79,10,1,22.0,61.68,73.83,10.28
Mehran Khan,ODI,4,70,66,66,4,41,3,6,16.5,100.0,62.12,13.64
GEF Barnett,T20I,2,49,66,48,2,17,9,0,33.0,137.5,35.42,18.75
AK Gokoel,T20I,10,118,66,117,8,61,2,0,8.25,56.41,52.14,1.71
NR Johns-Wickberg,T20I,10,93,66,90,5,50,8,0,13.2,73.33,55.56,8.89
A Osei,T20I,9,125,66,123,10,82,4,1,6.6,53.66,66.67,4.07
ECB Moore,T20I,11,102,66,97,8,59,4,2,8.25,68.04,60.82,6.19
Muhammad Wafiq,T20I,17,84,66,81,11,44,3,4,6.0,81.48,54.32,8.64
Abraash Khan,T20I,4,60,66,60,4,28,7,1,16.5,110.0,46.67,13.33
G Kodali,ODI,5,118,66,116,4,65,4,0,16.5,56.9,56.03,3.45
T Bhatia,Test,2,169,66,169,2,135,9,0,33.0,39.05,79.88,5.33
Ahmed Daniyal,PSL,7,54,66,54,4,25,6,3,16.5,122.22,46.3,16.67
AF Aoina,T20I,11,97,65,81,8,39,5,1,8.12,80.25,48.15,7.41
Vishal Sharma,T20I,8,99,65,94,8,53,3,1,8.12,69.15,56.38,4.26
JM Fields,T20I,6,71,65,69,4,21,2,0,16.25,94.2,30.43,2.9
Maria Jasvi,T20I,30,224,65,212,23,158,2,0,2.83,30.66,74.53,0.94
E Moiane,T20I,5,72,65,66,5,35,6,2,13.0,98.48,53.03,12.12
Farhad Reza,T20I,8,89,65,83,7,43,3,2,9.29,78.31,51.81,6.02
A Sharma,Test,1,112,65,112,2,89,13,0,32.5,58.04,79.46,11.61
Faraaz Mehti Abbas,T20I,6,80,65,76,6,39,5,0,10.83,85.53,51.32,6.58
S Bangera,T20I,6,81,65,77,5,35,7,0,13.0,84.42,45.45,9.09
Mohammad Amir,T20I,14,78,65,76,10,37,3,3,6.5,85.53,48.68,7.89
WD Parnell,IPL,13,86,65,80,10,37,4,1,6.5,81.25,46.25,6.25
B Ichinkhorloo,T20I,14,284,65,249,15,203,4,0,4.33,26.1,81.53,1.61
M Wai Siu,T20I,22,153,65,140,10,85,1,0,6.5,46.43,60.71,0.71
Ihsanullah Wafa,T20I,4,51,65,50,4,22,3,4,16.25,130.0,44.0,14.0
Shariz Ahmad,T20I,7,67,65,63,6,23,5,0,10.83,103.17,36.51,7.94
Ravi Bishnoi,T20I,13,54,65,52,7,21,9,1,9.29,125.0,40.38,19.23
S Kaneria,T20I,4,97,65,84,5,45,7,0,13.0,77.38,53.57,8.33
Rupesh Singh,T20I,3,50,65,46,4,15,2,4,16.25,141.3,32.61,13.04
IT Guha,Test,3,279,65,279,3,236,4,0,21.67,23.3,84.59,1.43
CD de Lange,ODI,5,94,65,92,1,52,6,0,65.0,70.65,56.52,6.52
BS Fulmali,T20I,4,68,65,67,4,33,6,2,16.25,97.01,49.25,11.94
AG Cremer,T20I,16,100,65,99,12,51,2,0,5.42,65.66,51.52,2.02
AS Roy,IPL,12,53,65,52,7,19,5,2,9.29,125.0,36.54,13.46
L Greig,T20I,8,86,65,76,7,33,6,0,9.29,85.53,43.42,7.89
HL Tau,T20I,11,90,65,84,6,38,4,0,10.83,77.38,45.24,4.76
P Dakainivanua,T20I,6,80,65,75,4,33,6,0,16.25,86.67,44.0,8.0
GI Hume,ODI,8,98,65,97,4,58,4,2,16.25,67.01,59.79,6.19
Nazril Rahman,T20I,6,67,65,63,5,26,5,1,13.0,103.17,41.27,9.52
LA Dawson,ODI,6,78,65,76,6,36,4,1,10.83,85.53,47.37,6.58
AD Poynter,ODI,6,134,65,129,6,82,3,2,10.83,50.39,63.57,3.88
Nawazish Akhtar,T20I,6,71,65,69,4,31,4,1,16.25,94.2,44.93,7.25
Irshad Mubbashar,T20I,4,76,64,75,5,31,2,2,12.8,85.33,41.33,5.33
J Fernando,T20I,4,52,64,47,4,17,4,3,16.0,136.17,36.17,14.89
Marufa Akter,ODI,20,109,64,104,7,69,6,0,9.14,61.54,66.35,5.77
RE Nyangendo,T20I,8,97,64,89,5,50,4,1,12.8,71.91,56.18,5.62
S Santhirakumaran,T20I,5,99,64,96,4,59,6,0,16.0,66.67,61.46,6.25
EN Gay,T20I,3,30,64,30,3,9,9,2,21.33,213.33,30.0,36.67
Bilal Hassun,T20I,13,65,64,62,10,30,6,2,6.4,103.23,48.39,12.9
AS Joseph,PSL,11,53,64,51,5,20,4,3,12.8,125.49,39.22,13.73
SA Mohandas,T20I,12,69,64,64,6,28,5,0,10.67,100.0,43.75,7.81
Moin Khan,Test,2,159,64,158,2,123,6,1,32.0,40.51,77.85,4.43
T Kaisala,T20I,4,78,64,73,4,38,6,2,16.0,87.67,52.05,10.96
S Praveen,T20I,4,106,64,104,4,61,3,0,16.0,61.54,58.65,2.88
Abrar Bilal,T20I,6,72,64,72,5,33,3,1,12.8,88.89,45.83,5.56
PADLR Sandakan,ODI,19,147,64,140,12,93,4,0,5.33,45.71,66.43,2.86
D Gim,T20I,12,128,64,116,10,63,0,1,6.4,55.17,54.31,0.86
N Wijesekera,T20I,8,89,64,84,6,43,4,1,10.67,76.19,51.19,5.95
Yasir Arafat,ODI,5,103,64,99,3,63,7,1,21.33,64.65,63.64,8.08
JS Iggo,T20I,6,82,64,79,6,43,4,1,10.67,81.01,54.43,6.33
Mohammad Hafeez,IPL,8,84,64,83,8,50,7,2,8.0,77.11,60.24,10.84
R van Tonder,Test,2,169,64,169,4,136,5,0,16.0,37.87,80.47,2.96
Abdul Shakoor (2),T20I,4,60,64,57,2,20,6,1,32.0,112.28,35.09,12.28
DP Hyatt,T20I,5,55,64,54,5,24,4,4,12.8,118.52,44.44,14.81
M Bhanuka,T20I,4,71,64,66,4,29,7,0,16.0,96.97,43.94,10.61
SK Atai,T20I,11,59,64,59,7,26,5,1,9.14,108.47,44.07,10.17
AR Caddick,ODI,10,118,64,117,3,74,3,1,21.33,54.7,63.25,3.42
Amelia Jones,T20I,4,152,64,138,6,88,3,0,10.67,46.38,63.77,2.17
Batool Fatima,ODI,5,105,64,96,4,54,6,0,16.0,66.67,56.25,6.25
Sahibzada Farhan,ODI,3,90,64,89,3,52,7,0,21.33,71.91,58.43,7.87
D Tucker,Test,2,194,64,193,4,154,7,0,16.0,33.16,79.79,3.63
P Pheko,T20I,17,208,64,181,19,134,3,0,3.37,35.36,74.03,1.66
D Tucker,ODI,6,88,64,86,3,49,7,0,21.33,74.42,56.98,8.14
Rosine Irera,T20I,19,81,64,81,5,38,5,0,12.8,79.01,46.91,6.17
C Carmichael,ODI,2,83,64,82,2,48,7,1,32.0,78.05,58.54,9.76
TK Curran,T20I,12,58,64,56,6,19,1,4,10.67,114.29,33.93,8.93
O Matsolo,T20I,11,211,64,180,5,128,2,0,12.8,35.56,71.11,1.11
Shahzaib Hasan,PSL,4,53,64,52,4,23,7,2,16.0,123.08,44.23,17.31
A Mohammed,T20I,19,101,64,100,8,54,3,0,8.0,64.0,54.0,3.0
J Henry,T20I,7,78,63,73,7,41,3,3,9.0,86.3,56.16,8.22
AW Hawkins-Kay,T20I,8,84,63,82,6,31,2,0,10.5,76.83,37.8,2.44
MC Sorensen,T20I,8,61,63,61,5,21,1,2,12.6,103.28,34.43,4.92
Anirudh Singh,IPL,4,69,63,66,4,31,6,1,15.75,95.45,46.97,10.61
BJ Dwarshuis,T20I,11,83,63,79,8,32,2,1,7.88,79.75,40.51,3.8
I Toua,ODI,11,129,63,122,10,81,6,0,6.3,51.64,66.39,4.92
D Vihanga,ODI,8,92,63,88,7,55,6,2,9.0,71.59,62.5,9.09
S Badrinath,Test,2,178,63,178,3,147,8,0,21.0,35.39,82.58,4.49
RM Patidar,Test,3,164,63,164,6,129,9,0,10.5,38.41,78.66,5.49
VA Singh,Test,3,199,63,199,6,158,4,0,10.5,31.66,79.4,2.01
Noorkhan Ahmedi,T20I,5,49,63,49,5,22,7,2,12.6,128.57,44.9,18.37
MP Biddappa,T20I,5,105,63,101,4,59,4,1,15.75,62.38,58.42,4.95
BV Vitori,ODI,11,75,63,71,8,47,5,4,7.88,88.73,66.2,12.68
KD Clarke,T20I,4,51,63,48,5,18,9,1,12.6,131.25,37.5,20.83
M Shahbaz Butt,T20I,13,87,63,84,8,39,4,0,7.88,75.0,46.43,4.76
H Khuttan,T20I,4,41,63,40,4,16,2,6,15.75,157.5,40.0,20.0
A Galan,T20I,14,163,63,152,14,109,3,0,4.5,41.45,71.71,1.97
Cai Yuzhi,T20I,9,129,63,121,8,74,5,0,7.88,52.07,61.16,4.13
Ahsan Abbasi,T20I,5,70,63,69,4,37,7,0,15.75,91.3,53.62,10.14
P Hatchman,T20I,8,75,63,74,7,36,3,2,9.0,85.14,48.65,6.76
Bijeyata Kumari,T20I,14,233,63,183,12,129,2,0,5.25,34.43,70.49,1.09
Thae Thae Po,T20I,12,100,63,96,4,57,3,2,15.75,65.62,59.38,5.21
SE Rowe,T20I,5,52,63,50,1,16,3,3,63.0,126.0,32.0,12.0
N Mlaba,ODI,22,109,63,109,16,71,5,1,3.94,57.8,65.14,5.5
Sultan Ahmed,T20I,10,63,63,62,8,24,6,0,7.88,101.61,38.71,9.68
PD McGlashan,ODI,2,53,63,51,1,17,6,1,63.0,123.53,33.33,13.73
S Sigaiwasa,T20I,10,133,63,124,12,85,7,0,5.25,50.81,68.55,5.65
R Ntono,T20I,9,122,63,110,9,73,4,1,7.0,57.27,66.36,4.55
MIW van den Raad,T20I,10,75,62,74,6,38,6,0,10.33,83.78,51.35,8.11
J Gray,ODI,4,113,62,111,4,79,7,0,15.5,55.86,71.17,6.31
Shahzeb Afridi,T20I,4,40,62,35,2,13,2,6,31.0,177.14,37.14,22.86
J Kowa,T20I,7,74,62,69,5,38,7,0,12.4,89.86,55.07,10.14
S Bharratt,T20I,6,78,62,73,5,39,8,0,12.4,84.93,53.42,10.96
DG Perez,T20I,5,82,62,67,5,37,10,0,12.4,92.54,55.22,14.93
Asrar Ahmed,T20I,3,74,62,67,1,33,8,1,62.0,92.54,49.25,13.43
P Utseya,Test,3,172,62,171,5,140,7,0,12.4,36.26,81.87,4.09
A Vessik,T20I,12,155,62,123,10,68,2,0,6.2,50.41,55.28,1.63
A Canning,T20I,15,80,62,78,13,39,5,0,4.77,79.49,50.0,6.41
N Madziva,T20I,8,63,62,62,4,30,4,3,15.5,100.0,48.39,11.29
GC Galanis,T20I,9,55,62,51,7,19,4,3,8.86,121.57,37.25,13.73
M Jones,Test,1,182,62,182,2,155,7,0,31.0,34.07,85.16,3.85
GH Smit,T20I,3,59,62,57,3,24,5,1,20.67,108.77,42.11,10.53
Adnan Akmal,ODI,4,92,62,89,2,41,3,0,31.0,69.66,46.07,3.37
NP Mayavo,Test,2,111,62,111,4,90,9,1,15.5,55.86,81.08,9.01
KG Anderson,T20I,4,66,62,64,5,34,10,0,12.4,96.88,53.12,15.62
S Vesawkar,ODI,3,140,62,136,2,92,5,0,31.0,45.59,67.65,3.68
D Mukarurangwa,T20I,6,100,62,94,4,54,3,0,15.5,65.96,57.45,3.19
MD du Preez,T20I,2,59,62,58,0,23,5,1,62.0,106.9,39.66,10.34
A Flintoff,IPL,3,57,62,53,2,20,5,2,31.0,116.98,37.74,13.21
A Nanda,T20I,12,67,62,64,6,32,3,3,10.33,96.88,50.0,9.38
H Pieterse,T20I,1,36,62,34,1,6,4,3,62.0,182.35,17.65,20.59
Muhammad Babar,T20I,2,36,61,35,2,19,3,7,30.5,174.29,54.29,28.57
G Sultana,ODI,5,165,61,157,3,120,4,0,20.33,38.85,76.43,2.55
A Dananjaya,T20I,14,76,61,71,8,33,6,0,7.62,85.92,46.48,8.45
A Bester,T20I,8,91,61,89,8,54,6,0,7.62,68.54,60.67,6.74
BJ Dwarshuis,ODI,3,93,61,92,3,55,4,2,20.33,66.3,59.78,6.52
V Nikolova,T20I,11,102,61,91,11,51,5,0,5.55,67.03,56.04,5.49
EMKNH Senavirathna,T20I,9,53,61,52,5,19,7,0,12.2,117.31,36.54,13.46
EH Rendler,T20I,6,68,61,64,6,37,6,2,10.17,95.31,57.81,12.5
Asad Mahmood,T20I,5,55,61,51,5,21,3,4,12.2,119.61,41.18,13.73
Iftikhar Ahmed,Test,4,143,61,143,5,111,5,0,12.2,42.66,77.62,3.5
ST Doheny,Test,1,129,61,129,2,99,4,1,30.5,47.29,76.74,3.88
TA Lavia,T20I,10,100,61,96,7,60,4,2,8.71,63.54,62.5,6.25
P Khari,T20I,2,42,61,41,1,17,6,3,61.0,148.78,41.46,21.95
J Baleicikoibia,T20I,5,81,61,72,5,39,4,2,12.2,84.72,54.17,8.33
IG Sharp,ODI,4,76,61,73,4,33,4,1,15.25,83.56,45.21,6.85
M Biu,T20I,9,80,61,72,6,40,7,0,10.17,84.72,55.56,9.72
SP Jackson,IPL,8,57,61,57,6,20,5,1,10.17,107.02,35.09,10.53
Dolar Mahmud,ODI,4,44,61,44,4,22,5,4,15.25,138.64,50.0,20.45
Sabreen Zaki,T20I,7,86,61,78,6,46,7,1,10.17,78.21,58.97,10.26
Sadaf Shamas,T20I,10,91,61,86,9,55,9,0,6.78,70.93,63.95,10.47
DVD Madampage,T20I,8,81,61,76,8,44,5,2,7.62,80.26,57.89,9.21
G Ingabire,T20I,12,112,61,100,10,68,8,0,6.1,61.0,68.0,8.0
TS Sekhukhune,Test,3,243,61,241,0,212,9,0,61.0,25.31,87.97,3.73
PJ Ingram,Test,2,152,61,151,2,116,5,1,30.5,40.4,76.82,3.97
LN Onyango,ODI,4,82,61,81,2,44,6,0,30.5,75.31,54.32,7.41
AN Cook,T20I,4,55,61,54,4,29,10,0,15.25,112.96,53.7,18.52
BC Fortuin,ODI,9,97,61,96,8,54,3,1,7.62,63.54,56.25,4.17
JM Nthenya,T20I,8,101,61,98,6,62,6,0,10.17,62.24,63.27,6.12
BT Foakes,ODI,1,78,61,76,0,39,3,1,61.0,80.26,51.32,5.26
PD McGlashan,T20I,9,65,61,64,8,33,6,2,7.62,95.31,51.56,12.5
EMA McLeod,ODI,4,108,61,100,4,63,6,0,15.25,61.0,63.0,6.0
MJ Hay,Test,1,94,61,93,1,70,9,1,61.0,65.59,75.27,10.75
T Kobeli,T20I,14,185,61,165,14,127,7,0,4.36,36.97,76.97,4.24
JW Wells,PSL,2,59,61,56,0,29,6,3,61.0,108.93,51.79,16.07
JWM Dalrymple,T20I,3,60,60,57,3,22,6,0,20.0,105.26,38.6,10.53
Gong Yuting,T20I,8,69,60,65,6,30,7,0,10.0,92.31,46.15,10.77
DB Loic,T20I,13,80,60,80,12,42,5,0,5.0,75.0,52.5,6.25
N Krishna,T20I,11,83,60,80,8,46,7,0,7.5,75.0,57.5,8.75
R Padunglerd,T20I,13,95,60,94,8,52,3,1,7.5,63.83,55.32,4.26
SCG MacGill,Test,11,106,60,106,11,73,8,0,5.45,56.6,68.87,7.55
Sasha Azmi,T20I,13,122,60,120,9,78,3,0,6.67,50.0,65.0,2.5
Chan Ka Man,T20I,24,127,60,120,13,77,2,0,4.62,50.0,64.17,1.67
Shahid Wasif,ODI,6,138,60,133,6,103,5,2,10.0,45.11,77.44,5.26
A Dercksen,Test,2,128,60,128,4,104,12,0,15.0,46.88,81.25,9.38
T Saville,T20I,4,42,60,41,3,11,6,1,20.0,146.34,26.83,17.07
SK Reddy,T20I,3,81,60,75,2,34,4,0,30.0,80.0,45.33,5.33
Mominul Haque,T20I,4,53,60,50,3,19,5,2,20.0,120.0,38.0,14.0
DE Budge,T20I,6,66,60,62,4,24,2,3,15.0,96.77,38.71,8.06
D Dewald,T20I,5,89,60,84,4,37,4,0,15.0,71.43,44.05,4.76
Sandeep Sharma,IPL,26,79,60,75,5,30,4,0,12.0,80.0,40.0,5.33
Irfan Ahmed,T20I,6,75,60,71,7,47,4,4,8.57,84.51,66.2,11.27
SR Thompson,Test,2,153,60,151,4,119,7,0,15.0,39.74,78.81,4.64
Ammad Uddin,T20I,5,39,60,38,3,14,5,4,20.0,157.89,36.84,23.68
P Mustard,T20I,2,38,60,37,2,13,5,4,30.0,162.16,35.14,24.32
I Ranaweera,T20I,26,133,60,130,11,84,4,0,5.45,46.15,64.62,3.08
Sherul Mehta,T20I,3,97,60,89,3,53,6,0,20.0,67.42,59.55,6.74
MR Gillespie,Test,4,96,60,96,7,77,8,3,8.57,62.5,80.21,11.46
MR Kumar,T20I,6,70,60,66,5,32,4,2,12.0,90.91,48.48,9.09
Shahadat Hossain,ODI,18,119,60,115,6,78,5,1,10.0,52.17,67.83,5.22
BAM Heath,ODI,4,61,59,59,4,20,3,1,14.75,100.0,33.9,6.78
A Busing-Volschenk,T20I,7,57,59,54,5,22,1,4,11.8,109.26,40.74,9.26
PJ Scholfield,ODI,3,61,59,58,3,30,7,1,19.67,101.72,51.72,13.79
Iqra Sahar,T20I,21,108,59,99,13,53,1,0,4.54,59.6,53.54,1.01
H Kerge,T20I,12,227,59,183,13,127,0,0,4.54,32.24,69.4,0.0
S Aravind,IPL,10,59,59,57,3,24,7,0,19.67,103.51,42.11,12.28
Kamrul Hasan,T20I,3,48,59,45,3,28,4,6,19.67,131.11,62.22,22.22
Sultan Ahmed (2),T20I,12,61,59,58,8,28,1,4,7.38,101.72,48.28,8.62
L Ngidi,T20I,18,73,59,72,5,39,5,1,11.8,81.94,54.17,8.33
Harshit Rana,IPL,10,57,59,56,7,31,5,3,8.43,105.36,55.36,14.29
EC Perry,T20I,10,77,59,76,8,34,4,0,7.38,77.63,44.74,5.26
AN Aminou,T20I,8,61,59,53,8,24,1,4,7.38,111.32,45.28,9.43
AF Mapu,T20I,9,65,59,59,9,33,9,0,6.56,100.0,55.93,15.25
AK Perera,T20I,5,68,59,65,5,30,5,1,11.8,90.77,46.15,9.23
N Madziva,ODI,8,123,59,122,7,88,5,0,8.43,48.36,72.13,4.1
TG Norris,ODI,3,58,59,54,2,25,8,0,29.5,109.26,46.3,14.81
Junaid Siddiqui,ODI,6,147,59,138,6,91,1,1,9.83,42.75,65.94,1.45
J Ghadiyali,T20I,5,79,59,76,5,38,6,0,11.8,77.63,50.0,7.89
EMA McLeod,T20I,3,64,59,64,4,26,4,0,14.75,92.19,40.62,6.25
R Kaia,Test,3,161,59,161,7,134,8,0,8.43,36.65,83.23,4.97
Shaila Sharmin,ODI,7,98,59,98,5,66,8,0,11.8,60.2,67.35,8.16
Rejaul Karim,T20I,3,48,59,48,3,26,10,1,19.67,122.92,54.17,22.92
Krishna Chandran,ODI,7,163,59,155,7,113,5,0,8.43,38.06,72.9,3.23
MA Ouma,T20I,11,79,59,76,10,46,9,0,5.9,77.63,60.53,11.84
F Tanguy,T20I,9,107,59,100,10,59,4,0,5.9,59.0,59.0,4.0
SM Ervine,Test,1,110,59,110,2,86,8,1,29.5,53.64,78.18,8.18
MEMO Scott-Hayward,T20I,8,60,59,59,6,17,4,0,9.83,100.0,28.81,6.78
MR Swart,ODI,5,78,59,75,5,40,6,1,11.8,78.67,53.33,9.33
Syazrul Idrus,T20I,13,59,59,59,8,29,4,3,7.38,100.0,49.15,11.86
EFB Estrada,T20I,5,98,59,92,4,49,8,0,14.75,64.13,53.26,8.7
H Celik,T20I,4,75,59,71,4,36,4,0,14.75,83.1,50.7,5.63
LK O'Reilly,T20I,12,93,59,87,6,43,2,0,9.83,67.82,49.43,2.3
DR Flynn,T20I,5,51,59,51,5,17,1,4,11.8,115.69,33.33,9.8
A Lyth,PSL,2,37,59,36,2,13,4,4,29.5,163.89,36.11,22.22
Abdul Jabbar,ODI,2,86,59,82,2,56,9,1,29.5,71.95,68.29,12.2
M Theekshana,Test,2,149,59,149,3,117,6,1,19.67,39.6,78.52,4.7
TL Seifert,ODI,3,57,59,56,4,22,3,2,14.75,105.36,39.29,8.93
GJ Whittall,ODI,4,71,59,71,4,38,5,1,14.75,83.1,53.52,8.45
Arjun Kumal,ODI,2,113,59,109,2,72,6,0,29.5,54.13,66.06,5.5
PS Roberts,T20I,4,57,59,56,2,19,5,0,29.5,105.36,33.93,8.93
Muhammad Musa,PSL,7,52,59,51,2,28,6,3,29.5,115.69,54.9,17.65
DR Tawake,T20I,6,85,59,79,6,44,5,0,9.83,74.68,55.7,6.33
T De Silva,T20I,13,154,59,127,8,78,2,0,7.38,46.46,61.42,1.57
MO Jones,ODI,6,72,58,71,5,47,4,4,11.6,81.69,66.2,11.27
S Jayakodi,T20I,7,151,58,133,6,83,2,0,9.67,43.61,62.41,1.5
TM Odoyo,T20I,6,76,58,74,6,46,6,1,9.67,78.38,62.16,9.46
VC Drakes,ODI,9,124,58,123,7,80,3,0,8.29,47.15,65.04,2.44
S Siegers,T20I,21,93,58,92,11,46,2,0,5.27,63.04,50.0,2.17
Abdullah Akbarjan,T20I,13,90,58,84,9,46,3,1,6.44,69.05,54.76,4.76
R Butler,T20I,3,62,58,58,1,25,6,1,58.0,100.0,43.1,12.07
LL Tsotsobe,ODI,19,113,58,109,8,79,7,1,7.25,53.21,72.48,7.34
MG Bracewell,IPL,4,49,58,47,2,15,6,1,29.0,123.4,31.91,14.89
I Mugisha,T20I,8,55,58,53,6,28,1,5,9.67,109.43,52.83,11.32
S Venkataraman,T20I,9,93,58,91,10,56,5,0,5.8,63.74,61.54,5.49
PJ Scholfield,T20I,5,52,58,50,4,13,3,1,14.5,116.0,26.0,8.0
M Kudimba,T20I,8,93,58,90,6,59,7,0,9.67,64.44,65.56,7.78
Mohammad Usman,T20I,2,63,58,61,1,35,4,3,58.0,95.08,57.38,11.48
Rubya Haider,T20I,6,79,58,75,6,44,8,0,9.67,77.33,58.67,10.67
M Vaik,T20I,10,110,58,106,9,54,1,0,6.44,54.72,50.94,0.94
Baljit Singh,T20I,6,54,58,53,5,22,3,2,11.6,109.43,41.51,9.43
T Duffin,Test,1,136,58,136,2,107,8,0,29.0,42.65,78.68,5.88
MR Ramprakash,Test,1,133,58,133,1,96,5,0,58.0,43.61,72.18,3.76
JA Morkel,Test,1,71,58,71,1,51,10,1,58.0,81.69,71.83,15.49
BM Wheeler,ODI,4,47,58,47,0,20,4,3,58.0,123.4,42.55,14.89
C Bosch,IPL,3,36,58,36,2,12,5,3,29.0,161.11,33.33,22.22
H Fennell,T20I,14,61,58,59,12,30,4,2,4.83,98.31,50.85,10.17
R Webster,T20I,6,76,58,67,4,43,10,0,14.5,86.57,64.18,14.93
PK Mohanarangam,T20I,6,75,58,74,5,42,4,1,11.6,78.38,56.76,6.76
PJ Wiseman,Test,2,110,58,110,1,81,8,0,58.0,52.73,73.64,7.27
K Modise,T20I,7,66,58,63,7,37,8,1,8.29,92.06,58.73,14.29
TMK Mawoyo,ODI,7,166,58,160,5,124,4,0,11.6,36.25,77.5,2.5
Mohammad Naim,ODI,4,99,58,96,4,68,8,0,14.5,60.42,70.83,8.33
AM Fernando,Test,20,222,58,221,15,200,10,1,3.87,26.24,90.5,4.98
E de Souza,T20I,4,98,58,92,4,62,7,0,14.5,63.04,67.39,7.61
D Ganesh,T20I,8,84,58,79,6,52,5,2,9.67,73.42,65.82,8.86
C Wickramasinghe,ODI,3,106,58,100,2,65,4,1,29.0,58.0,65.0,5.0
CBRLS Kumara,ODI,17,137,58,134,11,109,8,1,5.27,43.28,81.34,6.72
S Loubser,T20I,8,70,58,68,4,28,2,2,14.5,85.29,41.18,5.88
Inshaf Farook,T20I,5,64,58,64,4,34,3,3,14.5,90.62,53.12,9.38
Gayan Munaweera,T20I,10,44,58,43,3,15,6,2,19.33,134.88,34.88,18.6
A Reddy,ODI,7,93,58,91,6,43,2,0,9.67,63.74,47.25,2.2
M van Schoor,ODI,5,111,58,111,4,74,3,1,14.5,52.25,66.67,3.6
J Grassi,T20I,4,65,58,63,4,27,2,2,14.5,92.06,42.86,6.35
Boio Ray,T20I,3,52,57,49,3,18,4,2,19.0,116.33,36.73,12.24
Alok Kapali,T20I,7,89,57,85,5,46,3,1,11.4,67.06,54.12,4.71
S Sola,T20I,11,95,57,90,8,55,7,0,7.12,63.33,61.11,7.78
Sohag Gazi,T20I,6,60,57,59,4,20,3,1,14.25,96.61,33.9,6.78
I Sharma,IPL,21,71,57,69,7,37,4,2,8.14,82.61,53.62,8.7
Ishtiaq Ahmad,T20I,12,41,57,39,7,19,1,6,8.14,146.15,48.72,17.95
Akram Khan,ODI,2,102,57,98,2,58,3,0,28.5,58.16,59.18,3.06
Harshit Rana,T20I,3,57,57,54,4,25,4,2,14.25,105.56,46.3,11.11
LM Babirye,T20I,11,133,57,123,10,84,4,0,5.7,46.34,68.29,3.25
TA Dudnath,T20I,6,94,57,92,7,50,0,2,8.14,61.96,54.35,2.17
SA Panayan,T20I,14,117,57,112,13,74,4,0,4.38,50.89,66.07,3.57
C Jonker,T20I,2,30,57,29,2,7,5,3,28.5,196.55,24.14,27.59
Rameen Shamim,T20I,5,43,57,41,2,13,8,0,28.5,139.02,31.71,19.51
SK Chandhrasekar,T20I,5,113,57,108,6,68,3,0,9.5,52.78,62.96,2.78
AJ Tye,ODI,7,48,57,48,4,24,5,2,14.25,118.75,50.0,14.58
Jobayer Hossen,T20I,6,77,57,77,4,51,6,2,14.25,74.03,66.23,10.39
Chado Om,T20I,11,99,57,91,7,46,4,0,8.14,62.64,50.55,4.4
CJO Smith,T20I,5,52,57,52,4,17,6,0,14.25,109.62,32.69,11.54
L Sreekumar,ODI,3,69,57,67,3,46,10,1,19.0,85.07,68.66,16.42
Mohammad Shahid,Test,5,81,57,81,5,58,10,1,11.4,70.37,71.6,13.58
HR Huddleston,ODI,13,125,57,125,8,89,6,0,7.12,45.6,71.2,4.8
Mohammed Siraj,ODI,19,139,57,134,9,92,3,0,6.33,42.54,68.66,2.24
M Kyriacou,T20I,4,81,57,76,2,38,1,2,28.5,75.0,50.0,3.95
G Coetzee,ODI,7,90,57,90,6,55,4,1,9.5,63.33,61.11,5.56
JA Burrows,T20I,14,68,57,65,12,35,6,1,4.75,87.69,53.85,10.77
Abdur Rahman Sudais,T20I,3,46,57,45,2,22,3,4,28.5,126.67,48.89,15.56
V Zanko,T20I,9,163,57,150,10,114,6,0,5.7,38.0,76.0,4.0
M Mooketsi,T20I,20,113,57,109,12,69,2,0,4.75,52.29,63.3,1.83
WA Mota,IPL,8,76,56,75,5,29,2,0,11.2,74.67,38.67,2.67
Javid Patel,T20I,9,89,56,84,7,48,2,3,8.0,66.67,57.14,5.95
Mohammad Hasnain,PSL,16,72,56,71,9,44,7,1,6.22,78.87,61.97,11.27
JNT Seales,ODI,11,90,56,89,6,61,3,3,9.33,62.92,68.54,6.74
VN Veetil,T20I,4,56,56,55,2,23,2,3,28.0,101.82,41.82,9.09
NV Ojha,Test,1,117,56,117,2,85,7,0,28.0,47.86,72.65,5.98
Ahsan Hafeez,PSL,5,44,56,40,5,16,6,2,11.2,140.0,40.0,20.0
Shamim Hossain,ODI,5,80,56,79,5,44,3,2,11.2,70.89,55.7,6.33
Mashael Waqas,T20I,5,132,56,115,6,68,1,0,9.33,48.7,59.13,0.87
C Webster,T20I,6,49,56,45,6,21,3,4,9.33,124.44,46.67,15.56
S Jora,ODI,5,68,56,67,5,38,5,2,11.2,83.58,56.72,10.45
Diana Baig,T20I,23,98,56,94,14,43,1,0,4.0,59.57,45.74,1.06
R Sandeep,T20I,10,88,56,84,8,54,3,3,7.0,66.67,64.29,7.14
MJ Ansell,T20I,10,67,56,66,8,33,2,3,7.0,84.85,50.0,7.58
AWJ Auguste,ODI,4,83,56,82,4,53,5,2,14.0,68.29,64.63,8.54
Amir Mangal,T20I,6,39,56,39,4,12,3,3,14.0,143.59,30.77,15.38
Enamul Haque jnr,Test,13,258,56,258,10,225,7,0,5.6,21.71,87.21,2.71
B Tlali,T20I,11,155,56,125,10,86,2,0,5.6,44.8,68.8,1.6
B Taylan,T20I,4,82,56,78,4,44,6,0,14.0,71.79,56.41,7.69
Zubayr Hamza,ODI,1,82,56,79,1,46,5,1,56.0,70.89,58.23,7.59
A Simelane,T20I,8,58,56,57,7,27,4,2,8.0,98.25,47.37,10.53
LM Jongwe,Test,1,94,56,94,2,73,10,0,28.0,59.57,77.66,10.64
Arshdeep Singh,ODI,9,53,56,52,7,29,4,3,8.0,107.69,55.77,13.46
Vishnu Vinod,IPL,6,58,56,57,6,26,3,3,9.33,98.25,45.61,10.53
A Dcosta,T20I,14,94,56,87,10,50,3,0,5.6,64.37,57.47,3.45
SMSM Senanayake,T20I,11,69,56,66,6,28,3,1,9.33,84.85,42.42,6.06
JM How,T20I,5,68,56,67,5,36,5,1,11.2,83.58,53.73,8.96
S Waqas Ahmed,T20I,8,71,56,70,4,35,4,0,14.0,80.0,50.0,5.71
AV Lalcheta,T20I,7,57,55,53,5,25,3,3,11.0,103.77,47.17,11.32
HWR Cartwright,Test,2,125,55,125,2,101,7,1,27.5,44.0,80.8,6.4
BA Parchment,Test,2,164,55,164,4,134,5,0,13.75,33.54,81.71,3.05
Mohammad Wasim,Test,2,74,55,74,3,53,5,2,18.33,74.32,71.62,9.46
P Vekaria,T20I,6,42,55,38,2,16,3,4,27.5,144.74,42.11,18.42
N Deonarine,T20I,7,54,55,53,5,21,5,0,11.0,103.77,39.62,9.43
M Khokhar,T20I,4,95,55,94,2,61,6,0,27.5,58.51,64.89,6.38
M Rawat,IPL,11,70,55,69,5,33,4,1,11.0,79.71,47.83,7.25
Rameez Khan,T20I,8,52,55,51,6,26,4,3,9.17,107.84,50.98,13.73
HL Colvin,Test,3,242,55,241,1,207,4,0,55.0,22.82,85.89,1.66
Yasir Mehmood,T20I,3,54,55,52,2,22,2,3,27.5,105.77,42.31,9.62
S Matsikenyeri,Test,3,169,55,169,6,146,8,0,9.17,32.54,86.39,4.73
KM Venkataswamy,T20I,1,46,55,41,2,9,3,2,27.5,134.15,21.95,12.2
Mirab Razwan,T20I,14,138,55,114,15,74,3,0,3.67,48.25,64.91,2.63
KL Cross,Test,6,132,55,131,7,101,5,0,7.86,41.98,77.1,3.82
B Mavuta,T20I,7,43,55,42,3,12,3,2,18.33,130.95,28.57,11.9
T Gedarage,T20I,7,156,55,132,7,90,3,0,7.86,41.67,68.18,2.27
L Maphane,T20I,6,58,55,55,6,24,2,2,9.17,100.0,43.64,7.27
RA Mair,T20I,14,61,55,59,6,23,4,0,9.17,93.22,38.98,6.78
S Kijiana,T20I,6,57,55,51,6,29,9,1,9.17,107.84,56.86,19.61
AN Toube,T20I,15,98,55,93,15,62,4,2,3.67,59.14,66.67,6.45
JKD Andreano,T20I,15,137,55,124,14,91,4,0,3.93,44.35,73.39,3.23
SK Springer,T20I,3,37,55,36,2,9,4,3,27.5,152.78,25.0,19.44
M Vumiliya,T20I,11,60,55,56,5,26,5,0,11.0,98.21,46.43,8.93
A Kamboj,IPL,9,47,55,44,2,12,4,2,27.5,125.0,27.27,13.64
FY Fazal,ODI,1,65,55,61,0,36,7,1,55.0,90.16,59.02,13.11
RR Watson,T20I,5,48,55,46,5,19,8,0,11.0,119.57,41.3,17.39
Bismillah Khan,PSL,3,37,55,35,3,15,10,1,18.33,157.14,42.86,31.43
TT Maposa,T20I,10,56,55,55,4,22,3,1,13.75,100.0,40.0,7.27
TS Sekhukhune,ODI,11,124,55,123,6,87,4,0,9.17,44.72,70.73,3.25
J Figy John,ODI,2,75,55,73,1,44,4,0,55.0,75.34,60.27,5.48
Khaled Ahmed,Test,16,178,55,178,19,156,6,3,2.89,30.9,87.64,5.06
GB Hogg,T20I,4,42,55,39,4,14,3,3,13.75,141.03,35.9,15.38
B Balala,T20I,16,106,55,99,8,55,2,0,6.88,55.56,55.56,2.02
K Srandeva,T20I,12,204,55,164,11,115,1,0,5.0,33.54,70.12,0.61
K Kato-Stafford,T20I,8,46,55,45,4,21,7,1,13.75,122.22,46.67,17.78
S Kalyan,ODI,4,128,55,122,4,89,1,1,13.75,45.08,72.95,1.64
MJ Ross,T20I,4,41,55,40,2,10,2,3,27.5,137.5,25.0,12.5
Irfan Ahmed,ODI,3,81,55,79,3,57,9,1,18.33,69.62,72.15,12.66
TA Boult,T20I,12,58,55,57,9,24,3,2,6.11,96.49,42.11,8.77
Nadeem Ahmed,ODI,11,132,55,129,9,95,5,0,6.11,42.64,73.64,3.88
Nilansh Keswani,T20I,7,51,55,51,2,19,5,0,27.5,107.84,37.25,9.8
RK Singh,ODI,2,43,55,41,2,16,5,3,27.5,134.15,39.02,19.51
Usman Shinwari,PSL,12,54,54,53,7,28,1,5,7.71,101.89,52.83,11.32
GP Tom,ODI,8,100,54,99,7,67,4,0,7.71,54.55,67.68,4.04
DE Bollinger,Test,9,160,54,159,6,133,7,0,9.0,33.96,83.65,4.4
SP Khakurel,T20I,6,84,54,79,7,44,4,0,7.71,68.35,55.7,5.06
P Jayeshbhai Patel,T20I,8,96,54,92,8,66,6,1,6.75,58.7,71.74,7.61
O Omonkhobio,T20I,6,45,54,44,4,19,5,2,13.5,122.73,43.18,15.91
Sajad Ahmadzai,T20I,8,69,54,66,5,35,3,2,10.8,81.82,53.03,7.58
J Thomas,T20I,6,87,54,86,5,46,2,0,10.8,62.79,53.49,2.33
CB Roposo,T20I,6,67,54,67,4,38,7,0,13.5,80.6,56.72,10.45
KM Chingaipe,T20I,12,113,54,100,11,65,4,0,4.91,54.0,65.0,4.0
DES Maxwell,ODI,3,45,54,45,1,17,2,3,54.0,120.0,37.78,11.11
H McAleer,T20I,5,78,54,75,4,36,3,0,13.5,72.0,48.0,4.0
N Pokana,ODI,11,124,54,122,5,85,3,1,10.8,44.26,69.67,3.28
Faisal Javed,T20I,4,27,54,26,4,11,8,3,13.5,207.69,42.31,42.31
K Brock-Nielsen,T20I,10,139,54,128,10,86,4,0,5.4,42.19,67.19,3.12
Muhammad Burhan,T20I,9,50,54,46,7,18,5,1,7.71,117.39,39.13,13.04
Kabir Ali,ODI,8,58,54,57,4,23,3,1,13.5,94.74,40.35,7.02
M Mani,ODI,2,60,54,56,1,26,5,0,54.0,96.43,46.43,8.93
Mohammed Qasim,T20I,5,66,54,65,4,33,3,1,13.5,83.08,50.77,6.15
Vichanath Singh,T20I,9,98,54,95,7,54,1,0,7.71,56.84,56.84,1.05
IR Bell,PSL,1,47,54,46,1,14,6,0,54.0,117.39,30.43,13.04
Imran Haider,ODI,12,127,54,123,7,84,2,0,7.71,43.9,68.29,1.63
V Stolle,T20I,7,96,54,92,5,48,2,0,10.8,58.7,52.17,2.17
Mengting Liu,T20I,16,166,54,156,14,111,3,0,3.86,34.62,71.15,1.92
SMA Priyanjan,T20I,3,63,54,62,1,24,1,2,54.0,87.1,38.71,4.84
Irdina Beh Nabil,T20I,9,71,54,67,4,35,5,0,13.5,80.6,52.24,7.46
LAGL Kirby,T20I,7,72,54,67,6,40,5,2,9.0,80.6,59.7,10.45
P Abanda,T20I,9,95,54,88,9,64,7,1,6.0,61.36,72.73,9.09
A Nao,ODI,15,71,54,68,7,36,4,1,7.71,79.41,52.94,7.35
A Shukla,T20I,21,97,54,90,14,60,3,2,3.86,60.0,66.67,5.56
Ismaeel Zia,T20I,6,72,54,68,6,41,6,0,9.0,79.41,60.29,8.82
Ariful Haque,T20I,7,62,54,58,4,24,4,0,13.5,93.1,41.38,6.9
Saghir Khan,T20I,5,36,54,34,3,15,4,4,18.0,158.82,44.12,23.53
M Robinson,T20I,3,99,54,87,0,47,3,0,54.0,62.07,54.02,3.45
Khawaja Nafay,T20I,4,35,54,35,4,10,3,3,13.5,154.29,28.57,17.14
Vathana Sreemurugavel,T20I,9,140,54,126,7,86,4,0,7.71,42.86,68.25,3.17
Zhang Chan,T20I,9,84,53,79,7,47,3,0,7.57,67.09,59.49,3.8
S Kushretha,T20I,6,75,53,71,5,36,3,0,10.6,74.65,50.7,4.23
LG Moras,T20I,5,63,53,60,5,36,5,2,10.6,88.33,60.0,11.67
Sajid Patel,T20I,4,63,53,59,4,34,7,0,13.25,89.83,57.63,11.86
J Horrocks,T20I,9,57,53,55,5,22,1,1,10.6,96.36,40.0,3.64
Anik Ahmed,T20I,4,61,53,58,2,20,2,0,26.5,91.38,34.48,3.45
BM Tickner,ODI,9,71,53,69,4,37,5,0,13.25,76.81,53.62,7.25
CJ Connor,Test,2,146,53,146,4,125,9,0,13.25,36.3,85.62,6.16
CAK Walton,ODI,8,88,53,86,8,57,7,0,6.62,61.63,66.28,8.14
WB Rankin,T20I,12,66,53,63,4,33,3,2,13.25,84.13,52.38,7.94
DL Chahar,T20I,4,28,53,28,2,9,4,4,26.5,189.29,32.14,28.57
LCN Smith,ODI,6,57,53,56,2,24,5,0,26.5,94.64,42.86,8.93
PVD Chameera,IPL,11,49,53,45,3,19,3,3,17.67,117.78,42.22,13.33
DDP D'Silva,ODI,5,123,53,119,4,91,8,0,13.25,44.54,76.47,6.72
P Maruariki,T20I,4,55,53,54,4,29,7,1,13.25,98.15,53.7,14.81
C Carter,T20I,4,59,53,59,3,23,3,0,17.67,89.83,38.98,5.08
Riyaa Bhasin,T20I,15,122,53,110,13,73,1,0,4.08,48.18,66.36,0.91
Mohammad Hasnain,ODI,7,34,53,34,3,15,9,1,17.67,155.88,44.12,29.41
Deng Jinqi,T20I,4,101,53,95,5,59,2,0,10.6,55.79,62.11,2.11
Usman Limbada,T20I,3,43,53,41,2,12,6,0,26.5,129.27,29.27,14.63
H Doriga,ODI,2,75,53,65,2,40,7,1,26.5,81.54,61.54,12.31
Aamer Ikram,T20I,3,72,53,67,3,45,3,4,17.67,79.1,67.16,10.45
Adama Kamara,T20I,7,147,53,124,6,85,3,0,8.83,42.74,68.55,2.42
Poonam Yadav,ODI,16,140,53,136,11,94,2,0,4.82,38.97,69.12,1.47
PM Liyanagamage,ODI,9,122,53,120,7,89,6,0,7.57,44.17,74.17,5.0
J Suleman,T20I,4,64,53,62,4,31,2,3,13.25,85.48,50.0,8.06
Abdul Naser Baluch,T20I,9,60,53,54,10,29,1,4,5.3,98.15,53.7,9.26
SS Connell,T20I,17,71,53,70,6,36,2,2,8.83,75.71,51.43,5.71
AR Berenger,ODI,6,115,53,111,6,84,7,0,8.83,47.75,75.68,6.31
S Yeshi,T20I,17,81,53,78,12,53,4,2,4.42,67.95,67.95,7.69
E Marx,ODI,4,80,53,80,1,45,5,0,53.0,66.25,56.25,6.25
DJ Willey,IPL,5,64,53,62,3,34,7,0,17.67,85.48,54.84,11.29
V Baskaran,T20I,15,88,53,86,11,42,1,0,4.82,61.63,48.84,1.16
TM Macalou,T20I,9,136,53,129,7,99,6,0,7.57,41.09,76.74,4.65
TU Deshpande,IPL,9,35,53,33,3,11,2,4,17.67,160.61,33.33,18.18
Sobu George,T20I,2,42,53,41,2,14,4,2,26.5,129.27,34.15,14.63
R Dhar,ODI,2,53,53,49,2,21,6,0,26.5,108.16,42.86,12.24
A Chopra,IPL,6,75,53,71,5,41,7,0,10.6,74.65,57.75,9.86
S Rana,T20I,8,57,53,54,4,21,4,0,13.25,98.15,38.89,7.41
BCJ Cutting,ODI,2,67,53,67,2,35,4,1,26.5,79.1,52.24,7.46
T Lafai,T20I,6,87,53,79,4,48,7,0,13.25,67.09,60.76,8.86
Waqar Younis,Test,2,71,52,71,4,48,5,2,13.0,73.24,67.61,9.86
RS Vandort,T20I,9,77,52,73,6,35,2,0,8.67,71.23,47.95,2.74
BJ Clark,Test,2,121,52,120,5,101,7,0,10.4,43.33,84.17,5.83
AK Perera,ODI,4,83,52,83,4,47,3,0,13.0,62.65,56.63,3.61
MM Patel,Test,9,131,52,130,6,107,7,1,8.67,40.0,82.31,6.15
MK Villiers,T20I,6,31,52,31,1,6,8,0,52.0,167.74,19.35,25.81
Wei Haiting,T20I,10,174,52,155,10,112,1,0,5.2,33.55,72.26,0.65
Akif Raja,T20I,5,45,52,44,2,17,5,1,26.0,118.18,38.64,13.64
RP Singh,IPL,28,78,52,76,15,39,2,1,3.47,68.42,51.32,3.95
Waqas Khan,ODI,4,106,52,100,2,61,3,0,26.0,52.0,61.0,3.0
E Kuncova,T20I,13,138,52,121,10,79,2,0,5.2,42.98,65.29,1.65
Shoaib Malik,IPL,5,49,52,47,4,14,5,0,13.0,110.64,29.79,10.64
M Shehani,T20I,10,82,52,79,11,49,5,0,4.73,65.82,62.03,6.33
Faizan Asif,T20I,5,49,52,45,5,23,5,2,10.4,115.56,51.11,15.56
BV Vitori,Test,4,84,52,84,5,61,7,1,10.4,61.9,72.62,9.52
Jing Yang,T20I,10,132,52,115,8,86,7,0,6.5,45.22,74.78,6.09
S Mahmood,Test,1,125,52,124,1,99,4,1,52.0,41.94,79.84,4.03
K Thomson,ODI,2,69,52,66,2,30,3,0,26.0,78.79,45.45,4.55
JNT Vare,T20I,5,60,52,57,5,24,3,0,10.4,91.23,42.11,5.26
KE Ebrahim,ODI,4,95,52,93,3,55,3,0,17.33,55.91,59.14,3.23
OE Newey,T20I,3,59,52,58,3,23,2,0,17.33,89.66,39.66,3.45
Abdur Rauf,Test,3,168,52,168,6,138,4,0,8.67,30.95,82.14,2.38
S Sankar,T20I,5,61,52,59,3,22,4,0,17.33,88.14,37.29,6.78
Syeda Aroob Shah,ODI,4,61,52,60,1,25,4,0,52.0,86.67,41.67,6.67
Muhammad Zafar Khan,T20I,4,42,52,39,2,25,12,0,26.0,133.33,64.1,30.77
HS Baidwan,T20I,5,43,52,43,4,13,4,1,13.0,120.93,30.23,11.63
Hilva Noor,T20I,3,94,52,73,2,31,0,0,26.0,71.23,42.47,0.0
JW Hastings,Test,1,89,52,88,2,65,5,2,26.0,59.09,73.86,7.95
Saniyah Zia,T20I,7,76,52,72,5,37,3,0,10.4,72.22,51.39,4.17
Mir Hamza,Test,7,183,51,182,8,158,3,2,6.38,28.02,86.81,2.75
L Wood,PSL,10,42,51,41,6,19,2,4,8.5,124.39,46.34,14.63
EJ Tice,T20I,9,84,51,82,7,46,4,0,7.29,62.2,56.1,4.88
Abubacarr Kuyateh,T20I,8,80,51,72,8,52,7,2,6.38,70.83,72.22,12.5
OF Smith,IPL,6,50,51,44,3,23,1,5,17.0,115.91,52.27,13.64
CA Pujara,ODI,5,136,51,130,5,96,4,0,10.2,39.23,73.85,3.08
R Cenik,T20I,5,78,51,68,4,40,6,0,12.75,75.0,58.82,8.82
Shenjian Zheng,T20I,4,40,51,40,4,23,4,4,12.75,127.5,57.5,20.0
XJ Doherty,Test,4,159,51,159,3,140,8,0,17.0,32.08,88.05,5.03
Sohail Ahmad,T20I,6,56,51,52,6,22,1,3,8.5,98.08,42.31,7.69
IS Billcliff,T20I,2,39,51,39,1,11,3,2,51.0,130.77,28.21,12.82
DC Thomas,T20I,7,54,51,54,6,28,4,2,8.5,94.44,51.85,11.11
Mohammad Imran,PSL,7,27,51,27,4,8,5,3,12.75,188.89,29.63,29.63
KB Arun Karthik,IPL,8,53,51,51,5,22,4,1,10.2,100.0,43.14,9.8
K Reyneke,ODI,2,41,51,38,0,10,4,2,51.0,134.21,26.32,15.79
R Rampaul,IPL,7,52,51,50,5,24,3,2,10.2,102.0,48.0,10.0
Raqibul Hasan,T20I,5,63,51,62,5,27,3,1,10.2,82.26,43.55,6.45
A Khaka,T20I,18,86,51,85,6,44,3,0,8.5,60.0,51.76,3.53
IR James,ODI,2,64,51,62,2,41,6,1,25.5,82.26,66.13,11.29
A Kaul,T20I,8,64,51,58,7,29,7,0,7.29,87.93,50.0,12.07
Shivam Mavi,IPL,11,58,51,56,9,30,4,2,5.67,91.07,53.57,10.71
RN Bhatia,ODI,9,114,51,111,7,76,4,0,7.29,45.95,68.47,3.6
N Acawei,T20I,5,71,51,68,5,41,4,2,10.2,75.0,60.29,8.82
Nasir Jamshed,Test,2,108,51,107,4,85,8,0,12.75,47.66,79.44,7.48
RA Reifer,ODI,5,103,51,101,6,56,1,0,8.5,50.5,55.45,0.99
A Mithun,ODI,3,57,51,55,3,33,2,4,17.0,92.73,60.0,10.91
Swapnil Singh,IPL,9,46,51,45,5,20,3,3,10.2,113.33,44.44,13.33
Kamrul Islam Rabbi,Test,7,281,51,281,9,255,5,2,5.67,18.15,90.75,2.49
SC Selman,T20I,15,80,51,79,4,43,3,0,12.75,64.56,54.43,3.8
Hilal Ahmad,T20I,5,83,51,74,3,38,2,0,17.0,68.92,51.35,2.7
SD Udal,Test,2,87,51,87,2,58,5,1,25.5,58.62,66.67,6.9
GY Tomar,T20I,2,46,51,45,2,24,4,3,25.5,113.33,53.33,15.56
Kaleem Sana,T20I,9,54,51,54,4,28,2,3,12.75,94.44,51.85,9.26
AA Paradkar,ODI,5,85,51,80,4,47,3,1,12.75,63.75,58.75,5.0
ZN Shabalala,T20I,10,192,51,171,12,131,1,0,4.25,29.82,76.61,0.58
Khuzaima Tanveer,ODI,3,39,51,39,2,20,2,5,25.5,130.77,51.28,17.95
Sikder Billah,T20I,5,39,51,39,4,12,5,1,12.75,130.77,30.77,15.38
SN Pathirana,T20I,10,85,51,81,6,41,0,1,8.5,62.96,50.62,1.23
Yair Nagavkar,T20I,6,65,51,63,5,30,3,0,10.2,80.95,47.62,4.76
Chen Yue,T20I,5,90,50,87,4,64,5,0,12.5,57.47,73.56,5.75
RTM Mendis,ODI,4,50,50,50,2,19,3,1,25.0,100.0,38.0,8.0
F Campbell,T20I,7,76,50,71,7,42,4,1,7.14,70.42,59.15,7.04
VR Vanitha,ODI,2,64,50,64,4,39,8,0,12.5,78.12,60.94,12.5
RV Gomez,IPL,9,53,50,51,7,25,5,1,7.14,98.04,49.02,11.76
A Alexander,T20I,8,35,50,33,5,12,2,4,10.0,151.52,36.36,18.18
D Kataina,T20I,8,99,50,91,6,55,4,0,8.33,54.95,60.44,4.4
Aryan Lakra,T20I,8,58,50,58,7,31,3,2,7.14,86.21,53.45,8.62
WA Agar,ODI,2,43,50,42,2,19,4,2,25.0,119.05,45.24,14.29
K Hardat,T20I,7,62,50,57,5,32,7,0,10.0,87.72,56.14,12.28
K Klein,T20I,11,64,50,64,7,26,2,0,7.14,78.12,40.62,3.12
Qateel Zabiullah,T20I,3,27,50,27,3,9,2,5,16.67,185.19,33.33,25.93
GJ Rennie,ODI,4,128,50,125,4,90,4,0,12.5,40.0,72.0,3.2
SA Abbott,T20I,13,51,50,49,7,22,4,1,7.14,102.04,44.9,10.2
EB Knowles,T20I,4,61,50,55,3,29,6,0,16.67,90.91,52.73,10.91
DE Bollinger,ODI,7,54,50,54,4,24,5,0,12.5,92.59,44.44,9.26
Faisal Safi,T20I,3,50,50,45,3,26,10,0,16.67,111.11,57.78,22.22
Mohammad Yousuf,T20I,3,44,50,43,3,20,5,1,16.67,116.28,46.51,13.95
I Ntirenganya,T20I,19,72,50,69,7,36,5,0,7.14,72.46,52.17,7.25
J Theron,ODI,12,104,50,102,10,71,5,0,5.0,49.02,69.61,4.9
D Tucker,T20I,10,73,50,68,5,30,3,0,10.0,73.53,44.12,4.41
Sonam,T20I,17,151,50,145,14,107,3,0,3.57,34.48,73.79,2.07
VR Aaron,IPL,12,73,50,72,4,42,2,2,12.5,69.44,58.33,5.56
S Haggo,T20I,8,85,50,83,5,44,1,0,10.0,60.24,53.01,1.2
EL Watson,ODI,8,125,50,118,6,79,2,0,8.33,42.37,66.95,1.69
JD Baker,T20I,5,49,50,48,4,21,2,3,12.5,104.17,43.75,10.42
Mohammad Bhaidu,T20I,6,82,50,77,7,47,4,1,7.14,64.94,61.04,6.49
Iqbal Hussain,T20I,6,43,50,42,4,13,3,2,12.5,119.05,30.95,11.9
R Siriwardena,T20I,9,77,50,72,6,41,5,0,8.33,69.44,56.94,6.94
MJ Bulow,ODI,1,74,50,72,1,50,9,0,50.0,69.44,69.44,12.5
OF Smith,PSL,6,42,50,40,3,21,5,3,16.67,125.0,52.5,20.0
Hasan Mahmud,T20I,9,52,50,51,1,24,0,4,50.0,98.04,47.06,7.84
CT Tremlett,ODI,11,91,50,89,8,59,2,2,6.25,56.18,66.29,4.49
Mohammad Nawaz (3),Test,3,157,50,157,4,127,4,0,12.5,31.85,80.89,2.55
J Reb,T20I,5,67,50,65,5,38,3,2,10.0,76.92,58.46,7.69
J King,T20I,7,159,49,145,7,111,3,0,7.0,33.79,76.55,2.07
KM Leng,Test,1,191,49,191,2,159,2,0,24.5,25.65,83.25,1.05
Kuldeep Gurjar,T20I,8,84,49,79,8,44,0,3,6.12,62.03,55.7,3.8
Emma Patel,T20I,8,73,49,64,3,34,4,0,16.33,76.56,53.12,6.25
A Nortje,IPL,14,52,49,50,6,24,6,0,8.17,98.0,48.0,12.0
S Pandey,Test,2,202,49,201,3,170,5,0,16.33,24.38,84.58,2.49
SS Tiwary,ODI,2,57,49,56,0,28,5,1,49.0,87.5,50.0,10.71
Pooja Ganesh,ODI,3,93,49,89,3,54,2,0,16.33,55.06,60.67,2.25
WTS Porterfield,Test,2,199,49,199,4,175,5,0,12.25,24.62,87.94,2.51
A Khan,T20I,7,57,49,54,7,23,2,1,7.0,90.74,42.59,5.56
PR Veer,IPL,2,36,49,36,1,13,7,1,49.0,136.11,36.11,22.22
M Bryant,PSL,5,30,49,30,3,10,7,1,16.33,163.33,33.33,26.67
AS Yadav,IPL,6,40,49,39,7,17,5,2,7.0,125.64,43.59,17.95
ZS Ansari,Test,3,136,49,136,5,104,5,0,9.8,36.03,76.47,3.68
KO Meth,ODI,6,93,49,93,6,60,5,0,8.17,52.69,64.52,5.38
Tuba Hassan,ODI,4,59,49,58,3,34,6,0,16.33,84.48,58.62,10.34
P Magafas,T20I,3,55,49,50,3,22,5,0,16.33,98.0,44.0,10.0
Jubaid Ahamed,T20I,7,45,49,45,7,16,2,2,7.0,108.89,35.56,8.89
RK Willis,T20I,12,76,49,72,10,44,4,0,4.9,68.06,61.11,5.56
Imran Butt,Test,2,93,49,93,4,67,6,0,12.25,52.69,72.04,6.45
AG Paunikar,IPL,5,61,49,58,5,36,9,0,9.8,84.48,62.07,15.52
CU Jayasinghe,T20I,3,49,49,49,2,20,3,1,24.5,100.0,40.82,8.16
Mohammad Shahzad (2),ODI,3,68,49,67,2,47,5,2,24.5,73.13,70.15,10.45
Mushfiqur Rahim,PSL,3,39,49,39,3,11,4,1,16.33,125.64,28.21,12.82
Syed Faizan Tahir,T20I,8,75,49,74,7,41,2,1,7.0,66.22,55.41,4.05
SB Bangar,IPL,7,58,49,58,6,28,1,3,8.17,84.48,48.28,6.9
Naseem Khan,T20I,5,60,49,56,5,35,5,2,9.8,87.5,62.5,12.5
ZGF Foulkes,ODI,5,59,49,55,2,28,6,0,24.5,89.09,50.91,10.91
K Senamontree,T20I,14,83,49,79,10,46,1,1,4.9,62.03,58.23,2.53
Aphsal Ashraf,T20I,2,25,49,25,1,6,1,5,49.0,196.0,24.0,24.0
LR Doolan,ODI,4,59,49,59,4,37,7,0,12.25,83.05,62.71,11.86
HG Kuhn,T20I,6,42,49,42,4,17,3,2,12.25,116.67,40.48,11.9
JN Mohammed,T20I,6,63,49,62,5,31,6,0,9.8,79.03,50.0,9.68
Nayab Alizai,T20I,4,103,49,81,6,44,2,0,8.17,60.49,54.32,2.47
CH van Koolwijk,T20I,11,71,49,67,10,31,2,0,4.9,73.13,46.27,2.99
I Master,T20I,6,53,49,51,4,25,3,0,12.25,96.08,49.02,5.88
P Chilongia,T20I,7,103,49,85,2,45,1,0,24.5,57.65,52.94,1.18
LHD Dilhara,ODI,4,60,49,60,4,36,3,3,12.25,81.67,60.0,10.0
Imran Tahir,PSL,10,54,48,53,8,27,5,1,6.0,90.57,50.94,11.32
Zulqarnain Haider,ODI,4,70,48,68,3,35,3,0,16.0,70.59,51.47,4.41
C Crowe,T20I,5,85,48,82,3,48,5,0,16.0,58.54,58.54,6.1
DAM Louis,T20I,7,51,48,47,5,21,3,2,9.6,102.13,44.68,10.64
M Markande,IPL,10,44,48,42,3,18,5,1,16.0,114.29,42.86,14.29
CL Fitzpatrick,Test,2,184,48,184,4,163,6,0,12.0,26.09,88.59,3.26
SS Grimmond,ODI,6,60,48,57,5,33,3,2,9.6,84.21,57.89,8.77
TB Robinson,ODI,3,49,48,47,3,23,7,0,16.0,102.13,48.94,14.89
K Pandya,T20I,5,88,48,81,4,42,0,0,12.0,59.26,51.85,0.0
Asif Afridi,PSL,10,52,48,52,5,29,5,2,9.6,92.31,55.77,13.46
Mohammad Irfan,ODI,30,152,48,149,13,125,5,2,3.69,32.21,83.89,4.7
Sojib Miah,T20I,3,28,48,27,3,12,5,3,16.0,177.78,44.44,29.63
M Zhu,T20I,12,97,48,90,12,57,3,0,4.0,53.33,63.33,3.33
S Matsikenyeri,T20I,5,54,48,53,5,28,2,3,9.6,90.57,52.83,9.43
Arafat Sunny,ODI,10,94,48,91,4,61,5,0,12.0,52.75,67.03,5.49
PM Inglis,ODI,3,31,48,31,1,6,6,0,48.0,154.84,19.35,19.35
S Chilemanya,T20I,6,67,48,63,6,40,1,1,8.0,76.19,63.49,3.17
Ahmed Wardak,T20I,5,50,48,49,3,24,5,1,16.0,97.96,48.98,12.24
M Batnasan,T20I,8,81,48,73,12,38,4,0,4.0,65.75,52.05,5.48
Irfan Khan,ODI,6,75,48,74,6,43,3,1,8.0,64.86,58.11,5.41
GC Viljoen,PSL,4,34,48,33,2,13,4,3,24.0,145.45,39.39,21.21
JC Tongue,Test,7,138,48,138,9,113,4,0,5.33,34.78,81.88,2.9
RJ Harris,ODI,9,48,48,48,6,20,3,1,8.0,100.0,41.67,8.33
A Modi,T20I,5,77,48,76,4,34,1,0,12.0,63.16,44.74,1.32
Tasqeen Qadeer,ODI,3,144,48,132,3,99,2,0,16.0,36.36,75.0,1.52
FA Klokker,T20I,6,46,48,45,2,16,4,0,24.0,106.67,35.56,8.89
L Shafeeg,T20I,8,57,48,56,3,24,3,1,16.0,85.71,42.86,7.14
S Shrivastava,T20I,7,60,48,55,2,26,4,1,24.0,87.27,47.27,9.09
O Kamchomphu,ODI,12,93,48,86,9,53,2,0,5.33,55.81,61.63,2.33
B Muzarabani,T20I,22,71,48,70,13,46,6,1,3.69,68.57,65.71,10.0
CD Mboe,T20I,8,146,48,134,9,94,2,0,5.33,35.82,70.15,1.49
Kuldeep Yadav,T20I,9,74,48,71,7,35,2,0,6.86,67.61,49.3,2.82
Nashra Sandhu,T20I,20,101,48,94,9,56,2,0,5.33,51.06,59.57,2.13
FJ Klaassen,T20I,15,61,48,59,11,23,2,0,4.36,81.36,38.98,3.39
FJ Klaassen,ODI,12,78,48,73,5,45,1,2,9.6,65.75,61.64,4.11
FL Reifer,Test,2,129,48,129,4,93,4,0,12.0,37.21,72.09,3.1
T Kohler-Cadmore,IPL,3,54,48,54,3,33,7,1,16.0,88.89,61.11,14.81
SI Galagedara,T20I,5,88,48,83,6,59,7,0,8.0,57.83,71.08,8.43
Abdul Majid Abbasi,T20I,20,91,47,88,8,51,1,1,5.88,53.41,57.95,2.27
D Koralalage,T20I,8,110,47,89,3,48,0,0,15.67,52.81,53.93,0.0
NT Gruny,T20I,6,93,47,88,5,58,4,0,9.4,53.41,65.91,4.55
Kabir Berlia,T20I,5,32,47,32,3,11,5,2,15.67,146.88,34.38,21.88
SB Martinez,T20I,4,96,47,81,4,39,4,0,11.75,58.02,48.15,4.94
Yashpal Singh,IPL,4,67,47,66,4,37,5,0,11.75,71.21,56.06,7.58
EJ Villani,Test,2,117,47,117,3,99,9,0,15.67,40.17,84.62,7.69
S MacMahon,T20I,13,59,47,58,10,27,4,0,4.7,81.03,46.55,6.9
CA Keita,T20I,9,86,47,83,9,63,5,2,5.22,56.63,75.9,8.43
Seetharam Guruvayoorappan,T20I,4,74,47,69,3,38,4,0,15.67,68.12,55.07,5.8
MH Ushanga,T20I,17,81,47,74,12,46,4,0,3.92,63.51,62.16,5.41
WD Parnell,PSL,3,31,47,31,3,10,7,1,15.67,151.61,32.26,25.81
Mohammad Ayub,Test,1,168,47,168,2,135,4,0,23.5,27.98,80.36,2.38
BTJ Wheal,ODI,6,65,47,62,4,36,6,0,11.75,75.81,58.06,9.68
EC Joyce,Test,1,102,47,102,2,80,6,0,23.5,46.08,78.43,5.88
L Dalbina,T20I,6,132,47,108,5,60,0,0,9.4,43.52,55.56,0.0
D Uwimana,T20I,5,71,47,69,2,38,5,0,23.5,68.12,55.07,7.25
E Kahamker,T20I,3,41,47,39,3,13,4,1,15.67,120.51,33.33,12.82
C Sridev,T20I,5,64,47,58,5,27,3,0,9.4,81.03,46.55,5.17
K Gore,T20I,3,32,47,28,3,7,4,2,15.67,167.86,25.0,21.43
Rehman Abdul,T20I,3,53,47,51,2,24,2,1,23.5,92.16,47.06,5.88
IA Cockbain,PSL,3,38,47,37,3,14,5,1,15.67,127.03,37.84,16.22
R McLaren,Test,2,108,47,108,2,84,6,0,23.5,43.52,77.78,5.56
IG Holland,T20I,3,54,47,52,2,21,4,0,23.5,90.38,40.38,7.69
M Klaas,T20I,14,68,47,66,10,32,3,0,4.7,71.21,48.48,4.55
Sadia Iqbal,ODI,19,95,47,93,11,62,4,0,4.27,50.54,66.67,4.3
A Igbobie,T20I,10,121,47,116,7,79,2,0,6.71,40.52,68.1,1.72
Arshad Ali,ODI,2,90,47,89,2,60,5,0,23.5,52.81,67.42,5.62
VB Viyala,T20I,10,96,47,75,6,44,1,0,7.83,62.67,58.67,1.33
Arafat Minhas,T20I,2,43,47,42,2,18,4,2,23.5,111.9,42.86,14.29
Manuel Iturbe,T20I,8,65,47,65,7,38,3,1,6.71,72.31,58.46,6.15
K Pierre,Test,2,110,47,110,3,89,7,0,15.67,42.73,80.91,6.36
VRV Singh,Test,4,42,47,42,4,25,9,0,11.75,111.9,59.52,21.43
Aishani Kishore,T20I,2,55,47,51,0,18,3,0,47.0,92.16,35.29,5.88
V Vira,T20I,15,110,47,106,5,70,2,0,9.4,44.34,66.04,1.89
EK Hubbard,T20I,6,75,47,74,3,34,1,0,15.67,63.51,45.95,1.35
M Kandanala,T20I,4,54,47,52,3,33,8,0,15.67,90.38,63.46,15.38
Zaker Taqawi,T20I,8,69,47,69,5,33,2,0,9.4,68.12,47.83,2.9
R Athapaththu,T20I,5,33,47,31,0,9,2,3,47.0,151.61,29.03,16.13
LK Bell,ODI,12,76,46,73,6,48,5,1,7.67,63.01,65.75,8.22
S Hojholt,T20I,3,69,46,64,2,40,7,0,23.0,71.88,62.5,10.94
AN Davidson-Richards,T20I,5,58,46,57,3,19,2,0,15.33,80.7,33.33,3.51
C Chatonzwa,ODI,7,153,46,147,8,114,3,0,5.75,31.29,77.55,2.04
PP Ojha,ODI,9,114,46,112,2,79,3,0,23.0,41.07,70.54,2.68
LT Bichard,T20I,8,60,46,58,4,26,4,0,11.5,79.31,44.83,6.9
AM Oyede,T20I,6,81,46,77,6,45,2,0,7.67,59.74,58.44,2.6
GA Lamb,Test,1,120,46,120,2,90,4,0,23.0,38.33,75.0,3.33
AH Maqsood,T20I,21,95,46,91,13,55,0,0,3.54,50.55,60.44,0.0
E Marx,T20I,6,40,46,40,4,22,7,1,11.5,115.0,55.0,20.0
RA Reifer,T20I,2,43,46,41,1,12,1,2,46.0,112.2,29.27,7.32
N Mlaba,Test,4,70,46,70,6,54,9,0,7.67,65.71,77.14,12.86
BA Carse,T20I,8,37,46,37,5,14,2,3,9.2,124.32,37.84,13.51
Naveena Shetty,T20I,8,32,46,32,5,13,5,2,9.2,143.75,40.62,21.88
ME Sanuth,ODI,2,41,46,39,2,15,5,1,23.0,117.95,38.46,15.38
GJ Batty,Test,5,234,46,234,7,208,5,0,6.57,19.66,88.89,2.14
Rabbjyot Rajput,T20I,11,102,46,94,8,62,4,0,5.75,48.94,65.96,4.26
C Brown,T20I,4,62,46,61,4,35,6,0,11.5,75.41,57.38,9.84
SZ Thakor,ODI,6,102,46,97,6,70,5,0,7.67,47.42,72.16,5.15
T Modise,T20I,11,121,46,108,9,77,3,0,5.11,42.59,71.3,2.78
Zhuang Zelin,T20I,9,89,46,84,9,53,2,0,5.11,54.76,63.1,2.38
Pech Pisa,T20I,7,79,46,75,7,51,7,0,6.57,61.33,68.0,9.33
JJ van der Wath,T20I,4,40,46,39,3,13,3,1,15.33,117.95,33.33,10.26
Rafatullah Mohmand,PSL,3,37,46,37,3,20,2,4,15.33,124.32,54.05,16.22
K Meso,T20I,10,75,46,70,4,36,1,0,11.5,65.71,51.43,1.43
DNA Ankrah,T20I,6,64,46,62,6,37,4,1,7.67,74.19,59.68,8.06
Ashwin Vinod,T20I,8,36,46,34,3,12,2,2,15.33,135.29,35.29,11.76
Ramya Krishnamurthy,T20I,2,76,46,58,1,25,4,0,46.0,79.31,43.1,6.9
K Meso,ODI,6,102,46,96,5,61,3,0,9.2,47.92,63.54,3.12
AR Berenger,T20I,2,24,46,24,2,8,5,3,23.0,191.67,33.33,33.33
Mohammad Huraira,Test,2,95,46,95,4,67,4,0,11.5,48.42,70.53,4.21
Sultana Khatun,T20I,10,68,46,65,6,35,4,0,7.67,70.77,53.85,6.15
L Botha,T20I,1,25,46,25,0,11,5,3,46.0,184.0,44.0,32.0
Naseem Shah,T20I,12,47,46,46,7,26,6,1,6.57,100.0,56.52,15.22
AS Wright,T20I,3,48,46,45,3,26,3,3,15.33,102.22,57.78,13.33
T Lungameni,ODI,15,108,46,103,7,70,2,0,6.57,44.66,67.96,1.94
JW Hastings,T20I,6,38,46,37,4,12,3,1,11.5,124.32,32.43,10.81
L Ward,T20I,5,46,46,45,3,20,4,1,15.33,102.22,44.44,11.11
KK Nair,ODI,2,89,46,88,2,62,6,0,23.0,52.27,70.45,6.82
OV Anderson,ODI,1,97,46,89,0,63,4,0,46.0,51.69,70.79,4.49
CC Machado,T20I,9,83,45,80,7,46,1,0,6.43,56.25,57.5,1.25
JA Richardson,T20I,8,51,45,51,3,23,3,1,15.0,88.24,45.1,7.84
MDT Kamini,Test,1,170,45,170,2,142,4,0,22.5,26.47,83.53,2.35
E Packard,T20I,5,61,45,58,6,30,3,1,7.5,77.59,51.72,6.9
SA Fritz,T20I,9,64,45,64,9,42,6,0,5.0,70.31,65.62,9.38
JWN Moses,T20I,6,52,45,50,6,25,4,1,7.5,90.0,50.0,10.0
M Karg,ODI,2,66,45,65,2,43,4,1,22.5,69.23,66.15,7.69
J Nyumbu,ODI,13,90,45,87,9,55,1,1,5.0,51.72,63.22,2.3
Kashif Abbas,T20I,4,42,45,41,4,24,4,3,11.25,109.76,58.54,17.07
BJ Arnel,Test,6,148,45,148,8,123,5,0,5.62,30.41,83.11,3.38
Yasir Shah,PSL,11,53,45,53,9,29,3,2,5.0,84.91,54.72,9.43
JP Faulkner,Test,1,43,45,43,2,22,5,1,22.5,104.65,51.16,13.95
AR Odedara,T20I,8,66,45,63,8,35,5,0,5.62,71.43,55.56,7.94
B Nwobodo,T20I,2,81,45,74,1,43,1,0,45.0,60.81,58.11,1.35
L Gregory,T20I,6,41,45,41,6,15,2,2,7.5,109.76,36.59,9.76
A Obulor,T20I,10,85,45,80,8,50,4,0,5.62,56.25,62.5,5.0
OAC Banks,ODI,2,60,45,58,3,27,0,2,15.0,77.59,46.55,3.45
RDM Leverock,ODI,9,121,45,120,6,87,2,0,7.5,37.5,72.5,1.67
Abdul Samad,ODI,3,58,45,58,3,33,5,1,15.0,77.59,56.9,10.34
NJ Maddinson,T20I,4,36,45,35,4,15,6,1,11.25,128.57,42.86,20.0
AA Moiane,T20I,15,119,45,101,13,71,3,0,3.46,44.55,70.3,2.97
AE Smith,ODI,1,30,45,30,1,8,3,1,45.0,150.0,26.67,13.33
J Jojo,T20I,8,33,45,33,4,6,2,1,11.25,136.36,18.18,9.09
C Raack,T20I,8,46,45,45,2,20,5,0,22.5,100.0,44.44,11.11
IM Vaghela,ODI,5,91,45,87,5,59,5,0,9.0,51.72,67.82,5.75
NC Monteiro,T20I,15,92,45,89,11,55,1,0,4.09,50.56,61.8,1.12
DL Graham,T20I,14,106,45,101,13,67,2,0,3.46,44.55,66.34,1.98
M De Ridder,ODI,3,74,45,72,0,43,3,0,45.0,62.5,59.72,4.17
MJ Potts,ODI,6,62,45,62,1,28,1,1,45.0,72.58,45.16,3.23
LJ Poulton,Test,2,107,45,107,2,73,2,0,22.5,42.06,68.22,1.87
GC Wilson,Test,2,115,45,114,3,91,7,0,15.0,39.47,79.82,6.14
HH Aung,T20I,12,104,45,92,7,59,2,0,6.43,48.91,64.13,2.17
Ibrahim Kpaka,T20I,8,55,45,54,8,27,4,0,5.62,83.33,50.0,7.41
JC Tredwell,Test,2,87,45,87,2,68,6,0,22.5,51.72,78.16,6.9
A Mazvishaya,T20I,8,81,45,77,2,41,2,0,22.5,58.44,53.25,2.6
Mohamed Mahfooz,T20I,6,71,45,68,4,34,2,0,11.25,66.18,50.0,2.94
Ravi Bishnoi,IPL,18,71,45,69,11,44,2,2,4.09,65.22,63.77,5.8
M Artur,T20I,14,67,45,61,11,34,4,0,4.09,73.77,55.74,6.56
TL Seifert,IPL,6,44,45,41,6,22,6,1,7.5,109.76,53.66,17.07
S Ateak,T20I,3,48,45,48,3,29,6,1,15.0,93.75,60.42,14.58
Amal Jacob,T20I,11,68,45,67,4,33,3,0,11.25,67.16,49.25,4.48
K Weeraratne,T20I,4,37,45,37,1,11,4,1,45.0,121.62,29.73,13.51
TV Mufambisi,ODI,4,71,45,69,4,47,6,0,11.25,65.22,68.12,8.7
TH David,ODI,4,56,45,53,4,33,3,3,11.25,84.91,62.26,11.32
Tabarak Dar,ODI,2,95,45,88,2,60,5,0,22.5,51.14,68.18,5.68
Sharjeel Khan,Test,1,45,44,45,2,32,7,1,22.0,97.78,71.11,17.78
Qais Ahmad,PSL,4,31,44,30,2,11,5,2,22.0,146.67,36.67,23.33
M Dillon,ODI,10,52,44,52,7,26,3,1,6.29,84.62,50.0,7.69
AE Smith,T20I,1,47,44,47,1,22,3,1,44.0,93.62,46.81,8.51
Al Sahariar,ODI,6,102,44,98,6,75,5,1,7.33,44.9,76.53,6.12
K Goud,ODI,9,64,44,62,5,34,5,0,8.8,70.97,54.84,8.06
A Taylor,T20I,11,163,44,123,9,78,0,0,4.89,35.77,63.41,0.0
Saad Nasim,T20I,2,54,44,53,2,16,0,1,22.0,83.02,30.19,1.89
Mamoon Latif,T20I,5,49,44,47,5,21,3,1,8.8,93.62,44.68,8.51
NA de Groot,ODI,6,130,44,127,5,106,6,0,8.8,34.65,83.46,4.72
Umm-e-Hani,ODI,12,98,44,95,12,62,2,0,3.67,46.32,65.26,2.11
Gagandeep Singh,T20I,10,47,44,45,4,22,4,1,11.0,97.78,48.89,11.11
S Sarthak,T20I,4,39,44,39,3,13,2,1,14.67,112.82,33.33,7.69
D Devnarain,T20I,6,51,44,50,4,23,5,0,11.0,88.0,46.0,10.0
Usman Waheed,T20I,3,40,44,38,2,11,4,1,22.0,115.79,28.95,13.16
Ganesh Pooja,T20I,8,96,44,82,10,47,1,0,4.4,53.66,57.32,1.22
JAM Henri,T20I,6,38,44,38,5,13,2,1,8.8,115.79,34.21,7.89
S Sreesanth,ODI,19,125,44,121,9,86,2,0,4.89,36.36,71.07,1.65
JS Henriksen,T20I,4,45,44,44,4,14,2,0,11.0,100.0,31.82,4.55
Mohammad Wasim,T20I,12,64,44,58,5,36,5,1,8.8,75.86,62.07,10.34
G Ganbold,T20I,13,127,44,121,12,88,1,0,3.67,36.36,72.73,0.83
L Winfield-Hill,T20I,4,58,44,56,3,30,6,0,14.67,78.57,53.57,10.71
D Pretorius,IPL,5,28,44,28,4,10,3,3,11.0,157.14,35.71,21.43
R Galgalikar,T20I,6,70,44,65,6,37,3,0,7.33,67.69,56.92,4.62
RJ Pierre,T20I,8,62,44,60,5,27,2,1,8.8,73.33,45.0,5.0
EU Kejarukua,T20I,14,88,44,87,8,55,2,0,5.5,50.57,63.22,2.3
Atif Mehmood,T20I,7,48,44,45,3,18,2,2,14.67,97.78,40.0,8.89
Taj Nehar,T20I,7,50,44,50,6,27,5,0,7.33,88.0,54.0,10.0
DR Sams,IPL,13,48,44,44,10,22,1,3,4.4,100.0,50.0,9.09
Khalid Usman,PSL,3,37,43,34,1,9,3,1,43.0,126.47,26.47,11.76
SJ Coyte,T20I,8,41,43,41,3,12,1,0,14.33,104.88,29.27,2.44
Hayatullah Niazi,T20I,3,43,43,41,3,17,1,2,14.33,104.88,41.46,7.32
SJ Swanepoel,ODI,5,99,43,94,5,69,4,0,8.6,45.74,73.4,4.26
J Perman,T20I,4,39,43,37,3,22,3,3,14.33,116.22,59.46,16.22
L Karlsson,T20I,6,47,43,45,5,21,3,1,8.6,95.56,46.67,8.89
J Lewis,ODI,7,49,43,48,5,21,4,0,8.6,89.58,43.75,8.33
NO Miller,T20I,5,50,43,47,1,15,2,0,43.0,91.49,31.91,4.26
E Guehoada,T20I,12,112,43,105,4,67,1,0,10.75,40.95,63.81,0.95
S Loubser,ODI,4,75,43,74,3,41,2,0,14.33,58.11,55.41,2.7
Salman Butt,PSL,3,52,43,50,3,18,3,0,14.33,86.0,36.0,6.0
Zara Mohammad,T20I,6,59,43,55,4,29,4,0,10.75,78.18,52.73,7.27
J Gumbie,T20I,3,53,43,52,3,31,6,0,14.33,82.69,59.62,11.54
SYD Chan,T20I,8,83,43,81,6,45,1,0,7.17,53.09,55.56,1.23
T Makoni,Test,2,124,43,123,4,106,6,0,10.75,34.96,86.18,4.88
JM Bird,Test,8,141,43,141,3,118,3,1,14.33,30.5,83.69,2.84
M Phiase,T20I,16,105,43,96,14,63,1,0,3.07,44.79,65.62,1.04
DB Lakhani,T20I,6,51,43,49,5,26,3,2,8.6,87.76,53.06,10.2
M Jele,T20I,16,71,43,71,11,40,0,2,3.91,60.56,56.34,2.82
VM Nyauchi,ODI,5,53,43,52,5,31,5,1,8.6,82.69,59.62,11.54
TS Waqavakatoga,T20I,5,40,43,38,4,14,2,2,10.75,113.16,36.84,10.53
Sikander Zulfiqar,T20I,7,45,43,44,7,15,3,0,6.14,97.73,34.09,6.82
HA Varaiya,ODI,11,119,43,116,7,87,3,0,6.14,37.07,75.0,2.59
RP Lefebvre,ODI,4,68,43,65,3,43,4,1,14.33,66.15,66.15,7.69
Iftekar Jaman,T20I,3,31,43,28,4,9,3,3,10.75,153.57,32.14,21.43
S Badrinath,T20I,1,38,43,37,1,12,5,0,43.0,116.22,32.43,13.51
C Chatonzwa,T20I,9,61,43,61,4,28,2,0,10.75,70.49,45.9,3.28
S Fouché,T20I,3,51,43,51,2,25,5,0,21.5,84.31,49.02,9.8
A Langham,T20I,3,43,43,39,4,19,3,1,10.75,110.26,48.72,10.26
P Pustoslemsek,T20I,5,69,43,65,6,40,4,1,7.17,66.15,61.54,7.69
S Dube,ODI,4,49,43,48,4,25,3,2,10.75,89.58,52.08,10.42
Sunny Singh,IPL,5,31,43,31,4,12,6,1,10.75,138.71,38.71,22.58
A Mishra,ODI,10,87,43,82,7,57,4,0,6.14,52.44,69.51,4.88
B Fernando,T20I,7,49,43,47,4,24,3,1,10.75,91.49,51.06,8.51
M Worndl,T20I,5,91,43,89,4,60,3,0,10.75,48.31,67.42,3.37
WB Rankin,Test,3,99,43,99,5,78,6,0,8.6,43.43,78.79,6.06
Edward Fleming,T20I,4,44,43,43,2,20,3,1,21.5,100.0,46.51,9.3
Zain Muzaffar,T20I,4,27,42,26,1,5,2,3,42.0,161.54,19.23,19.23
SD Valjalo,T20I,5,56,42,54,5,28,4,0,8.4,77.78,51.85,7.41
N Liyanage,T20I,5,89,42,81,2,41,1,0,21.0,51.85,50.62,1.23
Jaikumar Thakur,T20I,7,83,42,79,7,47,2,0,6.0,53.16,59.49,2.53
CD Cumming,ODI,6,101,42,96,5,72,5,0,8.4,43.75,75.0,5.21
SK Trivedi,IPL,14,61,42,59,8,34,3,1,5.25,71.19,57.63,6.78
HJC Mol,ODI,4,125,42,116,4,89,4,0,10.5,36.21,76.72,3.45
LE Plunkett,T20I,9,34,42,34,7,13,3,1,6.0,123.53,38.24,11.76
AR Caddick,Test,2,105,42,104,4,83,3,1,10.5,40.38,79.81,3.85
V Mansale,T20I,12,92,42,86,13,56,2,0,3.23,48.84,65.12,2.33
Serdar Burak Emir,T20I,3,33,42,30,3,18,5,3,14.0,140.0,60.0,26.67
H Bhullar,T20I,12,158,42,125,12,89,1,0,3.5,33.6,71.2,0.8
SN Netravalkar,T20I,10,49,42,47,7,23,2,1,6.0,89.36,48.94,6.38
L Wykes-Templeman,T20I,10,112,42,101,9,78,5,0,4.67,41.58,77.23,4.95
Abdullah Rana,T20I,5,27,42,27,4,10,4,2,10.5,155.56,37.04,22.22
A Chaudhary,T20I,4,45,42,44,4,19,5,0,10.5,95.45,43.18,11.36
RA Mair,ODI,15,65,42,65,10,32,2,0,4.2,64.62,49.23,3.08
Amjad Ali,T20I,5,55,42,52,4,28,6,0,10.5,80.77,53.85,11.54
Muhammad Murad,T20I,6,53,42,51,4,29,1,3,10.5,82.35,56.86,7.84
Sultana Khatun,ODI,11,102,42,96,8,71,4,0,5.25,43.75,73.96,4.17
LN Rajbanshi,ODI,25,171,42,165,10,139,3,0,4.2,25.45,84.24,1.82
K Tereza,T20I,7,92,42,82,4,49,3,0,10.5,51.22,59.76,3.66
H Simpson-Parker,T20I,4,51,42,48,2,21,1,0,21.0,87.5,43.75,2.08
Walid Sahibzada,T20I,3,47,42,45,3,22,4,1,14.0,93.33,48.89,11.11
F Mutua,T20I,9,41,42,40,7,17,4,1,6.0,105.0,42.5,12.5
M Vervitsioti,T20I,17,162,42,136,16,100,0,0,2.62,30.88,73.53,0.0
AB Barath,IPL,3,43,42,42,2,21,5,1,21.0,100.0,50.0,14.29
AO Suji,ODI,6,93,42,92,5,60,4,0,8.4,45.65,65.22,4.35
MT Jacob,T20I,10,70,42,66,4,36,1,0,10.5,63.64,54.55,1.52
Asim Ashraf,T20I,3,79,42,76,3,51,5,0,14.0,55.26,67.11,6.58
K Mataora,T20I,5,52,42,49,2,23,4,0,21.0,85.71,46.94,8.16
R Kumar,T20I,4,28,42,28,2,10,4,1,21.0,150.0,35.71,17.86
Pen Samon,T20I,7,132,42,123,8,95,3,0,5.25,34.15,77.24,2.44
AL Hodgkinson,T20I,3,66,42,64,3,42,6,0,14.0,65.62,65.62,9.38
M Kanno,T20I,6,83,42,76,6,51,4,0,7.0,55.26,67.11,5.26
JM Iradukunda,T20I,7,42,42,41,6,24,0,4,7.0,102.44,58.54,9.76
Asad Ali Rehemtulla,T20I,11,58,42,55,7,23,3,0,6.0,76.36,41.82,5.45
AT Rayudu,T20I,5,51,42,50,4,27,5,0,10.5,84.0,54.0,10.0
NE Farrant,ODI,3,64,41,60,3,37,5,0,13.67,68.33,61.67,8.33
Ghulam Ahmadi,T20I,12,42,41,40,3,16,4,0,13.67,102.5,40.0,10.0
AS Tanke,ODI,2,89,41,88,3,67,5,0,13.67,46.59,76.14,5.68
WP Saha,ODI,5,59,41,56,3,35,5,0,13.67,73.21,62.5,8.93
NK Aneesh Kumar,T20I,12,54,41,51,5,21,1,1,8.2,80.39,41.18,3.92
Zahid Khan,T20I,7,54,41,49,7,29,4,1,5.86,83.67,59.18,10.2
NN Banner,T20I,7,51,41,47,3,23,1,1,13.67,87.23,48.94,4.26
Fayyaz Ahmed,ODI,2,98,41,94,0,70,5,0,41.0,43.62,74.47,5.32
KY Ottley,ODI,4,76,41,73,4,54,5,1,10.25,56.16,73.97,8.22
AR Puri,T20I,14,82,41,77,8,49,1,1,5.12,53.25,63.64,2.6
Akhil Kumar,T20I,6,36,41,36,2,18,3,2,20.5,113.89,50.0,13.89
S Sajana,T20I,8,38,41,37,4,14,6,0,10.25,110.81,37.84,16.22
Abdullah Shafique,T20I,3,39,41,37,2,16,4,1,20.5,110.81,43.24,13.51
E Jabarkhel,T20I,7,46,41,44,4,19,5,0,10.25,93.18,43.18,11.36
R Telemachus,ODI,3,20,41,20,3,5,2,3,13.67,205.0,25.0,25.0
CE Dean,Test,3,110,41,110,5,86,4,0,8.2,37.27,78.18,3.64
Nauman Anwar,PSL,4,38,41,36,4,20,3,3,10.25,113.89,55.56,16.67
A Nehra,IPL,17,63,41,62,8,36,3,1,5.12,66.13,58.06,6.45
P Dhiman,T20I,4,57,41,55,4,23,0,1,10.25,74.55,41.82,1.82
Parveen Kumar,ODI,4,48,41,47,3,23,5,0,13.67,87.23,48.94,10.64
Madhawa Basnayaka,T20I,4,48,41,43,3,22,2,2,13.67,95.35,51.16,9.3
S Badree,T20I,14,67,41,63,6,30,1,1,6.83,65.08,47.62,3.17
K Pala,T20I,2,31,41,30,1,14,4,2,41.0,136.67,46.67,20.0
IGASF Pratiwi,T20I,4,67,41,60,3,30,0,0,13.67,68.33,50.0,0.0
Tanzim Hasan Sakib,Test,1,80,41,80,1,56,2,1,41.0,51.25,70.0,3.75
JD Bhatt,T20I,2,33,41,32,2,12,2,2,20.5,128.12,37.5,12.5
R Shimwamana,T20I,10,74,41,69,6,45,3,0,6.83,59.42,65.22,4.35
J Theron,T20I,6,28,41,27,0,8,4,1,41.0,151.85,29.63,18.52
CJ Anderson,PSL,2,36,41,36,2,15,1,3,20.5,113.89,41.67,11.11
L Filer,Test,4,101,41,100,7,80,5,0,5.86,41.0,80.0,5.0
Nur Izzatul Syafiqa,T20I,9,71,41,67,7,35,2,0,5.86,61.19,52.24,2.99
G Hoey,Test,1,114,41,114,2,95,4,0,20.5,35.96,83.33,3.51
RS Quyn,T20I,12,90,41,87,9,61,4,0,4.56,47.13,70.11,4.6
R Khullar,T20I,8,91,41,79,7,52,3,0,5.86,51.9,65.82,3.8
Shabbir Ahmed,Test,3,88,41,88,4,72,6,0,10.25,46.59,81.82,6.82
JL Pattinson,ODI,7,80,41,78,3,50,2,0,13.67,52.56,64.1,2.56
CT Mutombodzi,Test,1,121,41,121,2,97,4,0,20.5,33.88,80.17,3.31
Suhail Sattar,T20I,8,58,41,55,10,36,5,1,4.1,74.55,65.45,10.91
Pratik Singh Bais,T20I,15,72,41,68,8,33,0,0,5.12,60.29,48.53,0.0
P Baghel,T20I,3,55,41,53,3,36,7,0,13.67,77.36,67.92,13.21
RP Johnston,T20I,5,68,40,65,5,39,3,0,8.0,61.54,60.0,4.62
BCJ Cutting,T20I,4,28,40,27,4,11,2,3,10.0,148.15,40.74,18.52
Zeeshan Siddiqui,T20I,3,45,40,44,2,17,4,0,20.0,90.91,38.64,9.09
PS Masvaure,ODI,2,63,40,60,2,30,2,0,20.0,66.67,50.0,3.33
A Shahzad,ODI,8,62,40,60,5,36,0,3,8.0,66.67,60.0,5.0
KR Mayers,PSL,3,37,40,36,3,22,5,2,13.33,111.11,61.11,19.44
Jay Odedra,T20I,7,46,40,42,1,19,3,1,40.0,95.24,45.24,9.52
TGJ Gruijters,T20I,4,41,40,41,2,14,3,0,20.0,97.56,34.15,7.32
AD Algar,T20I,2,56,40,50,1,25,2,1,40.0,80.0,50.0,6.0
BR Dunk,IPL,3,36,40,35,3,19,7,0,13.33,114.29,54.29,20.0
Rameez Raja (2),PSL,5,34,40,33,4,12,2,2,10.0,121.21,36.36,12.12
J Yadav,IPL,4,38,40,36,2,12,2,1,20.0,111.11,33.33,8.33
R Airee,T20I,5,68,40,65,3,38,3,0,13.33,61.54,58.46,4.62
WF Stelling,ODI,2,39,40,38,0,18,2,2,40.0,105.26,47.37,10.53
I Nandakumar,T20I,15,82,40,81,8,51,2,0,5.0,49.38,62.96,2.47
M Shumba,ODI,6,83,40,83,4,57,3,0,10.0,48.19,68.67,3.61
Bilal Asif,ODI,3,52,40,49,3,34,6,1,13.33,81.63,69.39,14.29
LPC Silva,IPL,3,27,40,26,2,9,5,1,20.0,153.85,34.62,23.08
M Smith,T20I,3,49,40,48,3,32,2,3,13.33,83.33,66.67,10.42
A Bhadauria,T20I,2,32,40,31,2,12,6,0,20.0,129.03,38.71,19.35
NB Mahwire,ODI,8,108,40,106,7,76,2,0,5.71,37.74,71.7,1.89
KDK Vithanage,T20I,3,35,40,34,3,16,7,0,13.33,117.65,47.06,20.59
Ben Jones,T20I,1,43,40,41,0,14,3,0,40.0,97.56,34.15,7.32
J Baguma,T20I,9,56,40,54,5,27,3,0,8.0,74.07,50.0,5.56
A Maheshwari,T20I,9,69,40,65,9,46,3,2,4.44,61.54,70.77,7.69
SP Narine,Test,6,92,40,92,5,73,4,1,8.0,43.48,79.35,5.43
S Merican,T20I,14,162,40,143,10,105,0,0,4.0,27.97,73.43,0.0
DV Varghese,T20I,8,62,40,55,5,26,2,0,8.0,72.73,47.27,3.64
TD Smartt,ODI,11,65,40,64,6,32,0,1,6.67,62.5,50.0,1.56
EC Muller,T20I,8,56,40,48,8,23,4,0,5.0,83.33,47.92,8.33
S von Berg,Test,1,111,40,111,2,94,7,0,20.0,36.04,84.68,6.31
CB Mpofu,ODI,30,170,40,167,13,135,0,0,3.08,23.95,80.84,0.0
Zafar Gohar,PSL,8,46,40,45,4,22,1,1,10.0,88.89,48.89,4.44
EA Osborne,T20I,9,46,40,43,7,16,4,0,5.71,93.02,37.21,9.3
J Pant,T20I,1,30,40,29,1,8,4,1,40.0,137.93,27.59,17.24
R Theruvath,T20I,6,43,40,41,5,19,4,1,8.0,97.56,46.34,12.2
R Choden,T20I,9,69,40,64,4,38,2,1,10.0,62.5,59.38,4.69
Rachel Delaney,T20I,8,50,40,48,4,18,2,0,10.0,83.33,37.5,4.17
SW Kinyua,T20I,2,61,40,58,1,27,1,0,40.0,68.97,46.55,1.72
O Lutbayar,T20I,12,82,40,78,11,54,2,1,3.64,51.28,69.23,3.85
A Nortje,ODI,7,60,40,59,6,32,3,0,6.67,67.8,54.24,5.08
JA Duffy,T20I,12,42,40,41,5,13,3,0,8.0,97.56,31.71,7.32
S Navaratne,T20I,6,43,40,43,5,24,1,3,8.0,93.02,55.81,9.3
Rasikh Salam,IPL,6,40,40,40,5,19,5,0,8.0,100.0,47.5,12.5
JS Ndanu,T20I,17,94,39,92,11,60,1,0,3.55,42.39,65.22,1.09
Umar Gul,IPL,4,19,39,19,3,8,1,5,13.0,205.26,42.11,31.58
AUK Pathan,IPL,7,26,39,23,5,11,5,2,7.8,169.57,47.83,30.43
Zuhaib Zubair,ODI,4,51,39,49,4,29,3,1,9.75,79.59,59.18,8.16
Zumika Azmi,T20I,9,83,39,82,6,54,2,0,6.5,47.56,65.85,2.44
Sadamali Bhakshala,T20I,11,91,39,87,10,60,3,0,3.9,44.83,68.97,3.45
A van Schoor,T20I,1,32,39,30,0,10,1,2,39.0,130.0,33.33,10.0
Wang Huiying,T20I,9,64,39,58,5,37,5,0,7.8,67.24,63.79,8.62
KM Jarvis,T20I,8,49,39,47,6,26,1,2,6.5,82.98,55.32,6.38
Rafatullah Mohmand,T20I,3,47,39,45,3,23,4,0,13.0,86.67,51.11,8.89
Umm-e-Hani,T20I,5,58,39,57,4,25,1,0,9.75,68.42,43.86,1.75
RA Austin,Test,2,216,39,216,4,191,4,0,9.75,18.06,88.43,1.85
S Tobgay,T20I,2,59,39,58,1,26,1,0,39.0,67.24,44.83,1.72
L Chipanga,T20I,15,81,39,72,9,46,3,0,4.33,54.17,63.89,4.17
SJ Tsukigawa,ODI,1,70,39,69,1,48,4,1,39.0,56.52,69.57,7.25
ZGF Foulkes,Test,3,97,39,97,2,78,5,0,19.5,40.21,80.41,5.15
SC Joseph,Test,2,102,39,100,4,79,4,1,9.75,39.0,79.0,5.0
N Burger,ODI,7,95,39,92,3,64,2,0,13.0,42.39,69.57,2.17
Kate Awuah,T20I,3,73,39,69,4,39,1,0,9.75,56.52,56.52,1.45
MM Patel,IPL,12,41,39,41,5,18,5,0,7.8,95.12,43.9,12.2
CD Collymore,ODI,14,71,39,70,8,49,1,2,4.88,55.71,70.0,4.29
J Gallimore,T20I,3,42,39,40,1,15,4,0,39.0,97.5,37.5,10.0
C Murray,T20I,13,48,39,47,9,18,2,0,4.33,82.98,38.3,4.26
T Shamsi,ODI,13,71,39,69,4,48,4,0,9.75,56.52,69.57,5.8
E Pokana,T20I,5,60,39,58,3,33,3,0,13.0,67.24,56.9,5.17
T Ariuntsetseg,T20I,10,124,39,119,10,92,2,0,3.9,32.77,77.31,1.68
CB Lambert,ODI,1,86,39,84,1,64,4,1,39.0,46.43,76.19,5.95
NT Ellis,T20I,11,62,39,61,6,33,2,1,6.5,63.93,54.1,4.92
Usman Khan,ODI,1,33,39,33,1,17,4,2,39.0,118.18,51.52,18.18
BA Viraliliu,T20I,1,31,39,30,1,7,3,0,39.0,130.0,23.33,10.0
AJ Kenealy,ODI,6,95,39,92,6,75,5,1,6.5,42.39,81.52,6.52
O Lefaga,T20I,7,71,39,65,8,44,4,0,4.88,60.0,67.69,6.15
A Tector,ODI,5,63,39,62,5,34,2,0,7.8,62.9,54.84,3.23
Imran Khalid,PSL,5,44,39,43,3,22,1,2,13.0,90.7,51.16,6.98
Muhammed Turkmen,T20I,4,29,39,27,5,13,3,3,7.8,144.44,48.15,22.22
B Sharki,T20I,2,29,39,26,2,6,4,1,19.5,150.0,23.08,19.23
CT Mumba,T20I,4,44,39,38,3,19,4,1,13.0,102.63,50.0,13.16
CSN Mbelel,T20I,12,110,39,105,10,80,4,0,3.9,37.14,76.19,3.81
V Hamunyela,T20I,16,75,39,67,5,40,3,0,7.8,58.21,59.7,4.48
Yousef Shadzehisarjou,T20I,1,50,39,46,1,23,4,0,39.0,84.78,50.0,8.7
OGT Gould,T20I,2,43,39,42,2,17,1,2,19.5,92.86,40.48,7.14
Mohammad Ilyas,PSL,11,46,39,45,5,17,2,0,7.8,86.67,37.78,4.44
J Danikula,T20I,5,71,39,68,6,40,3,0,6.5,57.35,58.82,4.41
G Oliveira,T20I,7,40,39,36,3,21,2,3,13.0,108.33,58.33,13.89
S Nadeem,IPL,20,88,39,87,16,57,2,0,2.44,44.83,65.52,2.3
Mohammad Sami,PSL,12,41,39,39,6,15,2,1,6.5,100.0,38.46,7.69
A Manousis,T20I,6,35,39,32,5,18,5,2,7.8,121.88,56.25,21.88
GL Adams,T20I,2,33,39,31,2,7,3,0,19.5,125.81,22.58,9.68
K Shivam,T20I,8,94,39,89,7,64,2,1,5.57,43.82,71.91,3.37
M Short,T20I,3,41,39,37,2,10,3,0,19.5,105.41,27.03,8.11
Sajid Cheema,T20I,4,51,39,47,4,29,3,2,9.75,82.98,61.7,10.64
TA Copeland,Test,2,77,39,77,3,61,7,0,13.0,50.65,79.22,9.09
M Fontaine,T20I,7,41,39,41,4,16,0,1,9.75,95.12,39.02,2.44
Mayank Nagayach,T20I,7,39,39,38,6,21,4,1,6.5,102.63,55.26,13.16
DJ Thornely,IPL,4,54,39,53,3,30,2,2,13.0,73.58,56.6,7.55
Roheed Akhtar,T20I,9,75,39,65,5,39,3,0,7.8,60.0,60.0,4.62
RM Haq,T20I,5,63,39,61,2,28,1,0,19.5,63.93,45.9,1.64
PRCS Kumarihami,T20I,7,61,39,59,7,34,4,0,5.57,66.1,57.63,6.78
Arsalan Arif,T20I,4,52,39,51,3,24,1,0,13.0,76.47,47.06,1.96
RP Magar,T20I,5,80,39,76,5,48,0,2,7.8,51.32,63.16,2.63
U Thimashini,T20I,6,47,39,46,5,25,6,0,7.8,84.78,54.35,13.04
N Pokana,T20I,9,48,39,46,5,20,0,2,7.8,84.78,43.48,4.35
A Andriani,T20I,5,35,38,33,3,19,6,0,12.67,115.15,57.58,18.18
D Joseph,T20I,7,93,38,90,7,62,2,0,5.43,42.22,68.89,2.22
R Gnanaraj,T20I,6,82,38,76,6,49,3,0,6.33,50.0,64.47,3.95
BJ Watling,T20I,4,60,38,58,4,32,3,0,9.5,65.52,55.17,5.17
N M'shangwe,ODI,4,44,38,43,4,31,0,5,9.5,88.37,72.09,11.63
H Nguyen,T20I,7,51,38,47,4,21,4,0,9.5,80.85,44.68,8.51
Usama Mir,ODI,4,30,38,29,4,14,2,3,9.5,131.03,48.28,17.24
H Pragji,T20I,4,65,38,65,3,34,1,0,12.67,58.46,52.31,1.54
Anasim Khan,T20I,4,28,38,28,3,13,4,2,12.67,135.71,46.43,21.43
JM Willathgamuwa,T20I,5,70,38,69,4,49,3,0,9.5,55.07,71.01,4.35
T Granger,ODI,3,58,38,57,3,34,3,0,12.67,66.67,59.65,5.26
EA Osborne,Test,1,98,38,98,0,73,4,0,38.0,38.78,74.49,4.08
J Nyumbu,Test,3,129,38,129,5,110,2,2,7.6,29.46,85.27,3.1
Elias Sunny,Test,4,143,38,143,5,127,4,1,7.6,26.57,88.81,3.5
P Chin,T20I,4,55,38,55,3,32,1,0,12.67,69.09,58.18,1.82
Seungmin Song,T20I,4,87,38,75,4,53,5,0,9.5,50.67,70.67,6.67
CS Terblanche,ODI,2,65,38,62,1,38,1,0,38.0,61.29,61.29,1.61
Saad Masood,ODI,1,44,38,44,1,24,5,0,38.0,86.36,54.55,11.36
J Allenby,PSL,2,40,38,40,2,19,5,0,19.0,95.0,47.5,12.5
A Gorawara,T20I,4,37,38,37,4,16,2,2,9.5,102.7,43.24,10.81
CKB Kulasekara,ODI,3,73,38,72,3,43,0,0,12.67,52.78,59.72,0.0
AK Kitchen,T20I,4,32,38,32,2,10,3,1,19.0,118.75,31.25,12.5
Mohammed Sameer,T20I,2,32,38,29,2,16,6,1,19.0,131.03,55.17,24.14
Aiman Anwer,T20I,12,61,38,58,7,27,2,0,5.43,65.52,46.55,3.45
PP Chawla,ODI,12,60,38,58,7,31,3,0,5.43,65.52,53.45,5.17
JM Polarouthu,T20I,3,48,38,41,1,16,1,1,38.0,92.68,39.02,4.88
R Klein,ODI,9,81,38,79,7,48,1,0,5.43,48.1,60.76,1.27
GD Drummond,T20I,3,49,38,48,5,21,3,0,7.6,79.17,43.75,6.25
F Mutizwa,T20I,3,36,38,36,2,11,3,0,19.0,105.56,30.56,8.33
D Mongia,T20I,1,45,38,45,2,27,4,1,19.0,84.44,60.0,11.11
Nooruddin Mujadady,T20I,3,24,38,24,2,6,2,2,19.0,158.33,25.0,16.67
TB Sole,ODI,6,37,38,36,5,20,7,0,7.6,105.56,55.56,19.44
JJ Davidson,ODI,4,34,38,34,0,12,3,0,38.0,111.76,35.29,8.82
SF Sirah,T20I,9,83,38,78,6,44,0,0,6.33,48.72,56.41,0.0
Haseeb Amjad,T20I,8,39,38,39,4,17,2,1,9.5,97.44,43.59,7.69
Jaskaran Singh,ODI,3,64,38,63,3,43,3,1,12.67,60.32,68.25,6.35
DJ Reekers,ODI,5,38,38,36,4,23,8,0,9.5,105.56,63.89,22.22
S Jele,T20I,6,37,38,37,5,17,1,2,7.6,102.7,45.95,8.11
JT Ball,ODI,6,50,38,49,5,33,6,0,7.6,77.55,67.35,12.24
Saad Ali,PSL,3,42,38,40,3,12,1,1,12.67,95.0,30.0,5.0
M Valner,T20I,12,187,38,157,9,122,1,0,4.22,24.2,77.71,0.64
K Thomson,T20I,2,57,38,54,2,28,3,0,19.0,70.37,51.85,5.56
D Padikkal,T20I,2,38,38,38,2,15,2,1,19.0,100.0,39.47,7.89
Shahid Aziz,PSL,5,26,38,26,5,9,3,2,7.6,146.15,34.62,19.23
Irfan Sarfraz,T20I,3,56,38,55,2,27,2,0,19.0,69.09,49.09,3.64
Shahid Ahmadzai,ODI,6,66,38,63,4,39,3,0,9.5,60.32,61.9,4.76
Qaiser Ali,ODI,5,98,38,95,6,72,4,0,6.33,40.0,75.79,4.21
MPA Miranda,T20I,2,39,38,38,1,17,6,0,38.0,100.0,44.74,15.79
TMM Newton,ODI,6,79,38,78,6,50,2,0,6.33,48.72,64.1,2.56
P Kotoisuva,T20I,6,32,38,32,4,15,1,3,9.5,118.75,46.88,12.5
K Sinclair,ODI,3,65,38,64,2,36,2,0,19.0,59.38,56.25,3.12
Ovais Yousof,T20I,2,59,38,56,2,31,3,0,19.0,67.86,55.36,5.36
V Masekesa,Test,4,167,38,167,6,142,3,0,6.33,22.75,85.03,1.8
Hasan Mahmud,ODI,13,79,37,78,9,55,4,0,4.11,47.44,70.51,5.13
SD Outerbridge,T20I,1,36,37,35,0,10,1,1,37.0,105.71,28.57,5.71
KV Jain,Test,2,169,37,169,3,153,7,0,12.33,21.89,90.53,4.14
MM Dekeling,T20I,11,74,37,70,8,47,4,0,4.62,52.86,67.14,5.71
YS Chahal,IPL,17,89,37,86,6,54,0,0,6.17,43.02,62.79,0.0
RV Hawkins,T20I,7,54,37,52,5,25,3,0,7.4,71.15,48.08,5.77
Danish Aziz,T20I,2,39,37,35,2,10,1,1,18.5,105.71,28.57,5.71
Humaira Tasneem,T20I,10,84,37,80,10,52,1,0,3.7,46.25,65.0,1.25
Ananya Srinivasan,T20I,5,64,37,56,2,26,1,0,18.5,66.07,46.43,1.79
J Newland,T20I,3,43,37,40,2,15,2,0,18.5,92.5,37.5,5.0
Fazl-e-Akbar,Test,1,65,37,65,2,49,7,0,18.5,56.92,75.38,10.77
BM Wheeler,T20I,3,30,37,28,2,11,3,2,18.5,132.14,39.29,17.86
H Dhavina,T20I,12,175,37,158,10,124,1,0,3.7,23.42,78.48,0.63
Snigdha Paul,T20I,6,76,37,69,6,45,3,0,6.17,53.62,65.22,4.35
Jonte Smith,T20I,7,45,37,45,4,22,3,0,9.25,82.22,48.89,6.67
Shakirah Sadick,T20I,6,88,37,84,5,61,1,1,7.4,44.05,72.62,2.38
SJ Benn,T20I,7,42,37,42,3,25,5,1,12.33,88.1,59.52,14.29
GI Hume,T20I,4,30,37,28,1,9,2,2,37.0,132.14,32.14,14.29
Mohamed Shiyam,T20I,4,56,37,54,2,33,4,0,18.5,68.52,61.11,7.41
I Kamara,T20I,8,75,37,71,6,49,2,1,6.17,52.11,69.01,4.23
TS Roland-Jones,ODI,1,38,37,37,0,23,5,1,37.0,100.0,62.16,16.22
L Moises,T20I,9,50,37,46,4,25,4,0,9.25,80.43,54.35,8.7
Imran Khan (4),T20I,2,28,37,27,1,13,2,3,37.0,137.04,48.15,18.52
JA Clarkson,ODI,5,55,37,55,5,31,3,0,7.4,67.27,56.36,5.45
U Chetry,T20I,4,41,37,41,4,23,5,0,9.25,90.24,56.1,12.2
KAR Hodge,ODI,3,48,37,47,3,27,5,0,12.33,78.72,57.45,10.64
J Campbell,Test,1,65,37,65,2,48,4,0,18.5,56.92,73.85,6.15
Syed Rasel,Test,6,96,37,95,8,79,6,0,4.62,38.95,83.16,6.32
RM Hira,T20I,3,34,37,33,2,15,4,1,18.5,112.12,45.45,15.15
GEM Brealey,T20I,5,74,37,59,5,31,1,0,7.4,62.71,52.54,1.69
TE Kane,T20I,3,31,37,31,2,11,4,0,18.5,119.35,35.48,12.9
MJ Owen,ODI,2,28,37,27,2,13,2,3,18.5,137.04,48.15,18.52
Waleed Rana,T20I,3,50,37,48,3,27,2,1,12.33,77.08,56.25,6.25
JS Foster,T20I,5,32,37,32,3,9,0,1,12.33,115.62,28.12,3.12
KE Broadmore,T20I,3,45,37,44,1,16,2,0,37.0,84.09,36.36,4.55
O Davidson,T20I,4,33,37,30,3,14,5,1,12.33,123.33,46.67,20.0
Abdur Razzak,T20I,15,68,37,66,8,38,1,0,4.62,56.06,57.58,1.52
K Sequiera,T20I,1,41,37,39,0,13,3,0,37.0,94.87,33.33,7.69
Khusboo Kandpal,T20I,5,64,37,54,4,29,2,0,9.25,68.52,53.7,3.7
A Sarma,T20I,2,47,37,46,2,24,3,1,18.5,80.43,52.17,8.7
ML Kostic,T20I,7,50,37,45,6,24,5,0,6.17,82.22,53.33,11.11
Tushar Imran,Test,2,107,37,106,4,83,5,0,9.25,34.91,78.3,4.72
Usman Salahuddin,Test,1,120,37,120,2,99,2,0,18.5,30.83,82.5,1.67
S Wankhade,T20I,3,87,37,81,3,55,1,0,12.33,45.68,67.9,1.23
DM Kimmince,ODI,3,52,37,48,0,23,3,0,37.0,77.08,47.92,6.25
A Kuthalingham,T20I,2,40,37,39,2,14,1,0,18.5,94.87,35.9,2.56
SO Ngoche,ODI,5,45,37,45,3,26,1,2,12.33,82.22,57.78,6.67
S Narwal,IPL,4,29,37,27,4,10,6,0,9.25,137.04,37.04,22.22
Abu Hider,T20I,3,29,37,29,1,15,4,2,37.0,127.59,51.72,20.69
KN Gabhane,T20I,2,42,36,39,0,17,3,0,36.0,92.31,43.59,7.69
T Parisi-mesimeri,T20I,11,91,36,76,6,49,2,0,6.0,47.37,64.47,2.63
Ankush Singh,T20I,2,32,36,29,2,18,3,3,18.0,124.14,62.07,20.69
N Niranjana,T20I,5,31,36,31,5,11,4,0,7.2,116.13,35.48,12.9
Zaheer Ibrahim,T20I,6,39,36,39,6,21,4,1,6.0,92.31,53.85,12.82
Rizwan Haider,T20I,8,28,36,28,2,10,1,3,18.0,128.57,35.71,14.29
D Madushanka,ODI,9,76,36,75,4,55,5,0,9.0,48.0,73.33,6.67
E Toguchi-Quinn,T20I,13,84,36,77,8,50,1,0,4.5,46.75,64.94,1.3
BG Rogers,Test,2,75,36,75,4,58,4,0,9.0,48.0,77.33,5.33
L Goodall,Test,1,91,36,91,2,75,5,0,18.0,39.56,82.42,5.49
Ahsan Ali,T20I,2,39,36,39,2,15,4,0,18.0,92.31,38.46,10.26
Usman Qadir,PSL,5,25,36,25,3,9,3,2,12.0,144.0,36.0,20.0
Al Sahariar,Test,1,61,36,61,3,46,3,1,12.0,59.02,75.41,6.56
T Brits,Test,1,178,36,175,2,153,4,0,18.0,20.57,87.43,2.29
Munir Dar,T20I,1,27,36,27,1,7,3,1,36.0,133.33,25.93,14.81
M Landsman,T20I,1,33,36,30,1,12,2,1,36.0,120.0,40.0,10.0
GM Ewing,Test,2,58,36,58,4,42,7,0,9.0,62.07,72.41,12.07
JL du Plooy,PSL,2,26,36,26,2,8,4,0,18.0,138.46,30.77,15.38
TD Chaoana,T20I,12,68,36,66,7,42,2,0,5.14,54.55,63.64,3.03
S Williams,T20I,8,54,36,51,3,26,3,0,12.0,70.59,50.98,5.88
RWT Key,ODI,4,105,36,101,4,76,3,0,9.0,35.64,75.25,2.97
L Balaji,IPL,13,50,36,49,7,28,2,1,5.14,73.47,57.14,6.12
MA Suji,ODI,7,51,36,48,3,23,1,1,12.0,75.0,47.92,4.17
Raghvi Bist,T20I,2,33,36,30,1,5,2,1,36.0,120.0,16.67,10.0
A Uwimbabazi,T20I,6,60,36,54,4,26,0,0,9.0,66.67,48.15,0.0
Abeer Maryam,T20I,9,108,36,99,7,75,4,0,5.14,36.36,75.76,4.04
O Sam Arthur,T20I,5,47,36,46,1,27,5,0,36.0,78.26,58.7,10.87
TMA Leslie,T20I,11,93,36,88,9,62,2,0,4.0,40.91,70.45,2.27
J Dunn,T20I,3,41,36,41,3,18,0,1,12.0,87.8,43.9,2.44
Anureet Singh,IPL,8,47,36,47,4,22,2,1,9.0,76.6,46.81,6.38
Azeem Nazir,T20I,2,42,36,42,2,23,5,0,18.0,85.71,54.76,11.9
Maira Khan,T20I,5,167,36,157,5,131,3,0,7.2,22.93,83.44,1.91
Awais Zafar,PSL,1,31,36,27,1,11,5,1,36.0,133.33,40.74,22.22
DNT Zoysa,ODI,9,56,36,55,5,28,3,0,7.2,65.45,50.91,5.45
FA Sargent,ODI,7,78,36,75,4,48,2,0,9.0,48.0,64.0,2.67
L Lee,Test,1,60,36,59,2,43,5,0,18.0,61.02,72.88,8.47
Sohail Tanvir,IPL,5,31,36,29,3,9,3,1,12.0,124.14,31.03,13.79
Abu Jayed,Test,11,158,36,157,13,142,4,0,2.77,22.93,90.45,2.55
Asif Iqbal,T20I,3,45,36,45,2,23,3,1,18.0,80.0,51.11,8.89
Chen Zhuo Yue,T20I,8,65,36,64,5,40,1,1,7.2,56.25,62.5,3.12
Mohammad Sharif,Test,2,122,36,121,3,99,3,0,12.0,29.75,81.82,2.48
B Madimabe,T20I,11,137,36,128,11,103,2,0,3.27,28.12,80.47,1.56
C Udekwe,T20I,9,40,36,39,4,20,1,2,9.0,92.31,51.28,7.69
JD Unadkat,Test,3,89,36,89,3,69,2,1,12.0,40.45,77.53,3.37
PA Patel,T20I,2,33,36,32,2,14,4,1,18.0,112.5,43.75,15.62
A Magdalenic,T20I,14,96,36,90,13,65,3,0,2.77,40.0,72.22,3.33
D Teinaki,T20I,4,40,36,38,3,23,2,3,12.0,94.74,60.53,13.16
LH Ferguson,T20I,12,43,36,42,8,20,0,2,4.5,85.71,47.62,4.76
C Zhuwao,T20I,4,42,36,41,4,25,5,1,9.0,87.8,60.98,14.63
GI Hume,Test,3,138,36,138,5,121,6,0,7.2,26.09,87.68,4.35
S Jafta,Test,4,145,36,145,7,127,4,0,5.14,24.83,87.59,2.76
JO Troughton,ODI,5,77,36,76,4,57,5,0,9.0,47.37,75.0,6.58
AN Ahmed,IPL,6,27,36,26,1,10,4,1,36.0,138.46,38.46,19.23
Joginder Sharma,IPL,5,30,36,30,4,10,1,2,9.0,120.0,33.33,10.0
KW Richardson,IPL,4,39,36,39,3,17,2,1,12.0,92.31,43.59,7.69
Aaditya Varadarajan,ODI,3,66,36,62,3,34,1,0,12.0,58.06,54.84,1.61
Haseebullah Khan,T20I,3,30,36,30,3,15,4,1,12.0,120.0,50.0,16.67
A Brown-Carrera,T20I,9,71,36,58,6,35,3,0,6.0,62.07,60.34,5.17
Zayneb Fazil,T20I,6,68,36,56,5,35,4,0,7.2,64.29,62.5,7.14
N Pradeep,ODI,19,80,35,79,7,60,3,1,5.0,44.3,75.95,5.06
DJ Reekers,T20I,3,22,35,22,3,10,4,2,11.67,159.09,45.45,27.27
Arsalan Ahmed,T20I,3,32,35,27,3,14,7,0,11.67,129.63,51.85,25.93
NA Greenwood,ODI,4,69,35,66,4,47,3,0,8.75,53.03,71.21,4.55
T Holder,T20I,6,69,35,68,5,46,2,0,7.0,51.47,67.65,2.94
MJ Henry,T20I,12,35,35,33,6,13,4,0,5.83,106.06,39.39,12.12
RKJ Dawson,Test,3,111,35,111,3,91,4,0,11.67,31.53,81.98,3.6
JC Martin,T20I,3,37,35,36,2,15,1,1,17.5,97.22,41.67,5.56
E Kubwimana,T20I,15,64,35,62,9,41,2,0,3.89,56.45,66.13,3.23
S Kochar,T20I,4,45,35,44,4,23,2,1,8.75,79.55,52.27,6.82
S Kanankege,T20I,12,90,35,83,8,59,2,0,4.38,42.17,71.08,2.41
SK Patel,T20I,2,39,35,37,2,12,2,0,17.5,94.59,32.43,5.41
Shehzad Patel,T20I,5,42,35,42,4,25,3,1,8.75,83.33,59.52,9.52
M Ashwin,IPL,12,50,35,50,8,27,2,1,4.38,70.0,54.0,6.0
H Srinivasan,T20I,4,50,35,49,2,20,1,0,17.5,71.43,40.82,2.04
VR Aaron,Test,7,110,35,110,9,90,4,0,3.89,31.82,81.82,3.64
A Conteh,T20I,6,58,35,55,6,36,3,0,5.83,63.64,65.45,5.45
Urooj Mumtaz,ODI,3,99,35,95,3,74,3,0,11.67,36.84,77.89,3.16
Nary Thapa,T20I,5,51,35,48,4,24,3,0,8.75,72.92,50.0,6.25
A Dalzell,ODI,5,71,35,70,3,43,2,0,11.67,50.0,61.43,2.86
Amjad Mahboob,T20I,13,49,35,48,7,26,1,2,5.0,72.92,54.17,6.25
P Seldon,T20I,8,64,35,63,6,35,1,0,5.83,55.56,55.56,1.59
CB Mpofu,T20I,10,43,35,43,4,23,3,1,8.75,81.4,53.49,9.3
A Zimunu,T20I,5,43,35,39,3,19,4,0,11.67,89.74,48.72,10.26
KDC Clarke,ODI,2,22,35,22,1,7,4,1,35.0,159.09,31.82,22.73
LA Goncalves,T20I,2,37,35,33,1,16,3,1,35.0,106.06,48.48,12.12
C Murrombe,T20I,8,137,35,126,9,104,3,0,3.89,27.78,82.54,2.38
S Mahmood,T20I,9,47,35,45,5,23,2,1,7.0,77.78,51.11,6.67
Busra Uca,T20I,5,105,35,94,4,67,1,0,8.75,37.23,71.28,1.06
Shuvagata Hom,T20I,4,35,35,35,3,15,3,1,11.67,100.0,42.86,11.43
OE Taylor,T20I,7,69,35,69,6,36,0,0,5.83,50.72,52.17,0.0
I Majdancic,T20I,2,44,35,38,2,11,2,0,17.5,92.11,28.95,5.26
STR Binny,T20I,2,30,35,29,3,7,2,1,11.67,120.69,24.14,10.34
C McAuslan,ODI,2,74,35,72,2,51,4,0,17.5,48.61,70.83,5.56
Rahat Kazi,T20I,8,72,35,64,6,43,1,1,5.83,54.69,67.19,3.12
AM Patel,T20I,7,47,35,44,3,23,3,0,11.67,79.55,52.27,6.82
B Namuunzul,T20I,11,130,35,113,8,82,1,0,4.38,30.97,72.57,0.88
YI Kachhalia,T20I,7,59,35,55,9,32,3,0,3.89,63.64,58.18,5.45
S Smale,T20I,2,31,35,29,2,9,5,0,17.5,120.69,31.03,17.24
JNT Vare,ODI,5,71,35,70,5,42,1,0,7.0,50.0,60.0,1.43
B Sumanth,IPL,4,38,35,37,1,14,3,0,35.0,94.59,37.84,8.11
Basir Ahamad,ODI,5,83,35,83,5,61,4,0,7.0,42.17,73.49,4.82
A Ilaoa,T20I,7,35,35,35,6,18,3,1,5.83,100.0,51.43,11.43
CI Manidom,T20I,10,96,35,90,7,65,2,0,5.0,38.89,72.22,2.22
JDF Vandersay,T20I,7,42,35,40,3,20,3,1,11.67,87.5,50.0,10.0
RM Jariwala,T20I,1,33,35,31,1,12,4,0,35.0,112.9,38.71,12.9
DT Hondo,ODI,14,113,35,110,8,87,4,0,4.38,31.82,79.09,3.64
JC Balt,ODI,3,61,35,60,2,39,4,0,17.5,58.33,65.0,6.67
Nay Lin Htun,T20I,13,62,35,56,7,29,2,0,5.0,62.5,51.79,3.57
Nazakat Ali,T20I,2,31,35,31,2,14,1,3,17.5,112.9,45.16,12.9
Waqas Haider,T20I,3,21,35,21,2,9,4,2,17.5,166.67,42.86,28.57
J van Vliet,ODI,4,84,35,83,5,52,0,0,7.0,42.17,62.65,0.0
F Pessima,T20I,6,73,35,66,4,43,2,0,8.75,53.03,65.15,3.03
T Maika,T20I,7,70,35,69,5,47,4,0,7.0,50.72,68.12,5.8
Zulfiqar Babar,ODI,5,40,35,40,2,23,2,1,17.5,87.5,57.5,7.5
KE Pounsett,T20I,6,57,35,54,7,33,3,0,5.0,64.81,61.11,5.56
Codi Yusuf,Test,1,66,35,66,1,52,6,0,35.0,53.03,78.79,9.09
Sathya Narayanan,T20I,5,51,35,51,4,26,2,0,8.75,68.63,50.98,3.92
S Sharma,T20I,9,41,35,39,9,25,1,3,3.89,89.74,64.1,10.26
D Murphy,T20I,3,35,35,34,2,9,2,0,17.5,102.94,26.47,5.88
Abdullah Jasat,T20I,7,30,35,29,5,13,2,2,7.0,120.69,44.83,13.79
Pavandeep Singh,T20I,16,65,35,61,0,28,0,0,35.0,57.38,45.9,0.0
DI Allan,T20I,6,71,35,70,6,45,3,0,5.83,50.0,64.29,4.29
A Kumble,IPL,15,49,35,47,2,22,3,0,17.5,74.47,46.81,6.38
M Nanayakkara,T20I,1,34,35,32,1,13,4,0,35.0,109.38,40.62,12.5
Abdul Shakoor,ODI,2,66,34,65,2,43,2,1,17.0,52.31,66.15,4.62
F Chenda,T20I,7,99,34,91,7,67,2,0,4.86,37.36,73.63,2.2
RA Birch,Test,2,104,34,104,3,89,6,0,11.33,32.69,85.58,5.77
A Kanada,T20I,4,52,34,48,3,21,2,0,11.33,70.83,43.75,4.17
LDVV Silva,ODI,2,76,34,73,2,58,6,0,17.0,46.58,79.45,8.22
GH Dockrell,Test,1,78,34,78,2,62,6,0,17.0,43.59,79.49,7.69
Najeeb Amar,ODI,2,42,34,41,1,24,5,0,34.0,82.93,58.54,12.2
Arafat Sunny,T20I,6,32,34,30,3,12,3,1,11.33,113.33,40.0,13.33
M Tarimiala,T20I,10,67,34,65,6,40,2,0,5.67,52.31,61.54,3.08
Huang Junjie,T20I,5,86,34,81,5,60,3,0,6.8,41.98,74.07,3.7
KV Vakuruivalu,T20I,7,68,34,60,3,36,2,0,11.33,56.67,60.0,3.33
NA Maiolo,T20I,4,41,34,40,4,18,2,1,8.5,85.0,45.0,7.5
B Jerkovic,T20I,7,76,34,73,3,47,1,0,11.33,46.58,64.38,1.37
CD de Lange,T20I,2,20,34,20,2,7,2,2,17.0,170.0,35.0,20.0
T Horpinitch,T20I,4,63,34,62,5,45,5,0,6.8,54.84,72.58,8.06
AP Dole,IPL,2,23,34,22,2,6,3,1,17.0,154.55,27.27,18.18
S Kimura,T20I,4,38,34,38,4,17,1,1,8.5,89.47,44.74,5.26
Kashif Khan,T20I,4,59,34,51,3,24,0,1,11.33,66.67,47.06,1.96
LK Ebsary,T20I,3,19,34,18,0,2,2,1,34.0,188.89,11.11,16.67
W Perchard,T20I,3,32,34,31,0,10,2,0,34.0,109.68,32.26,6.45
Hammad Azam,T20I,4,34,34,34,3,14,3,1,11.33,100.0,41.18,11.76
SSB Magala,T20I,3,18,34,18,1,7,1,4,34.0,188.89,38.89,27.78
DK Dahyabhai Ahir,T20I,6,48,34,46,3,19,1,0,11.33,73.91,41.3,2.17
RP Alexander,ODI,2,81,34,75,2,51,3,0,17.0,45.33,68.0,4.0
RMS Eranga,ODI,11,68,34,64,3,47,4,0,11.33,53.12,73.44,6.25
J Marples,T20I,7,43,34,42,5,18,2,0,6.8,80.95,42.86,4.76
KS Gautam,Test,1,58,34,58,1,39,3,0,34.0,58.62,67.24,5.17
Saqlain Mushtaq,Test,3,158,34,158,6,136,2,0,5.67,21.52,86.08,1.27
MM Chaudhary,T20I,10,82,34,81,8,53,2,0,4.25,41.98,65.43,2.47
W McClintock,T20I,4,39,34,38,3,19,4,0,11.33,89.47,50.0,10.53
Manoj Adhikari,T20I,6,55,34,53,4,30,3,0,8.5,64.15,56.6,5.66
J Hill,T20I,7,67,34,64,4,40,3,0,8.5,53.12,62.5,4.69
Sinan Khan,T20I,4,38,34,36,5,16,3,0,6.8,94.44,44.44,8.33
Shah Faisal,T20I,8,46,34,45,4,23,2,1,8.5,75.56,51.11,6.67
M Daniels,ODI,7,70,34,66,1,49,4,0,34.0,51.52,74.24,6.06
A Krishna,T20I,8,33,34,33,3,13,4,0,11.33,103.03,39.39,12.12
S Smith,T20I,11,67,34,65,6,35,1,0,5.67,52.31,53.85,1.54
Ansh Tandon,T20I,5,35,34,34,4,16,3,1,8.5,100.0,47.06,11.76
YK Rai,T20I,1,27,34,26,1,8,1,2,34.0,130.77,30.77,11.54
L Ronchi,IPL,5,37,34,34,3,23,6,1,11.33,100.0,67.65,20.59
A Mithun,IPL,6,26,34,26,5,11,4,1,6.8,130.77,42.31,19.23
JL Aras,T20I,2,45,34,44,1,17,2,0,34.0,77.27,38.64,4.55
A McGrath,Test,1,70,34,69,1,54,5,0,34.0,49.28,78.26,7.25
LR Naylor,ODI,2,43,34,43,2,26,5,0,17.0,79.07,60.47,11.63
TS Omary,T20I,7,68,34,64,8,44,2,0,4.25,53.12,68.75,3.12
Mohammad Talha,Test,3,72,34,72,4,61,4,2,8.5,47.22,84.72,8.33
Mohammad Tauqir,ODI,7,83,34,79,5,61,4,0,6.8,43.04,77.22,5.06
S Sreesanth,IPL,12,57,34,55,3,41,6,0,11.33,61.82,74.55,10.91
A Iopu,T20I,4,85,34,76,4,52,2,0,8.5,44.74,68.42,2.63
S Tharanga,T20I,4,34,34,30,3,16,3,2,11.33,113.33,53.33,16.67
J Tugsjargal,T20I,6,112,34,102,6,77,2,0,5.67,33.33,75.49,1.96
MSC Erasito,T20I,8,100,34,91,6,68,2,0,5.67,37.36,74.73,2.2
JH Stander,ODI,2,42,34,42,1,27,0,3,34.0,80.95,64.29,7.14
SM Benade,T20I,4,41,34,40,4,23,2,2,8.5,85.0,57.5,10.0
R Malhotra,T20I,4,56,34,56,3,27,0,0,11.33,60.71,48.21,0.0
R Flannigan,T20I,2,28,33,28,1,10,3,0,33.0,117.86,35.71,10.71
Simandeep Singh,T20I,7,33,33,32,4,10,2,0,8.25,103.12,31.25,6.25
HM Tiffen,ODI,1,41,33,39,0,21,4,0,33.0,84.62,53.85,10.26
DPS Tyagi,T20I,8,30,33,30,4,15,2,2,8.25,110.0,50.0,13.33
PARP Perera,ODI,2,61,33,58,2,32,2,0,16.5,56.9,55.17,3.45
N Burger,Test,3,113,33,113,4,96,4,0,8.25,29.2,84.96,3.54
RJMGM Rupasinghe,T20I,2,39,33,39,2,17,2,0,16.5,84.62,43.59,5.13
M Cohen,T20I,2,33,33,31,2,12,3,1,16.5,106.45,38.71,12.9
Kamal Soukhiya,T20I,5,33,33,32,5,15,1,2,6.6,103.12,46.88,9.38
Faisal Mehmood,T20I,2,26,33,25,2,12,5,1,16.5,132.0,48.0,24.0
Farhan Adil,Test,1,70,33,69,2,53,4,0,16.5,47.83,76.81,5.8
U Peace,T20I,13,58,33,57,6,34,1,0,5.5,57.89,59.65,1.75
Elias Hasan,T20I,6,37,33,37,4,20,2,2,8.25,89.19,54.05,10.81
Ayesha Naseem,ODI,4,40,33,37,4,21,2,2,8.25,89.19,56.76,10.81
IECM Wong,T20I,6,31,33,31,5,11,1,1,6.6,106.45,35.48,6.45
S Ozkunduz,T20I,4,46,33,36,3,18,3,0,11.0,91.67,50.0,8.33
Imran Tahir,IPL,8,37,33,37,4,21,5,0,8.25,89.19,56.76,13.51
DLS van Bunge,T20I,6,34,33,34,5,17,1,2,6.6,97.06,50.0,8.82
O Amarjargal,T20I,11,152,33,136,6,111,2,0,5.5,24.26,81.62,1.47
PRP Boissevain,ODI,3,57,33,55,3,35,2,0,11.0,60.0,63.64,3.64
Meghna Singh,ODI,7,51,33,49,3,30,4,0,11.0,67.35,61.22,8.16
Naveen-ul-Haq,PSL,3,21,33,20,1,5,4,1,33.0,165.0,25.0,25.0
Mustapha Yusuf,T20I,4,36,33,34,2,17,3,0,16.5,97.06,50.0,8.82
JAH Marshall,ODI,6,84,33,84,6,62,2,0,5.5,39.29,73.81,2.38
PSP Handscomb,T20I,2,33,33,33,2,6,1,0,16.5,100.0,18.18,3.03
D Staddon,T20I,3,70,33,58,4,39,3,0,8.25,56.9,67.24,5.17
I Pandey,T20I,4,54,33,50,4,36,5,0,8.25,66.0,72.0,10.0
Angela Busa,T20I,13,113,33,102,12,76,2,0,2.75,32.35,74.51,1.96
D Finau,T20I,7,30,33,29,4,14,2,2,8.25,113.79,48.28,13.79
D Salunkhe,IPL,3,24,33,24,1,8,5,0,33.0,137.5,33.33,20.83
GO Jones,T20I,2,25,33,25,1,9,5,0,33.0,132.0,36.0,20.0
M Matine,T20I,6,72,33,59,5,41,5,0,6.6,55.93,69.49,8.47
Mina Baek,T20I,2,58,33,51,1,27,2,0,33.0,64.71,52.94,3.92
A Codrington,ODI,6,79,33,72,6,52,3,0,5.5,45.83,72.22,4.17
R Nil,T20I,2,28,33,27,2,9,2,1,16.5,122.22,33.33,11.11
Mohammad Iqbal,ODI,2,56,33,53,2,41,6,0,16.5,62.26,77.36,11.32
Rumman Raees,PSL,11,51,33,49,6,29,4,0,5.5,67.35,59.18,8.16
Wan Nor Zulaika,T20I,9,67,33,65,6,44,2,0,5.5,50.77,67.69,3.08
G Ilarionova,T20I,9,78,33,66,9,38,2,0,3.67,50.0,57.58,3.03
WPUJC Vaas,T20I,2,42,33,41,1,11,1,0,33.0,80.49,26.83,2.44
Omar Hussain,T20I,5,43,33,40,5,22,2,1,6.6,82.5,55.0,7.5
C Chete,T20I,9,48,33,47,9,30,4,0,3.67,70.21,63.83,8.51
TC Bruce,ODI,2,35,33,35,1,17,1,2,33.0,94.29,48.57,8.57
TS Chisoro,T20I,6,40,33,40,3,22,1,2,11.0,82.5,55.0,7.5
CT Mumba,ODI,6,56,32,55,4,34,1,1,8.0,58.18,61.82,3.64
LJ Myott,T20I,8,36,32,34,3,15,1,1,10.67,94.12,44.12,5.88
MJ Swepson,T20I,5,25,32,23,1,7,1,2,32.0,139.13,30.43,13.04
Sheraz Sirwari,T20I,3,17,32,17,3,6,0,4,10.67,188.24,35.29,23.53
Panna Ghosh,T20I,11,53,32,49,4,25,1,0,8.0,65.31,51.02,2.04
GA Lamb,T20I,4,55,32,54,2,27,1,0,16.0,59.26,50.0,1.85
NT Broom,Test,2,72,32,72,3,59,5,0,10.67,44.44,81.94,6.94
Mirza Baig,T20I,2,20,32,20,1,10,4,2,32.0,160.0,50.0,30.0
PA Hitchcock,ODI,5,50,32,49,3,32,3,1,10.67,65.31,65.31,8.16
AT Carey,IPL,3,29,32,29,2,8,0,1,16.0,110.34,27.59,3.45
MK Villiers,ODI,3,32,32,31,3,12,3,0,10.67,103.23,38.71,9.68
TW Samuels,T20I,5,44,32,43,4,21,2,0,8.0,74.42,48.84,4.65
JD Newton,T20I,4,51,32,51,4,31,2,1,8.0,62.75,60.78,5.88
SE Findlay,T20I,2,31,32,31,2,14,4,0,16.0,103.23,45.16,12.9
BK Stroud,T20I,6,81,32,79,4,55,1,0,8.0,40.51,69.62,1.27
KRP Silva,T20I,2,14,32,12,2,2,2,3,16.0,266.67,16.67,41.67
Arshdeep Singh,IPL,14,49,32,47,6,31,4,0,5.33,68.09,65.96,8.51
JC Tredwell,T20I,5,21,32,20,3,5,4,1,10.67,160.0,25.0,25.0
GA Rogers,ODI,2,50,32,49,1,33,5,0,32.0,65.31,67.35,10.2
LHB Harrington-Myers,T20I,4,39,32,39,3,18,1,1,10.67,82.05,46.15,5.13
Franchesca Moya,T20I,4,61,32,53,4,27,5,0,8.0,60.38,50.94,9.43
Nadeem Ahmed,T20I,8,50,32,50,4,29,2,0,8.0,64.0,58.0,4.0
Aaqib Sulehri,T20I,4,33,32,33,4,18,5,0,8.0,96.97,54.55,15.15
ZR Jaboneke,T20I,5,45,32,44,3,20,0,1,10.67,72.73,45.45,2.27
DE Burgess,T20I,6,60,32,59,4,28,0,0,8.0,54.24,47.46,0.0
Basil Thampi,IPL,7,37,32,35,2,14,1,1,16.0,91.43,40.0,5.71
AAA Patel,T20I,4,35,32,31,4,21,4,1,8.0,103.23,67.74,16.13
MHW Papps,ODI,2,63,32,62,2,42,4,0,16.0,51.61,67.74,6.45
J West,T20I,4,57,32,53,4,30,2,0,8.0,60.38,56.6,3.77
OT Wallerson,T20I,4,67,32,64,4,38,1,0,8.0,50.0,59.38,1.56
D Cleaver,ODI,1,37,32,37,1,15,3,0,32.0,86.49,40.54,8.11
D Pavelic,T20I,2,61,32,54,3,24,1,0,10.67,59.26,44.44,1.85
JJ Wright,T20I,3,35,32,32,2,10,1,1,16.0,100.0,31.25,6.25
HA Varaiya,T20I,4,48,32,48,1,27,1,0,32.0,66.67,56.25,2.08
SNJ O'Keefe,T20I,5,27,32,26,4,13,4,1,8.0,123.08,50.0,19.23
AR Balla,T20I,12,124,32,117,7,89,0,0,4.57,27.35,76.07,0.0
Khurram Shahzad,PSL,9,57,32,55,3,30,2,0,10.67,58.18,54.55,3.64
R Limbu,T20I,3,47,32,47,3,32,4,1,10.67,68.09,68.09,10.64
CR Richards,T20I,9,53,32,50,8,32,2,1,4.0,64.0,64.0,6.0
R Overman,T20I,7,42,32,39,6,18,3,0,5.33,82.05,46.15,7.69
O Bell,ODI,5,77,32,72,3,51,3,0,10.67,44.44,70.83,4.17
K Ghalley,T20I,4,42,32,41,2,18,2,0,16.0,78.05,43.9,4.88
CM Saldanha,T20I,8,61,32,58,5,33,1,0,6.4,55.17,56.9,1.72
Rakibul Hasan,T20I,6,25,32,24,4,11,4,1,8.0,133.33,45.83,20.83
Qanita Jalil,ODI,9,64,32,60,8,37,2,0,4.0,53.33,61.67,3.33
VM Andrew,T20I,5,72,32,60,5,39,3,0,6.4,53.33,65.0,5.0
Qasim Akram,T20I,2,31,32,31,2,15,5,0,16.0,103.23,48.39,16.13
Adeeb Usmani,T20I,2,29,32,29,2,15,2,2,16.0,110.34,51.72,13.79
Aftab Kayani,T20I,3,33,32,32,3,15,3,0,10.67,100.0,46.88,9.38
Bukhar Illikkal,T20I,4,33,32,32,3,12,2,1,10.67,100.0,37.5,9.38
AH Thomson,T20I,9,65,32,64,6,39,1,0,5.33,50.0,60.94,1.56
RJ Peterson,IPL,5,32,32,30,3,13,3,1,10.67,106.67,43.33,13.33
Salman Patel,T20I,6,37,32,35,5,18,3,1,6.4,91.43,51.43,11.43
ML Bojang,T20I,5,33,32,32,5,18,2,1,6.4,100.0,56.25,9.38
J Efosa,T20I,8,64,32,60,3,40,3,0,10.67,53.33,66.67,5.0
AA Deshpande,ODI,1,69,32,68,1,55,4,1,32.0,47.06,80.88,7.35
RAP Nissanka,ODI,6,86,31,80,3,62,2,0,10.33,38.75,77.5,2.5
E Gebhard,T20I,3,78,31,59,4,31,0,0,7.75,52.54,52.54,0.0
JW Dernbach,T20I,9,33,31,32,3,14,4,0,10.33,96.88,43.75,12.5
MM Sharma,ODI,9,66,31,66,4,52,5,0,7.75,46.97,78.79,7.58
Al Maseera Jahangir,ODI,3,72,31,70,4,48,2,0,7.75,44.29,68.57,2.86
R Dravid,T20I,1,21,31,21,1,6,0,3,31.0,147.62,28.57,14.29
RT Nielsen,T20I,2,62,31,56,2,30,0,0,15.5,55.36,53.57,0.0
CM McBride,T20I,4,27,31,26,3,9,4,0,10.33,119.23,34.62,15.38
PM Siddle,ODI,6,30,31,30,3,14,2,0,10.33,103.33,46.67,6.67
L Maritz,ODI,3,62,31,62,3,46,3,0,10.33,50.0,74.19,4.84
T Taibu,IPL,3,26,31,26,3,9,3,0,10.33,119.23,34.62,11.54
TR Birt,T20I,3,34,31,33,3,18,3,1,10.33,93.94,54.55,12.12
H Sawanneh,T20I,7,54,31,51,5,29,2,0,6.2,60.78,56.86,3.92
Syed Maisam Ali,T20I,4,25,31,24,1,9,1,2,31.0,129.17,37.5,12.5
LN Saishiv,T20I,1,33,31,31,1,14,1,2,31.0,100.0,45.16,9.68
Parveen Kumar,T20I,7,55,31,51,6,33,0,2,5.17,60.78,64.71,3.92
Parvindar Kumar,T20I,4,26,31,26,3,10,1,2,10.33,119.23,38.46,11.54
Jay Odedra,ODI,8,60,31,58,6,43,0,3,5.17,53.45,74.14,5.17
JB Nero,ODI,3,56,31,54,3,39,5,0,10.33,57.41,72.22,9.26
B Shotorova,T20I,10,123,31,102,10,72,1,0,3.1,30.39,70.59,0.98
J Srinath,ODI,8,82,31,81,5,63,4,0,6.2,38.27,77.78,4.94
L Bigula,T20I,3,51,31,49,2,29,2,0,15.5,63.27,59.18,4.08
EC Rainsford,ODI,17,103,31,99,8,75,1,0,3.88,31.31,75.76,1.01
DG Weakley,T20I,6,51,31,50,5,29,1,1,6.2,62.0,58.0,4.0
S Sriram,IPL,2,38,31,36,2,16,3,0,15.5,86.11,44.44,8.33
CAK Rajitha,T20I,8,61,31,53,2,31,2,0,15.5,58.49,58.49,3.77
Shahadat Hossain,T20I,5,42,31,41,4,21,3,0,7.75,75.61,51.22,7.32
S Walaza,T20I,13,53,31,52,9,30,2,0,3.44,59.62,57.69,3.85
CW Perchard,ODI,3,35,31,34,0,17,1,2,31.0,91.18,50.0,8.82
D Daesrath,ODI,1,59,31,55,1,42,3,1,31.0,56.36,76.36,7.27
G Coetzee,IPL,7,33,31,33,6,18,2,2,5.17,93.94,54.55,12.12
Jiaping Li,T20I,10,108,31,96,8,75,2,0,3.88,32.29,78.12,2.08
M Mangru,ODI,4,76,31,68,4,48,3,0,7.75,45.59,70.59,4.41
Amir Hayat,ODI,5,74,31,73,3,50,1,1,10.33,42.47,68.49,2.74
DC Thomas,Test,1,93,31,93,2,80,3,0,15.5,33.33,86.02,3.23
NT Rajendran,T20I,5,31,31,29,1,8,3,0,31.0,106.9,27.59,10.34
D Marks,T20I,6,35,31,35,4,16,1,1,7.75,88.57,45.71,5.71
PA Nixon,T20I,1,23,31,22,0,5,2,1,31.0,140.91,22.73,13.64
NA Saini,IPL,6,36,31,35,3,15,3,0,10.33,88.57,42.86,8.57
M Tsarsi,T20I,4,87,31,75,3,58,4,0,10.33,41.33,77.33,5.33
TJ Mahe,T20I,10,62,31,59,10,42,4,0,3.1,52.54,71.19,6.78
S Kollery,T20I,2,43,31,43,2,25,4,0,15.5,72.09,58.14,9.3
G Toka,T20I,2,27,31,27,1,12,3,1,31.0,114.81,44.44,14.81
A Alfonso,T20I,12,76,31,71,9,48,2,0,3.44,43.66,67.61,2.82
LC Boylan,ODI,2,47,31,46,1,32,5,0,31.0,67.39,69.57,10.87
Soyeb Pendi,T20I,7,29,31,28,5,17,2,3,6.2,110.71,60.71,17.86
CS Fraser,T20I,10,68,31,65,4,46,1,1,7.75,47.69,70.77,3.08
GF Linde,PSL,3,25,31,25,2,12,3,1,15.5,124.0,48.0,16.0
TS Braat,T20I,2,31,31,30,1,15,4,1,31.0,103.33,50.0,16.67
F Chipare,ODI,7,61,31,56,5,37,3,0,6.2,55.36,66.07,5.36
SS Kang,ODI,4,107,31,105,2,79,1,0,15.5,29.52,75.24,0.95
GF Linde,IPL,3,21,31,21,3,10,6,0,10.33,147.62,47.62,28.57
J Cama,T20I,5,28,31,28,5,14,0,3,6.2,110.71,50.0,10.71
Usman Qadir,T20I,7,27,31,27,4,10,2,1,7.75,114.81,37.04,11.11
D Khanal,T20I,3,36,31,35,3,23,4,1,10.33,88.57,65.71,14.29
S Mahmood,ODI,7,54,31,53,4,31,2,0,7.75,58.49,58.49,3.77
P Kaveao,T20I,5,52,31,50,4,31,4,0,7.75,62.0,62.0,8.0
A Katoa,T20I,3,71,31,67,3,44,1,0,10.33,46.27,65.67,1.49
C Jonker,ODI,2,34,31,33,2,24,5,1,15.5,93.94,72.73,18.18
Eri Iko,T20I,3,50,31,48,4,25,2,0,7.75,64.58,52.08,4.17
Jahurul Islam,T20I,3,24,31,23,3,9,3,1,10.33,134.78,39.13,17.39
JDA Richardson,T20I,5,50,31,48,4,27,3,0,7.75,64.58,56.25,6.25
NS Naik,IPL,4,53,31,50,4,28,2,0,7.75,62.0,56.0,4.0
T Salcedo,T20I,3,41,30,33,3,19,5,0,10.0,90.91,57.58,15.15
B Wani,T20I,8,75,30,67,8,46,2,0,3.75,44.78,68.66,2.99
AA Jangoo,Test,1,56,30,56,2,38,3,0,15.0,53.57,67.86,5.36
Hamed Khan,T20I,5,43,30,43,4,20,2,0,7.5,69.77,46.51,4.65
Mohammad Haris,ODI,5,36,30,35,4,19,2,1,7.5,85.71,54.29,8.57
MVT Fernando,ODI,8,62,30,61,2,42,3,0,15.0,49.18,68.85,4.92
Batool Fatima,T20I,7,45,30,41,5,22,3,0,6.0,73.17,53.66,7.32
Ma Ruike,T20I,6,66,30,57,4,38,3,0,7.5,52.63,66.67,5.26
EA Burns,T20I,1,19,30,18,0,7,6,0,30.0,166.67,38.89,33.33
J Pakhiaokajee,T20I,5,39,30,39,3,23,2,1,10.0,76.92,58.97,7.69
GP Thorpe,ODI,2,46,30,46,2,26,2,0,15.0,65.22,56.52,4.35
J Chirila,T20I,3,66,30,55,1,31,1,0,30.0,54.55,56.36,1.82
B Leephatthana,ODI,3,66,30,64,3,45,4,0,10.0,46.88,70.31,6.25
CJPF Kalugamage,T20I,8,46,30,44,3,20,1,0,10.0,68.18,45.45,2.27
RV Viraj,T20I,4,53,30,52,4,37,5,0,7.5,57.69,71.15,9.62
Yan Zuying,T20I,8,89,30,84,6,57,0,0,5.0,35.71,67.86,0.0
YS Blagg,T20I,6,34,30,34,3,14,2,0,10.0,88.24,41.18,5.88
DK Pallekonda,T20I,9,46,30,42,7,25,4,0,4.29,71.43,59.52,9.52
A Mustafa,T20I,5,27,30,27,2,7,1,0,15.0,111.11,25.93,3.7
NMP Suwandewi,T20I,7,77,30,73,4,47,1,0,7.5,41.1,64.38,1.37
Bilal Khan,ODI,20,75,30,73,10,54,1,1,3.0,41.1,73.97,2.74
Danyal Akbar,T20I,3,32,30,31,1,11,2,0,30.0,96.77,35.48,6.45
Melanie Ani,T20I,4,56,30,47,3,30,4,0,10.0,63.83,63.83,8.51
RJ Trott,T20I,7,60,30,56,4,37,3,0,7.5,53.57,66.07,5.36
Jannatul Ferdus,ODI,5,77,30,74,5,55,3,0,6.0,40.54,74.32,4.05
JC Darji,T20I,6,45,30,44,6,27,4,0,5.0,68.18,61.36,9.09
Andre Jarju,T20I,8,73,30,71,6,50,2,0,5.0,42.25,70.42,2.82
GS Ballance,T20I,1,30,30,29,1,12,2,1,30.0,103.45,41.38,10.34
J Wilson,T20I,2,19,30,18,1,7,3,2,30.0,166.67,38.89,27.78
B Maphosa,T20I,4,40,30,39,2,20,0,1,15.0,76.92,51.28,2.56
MDUS Jayasundera,Test,2,77,30,77,3,61,2,0,10.0,38.96,79.22,2.6
R Turay,T20I,1,32,30,27,1,11,4,0,30.0,111.11,40.74,14.81
WW Hinds,T20I,4,42,30,41,3,23,3,0,10.0,73.17,56.1,7.32
JB Abega,T20I,12,78,30,77,12,52,1,0,2.5,38.96,67.53,1.3
MGMCP Gunawardene,T20I,4,50,30,48,3,21,0,0,10.0,62.5,43.75,0.0
AR Pitcher,ODI,1,55,30,54,1,37,2,1,30.0,55.56,68.52,5.56
RM Jariwala,ODI,4,53,30,50,4,28,1,1,7.5,60.0,56.0,4.0
D Cato,T20I,3,61,30,59,3,40,2,0,10.0,50.85,67.8,3.39
R Castillo,T20I,12,62,30,58,8,37,3,0,3.75,51.72,63.79,5.17
C Sosa,T20I,11,93,30,87,7,58,0,0,4.29,34.48,66.67,0.0
R Boyce,ODI,5,100,30,93,5,74,3,0,6.0,32.26,79.57,3.23
Junaid Siddiqui,T20I,6,34,30,33,3,11,0,1,10.0,90.91,33.33,3.03
Noor Ahmad,IPL,14,54,30,53,10,36,2,1,3.0,56.6,67.92,5.66
G Onions,Test,7,97,30,97,3,78,4,0,10.0,30.93,80.41,4.12
R Poojary,T20I,7,55,30,52,7,30,0,1,4.29,57.69,57.69,1.92
Gauhar Ali,PSL,3,22,30,22,3,10,4,1,10.0,136.36,45.45,22.73
N Tokizawa,T20I,4,57,30,54,1,31,1,0,30.0,55.56,57.41,1.85
Saqlain Haider,ODI,3,40,30,40,3,23,4,0,10.0,75.0,57.5,10.0
K Ramharack,T20I,13,60,30,58,6,33,0,0,5.0,51.72,56.9,0.0
OSB Tilley,T20I,5,41,30,38,4,23,5,0,7.5,78.95,60.53,13.16
Imran Khan,T20I,15,43,30,41,9,23,3,0,3.33,73.17,56.1,7.32
PJC Hoffmann,ODI,3,23,30,23,2,12,4,1,15.0,130.43,52.17,21.74
SM Warnapura,ODI,2,64,30,62,2,45,4,0,15.0,48.39,72.58,6.45
A Nortje,T20I,14,51,30,50,8,30,1,1,3.75,60.0,60.0,4.0
J Abwom,T20I,4,56,30,54,3,33,2,0,10.0,55.56,61.11,3.7
MF Kendal,ODI,3,87,30,84,3,68,3,0,10.0,35.71,80.95,3.57
A Morris,T20I,12,70,30,67,4,47,2,0,7.5,44.78,70.15,2.99
SJ Andrews,Test,2,60,30,60,2,47,4,0,15.0,50.0,78.33,6.67
M Faisal,ODI,2,73,30,68,2,51,3,0,15.0,44.12,75.0,4.41
Mohammad Ghazanfar,T20I,11,49,30,48,4,29,2,0,7.5,62.5,60.42,4.17
NH Ekanayake,T20I,4,45,30,43,3,29,3,1,10.0,69.77,67.44,9.3
Taful Elkhair,T20I,6,54,30,51,5,25,0,0,6.0,58.82,49.02,0.0
G Voll,Test,2,37,30,37,2,27,6,0,15.0,81.08,72.97,16.22
Zahid Mahmood,PSL,6,48,30,45,2,24,2,0,15.0,66.67,53.33,4.44
A Mossop,T20I,4,56,29,53,1,34,2,0,29.0,54.72,64.15,3.77
Mirab Sajjad,T20I,7,100,29,75,6,54,3,0,4.83,38.67,72.0,4.0
C Mutasa,T20I,7,31,29,31,4,14,2,0,7.25,93.55,45.16,6.45
Ehsan Nawaz,ODI,6,83,29,83,4,62,2,0,7.25,34.94,74.7,2.41
DK Shetty,T20I,5,25,29,24,2,7,1,1,14.5,120.83,29.17,8.33
G Anujin,T20I,13,89,29,82,13,65,2,0,2.23,35.37,79.27,2.44
N Zholudz,T20I,8,106,29,89,7,64,1,0,4.14,32.58,71.91,1.12
V Pulibanti,T20I,7,62,29,53,5,39,5,0,5.8,54.72,73.58,9.43
Zahid Ali,T20I,2,24,29,23,1,4,3,0,29.0,126.09,17.39,13.04
SD Hussein,T20I,10,90,29,86,9,63,1,0,3.22,33.72,73.26,1.16
P Pratt,T20I,10,56,29,52,4,31,2,0,7.25,55.77,59.62,3.85
Jahandad Khan,T20I,5,34,29,34,4,17,0,2,7.25,85.29,50.0,5.88
N Sharma,T20I,6,60,29,57,5,34,1,0,5.8,50.88,59.65,1.75
D Robson,T20I,5,46,29,43,4,21,0,1,7.25,67.44,48.84,2.33
M Kaukura,T20I,4,62,29,60,5,40,3,0,5.8,48.33,66.67,5.0
M van Jaarsveld,ODI,4,57,29,55,4,36,2,0,7.25,52.73,65.45,3.64
A King,T20I,6,34,29,33,2,18,4,0,14.5,87.88,54.55,12.12
Khalid Niazi,T20I,3,38,29,36,1,17,1,0,29.0,80.56,47.22,2.78
Fazil Muhammad,T20I,4,46,29,43,3,24,1,0,9.67,67.44,55.81,2.33
K Oala,ODI,3,41,29,40,3,30,3,2,9.67,72.5,75.0,12.5
ZL Thoon,T20I,6,50,29,47,4,29,2,0,7.25,61.7,61.7,4.26
GF Linde,ODI,3,40,29,38,2,21,3,0,14.5,76.32,55.26,7.89
G Newton,T20I,2,24,29,23,1,4,1,0,29.0,126.09,17.39,4.35
A Neill,ODI,6,43,29,41,2,22,2,0,14.5,70.73,53.66,4.88
P Malav,T20I,8,52,29,44,7,25,2,0,4.14,65.91,56.82,4.55
DN Wellalage,Test,1,47,29,47,2,31,3,0,14.5,61.7,65.96,6.38
Reehana Khan,T20I,4,42,29,38,3,21,3,0,9.67,76.32,55.26,7.89
Mir Hamza,PSL,11,35,29,35,1,21,3,1,29.0,82.86,60.0,11.43
EMKNH Senavirathna,ODI,4,49,29,48,4,30,2,0,7.25,60.42,62.5,4.17
FE Carava,T20I,5,67,29,63,5,41,1,0,5.8,46.03,65.08,1.59
S Bhardwaj,T20I,7,79,29,67,7,44,1,0,4.14,43.28,65.67,1.49
VM Vaghela,T20I,1,32,29,32,1,12,2,0,29.0,90.62,37.5,6.25
Zeeshan Goraya,T20I,5,39,29,38,5,21,2,1,5.8,76.32,55.26,7.89
Saqib Ali,ODI,2,53,29,53,2,33,2,0,14.5,54.72,62.26,3.77
Hashir Dafedar,ODI,3,62,29,61,2,48,3,1,14.5,47.54,78.69,6.56
Hasnain Ul Wahab,ODI,1,44,29,43,2,31,3,1,14.5,67.44,72.09,9.3
MADI Hemantha,T20I,5,34,29,34,3,13,2,0,9.67,85.29,38.24,5.88
MD Rocha,T20I,5,59,29,55,3,32,1,0,9.67,52.73,58.18,1.82
HN Ya France,T20I,8,33,29,32,6,18,2,1,4.83,90.62,56.25,9.38
RJ Kirtley,Test,3,116,29,116,6,100,1,1,4.83,25.0,86.21,1.72
N Peter,T20I,5,25,29,25,2,10,3,0,14.5,116.0,40.0,12.0
VH Zol,IPL,2,26,29,26,2,13,3,1,14.5,111.54,50.0,15.38
Mahidul Islam Ankon,Test,1,66,29,66,2,52,1,2,14.5,43.94,78.79,4.55
Awais Ikram,T20I,5,29,29,29,4,17,3,1,7.25,100.0,58.62,13.79
MM Siddique,T20I,2,20,29,20,1,8,4,1,29.0,145.0,40.0,25.0
J Syed Mohammad,IPL,5,27,29,26,2,10,4,0,14.5,111.54,38.46,15.38
DI Joyce,ODI,3,61,29,56,3,42,4,0,9.67,51.79,75.0,7.14
Lujaina,T20I,5,56,29,42,5,22,2,0,5.8,69.05,52.38,4.76
HL Colvin,ODI,4,29,29,26,2,12,5,0,14.5,111.54,46.15,19.23
Ghazi Ghori,ODI,1,39,29,39,1,25,3,1,29.0,74.36,64.1,10.26
Muhammad Usman (3),T20I,1,21,29,18,0,1,1,1,29.0,161.11,5.56,11.11
EJ Carson,T20I,10,42,29,40,5,19,2,0,5.8,72.5,47.5,5.0
DI Dusabemungu,T20I,6,73,29,70,6,51,1,0,4.83,41.43,72.86,1.43
Sumayya Abdul,T20I,5,113,29,105,5,91,5,0,5.8,27.62,86.67,4.76
J Pickering,T20I,5,40,29,39,3,17,1,0,9.67,74.36,43.59,2.56
BW Hilfenhaus,ODI,9,71,29,69,3,48,2,0,9.67,42.03,69.57,2.9
JI de Villiers,ODI,7,65,28,64,6,44,1,1,4.67,43.75,68.75,3.12
NL Mtomba,T20I,3,21,28,21,3,8,2,1,9.33,133.33,38.1,14.29
CE Coulter Reilly,T20I,8,40,28,39,5,20,1,0,5.6,71.79,51.28,2.56
S Moseley,Test,2,105,28,105,4,89,3,0,7.0,26.67,84.76,2.86
A Tagilala,T20I,3,47,28,47,2,28,2,0,14.0,59.57,59.57,4.26
BR McDermott,PSL,4,21,28,21,3,8,3,1,9.33,133.33,38.1,19.05
G Bloemen,ODI,4,42,28,41,4,26,4,0,7.0,68.29,63.41,9.76
SA Fritz,ODI,5,52,28,50,3,37,4,0,9.33,56.0,74.0,8.0
RMAU Grimmond,T20I,4,37,28,37,2,24,4,0,14.0,75.68,64.86,10.81
T Basile,T20I,5,39,28,39,4,24,2,0,7.0,71.79,61.54,5.13
Smriti Anand,T20I,2,40,28,37,2,16,2,0,14.0,75.68,43.24,5.41
LM Massawe,T20I,2,32,28,30,0,11,1,0,28.0,93.33,36.67,3.33
Wang Liuyang,T20I,4,53,28,51,4,31,2,0,7.0,54.9,60.78,3.92
T Tereza,T20I,3,66,28,54,2,35,2,0,14.0,51.85,64.81,3.7
Mansoor Malangzai,T20I,1,17,28,16,1,6,2,2,28.0,175.0,37.5,25.0
ME Leoela,T20I,10,77,28,65,7,45,1,0,4.0,43.08,69.23,1.54
EMC Fowler,T20I,6,64,28,60,3,38,0,0,9.33,46.67,63.33,0.0
Kyte Gullem Keen,T20I,12,99,28,87,8,61,1,0,3.5,32.18,70.11,1.15
PN Sproul,ODI,4,66,28,64,4,49,3,0,7.0,43.75,76.56,4.69
Ly Saomakara,T20I,5,94,28,88,5,68,2,0,5.6,31.82,77.27,2.27
Numan Ahmadzai,T20I,1,34,28,32,0,17,2,1,28.0,87.5,53.12,9.38
R Goodwin,T20I,9,57,28,55,7,37,1,0,4.0,50.91,67.27,1.82
L Perera,T20I,3,36,28,35,1,17,2,0,28.0,80.0,48.57,5.71
S Sheelan,T20I,1,28,28,28,1,12,3,0,28.0,100.0,42.86,10.71
RJ Nicol,Test,2,105,28,105,4,86,2,0,7.0,26.67,81.9,1.9
KED Carroll,ODI,3,42,28,40,3,25,1,0,9.33,70.0,62.5,2.5
J Cutinho,T20I,4,41,28,41,5,27,2,1,5.6,68.29,65.85,7.32
MG Hunter,T20I,2,45,28,40,3,22,1,1,9.33,70.0,55.0,5.0
HP Rinke,ODI,8,64,28,62,7,46,3,0,4.0,45.16,74.19,4.84
A Paul,T20I,5,38,28,36,3,19,1,0,9.33,77.78,52.78,2.78
SS Das,Test,1,105,28,105,1,90,4,0,28.0,26.67,85.71,3.81
L Tastuki,T20I,2,36,28,34,2,15,2,0,14.0,82.35,44.12,5.88
OL Pitcher,ODI,3,83,28,81,3,60,2,0,9.33,34.57,74.07,2.47
Abrar Ahmed,ODI,5,30,28,29,1,16,5,0,28.0,96.55,55.17,17.24
Mohammed Jimia,T20I,3,54,28,50,3,29,1,0,9.33,56.0,58.0,2.0
Mohammad Irfan,Test,4,87,28,87,5,72,4,0,5.6,32.18,82.76,4.6
GA Elwiss,T20I,4,29,28,29,2,11,3,0,14.0,96.55,37.93,10.34
MJ Swepson,Test,4,54,28,54,4,39,3,0,7.0,51.85,72.22,5.56
Shivam Mavi,T20I,2,18,28,18,2,7,2,2,14.0,155.56,38.89,22.22
T Chopra,T20I,6,43,28,40,2,19,1,0,14.0,70.0,47.5,2.5
Aarti Priya,T20I,5,70,28,57,5,30,0,0,5.6,49.12,52.63,0.0
A Nehra,T20I,5,42,28,39,5,25,1,2,5.6,71.79,64.1,7.69
SB Jakati,IPL,5,30,28,29,2,11,3,0,14.0,96.55,37.93,10.34
V Iriho,T20I,4,57,28,56,4,35,1,0,7.0,50.0,62.5,1.79
Ehsanul Haque,ODI,3,76,28,71,3,53,4,0,9.33,39.44,74.65,5.63
AK Muslar,T20I,5,73,28,68,4,48,2,0,7.0,41.18,70.59,2.94
C Connolly,T20I,7,30,28,30,6,18,1,2,4.67,93.33,60.0,10.0
V Jayant,T20I,6,53,28,53,5,33,2,0,5.6,52.83,62.26,3.77
Usman Rafiq,ODI,2,42,28,40,0,26,4,0,28.0,70.0,65.0,10.0
Anam Amin,ODI,11,105,28,105,6,82,1,0,4.67,26.67,78.1,0.95
RA Abolarin,T20I,4,22,28,21,4,8,2,1,7.0,133.33,38.1,14.29
AS Miranda,T20I,9,122,28,97,9,73,0,1,3.11,28.87,75.26,1.03
MS Diakite,T20I,8,56,28,55,8,40,4,0,3.5,50.91,72.73,7.27
SP de Alwis,ODI,2,53,28,51,2,42,6,0,14.0,54.9,82.35,11.76
NT Gireesh,T20I,8,43,28,41,6,28,3,1,4.67,68.29,68.29,9.76
MO Bacarese,T20I,3,57,28,55,3,33,0,1,9.33,50.91,60.0,1.82
M Gill,T20I,3,36,28,36,3,17,2,0,9.33,77.78,47.22,5.56
Kamran Hussain,ODI,1,21,28,21,0,3,2,0,28.0,133.33,14.29,9.52
TG Gordon,T20I,2,34,28,34,2,17,3,0,14.0,82.35,50.0,8.82
S Joseph,T20I,3,19,28,18,0,7,2,2,28.0,155.56,38.89,22.22
Amir Sharif,T20I,3,31,28,27,2,11,1,1,14.0,103.7,40.74,7.41
BD Glover,ODI,4,45,28,45,2,32,4,0,14.0,62.22,71.11,8.89
S Kamate,T20I,9,62,28,57,9,42,3,0,3.11,49.12,73.68,5.26
TJ Murtagh,Test,2,25,28,25,3,16,6,0,9.33,112.0,64.0,24.0
Mian Mehmood,T20I,4,33,28,33,3,15,2,0,9.33,84.85,45.45,6.06
EL Kirkman,T20I,3,44,28,36,3,19,4,0,9.33,77.78,52.78,11.11
NG Jones,T20I,3,25,28,24,1,7,0,2,28.0,116.67,29.17,8.33
JJ Celestine,ODI,3,64,28,60,3,49,5,0,9.33,46.67,81.67,8.33
NJ Maddinson,Test,3,78,27,78,4,62,3,0,6.75,34.62,79.49,3.85
KS Airee,ODI,3,24,27,24,1,7,2,0,27.0,112.5,29.17,8.33
KN Mirchandani,T20I,3,56,27,47,2,28,2,0,13.5,57.45,59.57,4.26
RA Whiteley,PSL,3,28,27,26,3,10,1,1,9.0,103.85,38.46,7.69
S Gokhale,ODI,3,52,27,52,2,35,3,0,13.5,51.92,67.31,5.77
R Kalimuthu,T20I,7,27,27,27,2,12,2,1,13.5,100.0,44.44,11.11
CN Evans,Test,1,80,27,80,2,68,4,0,13.5,33.75,85.0,5.0
D Ndipo,T20I,3,29,27,26,1,12,4,0,27.0,103.85,46.15,15.38
TS Chisoro,Test,3,62,27,62,5,51,5,0,5.4,43.55,82.26,8.06
BL Kotze,ODI,4,52,27,51,3,36,3,0,9.0,52.94,70.59,5.88
MA Wood,T20I,7,28,27,28,1,9,2,0,27.0,96.43,32.14,7.14
AK Maguire,ODI,9,41,27,40,5,23,2,0,5.4,67.5,57.5,5.0
KM Beams,ODI,6,44,27,44,4,22,0,0,6.75,61.36,50.0,0.0
N Niranjana,Test,1,83,27,83,1,70,4,0,27.0,32.53,84.34,4.82
Eyman Fatima,T20I,3,24,27,24,2,11,2,1,13.5,112.5,45.83,12.5
LF Mavume,T20I,3,41,27,40,3,28,3,1,9.0,67.5,70.0,10.0
P Arrighi,T20I,2,33,27,31,3,12,1,0,9.0,87.1,38.71,3.23
S Khadka,T20I,3,47,27,46,2,25,2,0,13.5,58.7,54.35,4.35
TP Allen,T20I,3,19,27,17,2,6,0,3,13.5,158.82,35.29,17.65
S Hongsi,T20I,3,16,27,16,0,5,3,1,27.0,168.75,31.25,25.0
AS Joseph,IPL,5,32,27,32,1,16,3,0,27.0,84.38,50.0,9.38
CB Ondoa,T20I,8,91,27,81,6,60,1,0,4.5,33.33,74.07,1.23
MD Shanaka,PSL,2,27,27,26,1,8,2,0,27.0,103.85,30.77,7.69
R Drake,T20I,7,30,27,30,1,11,1,0,27.0,90.0,36.67,3.33
Ehsan Adil,ODI,4,43,27,42,3,24,2,0,9.0,64.29,57.14,4.76
VC Ahir,T20I,3,23,27,22,2,11,1,2,13.5,122.73,50.0,13.64
EM Bermingham,T20I,7,24,27,23,6,9,2,0,4.5,117.39,39.13,8.7
Avesh Khan,T20I,5,20,27,20,2,7,3,1,13.5,135.0,35.0,20.0
Soniya Dabir,T20I,4,27,27,27,3,8,2,0,9.0,100.0,29.63,7.41
Rishad Hossain,PSL,9,34,27,34,6,19,2,1,4.5,79.41,55.88,8.82
L Moore,T20I,3,51,27,48,3,30,3,0,9.0,56.25,62.5,6.25
S Saengsakaorat,T20I,4,43,27,40,2,22,1,0,13.5,67.5,55.0,2.5
Rahat Ali,T20I,4,27,27,26,2,10,3,0,13.5,103.85,38.46,11.54
Imran Arif,T20I,2,40,27,38,2,25,1,2,13.5,71.05,65.79,7.89
NE Bonner,T20I,2,38,27,38,2,21,2,0,13.5,71.05,55.26,5.26
A Djorovic,T20I,4,48,27,47,2,30,3,0,13.5,57.45,63.83,6.38
Bilal Khan,T20I,18,50,27,46,4,25,1,0,6.75,58.7,54.35,2.17
Hasan Murad,Test,2,48,27,48,2,37,5,0,13.5,56.25,77.08,10.42
DS Kulkarni,ODI,2,31,27,28,0,13,2,1,27.0,96.43,46.43,10.71
CJ Stamp,T20I,3,30,27,29,1,13,3,0,27.0,93.1,44.83,10.34
CJ Smith,ODI,5,48,27,46,5,37,2,2,5.4,58.7,80.43,8.7
Kuldeep Lal,T20I,3,30,27,26,2,11,3,0,13.5,103.85,42.31,11.54
F Hand,T20I,8,29,27,29,5,14,4,0,5.4,93.1,48.28,13.79
A Lumbe,T20I,5,46,27,45,3,26,1,0,9.0,60.0,57.78,2.22
B Khumalo,T20I,9,44,27,42,4,22,1,0,6.75,64.29,52.38,2.38
Mohamed Shafeeq,T20I,11,30,27,29,9,15,3,0,3.0,93.1,51.72,10.34
Sharveen Surendran,T20I,2,38,27,31,1,12,1,0,27.0,87.1,38.71,3.23
Rumman Raees,ODI,4,25,27,24,3,13,5,0,9.0,112.5,54.17,20.83
Zulfiqar Babar,T20I,3,28,27,27,0,14,2,1,27.0,100.0,51.85,11.11
C Smith,T20I,4,29,27,27,5,13,2,1,5.4,100.0,48.15,11.11
MJM Kavana,T20I,4,55,27,53,5,31,1,0,5.4,50.94,58.49,1.89
C Sewsunker,T20I,5,57,27,54,5,43,5,0,5.4,50.0,79.63,9.26
C Shivakumar,T20I,3,42,27,40,3,24,3,0,9.0,67.5,60.0,7.5
S Sengupta,T20I,4,28,27,25,3,10,3,0,9.0,108.0,40.0,12.0
S Selvaraj,T20I,3,24,27,24,2,11,4,0,13.5,112.5,45.83,16.67
Naved Yasin,PSL,3,35,27,33,2,18,2,1,13.5,81.82,54.55,9.09
Sumaiya Siddiqi,ODI,3,32,27,29,3,17,5,0,9.0,93.1,58.62,17.24
SS Pathirana,T20I,5,26,27,24,5,9,3,0,5.4,112.5,37.5,12.5
PN Sproul,T20I,1,23,27,23,0,8,3,0,27.0,117.39,34.78,13.04
Tariq Aziz,T20I,3,38,27,36,3,17,1,1,9.0,75.0,47.22,5.56
A Bushell,T20I,3,31,27,31,2,14,1,1,13.5,87.1,45.16,6.45
N Laguea,T20I,2,32,27,29,2,12,3,0,13.5,93.1,41.38,10.34
MP Vaughan,T20I,2,22,27,22,2,10,4,0,13.5,122.73,45.45,18.18
RK Kleinveldt,Test,4,61,27,61,3,49,1,2,9.0,44.26,80.33,4.92
J Lewis,Test,1,46,27,45,2,32,5,0,13.5,60.0,71.11,11.11
Yuanyuan Cai,T20I,3,23,27,22,2,10,5,0,13.5,122.73,45.45,22.73
JK Fuller,PSL,3,16,27,16,1,4,4,0,27.0,168.75,25.0,25.0
Mohammad Asif,ODI,12,94,26,91,8,72,1,0,3.25,28.57,79.12,1.1
E Kallous,T20I,11,72,26,60,6,39,1,0,4.33,43.33,65.0,1.67
Ntombizonke MKhatshwa,T20I,8,102,26,93,9,75,2,0,2.89,27.96,80.65,2.15
J George,T20I,5,52,26,44,4,26,2,0,6.5,59.09,59.09,4.55
Samader Shadab,T20I,4,38,26,38,3,24,0,2,8.67,68.42,63.16,5.26
AS Rajpoot,IPL,7,41,26,41,4,27,2,1,6.5,63.41,65.85,7.32
Khandubhai Ahir,T20I,3,44,26,42,2,26,1,1,13.0,61.9,61.9,4.76
N Mlaba,T20I,10,34,26,34,5,18,1,1,5.2,76.47,52.94,5.88
J Jagroo,T20I,3,27,26,27,3,12,1,1,8.67,96.3,44.44,7.41
Zabiullah Zahid,T20I,3,14,26,13,1,4,0,3,26.0,200.0,30.77,23.08
D Ganga,T20I,1,31,26,31,2,19,3,1,13.0,83.87,61.29,12.9
KM Beams,Test,1,98,26,98,0,85,3,0,26.0,26.53,86.73,3.06
SL Stewart,ODI,4,59,26,59,4,42,2,0,6.5,44.07,71.19,3.39
RJ van Vuuren,ODI,5,38,26,38,3,25,2,1,8.67,68.42,65.79,7.89
Kau Qalo,T20I,2,32,26,30,2,17,2,1,13.0,86.67,56.67,10.0
Faisal Hossain,ODI,3,54,26,54,2,37,2,0,13.0,48.15,68.52,3.7
LN Shabalala,T20I,11,155,26,147,11,123,0,0,2.36,17.69,83.67,0.0
TB de Bruyn,T20I,2,16,26,16,2,4,3,1,13.0,162.5,25.0,25.0
Zulqarnain Haider,T20I,5,35,26,33,4,16,1,0,6.5,78.79,48.48,3.03
MD Shanaka,IPL,3,26,26,26,2,12,2,1,13.0,100.0,46.15,11.54
N Sibanda,T20I,8,59,26,57,5,39,2,0,5.2,45.61,68.42,3.51
R Oa,T20I,7,46,26,43,5,24,1,0,5.2,60.47,55.81,2.33
E Brathwaite,T20I,2,27,26,26,2,16,3,1,13.0,100.0,61.54,15.38
M Jobarteh,T20I,6,28,26,27,4,14,2,1,6.5,96.3,51.85,11.11
Azmatullah Omarzai,PSL,3,14,26,14,2,5,3,1,13.0,185.71,35.71,28.57
Hamza Tahir,ODI,8,81,26,78,6,61,2,0,4.33,33.33,78.21,2.56
Naved-ul-Hasan,Test,1,26,26,26,2,17,3,1,13.0,100.0,65.38,15.38
B Fernando,ODI,3,37,26,36,3,23,4,0,8.67,72.22,63.89,11.11
BJ Diamanti,ODI,1,23,26,22,0,11,3,0,26.0,118.18,50.0,13.64
Zain Abbas,ODI,1,55,26,54,1,37,2,0,26.0,48.15,68.52,3.7
D Lohia,T20I,6,52,26,48,3,31,2,0,8.67,54.17,64.58,4.17
NL Jacinta Si Ping,T20I,10,69,26,67,9,48,1,0,2.89,38.81,71.64,1.49
V NIkolova,T20I,3,60,26,47,3,30,3,0,8.67,55.32,63.83,6.38
GE Gutierrez Chavez,T20I,3,29,26,22,2,11,1,2,13.0,118.18,50.0,13.64
AB Dinda,IPL,16,50,26,48,9,29,2,0,2.89,54.17,60.42,4.17
JC Cullen,T20I,10,66,26,61,9,42,1,0,2.89,42.62,68.85,1.64
Akhil Kumar,ODI,4,39,26,39,3,27,2,1,8.67,66.67,69.23,7.69
GC Viljoen,Test,1,31,26,31,1,20,5,0,26.0,83.87,64.52,16.13
Aizaz Cheema,ODI,6,45,26,45,1,28,2,0,26.0,57.78,62.22,4.44
Aisya Eleesa,T20I,14,81,26,78,11,57,0,0,2.36,33.33,73.08,0.0
S Thuraisingam,ODI,4,47,26,44,3,31,3,1,8.67,59.09,70.45,9.09
PJ Stahelin,T20I,3,66,26,61,4,37,0,0,6.5,42.62,60.66,0.0
B White,T20I,8,48,26,47,2,26,2,0,13.0,55.32,55.32,4.26
PJ Sangwan,IPL,14,47,26,44,8,24,1,0,3.25,59.09,54.55,2.27
MS Panesar,ODI,7,92,26,91,5,71,2,0,5.2,28.57,78.02,2.2
C Bayraktar,T20I,3,41,26,34,3,22,0,2,8.67,76.47,64.71,5.88
Mujibur Ali,T20I,3,35,26,33,3,14,2,0,8.67,78.79,42.42,6.06
P Malemikia,T20I,7,32,26,31,6,12,2,0,4.33,83.87,38.71,6.45
Benjamin Embleton,T20I,1,29,26,29,1,12,2,0,26.0,89.66,41.38,6.9
Khurram Nawaz,ODI,2,49,26,49,1,29,1,0,26.0,53.06,59.18,2.04
JM Kemp,IPL,2,25,26,24,2,10,1,1,13.0,108.33,41.67,8.33
N Mokoena,T20I,2,21,26,21,1,13,1,3,26.0,123.81,61.9,19.05
S Channa,T20I,4,42,26,38,3,19,1,0,8.67,68.42,50.0,2.63
DJ Malan,IPL,1,26,26,26,1,10,1,1,26.0,100.0,38.46,7.69
IKO Aboagye,T20I,7,49,26,48,6,26,1,0,4.33,54.17,54.17,2.08
NL McCullum,IPL,2,23,26,22,3,7,0,1,8.67,118.18,31.82,4.55
D Gangwani,T20I,1,29,26,26,0,11,2,0,26.0,100.0,42.31,7.69
J Clough,T20I,3,30,26,29,2,15,2,0,13.0,89.66,51.72,6.9
Samarth Shetty,T20I,4,39,26,39,4,25,2,1,6.5,66.67,64.1,7.69
AF Buurman,ODI,2,34,26,32,2,18,4,0,13.0,81.25,56.25,12.5
CV Varun,IPL,12,51,26,48,3,29,2,0,8.67,54.17,60.42,4.17
Raaz Mohammad,T20I,8,39,26,38,2,17,1,0,13.0,68.42,44.74,2.63
AAIP Bastari,T20I,1,28,26,24,0,10,3,0,26.0,108.33,41.67,12.5
RV Scholes,T20I,3,44,26,44,2,25,1,0,13.0,59.09,56.82,2.27
Sachin Kumar,T20I,4,34,26,32,2,17,3,0,13.0,81.25,53.12,9.38
M Moalosi,T20I,4,72,26,67,4,45,0,0,6.5,38.81,67.16,0.0
M Ogawa,T20I,4,51,26,50,2,32,2,0,13.0,52.0,64.0,4.0
U Bhagwan,ODI,2,28,26,28,1,13,2,1,26.0,92.86,46.43,10.71
Ubaid Shah,PSL,9,51,26,48,6,33,2,1,4.33,54.17,68.75,6.25
CK Coventry,Test,1,38,26,37,2,27,4,0,13.0,70.27,72.97,10.81
AM Rajpurohit,T20I,3,34,26,34,3,24,3,1,8.67,76.47,70.59,11.76
AK Yadav,T20I,7,44,26,41,4,21,1,0,6.5,63.41,51.22,2.44
EL Arlott,T20I,3,23,26,23,1,6,1,1,26.0,113.04,26.09,8.7
BO van Rooi,ODI,3,39,26,38,1,24,3,0,26.0,68.42,63.16,7.89
Tian Sen Qun,T20I,9,70,26,69,9,51,1,0,2.89,37.68,73.91,1.45
ELC Flanagan,T20I,3,41,26,38,3,23,3,0,8.67,68.42,60.53,7.89
D Ravu,T20I,9,37,26,35,5,22,4,0,5.2,74.29,62.86,11.43
Tanvir Islam,ODI,5,41,26,41,5,32,4,1,5.2,63.41,78.05,12.2
B Gaanamong,T20I,4,55,26,49,2,27,1,0,13.0,53.06,55.1,2.04
Sanvir Singh,IPL,5,22,25,21,2,8,2,1,12.5,119.05,38.1,14.29
IK Darmawan,T20I,2,35,25,33,2,19,3,0,12.5,75.76,57.58,9.09
MM Mabathoana,T20I,17,123,25,114,22,96,2,0,1.14,21.93,84.21,1.75
S Hussein,T20I,2,47,25,45,2,31,3,0,12.5,55.56,68.89,6.67
Mohsin Khan,IPL,7,31,25,28,4,16,2,1,6.25,89.29,57.14,10.71
CRD Fernando,T20I,5,28,25,27,5,16,4,0,5.0,92.59,59.26,14.81
LA Simango,T20I,6,48,25,45,2,27,2,0,12.5,55.56,60.0,4.44
Qalandar Khan,T20I,1,17,25,17,1,5,1,2,25.0,147.06,29.41,17.65
S Chanderpaul,IPL,3,33,25,31,3,18,4,0,8.33,80.65,58.06,12.9
Jiyeon Park,T20I,4,70,25,62,4,47,2,0,6.25,40.32,75.81,3.23
LB Williams,Test,2,71,25,71,2,60,4,0,12.5,35.21,84.51,5.63
CT Mumba,Test,3,107,25,107,3,95,3,0,8.33,23.36,88.79,2.8
H Ssenyondo,T20I,13,51,25,49,5,27,0,0,5.0,51.02,55.1,0.0
C Martin,T20I,2,25,25,25,2,11,2,0,12.5,100.0,44.0,8.0
T Ramabitsa,T20I,10,60,25,55,8,39,3,0,3.12,45.45,70.91,5.45
A Harris,T20I,11,36,25,36,7,23,0,2,3.57,69.44,63.89,5.56
CH van Koolwijk,ODI,3,66,25,63,3,48,3,0,8.33,39.68,76.19,4.76
VV Morea,T20I,3,27,25,27,3,11,3,0,8.33,92.59,40.74,11.11
LJ Poulton,ODI,3,69,25,63,3,49,4,0,8.33,39.68,77.78,6.35
Jahanzaib Sultan,PSL,1,22,25,21,1,10,2,1,25.0,119.05,47.62,14.29
Sana Butt,T20I,10,77,25,69,7,51,1,0,3.57,36.23,73.91,1.45
F Cagnewa,T20I,2,43,25,43,2,25,0,0,12.5,58.14,58.14,0.0
P Agnihotri,T20I,2,36,25,36,2,20,2,0,12.5,69.44,55.56,5.56
AJ McKay,Test,1,55,25,55,1,43,3,0,25.0,45.45,78.18,5.45
LSP Siriwardene,T20I,4,47,25,44,4,22,0,0,6.25,56.82,50.0,0.0
S Gulecha,T20I,3,34,25,32,3,20,1,2,8.33,78.12,62.5,9.38
TL Tsolekile,Test,2,84,25,84,3,67,2,0,8.33,29.76,79.76,2.38
Mohammad Salman,Test,2,57,25,57,4,44,1,1,6.25,43.86,77.19,3.51
S Hunter,T20I,3,36,25,34,3,22,2,1,8.33,73.53,64.71,8.82
I Koroma,T20I,4,29,25,29,3,17,4,0,8.33,86.21,58.62,13.79
T Kamungozi,ODI,9,56,25,53,5,44,5,0,5.0,47.17,83.02,9.43
I Alumo,T20I,6,31,25,31,5,17,3,0,5.0,80.65,54.84,9.68
EL Arlott,ODI,2,28,25,27,0,12,3,0,25.0,92.59,44.44,11.11
HDRS Silva,ODI,2,46,25,45,2,33,4,0,12.5,55.56,73.33,8.89
A Patel,ODI,1,30,25,29,1,18,3,0,25.0,86.21,62.07,10.34
RK Kleinveldt,T20I,2,11,25,10,1,3,1,3,25.0,250.0,30.0,40.0
M Turner,T20I,2,23,25,21,0,8,2,0,25.0,119.05,38.1,9.52
SO Olayinka,T20I,3,34,25,34,3,24,1,2,8.33,73.53,70.59,8.82
A Cossa,T20I,5,44,25,37,5,21,1,0,5.0,67.57,56.76,2.7
A Choudhary,IPL,3,20,25,20,2,4,1,1,12.5,125.0,20.0,10.0
DS Vlachopoulou,T20I,6,74,25,68,4,42,0,0,6.25,36.76,61.76,0.0
GH O'Brien,T20I,4,31,25,29,2,15,1,1,12.5,86.21,51.72,6.9
DAL Paramitha,T20I,6,50,25,46,6,24,0,0,4.17,54.35,52.17,0.0
S Phakathi,T20I,4,71,25,61,3,40,0,0,8.33,40.98,65.57,0.0
P Timong,T20I,2,30,25,28,2,15,3,0,12.5,89.29,53.57,10.71
PM Nevill,T20I,5,11,25,11,1,2,1,2,25.0,227.27,18.18,27.27
K Thagunna,T20I,2,44,25,41,2,23,1,0,12.5,60.98,56.1,2.44
A Nathwani,T20I,7,40,25,37,2,20,1,0,12.5,67.57,54.05,2.7
P Nedeljkovic,T20I,4,37,25,35,2,22,2,1,12.5,71.43,62.86,8.57
KAD Hurdle,ODI,8,47,25,47,5,33,2,1,5.0,53.19,70.21,6.38
ACF Stokes,T20I,9,45,25,45,8,26,0,1,3.12,55.56,57.78,2.22
Waqas Barkat,ODI,4,54,25,54,3,37,2,0,8.33,46.3,68.52,3.7
S Naik,ODI,4,39,25,39,3,18,1,0,8.33,64.1,46.15,2.56
GJ Batty,ODI,4,58,25,57,3,37,1,0,8.33,43.86,64.91,1.75
Raza-ur-Rehman,T20I,4,29,25,29,3,14,3,0,8.33,86.21,48.28,10.34
AM Ellis,T20I,5,21,25,21,3,6,1,1,8.33,119.05,28.57,9.52
GC Tonge,Test,1,26,25,26,1,16,3,0,25.0,96.15,61.54,11.54
SW Tait,ODI,6,29,25,29,1,20,3,1,25.0,86.21,68.97,13.79
JH Stander,T20I,4,24,25,24,4,13,1,1,6.25,104.17,54.17,8.33
Ngawang Thinley,T20I,7,36,25,36,5,22,2,0,5.0,69.44,61.11,5.56
V Rathinasamy,T20I,4,55,25,53,4,40,2,1,6.25,47.17,75.47,5.66
JH Kiani,T20I,2,36,25,36,3,21,2,0,8.33,69.44,58.33,5.56
HJ Patel,T20I,2,27,25,25,2,12,2,0,12.5,100.0,48.0,8.0
L Little,ODI,6,39,25,37,5,24,3,0,5.0,67.57,64.86,8.11
JA Richardson,Test,3,25,25,25,4,17,1,2,6.25,100.0,68.0,12.0
Sohail Khan,ODI,6,52,25,51,5,36,2,0,5.0,49.02,70.59,3.92
Akash Deep,IPL,5,14,25,14,3,5,2,2,8.33,178.57,35.71,28.57
OP Eguakun,T20I,6,51,25,48,3,35,3,0,8.33,52.08,72.92,6.25
FLV Pula,T20I,2,47,25,46,1,30,3,0,25.0,54.35,65.22,6.52
MJG Nielsen,ODI,6,47,25,47,4,30,2,0,6.25,53.19,63.83,4.26
MJ McClenaghan,T20I,7,23,24,23,4,12,1,2,6.0,104.35,52.17,13.04
R Samson,T20I,7,37,24,34,3,17,2,0,8.0,70.59,50.0,5.88
CP Schofield,T20I,4,21,24,20,2,5,2,0,12.0,120.0,25.0,10.0
OP Stone,ODI,6,35,24,35,3,18,2,0,8.0,68.57,51.43,5.71
SH Lewis,Test,2,66,24,66,4,53,3,0,6.0,36.36,80.3,4.55
R Pillai,T20I,3,32,24,31,2,14,1,0,12.0,77.42,45.16,3.23
F Mutizwa,Test,1,61,24,61,2,50,3,0,12.0,39.34,81.97,4.92
GF Cardos,T20I,8,95,24,86,8,67,1,0,3.0,27.91,77.91,1.16
S Ravoka,T20I,5,38,24,37,3,15,0,0,8.0,64.86,40.54,0.0
Rameez Raja (2),T20I,2,29,24,29,2,12,2,0,12.0,82.76,41.38,6.9
ER Dwivedi,IPL,2,15,24,14,2,6,2,2,12.0,171.43,42.86,28.57
E Liddell,Test,2,110,24,110,2,99,3,0,12.0,21.82,90.0,2.73
KC Cariappa,IPL,5,21,24,21,3,8,0,2,8.0,114.29,38.1,9.52
S Muthusamy,T20I,5,23,24,23,4,13,2,1,6.0,104.35,56.52,13.04
C Bevin,T20I,3,29,24,27,2,11,2,0,12.0,88.89,40.74,7.41
U Shantu,T20I,5,23,24,20,3,7,1,0,8.0,120.0,35.0,5.0
U Raymond-Hoey,T20I,6,51,24,49,6,26,0,0,4.0,48.98,53.06,0.0
Sunzamul Islam,Test,1,57,24,56,1,39,1,0,24.0,42.86,69.64,1.79
Yasir Mohammad,T20I,5,41,24,40,4,20,0,0,6.0,60.0,50.0,0.0
Shivam Sharma,T20I,2,13,24,11,2,4,0,3,12.0,218.18,36.36,27.27
L Filer,ODI,7,44,24,42,4,30,4,0,6.0,57.14,71.43,9.52
M Prasanna,T20I,3,14,24,13,1,3,4,0,24.0,184.62,23.08,30.77
Mustapha Suwareh,T20I,8,55,24,52,8,37,2,0,3.0,46.15,71.15,3.85
Hazrat Bilal,ODI,4,72,24,69,1,53,0,1,24.0,34.78,76.81,1.45
M Carlot,T20I,8,57,24,53,5,33,1,0,4.8,45.28,62.26,1.89
RW Sims,ODI,1,64,24,60,1,45,2,0,24.0,40.0,75.0,3.33
N Bidaisee,T20I,2,32,24,30,2,16,1,1,12.0,80.0,53.33,6.67
YM Murrure,T20I,8,73,24,62,4,42,1,0,6.0,38.71,67.74,1.61
Ubaid Minhas,T20I,3,22,24,21,1,6,1,0,24.0,114.29,28.57,4.76
MA Khote,IPL,3,22,24,22,2,10,2,1,12.0,109.09,45.45,13.64
Mohammad Naim,Test,1,103,24,103,2,90,1,0,12.0,23.3,87.38,0.97
LK Ebsary,Test,1,48,24,48,2,29,1,0,12.0,50.0,60.42,2.08
AJ Turner,IPL,6,31,24,28,5,14,0,2,4.8,85.71,50.0,7.14
Ishma Tanjim,ODI,3,65,24,57,3,46,4,0,8.0,42.11,80.7,7.02
Ishma Tanjim,T20I,3,35,24,35,3,20,2,0,8.0,68.57,57.14,5.71
S Hector,ODI,2,33,24,33,2,17,2,0,12.0,72.73,51.52,6.06
JR Hazlewood,T20I,9,23,24,21,3,10,2,1,8.0,114.29,47.62,14.29
Izatullah Dawlatzai,T20I,1,12,24,10,0,3,2,2,24.0,240.0,30.0,40.0
Mohammed Faraazuddin,T20I,4,29,24,27,3,12,1,0,8.0,88.89,44.44,3.7
A Adekunle,T20I,12,56,24,53,7,36,0,0,3.43,45.28,67.92,0.0
WJ Malinda,T20I,7,34,24,32,4,17,0,1,6.0,75.0,53.12,3.12
Sarawut Maliwan,T20I,14,64,24,64,8,46,1,0,3.0,37.5,71.88,1.56
MGSM Fernando,T20I,3,19,24,19,3,8,2,1,8.0,126.32,42.11,15.79
Ibrahim Jabarkhel,T20I,5,29,24,28,2,15,0,1,12.0,85.71,53.57,3.57
E Duffy,T20I,4,38,24,34,2,17,0,0,12.0,70.59,50.0,0.0
Amjad Gul,T20I,1,22,24,21,1,12,3,1,24.0,114.29,57.14,19.05
A le Breton,T20I,2,24,24,24,2,9,3,0,12.0,100.0,37.5,12.5
JM Watkin,ODI,4,40,24,38,3,26,4,0,8.0,63.16,68.42,10.53
Ashish Gupta,T20I,4,36,24,35,4,24,1,2,6.0,68.57,68.57,8.57
Muhammad Farooq,T20I,3,19,24,19,2,8,2,1,12.0,126.32,42.11,15.79
D Ramdin,PSL,4,49,24,47,4,24,0,0,6.0,51.06,51.06,0.0
Qudratullah Mir Afzail,T20I,5,21,24,21,2,8,3,0,12.0,114.29,38.1,14.29
N Kuruppu,T20I,3,44,24,33,3,19,3,0,8.0,72.73,57.58,9.09
Tanush Kotian,IPL,1,32,24,31,1,17,3,0,24.0,77.42,54.84,9.68
G Hoey,ODI,2,30,24,28,2,17,2,1,12.0,85.71,60.71,10.71
M Sarenac,T20I,11,52,24,51,7,32,1,0,3.43,47.06,62.75,1.96
C Floyd,T20I,3,25,24,24,1,13,2,1,24.0,100.0,54.17,12.5
Luca Petre,T20I,5,26,24,23,2,7,0,0,12.0,104.35,30.43,0.0
JK Kamande,T20I,5,40,24,39,5,23,2,0,4.8,61.54,58.97,5.13
RR Saun,T20I,6,54,24,48,4,34,3,0,6.0,50.0,70.83,6.25
Khadija Tul Kubra,ODI,8,69,24,68,5,52,2,0,4.8,35.29,76.47,2.94
Mohammad Hasnain,T20I,7,26,24,26,1,15,2,1,24.0,92.31,57.69,11.54
VR Iyer,ODI,2,41,24,40,2,21,0,1,12.0,60.0,52.5,2.5
JN Gillespie,T20I,1,18,24,18,1,7,4,0,24.0,133.33,38.89,22.22
Muhammad Shahzad,PSL,3,18,24,18,3,9,3,1,8.0,133.33,50.0,22.22
N Niranjana,ODI,6,60,24,59,5,45,3,0,4.8,40.68,76.27,5.08
SM Ervine,PSL,1,19,24,19,1,2,2,0,24.0,126.32,10.53,10.53
R Francis,T20I,9,47,24,46,8,33,2,0,3.0,52.17,71.74,4.35
SM Warnakulasuriya,T20I,4,25,24,25,2,9,1,0,12.0,96.0,36.0,4.0
BE Hendricks,ODI,4,45,24,45,2,30,2,0,12.0,53.33,66.67,4.44
DJ Vilas,PSL,3,23,24,23,3,10,3,0,8.0,104.35,43.48,13.04
A Kitayama,T20I,6,44,24,40,6,25,1,0,4.0,60.0,62.5,2.5
Kartik Tyagi,IPL,8,25,24,25,6,13,2,1,4.0,96.0,52.0,12.0
AB Barath,T20I,2,42,23,39,2,27,3,0,11.5,58.97,69.23,7.69
HWA Landheer,ODI,7,72,23,69,6,58,2,1,3.83,33.33,84.06,4.35
S Sohal,T20I,2,30,23,29,2,15,1,1,11.5,79.31,51.72,6.9
TJ Murtagh,T20I,4,20,23,20,1,4,0,1,23.0,115.0,20.0,5.0
A Bohara,T20I,13,34,23,33,7,19,1,1,3.29,69.7,57.58,6.06
TG Gordon,ODI,4,58,23,53,4,39,2,0,5.75,43.4,73.58,3.77
FJ Mpegna,T20I,8,44,23,41,6,31,2,1,3.83,56.1,75.61,7.32
Umran Malik,IPL,5,16,23,16,1,8,1,2,23.0,143.75,50.0,18.75
JF Jimenez,T20I,2,58,23,42,3,28,3,0,7.67,54.76,66.67,7.14
AC Dawson,ODI,1,32,23,31,0,20,4,0,23.0,74.19,64.52,12.9
K Kapadia,T20I,6,45,23,42,6,24,1,0,3.83,54.76,57.14,2.38
L Maximo,T20I,6,57,23,57,3,37,0,0,7.67,40.35,64.91,0.0
R Pasipanodya,T20I,4,27,23,23,4,15,3,1,5.75,100.0,65.22,17.39
F Odhiambo,T20I,11,64,23,63,3,49,2,0,7.67,36.51,77.78,3.17
NA Moodley,T20I,4,48,23,47,2,26,0,0,11.5,48.94,55.32,0.0
NA Karnik,T20I,3,48,23,45,1,28,1,0,23.0,51.11,62.22,2.22
CP Tremain,ODI,3,39,23,37,1,28,2,1,23.0,62.16,75.68,8.11
Zulfiqar Babar,PSL,6,17,23,17,3,3,1,1,7.67,135.29,17.65,11.76
TJ Heggelman,ODI,2,71,23,70,2,51,0,0,11.5,32.86,72.86,0.0
PADLR Sandakan,T20I,7,40,23,38,3,22,2,0,7.67,60.53,57.89,5.26
D Ebersohn,T20I,5,45,23,45,3,27,0,0,7.67,51.11,60.0,0.0
Shamsudheen Purat,T20I,1,22,23,22,1,11,4,0,23.0,104.55,50.0,18.18
DCC Borden,ODI,4,84,23,79,4,63,2,0,5.75,29.11,79.75,2.53
EM Moore,Test,1,58,23,58,2,49,4,0,11.5,39.66,84.48,6.9
Muhammad Faizan,PSL,4,41,23,40,4,27,1,1,5.75,57.5,67.5,5.0
D Sheeli,T20I,2,17,23,17,2,11,2,2,11.5,135.29,64.71,23.53
RL Powell,Test,1,39,23,39,1,28,3,0,23.0,58.97,71.79,7.69
J Louw,ODI,1,7,23,7,1,2,1,3,23.0,328.57,28.57,57.14
M Akhigbe,T20I,3,23,23,22,2,10,3,0,11.5,104.55,45.45,13.64
JKC Claxton,T20I,6,28,23,28,3,16,1,1,7.67,82.14,57.14,7.14
Junaid Khan,T20I,7,16,23,16,3,6,2,1,7.67,143.75,37.5,18.75
JJC Lawson,Test,3,31,23,31,2,22,4,0,11.5,74.19,70.97,12.9
M Saastamoinen,T20I,5,45,23,39,5,26,4,0,4.6,58.97,66.67,10.26
RM Koda,T20I,14,45,23,44,7,26,1,0,3.29,52.27,59.09,2.27
MT Diaby,T20I,5,39,23,38,5,26,3,0,4.6,60.53,68.42,7.89
Hassan Mehmood,T20I,4,34,23,30,3,14,0,1,7.67,76.67,46.67,3.33
Avesh Khan,ODI,4,30,23,29,3,18,2,1,7.67,79.31,62.07,10.34
PL Bruno,T20I,3,37,23,36,2,17,1,0,11.5,63.89,47.22,2.78
EJCLRC Rainford-Brent,T20I,1,17,23,17,0,3,1,0,23.0,135.29,17.65,5.88
Nestor Dhamba,ODI,5,52,23,52,3,32,1,0,7.67,44.23,61.54,1.92
M Mariyappan,T20I,6,50,23,47,6,28,1,0,3.83,48.94,59.57,2.13
SW Tait,IPL,5,26,23,26,3,11,1,1,7.67,88.46,42.31,7.69
Y van der Westhuizen,ODI,2,39,23,37,1,22,2,0,23.0,62.16,59.46,5.41
BMAJ Mendis,IPL,3,27,23,27,3,8,0,0,7.67,85.19,29.63,0.0
PD Macchi,ODI,4,49,23,47,4,36,3,0,5.75,48.94,76.6,6.38
Atif Kamal,T20I,5,28,23,28,4,13,1,1,5.75,82.14,46.43,7.14
N Chabula,T20I,7,129,23,116,9,104,2,0,2.56,19.83,89.66,1.72
L Sanogo,T20I,8,45,23,43,6,31,3,0,3.83,53.49,72.09,6.98
Bilawal Bhatti,T20I,3,15,23,14,2,4,2,1,11.5,164.29,28.57,21.43
E Otgonbayar,T20I,7,64,23,60,7,41,0,0,3.29,38.33,68.33,0.0
Ali Waqar,T20I,3,34,23,30,3,14,2,0,7.67,76.67,46.67,6.67
Ali Raza,T20I,3,19,23,19,1,8,2,1,23.0,121.05,42.11,15.79
RD McCann,ODI,2,57,23,56,2,39,1,0,11.5,41.07,69.64,1.79
J Blackwood,ODI,3,43,23,41,2,26,2,0,11.5,56.1,63.41,4.88
ML Udawatte,Test,2,74,23,72,4,58,2,0,5.75,31.94,80.56,2.78
R Endo,T20I,6,52,23,43,5,25,1,0,4.6,53.49,58.14,2.33
P Florin,T20I,5,30,23,29,2,16,2,0,11.5,79.31,55.17,6.9
TR Gripper,ODI,2,51,23,50,2,36,2,0,11.5,46.0,72.0,4.0
AF Milne,IPL,6,31,23,29,5,13,0,1,4.6,79.31,44.83,3.45
P Dubey,IPL,2,33,23,33,1,17,2,0,23.0,69.7,51.52,6.06
M Yousaf,T20I,4,50,23,47,3,28,1,0,7.67,48.94,59.57,2.13
C Fortuin,Test,2,96,23,96,4,84,3,0,5.75,23.96,87.5,3.12
SC Getkate,ODI,2,23,23,23,1,12,2,1,23.0,100.0,52.17,13.04
T Malinga,T20I,13,113,23,107,7,85,0,0,3.29,21.5,79.44,0.0
N Master,T20I,2,19,23,18,1,7,4,0,23.0,127.78,38.89,22.22
S Brunsgaard,T20I,2,47,23,44,2,23,0,0,11.5,52.27,52.27,0.0
S Chaudhary,T20I,4,28,23,27,3,14,1,1,7.67,85.19,51.85,7.41
KJ Abbott,T20I,6,20,23,20,2,6,2,0,11.5,115.0,30.0,10.0
D Matla,T20I,6,63,23,56,5,38,0,0,4.6,41.07,67.86,0.0
C Perry,T20I,5,33,23,32,5,18,3,0,4.6,71.88,56.25,9.38
J Arunkumar,IPL,3,24,23,23,3,15,5,0,7.67,100.0,65.22,21.74
LS Baker,Test,3,50,23,50,2,40,3,0,11.5,46.0,80.0,6.0
LK Hamilton,Test,1,54,23,54,1,42,3,0,23.0,42.59,77.78,5.56
LK Ebsary,ODI,1,24,23,23,1,13,4,0,23.0,100.0,56.52,17.39
Shafiul Islam,T20I,6,33,23,33,6,20,1,1,3.83,69.7,60.61,6.06
TL Chatara,T20I,10,50,23,49,5,31,1,0,4.6,46.94,63.27,2.04
TAW Patterson,T20I,3,48,23,47,3,31,2,0,7.67,48.94,65.96,4.26
ML Schutt,T20I,15,32,23,31,9,15,2,0,2.56,74.19,48.39,6.45
E Ernest,T20I,6,45,23,44,5,28,2,0,4.6,52.27,63.64,4.55
Dok Da Nit,T20I,7,77,23,70,6,57,3,0,3.83,32.86,81.43,4.29
BV Sears,T20I,8,37,23,33,3,18,2,0,7.67,69.7,54.55,6.06
S Hassall,T20I,6,46,23,46,4,32,2,0,5.75,50.0,69.57,4.35
Saud Munir,T20I,6,41,23,40,2,19,0,0,11.5,57.5,47.5,0.0
SJ Massiah,ODI,2,47,23,44,2,34,3,0,11.5,52.27,77.27,6.82
R MacDonald-Gay,Test,2,118,22,118,4,103,1,0,5.5,18.64,87.29,0.85
WD Balaji Rao,ODI,5,43,22,41,4,27,2,0,5.5,53.66,65.85,4.88
O Thomas,ODI,14,78,22,73,5,59,2,0,4.4,30.14,80.82,2.74
OO Bascome,T20I,2,30,22,23,2,10,3,0,11.0,95.65,43.48,13.04
Adeshlie Alias,T20I,1,24,22,22,1,12,3,0,22.0,100.0,54.55,13.64
TH Semau,T20I,12,51,22,49,9,35,2,0,2.44,44.9,71.43,4.08
KL Nagarkoti,IPL,7,34,22,33,4,16,1,0,5.5,66.67,48.48,3.03
Fawad Ahmed,PSL,6,39,22,34,4,23,3,0,5.5,64.71,67.65,8.82
A Rautela,T20I,5,67,22,59,3,36,1,0,7.33,37.29,61.02,1.69
N Shree Charani,ODI,7,34,22,34,5,22,0,2,4.4,64.71,64.71,5.88
T Thorpe,T20I,9,45,22,39,5,24,2,0,4.4,56.41,61.54,5.13
J Edmiston,T20I,1,40,22,37,0,23,2,0,22.0,59.46,62.16,5.41
MP Enright,T20I,3,55,22,54,3,33,0,0,7.33,40.74,61.11,0.0
G Dempsey,T20I,6,30,22,30,3,11,1,0,7.33,73.33,36.67,3.33
T Makusha,ODI,6,41,22,40,5,25,2,0,4.4,55.0,62.5,5.0
TV Badri Narayanan,T20I,4,56,22,54,4,40,1,0,5.5,40.74,74.07,1.85
C Karunaratne,Test,1,43,22,43,2,34,4,0,11.0,51.16,79.07,9.3
LR Doolan,T20I,4,34,22,34,3,15,0,0,7.33,64.71,44.12,0.0
Z Arinaitwe,T20I,3,28,22,26,3,18,3,1,7.33,84.62,69.23,15.38
Aminul Islam Biplob,T20I,3,19,22,18,1,9,4,0,22.0,122.22,50.0,22.22
A Phillip,ODI,2,25,22,25,1,11,0,1,22.0,88.0,44.0,4.0
RL Bhudia,ODI,1,15,22,15,1,4,1,1,22.0,146.67,26.67,13.33
RM Patidar,ODI,1,18,22,16,1,9,3,1,22.0,137.5,56.25,25.0
E Mbofana,ODI,4,56,22,55,2,37,1,0,11.0,40.0,67.27,1.82
SA Abbott,IPL,3,18,22,18,2,10,1,2,11.0,122.22,55.56,16.67
S Yenamandra,T20I,4,92,22,68,3,52,2,0,7.33,32.35,76.47,2.94
Yudhvir Singh,IPL,4,16,22,16,4,8,1,2,5.5,137.5,50.0,18.75
RMMP Rathnayake,ODI,1,31,22,31,1,19,3,0,22.0,70.97,61.29,9.68
I Bist,T20I,5,22,22,22,3,10,2,0,7.33,100.0,45.45,9.09
RP Meredith,PSL,2,34,22,34,2,16,1,0,11.0,64.71,47.06,2.94
Sylvia Usabyimana,T20I,7,37,22,36,5,25,1,1,4.4,61.11,69.44,5.56
J Souckova,T20I,5,66,22,54,5,37,2,0,4.4,40.74,68.52,3.7
B van Zyl,T20I,1,18,22,18,1,7,1,1,22.0,122.22,38.89,11.11
Sejal Vinod,T20I,3,37,22,30,3,15,3,0,7.33,73.33,50.0,10.0
Sediqullah Atal,IPL,1,16,22,16,1,6,0,2,22.0,137.5,37.5,12.5
Ousman Bah,T20I,7,63,22,58,6,40,0,0,3.67,37.93,68.97,0.0
Mohammad Salman,ODI,3,40,22,39,1,25,2,0,22.0,56.41,64.1,5.13
Ali Sheikh,T20I,3,20,22,20,2,3,1,0,11.0,110.0,15.0,5.0
M Morkel,T20I,7,18,22,18,3,10,3,1,7.33,122.22,55.56,22.22
YYM Jakda,T20I,7,19,22,19,7,12,1,2,3.14,115.79,63.16,15.79
UT Yadav,T20I,2,28,22,21,1,6,2,0,22.0,104.76,28.57,9.52
Hassan Khan Mohammad,T20I,4,30,22,29,3,15,2,0,7.33,75.86,51.72,6.9
GB Hogg,IPL,4,22,22,22,2,5,1,0,11.0,100.0,22.73,4.55
L Malino,T20I,9,79,22,76,7,56,0,0,3.14,28.95,73.68,0.0
Awais Zia,PSL,2,31,22,30,2,16,2,0,11.0,73.33,53.33,6.67
Umair Masood,PSL,1,28,22,28,1,12,1,0,22.0,78.57,42.86,3.57
PKD Chase,ODI,8,33,22,31,6,21,1,1,3.67,70.97,67.74,6.45
M Mabvuka,T20I,3,65,22,57,3,43,2,0,7.33,38.6,75.44,3.51
M Kulfiwala,T20I,2,22,22,21,2,11,4,0,11.0,104.76,52.38,19.05
PJ Ingram,T20I,3,36,22,35,2,24,3,0,11.0,62.86,68.57,8.57
Virendra Kumar,T20I,4,19,22,19,3,7,2,0,7.33,115.79,36.84,10.53
JOA Gordon,ODI,8,48,22,47,4,35,1,1,5.5,46.81,74.47,4.26
S Shrivastava,ODI,6,52,22,51,2,35,2,0,11.0,43.14,68.63,3.92
D Ahir,T20I,3,23,22,23,3,14,2,1,7.33,95.65,60.87,13.04
ST Gabriel,ODI,11,58,22,58,6,42,1,0,3.67,37.93,72.41,1.72
CKB Kulasekara,Test,1,50,22,50,2,38,2,0,11.0,44.0,76.0,4.0
AB Dinda,T20I,2,24,22,24,1,8,1,0,22.0,91.67,33.33,4.17
DP Nannes,T20I,4,19,22,18,3,8,1,1,7.33,122.22,44.44,11.11
HRA Rainey,ODI,6,51,22,51,4,36,2,0,5.5,43.14,70.59,3.92
PC de Silva,T20I,2,22,22,22,2,4,1,0,11.0,100.0,18.18,4.55
Nazmul Huda,T20I,7,67,22,62,2,48,2,0,11.0,35.48,77.42,3.23
Nik Nur Atiela,T20I,5,25,22,24,2,9,1,0,11.0,91.67,37.5,4.17
L Monanthane,T20I,6,47,22,45,6,27,0,0,3.67,48.89,60.0,0.0
P Roy,T20I,2,30,22,30,1,11,1,0,22.0,73.33,36.67,3.33
XC Bartlett,IPL,3,21,22,21,2,8,1,1,11.0,104.76,38.1,9.52
F Guirrugo,T20I,5,75,22,71,4,59,3,0,5.5,30.99,83.1,4.23
B Shikongo,ODI,14,63,22,61,4,45,1,0,5.5,36.07,73.77,1.64
S Qeshile,ODI,1,24,22,23,1,10,3,0,22.0,95.65,43.48,13.04
Sania Khan,T20I,8,30,22,30,5,15,2,0,4.4,73.33,50.0,6.67
O Kirsten,ODI,1,54,22,52,0,42,2,0,22.0,42.31,80.77,3.85
S Kotte,T20I,9,65,22,59,2,42,1,0,11.0,37.29,71.19,1.69
Shivang Kumar,IPL,4,17,22,16,4,8,3,1,5.5,137.5,50.0,25.0
S Muthusamy,ODI,4,25,22,25,3,10,2,0,7.33,88.0,40.0,8.0
S Bhari,ODI,6,52,22,49,3,35,2,0,7.33,44.9,71.43,4.08
HE van der Dussen,IPL,3,25,22,24,2,11,2,0,11.0,91.67,45.83,8.33
JM Cox,ODI,3,57,22,56,3,40,2,0,7.33,39.29,71.43,3.57
Ahsan Malik,T20I,6,21,22,21,1,10,1,1,22.0,104.76,47.62,9.52
LD Madushanka,T20I,3,29,22,29,3,13,1,0,7.33,75.86,44.83,3.45
Mosharraf Hossain,ODI,4,64,22,61,3,42,0,0,7.33,36.07,68.85,0.0
FL Reifer,T20I,1,20,22,20,1,10,2,1,22.0,110.0,50.0,15.0
AU Rashid,IPL,2,17,22,16,2,7,2,1,11.0,137.5,43.75,18.75
Sarfraz Butt,T20I,2,20,21,19,1,5,1,0,21.0,110.53,26.32,5.26
Dilara Akter,ODI,2,33,21,32,2,25,4,0,10.5,65.62,78.12,12.5
R Sheshadri,T20I,3,23,21,22,2,10,1,1,10.5,95.45,45.45,9.09
R Pisal,T20I,3,25,21,24,3,12,3,0,7.0,87.5,50.0,12.5
Karweng NG,T20I,3,32,21,30,4,16,0,1,5.25,70.0,53.33,3.33
Mohammad Irfan (4),PSL,8,24,21,21,3,9,1,1,7.0,100.0,42.86,9.52
Kamran Shazad,T20I,2,18,21,17,2,9,1,2,10.5,123.53,52.94,17.65
DE Bollinger,IPL,4,23,21,23,1,10,1,1,21.0,91.3,43.48,8.7
C Ostergaard,T20I,6,36,21,34,3,20,2,0,7.0,61.76,58.82,5.88
CB Sole,T20I,7,25,21,25,3,13,2,0,7.0,84.0,52.0,8.0
Fayaz Mohammad,T20I,3,18,21,17,3,6,3,0,7.0,123.53,35.29,17.65
SE Bond,T20I,8,21,21,21,5,7,2,0,4.2,100.0,33.33,9.52
C Forshaw,T20I,4,26,21,26,2,11,0,1,10.5,80.77,42.31,3.85
MR Gillespie,T20I,6,32,21,29,3,9,0,0,7.0,72.41,31.03,0.0
B Regmi,T20I,8,56,21,53,6,39,2,0,3.5,39.62,73.58,3.77
KAC Wong,T20I,2,47,21,44,0,34,3,0,21.0,47.73,77.27,6.82
BB Chari,T20I,3,31,21,31,3,22,4,0,7.0,67.74,70.97,12.9
SA Sathiya,T20I,2,18,21,16,1,5,2,0,21.0,131.25,31.25,12.5
Z Abbasi,T20I,4,18,21,18,4,10,2,1,5.25,116.67,55.56,16.67
SP Guzman,T20I,3,31,21,29,3,20,3,0,7.0,72.41,68.97,10.34
LA Coleman,Test,1,65,21,65,2,54,2,0,10.5,32.31,83.08,3.08
Aashita Gupta,T20I,3,47,21,37,2,21,2,0,10.5,56.76,56.76,5.41
Nirmaljit Singh,T20I,6,53,21,52,3,39,1,1,7.0,40.38,75.0,3.85
J Grzinic,T20I,5,49,21,49,2,32,1,0,10.5,42.86,65.31,2.04
APC Kilowan,ODI,1,17,21,17,1,6,1,1,21.0,123.53,35.29,11.76
NR Ferreira,Test,1,99,21,99,2,89,3,0,10.5,21.21,89.9,3.03
MMR Obili,T20I,6,36,21,33,4,15,0,0,5.25,63.64,45.45,0.0
M Yoshioka,T20I,3,22,21,22,2,10,3,0,10.5,95.45,45.45,13.64
Imam-ul-Haq,T20I,2,25,21,25,2,13,2,0,10.5,84.0,52.0,8.0
CK Holder,Test,1,37,21,37,0,28,3,0,21.0,56.76,75.68,8.11
M Mangru,T20I,5,26,21,25,3,11,2,0,7.0,84.0,44.0,8.0
Umair Ali,T20I,2,17,21,17,2,7,2,1,10.5,123.53,41.18,17.65
Haseeb Amjad,ODI,1,15,21,15,1,7,1,2,21.0,140.0,46.67,20.0
HL Harji,T20I,7,31,21,30,6,21,2,1,3.5,70.0,70.0,10.0
V Jagannivasan,T20I,5,44,21,35,4,20,2,0,5.25,60.0,57.14,5.71
EB Ringera,T20I,10,37,21,36,7,20,1,0,3.0,58.33,55.56,2.78
BP Nash,ODI,2,21,21,21,1,8,2,0,21.0,100.0,38.1,9.52
K Inakale,T20I,11,63,21,61,6,45,1,0,3.5,34.43,73.77,1.64
P Yevugah,T20I,5,34,21,32,4,17,1,0,5.25,65.62,53.12,3.12
Renuka Singh,ODI,16,57,21,56,10,42,2,0,2.1,37.5,75.0,3.57
Simon Shalders,T20I,2,37,21,35,2,23,2,0,10.5,60.0,65.71,5.71
AB Dinda,ODI,5,38,21,36,5,23,1,0,4.2,58.33,63.89,2.78
EC Perry,ODI,3,28,21,27,1,18,4,0,21.0,77.78,66.67,14.81
S Snater,ODI,2,13,21,13,1,3,1,1,21.0,161.54,23.08,15.38
M Abadjieva,T20I,8,76,21,64,7,44,1,0,3.0,32.81,68.75,1.56
Saif Badar,PSL,4,23,21,23,4,11,1,1,5.25,91.3,47.83,8.7
DJ Pattinson,Test,1,50,21,50,2,41,3,0,10.5,42.0,82.0,6.0
JP Behrendorff,ODI,6,23,21,23,3,10,0,0,7.0,91.3,43.48,0.0
J Patraj,ODI,2,48,21,48,2,31,1,0,10.5,43.75,64.58,2.08
CJ Metcalfe,ODI,6,54,21,54,3,43,3,0,7.0,38.89,79.63,5.56
T Araliya,T20I,5,37,21,32,3,21,2,0,7.0,65.62,65.62,6.25
Shoaib Akhtar,T20I,6,16,21,16,2,9,2,1,10.5,131.25,56.25,18.75
F Chipare,T20I,7,31,21,29,2,17,2,0,10.5,72.41,58.62,6.9
Yusuf Bhoola,T20I,3,32,21,30,2,20,3,0,10.5,70.0,66.67,10.0
Noor Ahmad,PSL,3,13,21,13,2,4,2,1,10.5,161.54,30.77,23.08
Waqas Maqsood,PSL,5,25,21,25,4,16,2,1,5.25,84.0,64.0,12.0
Kumar Kushagra,IPL,4,21,21,21,4,11,3,0,5.25,100.0,52.38,14.29
Ehsan Adil,Test,3,41,21,41,4,32,3,0,5.25,51.22,78.05,7.32
I Shukla,T20I,11,103,21,99,11,80,0,0,1.91,21.21,80.81,0.0
BA Langston,ODI,1,22,21,21,0,7,2,0,21.0,100.0,33.33,9.52
B Kgosiemang,T20I,7,45,21,43,1,28,1,0,21.0,48.84,65.12,2.33
B Indrajith,IPL,3,31,21,30,3,17,2,0,7.0,70.0,56.67,6.67
Syeda Aroob Shah,T20I,7,39,21,37,3,20,1,0,7.0,56.76,54.05,2.7
Shahid Mahmood,T20I,4,26,21,26,1,15,0,2,21.0,80.77,57.69,7.69
LS Mulivai,T20I,2,52,21,50,2,31,0,0,10.5,42.0,62.0,0.0
UNGB Thenannahelage,T20I,3,24,21,24,1,4,0,0,21.0,87.5,16.67,0.0
GA Manou,Test,1,39,21,39,1,28,3,0,21.0,53.85,71.79,7.69
AC Cummins,ODI,3,23,21,23,1,11,2,0,21.0,91.3,47.83,8.7
Seri Chang,T20I,4,56,21,54,4,37,0,0,5.25,38.89,68.52,0.0
Mohammad Sami,T20I,4,32,21,30,1,15,2,0,21.0,70.0,50.0,6.67
E Otieno,ODI,7,57,21,54,4,40,2,0,5.25,38.89,74.07,3.7
KML Nonu,T20I,4,47,20,46,2,31,1,0,10.0,43.48,67.39,2.17
C Wijesinghe,T20I,4,63,20,50,2,26,0,0,10.0,40.0,52.0,0.0
MF Maharoof,T20I,4,33,20,32,4,17,0,0,5.0,62.5,53.12,0.0
R Heyns,T20I,1,18,20,16,1,10,3,1,20.0,125.0,62.5,25.0
C Sakariya,IPL,7,31,20,31,5,20,3,0,4.0,64.52,64.52,9.68
T Shamsi,Test,2,49,20,48,1,39,2,0,20.0,41.67,81.25,4.17
Leitu Leong,T20I,8,37,20,37,6,25,1,0,3.33,54.05,67.57,2.7
JM Willathgamuwa,ODI,3,52,20,47,2,33,1,0,10.0,42.55,70.21,2.13
AF Sattaur,ODI,3,63,20,60,3,47,0,1,6.67,33.33,78.33,1.67
Salman Irshad,PSL,13,40,20,37,7,22,0,1,2.86,54.05,59.46,2.7
Jai Sinh,T20I,8,42,20,42,7,26,0,0,2.86,47.62,61.9,0.0
Zahid Mahmood,Test,4,110,20,110,5,101,2,1,4.0,18.18,91.82,2.73
MBS Jonkman,ODI,3,33,20,32,2,19,2,0,10.0,62.5,59.38,6.25
MJ North,T20I,1,21,20,21,1,6,1,0,20.0,95.24,28.57,4.76
OK Mohamed,T20I,5,61,20,59,7,50,2,0,2.86,33.9,84.75,3.39
JRMVB Sanjaya,T20I,5,18,20,18,3,8,3,0,6.67,111.11,44.44,16.67
BTJ Wheal,T20I,6,22,20,22,2,8,1,0,10.0,90.91,36.36,4.55
DL Hemp,T20I,1,30,20,30,1,22,2,1,20.0,66.67,73.33,10.0
RL Bhudia,T20I,3,20,20,20,2,11,0,2,10.0,100.0,55.0,10.0
RM Burns,T20I,2,23,20,23,2,13,3,0,10.0,86.96,56.52,13.04
T Makusha,T20I,3,23,20,22,2,12,2,0,10.0,90.91,54.55,9.09
PSRK Sudarshan,T20I,5,20,20,20,4,11,1,1,5.0,100.0,55.0,10.0
AC Mushangwe,T20I,4,30,20,29,0,13,0,0,20.0,68.97,44.83,0.0
Rubel Hossain,T20I,12,36,20,35,3,18,1,0,6.67,57.14,51.43,2.86
Patrick Nou,T20I,2,22,20,22,2,10,2,0,10.0,90.91,45.45,9.09
MR Johnson,ODI,2,23,20,19,2,9,3,0,10.0,105.26,47.37,15.79
I Khan,Test,1,64,20,64,1,54,1,0,20.0,31.25,84.38,1.56
O Hamrikova,T20I,8,93,20,82,10,62,1,0,2.0,24.39,75.61,1.22
T Gwandu,Test,2,103,20,103,3,90,1,0,6.67,19.42,87.38,0.97
N Davidovic,T20I,2,11,20,11,2,5,1,2,10.0,181.82,45.45,27.27
S Nisansala,ODI,5,30,20,29,2,15,1,0,10.0,68.97,51.72,3.45
Julie Hayes,Test,1,82,20,82,2,73,3,0,10.0,24.39,89.02,3.66
RM Farrell,Test,2,41,20,41,2,27,1,0,10.0,48.78,65.85,2.44
JKC Ahir,T20I,2,51,20,50,2,33,1,0,10.0,40.0,66.0,2.0
HGV Vare,ODI,5,31,20,28,5,17,2,0,4.0,71.43,60.71,7.14
P Munsanda,T20I,5,55,20,51,3,36,1,0,6.67,39.22,70.59,1.96
Saeed Ajmal,PSL,2,17,20,16,2,4,1,1,10.0,125.0,25.0,12.5
Pooja Shah,T20I,1,16,20,15,0,4,2,0,20.0,133.33,26.67,13.33
N Gwebu,T20I,11,72,20,66,11,50,1,0,1.82,30.3,75.76,1.52
AK Gonerara,T20I,7,53,20,46,5,32,0,0,4.0,43.48,69.57,0.0
Z Groenewald,T20I,4,36,20,35,3,20,0,0,6.67,57.14,57.14,0.0
RJW Topley,ODI,11,66,20,63,4,52,0,1,5.0,31.75,82.54,1.59
Amna Khan,T20I,5,46,20,42,5,33,3,0,4.0,47.62,78.57,7.14
DW Steyn,T20I,10,26,20,25,5,13,2,0,4.0,80.0,52.0,8.0
T Motlhabaphuti,T20I,5,59,20,53,3,40,1,0,6.67,37.74,75.47,1.89
Z Shurentsetseg,T20I,11,72,20,67,7,55,0,1,2.86,29.85,82.09,1.49
FFJ Heo,T20I,6,36,20,36,5,22,0,1,4.0,55.56,61.11,2.78
BKG Mendis,IPL,1,11,20,10,1,4,1,2,20.0,200.0,40.0,30.0
R Boyce,T20I,5,30,20,29,5,17,1,1,4.0,68.97,58.62,6.9
Miria Raio,T20I,6,50,20,45,6,27,0,0,3.33,44.44,60.0,0.0
SR Patil,T20I,7,33,20,31,4,19,2,0,5.0,64.52,61.29,6.45
MV Lehmann,T20I,5,44,20,43,4,29,0,0,5.0,46.51,67.44,0.0
SW Tait,Test,3,47,20,46,3,38,4,0,6.67,43.48,82.61,8.7
JA Simpson,ODI,2,32,20,31,2,18,2,0,10.0,64.52,58.06,6.45
F de Wet,Test,2,71,20,71,2,60,3,0,10.0,28.17,84.51,4.23
S Thapa,T20I,7,34,20,30,4,13,1,0,5.0,66.67,43.33,3.33
L Erdenebulgan,T20I,13,125,20,116,13,102,1,0,1.54,17.24,87.93,0.86
Ainool Haqqiem,T20I,2,21,20,20,1,8,1,0,20.0,100.0,40.0,5.0
B Doggett,Test,2,51,20,51,1,38,1,0,20.0,39.22,74.51,1.96
DN Wellalage,PSL,1,24,20,24,1,14,3,0,20.0,83.33,58.33,12.5
AC Thomas,IPL,4,19,20,19,2,8,1,1,10.0,105.26,42.11,10.53
E Richard,T20I,6,53,20,50,5,35,1,0,4.0,40.0,70.0,2.0
PA Wadenpohl,T20I,8,83,20,75,5,57,0,0,4.0,26.67,76.0,0.0
G Singhdeo,T20I,4,29,20,28,4,18,3,0,5.0,71.43,64.29,10.71
Ali Khan,ODI,9,35,20,35,6,22,1,0,3.33,57.14,62.86,2.86
RR Raje,IPL,5,18,20,18,1,6,1,1,20.0,111.11,33.33,11.11
B Isaac,T20I,4,45,20,42,4,27,0,0,5.0,47.62,64.29,0.0
S Kaul,IPL,9,36,20,36,3,23,1,0,6.67,55.56,63.89,2.78
M Muralitharan,IPL,9,30,20,30,6,16,1,0,3.33,66.67,53.33,3.33
MV Fare,T20I,6,51,20,48,4,32,1,0,5.0,41.67,66.67,2.08
AH Maqsood,ODI,8,50,20,47,6,30,0,0,3.33,42.55,63.83,0.0
EJB Miles,T20I,7,26,20,26,3,15,2,0,6.67,76.92,57.69,7.69
Mohamed Coulibaly,T20I,8,69,20,58,7,47,1,0,2.86,34.48,81.03,1.72
Manish Sharma,T20I,4,58,20,55,4,44,3,0,5.0,36.36,80.0,5.45
S Sreesanth,T20I,3,14,20,14,2,6,4,0,10.0,142.86,42.86,28.57
M King,T20I,4,68,20,56,3,44,2,0,6.67,35.71,78.57,3.57
M Joshi,ODI,4,32,20,32,2,18,2,0,10.0,62.5,56.25,6.25
S Forbes,T20I,5,34,20,34,4,18,1,0,5.0,58.82,52.94,2.94
Mushtaq Ahmed,Test,2,55,20,55,1,44,2,0,20.0,36.36,80.0,3.64
Akbar Khan,T20I,4,38,20,37,6,20,1,0,3.33,54.05,54.05,2.7
Rashidatu Salia,T20I,3,43,20,41,2,28,2,0,10.0,48.78,68.29,4.88
NJ Maddinson,IPL,3,21,20,21,3,15,4,0,6.67,95.24,71.43,19.05
MJ Mason,ODI,5,41,20,39,3,26,2,0,6.67,51.28,66.67,5.13
C Waiswa,T20I,2,14,20,14,1,4,1,1,20.0,142.86,28.57,14.29
KR Ebanks,T20I,7,46,20,45,8,29,1,0,2.5,44.44,64.44,2.22
A Amado,T20I,2,28,19,28,3,16,2,0,6.33,67.86,57.14,7.14
KP Meiyappan,T20I,3,25,19,23,2,10,2,0,9.5,82.61,43.48,8.7
Fahad Tariq,T20I,4,26,19,24,4,16,1,1,4.75,79.17,66.67,8.33
R Sewwandi,T20I,3,17,19,17,1,9,3,0,19.0,111.76,52.94,17.65
Imran Tahir,T20I,4,19,19,18,1,10,1,1,19.0,105.56,55.56,11.11
M Faisal,T20I,5,30,19,28,4,17,2,0,4.75,67.86,60.71,7.14
KOK Williams,T20I,5,18,19,17,3,7,1,1,6.33,111.76,41.18,11.76
N Tykhonravova,T20I,7,61,19,54,7,36,0,0,2.71,35.19,66.67,0.0
C Zavoiu,T20I,6,34,19,33,4,22,1,0,4.75,57.58,66.67,3.03
R Shukla,IPL,4,23,19,23,2,10,2,0,9.5,82.61,43.48,8.7
AG Wharf,ODI,5,29,19,28,2,17,0,1,9.5,67.86,60.71,3.57
CA Gurrey,T20I,2,28,19,27,2,20,4,0,9.5,70.37,74.07,14.81
AW Wambua,T20I,3,26,19,25,3,14,2,0,6.33,76.0,56.0,8.0
Y Gnaneswara Rao,IPL,1,18,19,17,1,8,3,0,19.0,111.76,47.06,17.65
HW Rambaldo,ODI,2,97,19,93,2,81,0,0,9.5,20.43,87.1,0.0
Brima Ansumana,T20I,2,31,19,30,2,16,0,0,9.5,63.33,53.33,0.0
DR Martyn,IPL,1,26,19,24,2,8,1,0,9.5,79.17,33.33,4.17
Muktar Ali,T20I,1,15,19,15,0,5,1,1,19.0,126.67,33.33,13.33
Natalie Clarke,T20I,2,34,19,30,2,16,2,0,9.5,63.33,53.33,6.67
Navid Balouch,T20I,1,23,19,21,0,8,1,0,19.0,90.48,38.1,4.76
KT Maphaka,T20I,6,24,19,24,2,13,2,0,9.5,79.17,54.17,8.33
Junaid Sheikh,T20I,3,20,19,20,3,11,1,1,6.33,95.0,55.0,10.0
V Permaul,ODI,4,28,19,26,2,14,1,0,9.5,73.08,53.85,3.85
P Sahu,IPL,2,13,19,13,0,4,1,1,19.0,146.15,30.77,15.38
M Vuruna,T20I,2,32,19,32,2,18,1,0,9.5,59.38,56.25,3.12
Kerry Fraser,T20I,4,68,19,60,2,42,0,0,9.5,31.67,70.0,0.0
NT Ellis,IPL,5,26,19,25,4,13,0,1,4.75,76.0,52.0,4.0
R Bishnoi,IPL,3,17,19,17,3,11,1,2,6.33,111.76,64.71,17.65
MP Bicknell,Test,2,36,19,36,3,28,3,0,6.33,52.78,77.78,8.33
LL Tsotsobe,Test,3,53,19,53,3,43,2,0,6.33,35.85,81.13,3.77
S Jyoti,ODI,2,43,19,43,2,29,0,1,9.5,44.19,67.44,2.33
RLB Rambukwella,T20I,1,16,19,16,1,7,1,1,19.0,118.75,43.75,12.5
Sunzamul Islam,ODI,1,25,19,24,1,14,3,0,19.0,79.17,58.33,12.5
CJ Dala,T20I,4,29,19,28,1,13,1,0,19.0,67.86,46.43,3.57
Ali Mohammadipour,T20I,1,14,19,13,1,7,4,0,19.0,146.15,53.85,30.77
A Johnmary,T20I,3,25,19,25,3,14,2,0,6.33,76.0,56.0,8.0
LR Johnson,ODI,3,65,19,61,3,53,2,1,6.33,31.15,86.89,4.92
AM Phangiso,T20I,3,29,19,29,2,13,1,0,9.5,65.52,44.83,3.45
D Wotu,T20I,5,16,19,15,2,3,2,0,9.5,126.67,20.0,13.33
A Konhu,T20I,3,26,19,24,3,12,1,0,6.33,79.17,50.0,4.17
ZM Hamisi,T20I,4,43,19,41,4,24,0,0,4.75,46.34,58.54,0.0
J Figy John,T20I,2,30,19,30,2,19,1,1,9.5,63.33,63.33,6.67
PJ Ongondo,T20I,4,15,19,15,4,6,1,1,4.75,126.67,40.0,13.33
ST Doheny,T20I,3,21,19,21,3,10,2,0,6.33,90.48,47.62,9.52
A Mukund,IPL,2,23,19,22,2,8,1,0,9.5,86.36,36.36,4.55
LE Lomani,T20I,3,59,19,55,3,40,1,0,6.33,34.55,72.73,1.82
Kasir Ahmed,T20I,1,21,19,21,1,7,0,0,19.0,90.48,33.33,0.0
E Khaliunaa,T20I,10,82,19,77,9,61,0,0,2.11,24.68,79.22,0.0
P Dimri,Test,1,47,19,47,0,41,4,0,19.0,40.43,87.23,8.51
AL Phehlukwayo,Test,3,39,19,39,2,29,3,0,9.5,48.72,74.36,7.69
W Behr,T20I,4,18,19,18,3,6,2,0,6.33,105.56,33.33,11.11
PK Ananya,T20I,3,20,19,19,2,9,1,1,9.5,100.0,47.37,10.53
RA Bawa,IPL,3,18,19,18,2,7,1,0,9.5,105.56,38.89,5.56
JR Hazlewood,IPL,8,31,19,30,1,15,1,0,19.0,63.33,50.0,3.33
OR Willis,T20I,5,43,19,41,5,29,0,1,3.8,46.34,70.73,2.44
J Perry,T20I,3,43,19,41,2,25,0,0,9.5,46.34,60.98,0.0
CM Madsen,T20I,2,28,19,28,1,17,2,0,19.0,67.86,60.71,7.14
Rosie Davis,T20I,2,30,19,28,2,17,2,0,9.5,67.86,60.71,7.14
CJ McKay,T20I,4,24,19,22,2,13,1,1,9.5,86.36,59.09,9.09
E Haven,T20I,5,55,19,53,4,38,1,0,4.75,35.85,71.7,1.89
Imran Ahmed Kaneez,T20I,6,56,19,51,6,34,0,0,3.17,37.25,66.67,0.0
C Viljoen,ODI,2,23,19,23,1,12,2,0,19.0,82.61,52.17,8.7
BJ Currie,T20I,6,34,19,32,1,15,0,0,19.0,59.38,46.88,0.0
SJ Elliott,T20I,1,20,19,20,0,5,0,0,19.0,95.0,25.0,0.0
KOK Williams,ODI,4,27,19,27,1,13,1,0,19.0,70.37,48.15,3.7
D Brown,ODI,4,26,19,25,1,13,2,0,19.0,76.0,52.0,8.0
N D'souza,T20I,5,46,19,46,4,30,0,0,4.75,41.3,65.22,0.0
Mohammad Ali,PSL,8,41,19,38,3,25,1,0,6.33,50.0,65.79,2.63
Gulbadin Naib,IPL,1,15,19,15,1,4,1,1,19.0,126.67,26.67,13.33
U Bhatti,T20I,2,14,19,14,2,3,1,0,9.5,135.71,21.43,7.14
RM Scott,T20I,2,20,19,19,2,10,3,0,9.5,100.0,52.63,15.79
Elizabeth Annor,T20I,3,36,19,31,4,19,2,0,4.75,61.29,61.29,6.45
S Gokhale,T20I,10,41,19,41,6,26,0,0,3.17,46.34,63.41,0.0
Sarfaraj Patel,T20I,3,36,19,36,2,24,0,0,9.5,52.78,66.67,0.0
JW Dernbach,ODI,8,40,19,39,6,23,1,0,3.17,48.72,58.97,2.56
D Weston,T20I,2,18,19,18,2,8,1,1,9.5,105.56,44.44,11.11
P Ray Barman,IPL,1,25,19,24,1,11,2,0,19.0,79.17,45.83,8.33
Abraar Khan,T20I,5,42,19,42,5,24,0,0,3.8,45.24,57.14,0.0
LK Bell,Test,4,82,19,82,1,74,3,0,19.0,23.17,90.24,3.66
N Hirani,T20I,1,11,19,11,1,2,3,0,19.0,172.73,18.18,27.27
Hunain Shah,PSL,8,33,19,31,5,21,1,1,3.8,61.29,67.74,6.45
GM Hamilton,T20I,4,25,19,24,4,12,2,0,4.75,79.17,50.0,8.33
Bilawal Bhatti,PSL,4,17,18,17,2,9,1,1,9.0,105.88,52.94,11.76
V Jatinder Kumar,T20I,5,23,18,22,3,13,3,0,6.0,81.82,59.09,13.64
SK Springer,ODI,2,27,18,26,2,16,1,1,9.0,69.23,61.54,7.69
R Kanai,T20I,7,54,18,49,4,38,2,0,4.5,36.73,77.55,4.08
Davion Codner,T20I,5,23,18,23,4,9,0,0,4.5,78.26,39.13,0.0
BE Hendricks,T20I,5,24,18,23,3,13,0,1,6.0,78.26,56.52,4.35
AV Lalcheta,ODI,2,49,18,47,2,34,1,0,9.0,38.3,72.34,2.13
W O'Rourke,Test,11,198,18,197,5,184,1,0,3.6,9.14,93.4,0.51
KMA Paul,IPL,5,26,18,24,4,15,1,1,4.5,75.0,62.5,8.33
Vimal Kumar,T20I,2,36,18,36,1,21,0,0,18.0,50.0,58.33,0.0
W Sutherland,ODI,1,33,18,33,1,16,0,0,18.0,54.55,48.48,0.0
GD McGrath,ODI,14,44,18,41,6,26,0,0,3.0,43.9,63.41,0.0
XJ Doherty,T20I,4,17,18,17,1,7,1,0,18.0,105.88,41.18,5.88
H Mumford,T20I,4,57,18,52,3,35,0,0,6.0,34.62,67.31,0.0
Nilansh Keswani,ODI,2,34,18,34,1,19,1,0,18.0,52.94,55.88,2.94
Naveen-ul-Haq,IPL,4,26,18,25,2,14,2,0,9.0,72.0,56.0,8.0
C Abel,ODI,6,59,18,56,4,39,0,0,4.5,32.14,69.64,0.0
Raza Hasan,T20I,2,25,18,25,0,15,2,0,18.0,72.0,60.0,8.0
Skhawat Ali,ODI,3,60,18,55,3,44,2,0,6.0,32.73,80.0,3.64
S Snater,T20I,5,18,18,16,5,6,0,1,3.6,112.5,37.5,6.25
W Ginindza,T20I,11,76,18,69,12,55,1,0,1.5,26.09,79.71,1.45
SG Borthwick,ODI,2,16,18,16,2,7,1,1,9.0,112.5,43.75,12.5
Munir Dar,ODI,2,17,18,16,2,10,4,0,9.0,112.5,62.5,25.0
Nauman Anwar,T20I,1,10,18,10,1,4,2,1,18.0,180.0,40.0,30.0
Zheng Lili,T20I,7,42,18,40,7,26,1,0,2.57,45.0,65.0,2.5
Zohaib Khan,PSL,4,13,18,13,1,1,1,0,18.0,138.46,7.69,7.69
SK Dolawatte,T20I,3,54,18,51,4,34,0,0,4.5,35.29,66.67,0.0
C Rumistrzewicz,T20I,7,29,18,29,4,14,0,0,4.5,62.07,48.28,0.0
A Thorpe,T20I,5,40,18,38,5,24,1,0,3.6,47.37,63.16,2.63
AS van Beuge,T20I,5,32,18,32,4,15,0,0,4.5,56.25,46.88,0.0
TCB Fernando,ODI,3,39,18,38,0,22,0,0,18.0,47.37,57.89,0.0
JE Titmuss,T20I,4,33,18,33,4,24,2,0,4.5,54.55,72.73,6.06
HB Shipley,ODI,6,41,18,39,5,23,0,0,3.6,46.15,58.97,0.0
JM Apio,T20I,5,26,18,24,4,10,0,0,4.5,75.0,41.67,0.0
CC Dalton,ODI,1,27,18,27,1,20,3,0,18.0,66.67,74.07,11.11
I Wardlaw,ODI,8,33,18,32,5,22,2,0,3.6,56.25,68.75,6.25
SS Cottrell,T20I,10,29,18,29,4,17,2,0,4.5,62.07,58.62,6.9
D Young,T20I,4,21,18,21,4,14,2,1,4.5,85.71,66.67,14.29
K Mohanoe,T20I,4,42,18,40,4,27,1,0,4.5,45.0,67.5,2.5
Sumit Kumar,IPL,3,26,18,24,2,17,2,1,9.0,75.0,70.83,12.5
LN McCarthy,T20I,7,26,18,26,4,10,0,0,4.5,69.23,38.46,0.0
CP Jack,T20I,1,22,18,21,1,10,0,1,18.0,85.71,47.62,4.76
M Nguni,T20I,5,73,18,70,4,54,0,0,4.5,25.71,77.14,0.0
JL Tutty,T20I,4,29,18,29,3,14,1,0,6.0,62.07,48.28,3.45
Muhammad Fahim,T20I,3,28,18,28,2,16,0,1,9.0,64.29,57.14,3.57
Nuzhat Tasnia,T20I,4,40,18,40,3,22,0,0,6.0,45.0,55.0,0.0
DS Lehmann,IPL,2,19,18,18,2,9,3,0,9.0,100.0,50.0,16.67
Atif-Ur-Rehman,T20I,6,20,18,20,1,6,0,0,18.0,90.0,30.0,0.0
MP Kuhnemann,Test,4,67,18,67,4,59,2,0,4.5,26.87,88.06,2.99
Sufiyan Muqeem,T20I,7,17,18,17,3,7,2,0,6.0,105.88,41.18,11.76
SW Masakadza,T20I,5,24,18,24,4,11,1,0,4.5,75.0,45.83,4.17
A Gisdaki,T20I,4,82,18,74,2,56,0,0,9.0,24.32,75.68,0.0
D Mendonca,T20I,7,95,18,89,7,75,1,0,2.57,20.22,84.27,1.12
T Takada,T20I,2,16,18,16,1,5,2,0,18.0,112.5,31.25,12.5
Jamaluddin Ahmed,ODI,1,31,18,28,1,18,2,0,18.0,64.29,64.29,7.14
Harmeet Singh,IPL,4,12,18,12,2,5,3,0,9.0,150.0,41.67,25.0
Sultan Ahmed (2),ODI,2,44,18,42,2,31,2,0,9.0,42.86,73.81,4.76
SSB Magala,ODI,5,25,18,24,3,12,2,0,6.0,75.0,50.0,8.33
Nageebullah Sultanzai,T20I,3,13,18,13,2,6,2,1,9.0,138.46,46.15,23.08
Abdur Rehman,T20I,4,24,18,24,3,8,0,0,6.0,75.0,33.33,0.0
Y Verma,T20I,4,23,18,22,5,13,2,0,3.6,81.82,59.09,9.09
FFZ Nhaduate,T20I,4,35,18,35,3,23,1,0,6.0,51.43,65.71,2.86
TS Mills,PSL,7,20,18,20,2,10,1,1,9.0,90.0,50.0,10.0
AA Gajic,T20I,6,37,18,37,2,24,1,0,9.0,48.65,64.86,2.7
T Mpandakwaya,T20I,3,28,18,25,2,13,1,0,9.0,72.0,52.0,4.0
JJ van der Wath,IPL,3,17,18,16,2,7,1,1,9.0,112.5,43.75,12.5
Tanvir Ahmed (1),ODI,1,12,18,12,2,7,1,2,9.0,150.0,58.33,25.0
JW Wilson,T20I,1,14,18,14,1,4,2,0,18.0,128.57,28.57,14.29
PV Tambe,IPL,6,39,18,39,1,23,1,0,18.0,46.15,58.97,2.56
PWDM Badalge,ODI,3,35,18,35,3,24,2,0,6.0,51.43,68.57,5.71
RN ten Doeschate,PSL,2,33,18,32,2,18,0,0,9.0,56.25,56.25,0.0
Sadia Iqbal,T20I,11,38,18,37,7,26,2,0,2.57,48.65,70.27,5.41
M Simmons,T20I,1,16,18,16,0,5,1,0,18.0,112.5,31.25,6.25
Maahi Madhavan,T20I,5,24,18,24,3,12,2,0,6.0,75.0,50.0,8.33
E Ochieng,T20I,3,19,18,19,2,10,1,1,9.0,94.74,52.63,10.53
P Subrayen,ODI,2,18,18,18,1,8,1,1,18.0,100.0,44.44,11.11
Sajedul Islam,Test,3,47,18,47,6,39,2,0,3.0,38.3,82.98,4.26
Waqas Ali,T20I,2,28,18,24,2,9,0,0,9.0,75.0,37.5,0.0
LB Williams,ODI,4,26,18,26,4,14,2,0,4.5,69.23,53.85,7.69
T Brown,T20I,4,61,18,57,4,43,0,0,4.5,31.58,75.44,0.0
S Kolcunova,T20I,9,102,18,85,5,62,0,0,3.6,21.18,72.94,0.0
AC Septien,T20I,3,60,18,47,2,33,1,0,9.0,38.3,70.21,2.13
DI Allan,ODI,2,48,18,47,2,38,2,0,9.0,38.3,80.85,4.26
AJ Kenealy,T20I,6,23,18,23,5,12,2,0,3.6,78.26,52.17,8.7
Saurav Chauhan,IPL,3,16,18,15,3,6,1,1,6.0,120.0,40.0,13.33
K Whatham,ODI,1,43,18,41,1,29,2,0,18.0,43.9,70.73,4.88
NT Nyamhuri,Test,2,64,18,64,4,52,1,0,4.5,28.12,81.25,1.56
T Banton,IPL,2,22,18,20,2,11,1,1,9.0,90.0,55.0,10.0
NW Sariani,T20I,7,40,18,39,6,23,0,0,3.0,46.15,58.97,0.0
AJ Hosein,IPL,2,13,18,12,0,3,1,1,18.0,150.0,25.0,16.67
TL Chivanga,ODI,3,21,18,21,1,13,3,0,18.0,85.71,61.9,14.29
NJ O'Brien,Test,1,55,18,55,2,45,2,0,9.0,32.73,81.82,3.64
SI Kamea,ODI,14,55,18,55,6,43,2,0,3.0,32.73,78.18,3.64
KS Airee,T20I,3,18,18,18,3,8,1,1,6.0,100.0,44.44,11.11
Latsha Haleemath,T20I,6,30,18,29,6,21,3,0,3.0,62.07,72.41,10.34
R Pavlickova,T20I,10,97,18,81,11,63,0,0,1.64,22.22,77.78,0.0
TJE Chiracheque,T20I,4,49,18,43,5,30,2,0,3.6,41.86,69.77,4.65
R Sai Kishore,IPL,4,16,18,16,3,8,0,2,6.0,112.5,50.0,12.5
BJ Haddin,IPL,1,11,18,11,1,5,2,1,18.0,163.64,45.45,27.27
D Mauro,T20I,3,26,17,24,0,10,0,0,17.0,70.83,41.67,0.0
R MacDonald-Gay,ODI,1,14,17,13,1,4,2,0,17.0,130.77,30.77,15.38
N Tanwar,T20I,1,31,17,30,1,17,1,0,17.0,56.67,56.67,3.33
TL Best,T20I,1,9,17,9,0,4,0,2,17.0,188.89,44.44,22.22
TK Patel,T20I,3,19,17,18,0,4,1,0,17.0,94.44,22.22,5.56
Nadif Chowdhury,T20I,2,16,17,16,1,4,1,0,17.0,106.25,25.0,6.25
D Bishoo,T20I,4,30,17,29,2,18,2,0,8.5,58.62,62.07,6.9
D Brown,T20I,5,19,17,19,1,10,2,0,17.0,89.47,52.63,10.53
Adil Khan,T20I,2,24,17,23,2,16,0,2,8.5,73.91,69.57,8.7
OO Bascome,ODI,1,47,17,45,1,36,2,0,17.0,37.78,80.0,4.44
Parvez Rasool,IPL,4,20,17,20,2,7,1,0,8.5,85.0,35.0,5.0
CP Jack,ODI,1,26,17,26,1,19,3,0,17.0,65.38,73.08,11.54
T Granger,T20I,1,14,17,14,0,5,2,0,17.0,121.43,35.71,14.29
O Muzondo,T20I,2,9,17,9,1,2,1,1,17.0,188.89,22.22,22.22
AA Jimoh,T20I,4,25,17,23,2,12,1,0,8.5,73.91,52.17,4.35
MS Graham,T20I,4,34,17,33,4,20,1,0,4.25,51.52,60.61,3.03
SR Thadani,T20I,5,39,17,35,2,21,1,0,8.5,48.57,60.0,2.86
Nadeem Khan,ODI,3,20,17,20,3,13,2,1,5.67,85.0,65.0,15.0
M Shiraishi,T20I,5,63,17,57,5,45,1,0,3.4,29.82,78.95,1.75
M Tom,T20I,5,13,17,12,1,4,2,0,17.0,141.67,33.33,16.67
I Seneviratne,T20I,4,27,17,25,1,14,2,0,17.0,68.0,56.0,8.0
U Dorji,T20I,3,23,17,22,4,13,2,0,4.25,77.27,59.09,9.09
LA Collado,T20I,4,28,17,27,2,15,1,0,8.5,62.96,55.56,3.7
P Suman Bhai Ahir,T20I,5,30,17,27,3,16,2,0,5.67,62.96,59.26,7.41
J Sharma,ODI,2,33,17,32,2,24,3,0,8.5,53.12,75.0,9.38
RR Emrit,T20I,3,27,17,27,3,16,0,1,5.67,62.96,59.26,3.7
Saqlain Mushtaq,ODI,4,39,17,39,1,28,2,0,17.0,43.59,71.79,5.13
P Raghunath,T20I,5,61,17,48,2,29,0,0,8.5,35.42,60.42,0.0
DM Dupavillon,ODI,1,10,17,10,1,5,2,1,17.0,170.0,50.0,30.0
A Karmacharya,T20I,10,47,17,44,8,29,0,0,2.12,38.64,65.91,0.0
A Gasteratos,T20I,5,40,17,39,4,25,0,0,4.25,43.59,64.1,0.0
M Thurgate,T20I,1,13,17,11,1,5,2,1,17.0,154.55,45.45,27.27
M Theekshana,IPL,6,34,17,34,3,22,0,1,5.67,50.0,64.71,2.94
I Stewart,T20I,2,8,17,8,1,3,2,1,17.0,212.5,37.5,37.5
K Vislapuu,T20I,7,20,17,19,4,13,3,0,4.25,89.47,68.42,15.79
T Singye,T20I,2,27,17,25,2,16,2,0,8.5,68.0,64.0,8.0
P Deol,T20I,3,32,17,30,3,18,1,0,5.67,56.67,60.0,3.33
S Malwatta,T20I,8,41,17,40,6,27,1,0,2.83,42.5,67.5,2.5
N Ncube,Test,1,23,17,23,2,15,0,1,8.5,73.91,65.22,4.35
SDNS Karunaratne,ODI,2,14,17,14,2,7,3,0,8.5,121.43,50.0,21.43
K Kavindi,ODI,2,37,17,33,2,22,1,0,8.5,51.52,66.67,3.03
TRR Sharfudheen,T20I,3,62,17,50,4,35,1,0,4.25,34.0,70.0,2.0
L Louwrens,T20I,1,16,17,15,0,8,1,1,17.0,113.33,53.33,13.33
L Mabhero,T20I,4,24,17,24,1,11,1,0,17.0,70.83,45.83,4.17
JA Richardson,IPL,3,27,17,26,3,16,2,0,5.67,65.38,61.54,7.69
Edward Taylor,T20I,2,59,17,52,2,40,1,0,8.5,32.69,76.92,1.92
RJW Topley,T20I,7,20,17,20,2,7,1,0,8.5,85.0,35.0,5.0
MADI Hemantha,ODI,3,21,17,19,1,13,2,1,17.0,89.47,68.42,15.79
L Jie,T20I,4,32,17,31,1,15,0,0,17.0,54.84,48.39,0.0
G Bruno,T20I,2,10,17,9,2,4,4,0,8.5,188.89,44.44,44.44
Nahid Rana,Test,10,88,17,88,7,81,3,0,2.43,19.32,92.05,3.41
Ateeq Iqbal,T20I,9,24,17,22,1,9,1,0,17.0,77.27,40.91,4.55
L Chilia,T20I,8,43,17,42,5,28,0,0,3.4,40.48,66.67,0.0
RTM Mendis,T20I,3,24,17,21,3,11,0,1,5.67,80.95,52.38,4.76
O Bell,T20I,7,42,17,42,3,29,1,0,5.67,40.48,69.05,2.38
P Koech,T20I,7,24,17,24,4,10,0,0,4.25,70.83,41.67,0.0
TS Sekhukhune,T20I,7,34,17,33,4,19,1,0,4.25,51.52,57.58,3.03
H Dandapani,T20I,1,20,17,19,1,10,2,0,17.0,89.47,52.63,10.53
M Ndipo,T20I,5,44,17,40,5,25,0,0,3.4,42.5,62.5,0.0
U Bayarjavkhlan,T20I,6,69,17,66,3,52,1,0,5.67,25.76,78.79,1.52
BRM Taylor,PSL,4,17,17,17,4,5,0,1,4.25,100.0,29.41,5.88
S Udhayan,T20I,4,14,17,13,4,7,2,1,4.25,130.77,53.85,23.08
D St Ange,T20I,3,26,17,25,3,12,0,0,5.67,68.0,48.0,0.0
Khan Arbaaz,T20I,2,23,17,23,2,12,2,0,8.5,73.91,52.17,8.7
Niyas Pullariyil,T20I,2,18,17,18,0,8,0,1,17.0,94.44,44.44,5.56
Waqar Younis,ODI,4,25,17,23,4,12,1,0,4.25,73.91,52.17,4.35
R Dhiman,T20I,3,17,17,17,2,7,1,0,8.5,100.0,41.18,5.88
Dewald Pretorius,Test,1,34,17,34,2,27,3,0,8.5,50.0,79.41,8.82
Dharmang Patel,T20I,1,28,17,28,1,14,1,0,17.0,60.71,50.0,3.57
KS Kasse,T20I,9,40,17,37,7,25,1,0,2.43,45.95,67.57,2.7
E Yaver,T20I,3,21,17,20,3,10,2,0,5.67,85.0,50.0,10.0
P Bosnjak,T20I,8,32,17,32,7,25,3,0,2.43,53.12,78.12,9.38
Mofassar Saeed,T20I,1,20,17,19,1,11,2,0,17.0,89.47,57.89,10.53
KY Wilfried,T20I,4,83,17,78,4,67,1,0,4.25,21.79,85.9,1.28
Nasir Nawaz,PSL,2,22,17,22,2,9,0,0,8.5,77.27,40.91,0.0
JH Mensah,T20I,2,10,17,10,2,3,1,1,8.5,170.0,30.0,20.0
JD Wildermuth,PSL,2,18,17,18,2,5,1,0,8.5,94.44,27.78,5.56
KT Maphaka,Test,2,29,17,28,2,21,0,2,8.5,60.71,75.0,7.14
KP Navgire,T20I,4,19,17,19,3,8,2,0,5.67,89.47,42.11,10.53
L Sipamla,T20I,5,25,17,25,3,12,1,0,5.67,68.0,48.0,4.0
Azmat Ali,T20I,1,20,17,20,1,8,0,1,17.0,85.0,40.0,5.0
Ahmed Daniyal,T20I,1,11,17,11,1,3,3,0,17.0,154.55,27.27,27.27
MM Letsoalo,ODI,6,55,17,53,4,40,1,0,4.25,32.08,75.47,1.89
E Kuyumcu,T20I,3,48,17,47,4,35,1,0,4.25,36.17,74.47,2.13
Sufiyan Muqeem,PSL,6,26,17,26,3,13,1,0,5.67,65.38,50.0,3.85
Sohail Tanvir,Test,2,44,17,44,3,39,4,0,5.67,38.64,88.64,9.09
TMM Newton,T20I,5,27,17,26,3,14,1,0,5.67,65.38,53.85,3.85
Zeeshan Haider,T20I,1,11,16,11,1,4,1,1,16.0,145.45,36.36,18.18
E Hasahya,T20I,4,25,16,24,4,15,2,0,4.0,66.67,62.5,8.33
KS Sharma,IPL,3,25,16,25,3,12,1,0,5.33,64.0,48.0,4.0
AA Paradkar,T20I,2,13,16,13,1,5,2,0,16.0,123.08,38.46,15.38
RR Behera,T20I,2,28,16,27,2,17,1,0,8.0,59.26,62.96,3.7
RP Burl,Test,1,39,16,39,2,34,3,0,8.0,41.03,87.18,7.69
C Campher,PSL,2,12,16,12,2,7,2,1,8.0,133.33,58.33,25.0
Shafiullah Zakhel,T20I,3,9,16,9,1,2,2,0,16.0,177.78,22.22,22.22
I Nandakumar,ODI,1,29,16,27,0,16,1,0,16.0,59.26,59.26,3.7
T Gwandu,T20I,5,23,16,22,1,10,1,0,16.0,72.73,45.45,4.55
S Delai,T20I,1,36,16,29,1,22,3,0,16.0,55.17,75.86,10.34
Huzaif Yousuf,T20I,2,18,16,16,0,7,2,0,16.0,100.0,43.75,12.5
M Patel,T20I,2,43,16,42,2,32,2,0,8.0,38.1,76.19,4.76
Ali Hussain,T20I,4,21,16,18,2,9,2,0,8.0,88.89,50.0,11.11
U Iftikhar,T20I,3,35,16,34,1,23,0,1,16.0,47.06,67.65,2.94
PP Ojha,IPL,19,45,16,45,10,29,0,0,1.6,35.56,64.44,0.0
N Ifill,ODI,2,44,16,43,2,33,2,0,8.0,37.21,76.74,4.65
J Kgang,T20I,5,52,16,47,3,35,0,0,5.33,34.04,74.47,0.0
T Lungameni,T20I,4,11,16,11,1,5,3,0,16.0,145.45,45.45,27.27
Muhammad Safdar,T20I,2,13,16,12,0,4,2,0,16.0,133.33,33.33,16.67
Saeed Waqar Ali,T20I,7,44,16,43,3,29,0,0,5.33,37.21,67.44,0.0
SP Terry,ODI,2,18,16,18,2,11,3,0,8.0,88.89,61.11,16.67
T Kale,T20I,8,46,16,43,7,27,0,0,2.29,37.21,62.79,0.0
B Mahesh,T20I,4,10,16,10,3,4,0,2,5.33,160.0,40.0,20.0
E Otieno,T20I,10,37,16,37,6,23,0,0,2.67,43.24,62.16,0.0
Mohamed Turay,T20I,7,22,16,22,2,11,1,0,8.0,72.73,50.0,4.55
LS Livingstone,Test,1,18,16,18,1,8,0,1,16.0,88.89,44.44,5.56
J Smit,Test,2,45,16,45,2,36,2,0,8.0,35.56,80.0,4.44
AH Thomson,ODI,2,37,16,35,2,25,1,0,8.0,45.71,71.43,2.86
WJ Lubbe,T20I,2,10,16,10,2,6,4,0,8.0,160.0,60.0,40.0
KS Ahuja,T20I,2,15,16,14,1,4,1,0,16.0,114.29,28.57,7.14
BS Mudzinganyama,Test,1,62,16,62,1,53,2,0,16.0,25.81,85.48,3.23
Nuzhat Tasnia,ODI,2,43,16,42,2,30,0,0,8.0,38.1,71.43,0.0
BV Save,T20I,2,17,16,17,2,11,3,0,8.0,94.12,64.71,17.65
TSS Mackintosh,T20I,1,14,16,14,1,5,1,0,16.0,114.29,35.71,7.14
Shahnawaz Dhani,T20I,1,6,16,6,1,2,0,2,16.0,266.67,33.33,33.33
K Pierre,T20I,4,23,16,22,3,13,2,0,5.33,72.73,59.09,9.09
EHSN Silva,T20I,2,23,16,22,0,9,1,0,16.0,72.73,40.91,4.55
N Al Khadeer,Test,1,31,16,31,1,24,3,0,16.0,51.61,77.42,9.68
Ashiqullah Said,T20I,4,13,16,13,3,5,2,0,5.33,123.08,38.46,15.38
Nitesh Hooda,T20I,2,7,16,7,0,1,3,0,16.0,228.57,14.29,42.86
L Smith,T20I,3,25,16,22,3,13,2,0,5.33,72.73,59.09,9.09
K Chigora,ODI,4,34,16,34,3,23,1,0,5.33,47.06,67.65,2.94
YV Dhull,IPL,3,23,16,23,3,10,1,0,5.33,69.57,43.48,4.35
F Walters,ODI,2,48,16,48,2,35,1,0,8.0,33.33,72.92,2.08
Abdullah Sheikh,T20I,4,26,16,25,3,14,1,0,5.33,64.0,56.0,4.0
BJ Rohrer,T20I,1,14,16,14,1,4,0,1,16.0,114.29,28.57,7.14
Damini Ramesh,T20I,8,50,16,44,4,30,0,0,4.0,36.36,68.18,0.0
MP Kuhnemann,ODI,2,15,16,14,2,8,3,0,8.0,114.29,57.14,21.43
Aung Ko Ko,T20I,6,36,16,35,4,24,1,0,4.0,45.71,68.57,2.86
Hasan Yanar,T20I,4,33,16,29,2,17,1,0,8.0,55.17,58.62,3.45
P Vailoa,T20I,2,10,16,10,1,4,1,1,16.0,160.0,40.0,20.0
V Pasupathy,T20I,3,49,16,46,4,34,1,0,4.0,34.78,73.91,2.17
AB Slebsager,T20I,7,40,16,36,3,22,0,0,5.33,44.44,61.11,0.0
AC Brodin,T20I,5,56,16,50,5,38,1,0,3.2,32.0,76.0,2.0
JH Desai,ODI,1,38,16,38,1,29,1,0,16.0,42.11,76.32,2.63
Mehrab Hossain jnr,T20I,2,27,16,25,1,12,1,0,16.0,64.0,48.0,4.0
EH Hutchinson,T20I,1,8,16,8,1,2,3,0,16.0,200.0,25.0,37.5
JL Hunter,ODI,1,35,16,35,0,23,1,0,16.0,45.71,65.71,2.86
DK Butler,ODI,2,24,16,22,0,15,3,0,16.0,72.73,68.18,13.64
DL Mejia,T20I,3,20,16,20,3,12,1,0,5.33,80.0,60.0,5.0
Lopamudra,T20I,10,96,16,78,7,59,1,0,2.29,20.51,75.64,1.28
MS Beresford,T20I,8,50,16,49,4,37,1,0,4.0,32.65,75.51,2.04
RL Johnson,ODI,3,21,16,20,3,12,1,1,5.33,80.0,60.0,10.0
JL Ontong,Test,1,63,16,63,1,56,3,0,16.0,25.4,88.89,4.76
CJ Ferguson,T20I,3,20,16,19,3,8,1,0,5.33,84.21,42.11,5.26
A Husain,T20I,5,27,16,24,1,15,2,0,16.0,66.67,62.5,8.33
OEG Baartman,ODI,5,38,16,37,1,23,0,0,16.0,43.24,62.16,0.0
Jagrat Dubey,T20I,5,53,16,44,5,29,0,0,3.2,36.36,65.91,0.0
M Modise,T20I,3,29,16,27,2,19,2,0,8.0,59.26,70.37,7.41
Fatima Abbas,T20I,2,41,16,38,2,27,1,0,8.0,42.11,71.05,2.63
AF Milne,PSL,1,7,16,7,1,2,2,1,16.0,228.57,28.57,42.86
CH Abeyratne,T20I,11,61,16,52,7,40,1,0,2.29,30.77,76.92,1.92
R Chanda,T20I,5,42,16,39,5,31,3,0,3.2,41.03,79.49,7.69
G Caisley,T20I,6,39,16,37,5,27,2,0,3.2,43.24,72.97,5.41
CK Kapugedera,IPL,3,24,16,23,3,8,0,0,5.33,69.57,34.78,0.0
JB Reva,T20I,4,23,16,22,4,14,1,1,4.0,72.73,63.64,9.09
M Fru,T20I,4,32,16,31,4,20,1,0,4.0,51.61,64.52,3.23
Hamayun Altaf,PSL,1,13,16,13,1,5,2,0,16.0,123.08,38.46,15.38
Ankur Sharma,ODI,1,31,16,31,1,19,1,0,16.0,51.61,61.29,3.23
CA Young,Test,3,28,16,28,3,20,0,1,5.33,57.14,71.43,3.57
K Goud,T20I,3,12,16,12,2,7,2,1,8.0,133.33,58.33,25.0
Rizwan Zahoor,T20I,2,20,16,19,0,8,2,0,16.0,84.21,42.11,10.53
R Dhar,T20I,2,14,16,14,1,2,1,0,16.0,114.29,14.29,7.14
MM Iqbal,ODI,2,58,16,56,2,44,0,0,8.0,28.57,78.57,0.0
N Naranbaatar,T20I,11,99,16,87,10,76,1,0,1.6,18.39,87.36,1.15
Sami Faridi,ODI,1,26,16,25,1,16,1,0,16.0,64.0,64.0,4.0
Kang Choi,T20I,2,36,16,34,2,21,0,0,8.0,47.06,61.76,0.0
Muhammad Musa,Test,1,17,16,17,1,11,3,0,16.0,94.12,64.71,17.65
N Peter,ODI,1,31,16,31,1,22,2,0,16.0,51.61,70.97,6.45
Zahid Ali,ODI,3,25,16,25,1,18,1,0,16.0,64.0,72.0,4.0
Y Konate,T20I,5,43,16,41,5,33,2,0,3.2,39.02,80.49,4.88
H Okcu,T20I,4,47,16,47,3,31,0,0,5.33,34.04,65.96,0.0
JPR Lamsam,ODI,1,30,16,30,1,24,3,0,16.0,53.33,80.0,10.0
KW Richardson,T20I,5,17,16,16,3,6,1,0,5.33,100.0,37.5,6.25
V Kai,T20I,3,48,16,43,2,29,1,0,8.0,37.21,67.44,2.33
Zong Yuechao,T20I,6,42,16,40,6,32,2,0,2.67,40.0,80.0,5.0
L McCarthy,T20I,1,15,16,15,0,7,1,1,16.0,106.67,46.67,13.33
SG Luijke,T20I,3,25,16,22,3,12,2,0,5.33,72.73,54.55,9.09
Shukhtara Rahman,T20I,1,19,16,17,0,6,1,0,16.0,94.12,35.29,5.88
A Scantlebury,T20I,2,35,16,34,2,22,1,0,8.0,47.06,64.71,2.94
ASH Parsons,T20I,4,45,16,44,4,29,0,0,4.0,36.36,65.91,0.0
Dilbar Hussain,PSL,2,16,16,15,1,10,2,1,16.0,106.67,66.67,20.0
SK Dolawatte,ODI,3,56,16,49,2,36,1,0,8.0,32.65,73.47,2.04
Imran Khan (2),Test,6,50,16,50,7,44,3,0,2.29,32.0,88.0,6.0
BJ Currie,ODI,4,28,16,25,0,12,0,0,16.0,64.0,48.0,0.0
SJ Andrews,ODI,1,36,16,36,1,27,1,0,16.0,44.44,75.0,2.78
Ali Khan,T20I,5,12,15,11,2,5,1,1,7.5,136.36,45.45,18.18
DA Rankin,T20I,1,17,15,17,1,11,1,1,15.0,88.24,64.71,11.76
R Limema,T20I,15,94,15,88,9,76,0,0,1.67,17.05,86.36,0.0
DS Vosloo,T20I,1,20,15,17,1,6,0,0,15.0,88.24,35.29,0.0
M Madara,ODI,6,65,15,62,4,52,1,0,3.75,24.19,83.87,1.61
AB Agarkar,T20I,2,11,15,11,1,2,2,0,15.0,136.36,18.18,18.18
A Mongar,T20I,4,35,15,32,3,18,0,0,5.0,46.88,56.25,0.0
JB Reva,ODI,4,27,15,26,3,15,1,0,5.0,57.69,57.69,3.85
S Natsagdorj,T20I,4,64,15,59,4,46,0,0,3.75,25.42,77.97,0.0
DA Sasrikayoni,T20I,1,33,15,26,0,12,0,0,15.0,57.69,46.15,0.0
TL Moreki,Test,2,68,15,68,2,62,3,0,7.5,22.06,91.18,4.41
Nazmus Sakib,T20I,4,18,15,18,2,9,0,1,7.5,83.33,50.0,5.56
J Yon,T20I,4,14,15,14,2,5,1,0,7.5,107.14,35.71,7.14
R Parag,ODI,1,13,15,13,1,5,2,0,15.0,115.38,38.46,15.38
Nazmul Hossain,ODI,9,77,15,77,4,64,0,0,3.75,19.48,83.12,0.0
Anowarul Islam,T20I,4,21,15,20,4,13,1,1,3.75,75.0,65.0,10.0
ML Patel,ODI,2,61,15,55,2,41,0,0,7.5,27.27,74.55,0.0
BP Loots,ODI,3,23,15,21,3,17,0,2,5.0,71.43,80.95,9.52
Navdeep Saini,ODI,1,38,15,37,1,26,0,0,15.0,40.54,70.27,0.0
AM McCarthy,ODI,2,41,15,41,2,31,1,0,7.5,36.59,75.61,2.44
S Lackay,T20I,2,19,15,19,1,7,0,0,15.0,78.95,36.84,0.0
D Samarawickrama,T20I,3,27,15,27,3,16,0,0,5.0,55.56,59.26,0.0
Murat Yilmaz,T20I,5,37,15,31,5,19,1,0,3.0,48.39,61.29,3.23
IL Parks,T20I,3,41,15,36,0,24,1,0,15.0,41.67,66.67,2.78
LA Pomersbach,T20I,1,7,15,7,1,1,1,1,15.0,214.29,14.29,28.57
Sufiyan Muqeem,ODI,3,17,15,17,1,10,1,1,15.0,88.24,58.82,11.76
M Klaas,Test,2,72,15,72,2,62,2,0,7.5,20.83,86.11,2.78
Mansi Parmar,T20I,2,30,15,23,1,10,0,0,15.0,65.22,43.48,0.0
Ramandeep Singh,T20I,1,6,15,6,0,0,1,1,15.0,250.0,0.0,33.33
A Zampa,IPL,5,25,15,24,5,12,1,0,3.0,62.5,50.0,4.17
N Mapunda,T20I,1,21,15,21,1,14,2,0,15.0,71.43,66.67,9.52
GL Cloete,T20I,2,15,15,15,2,7,2,0,7.5,100.0,46.67,13.33
MFD Douma,T20I,8,38,15,37,6,28,1,0,2.5,40.54,75.68,2.7
A Hlubi,ODI,6,32,15,32,3,23,2,0,5.0,46.88,71.88,6.25
L Wood,ODI,2,14,15,14,1,5,2,0,15.0,107.14,35.71,14.29
SIP Fernando,ODI,9,60,15,58,4,46,1,0,3.75,25.86,79.31,1.72
Karma Dorji,T20I,6,11,15,10,1,4,3,0,15.0,150.0,40.0,30.0
Anjum Chopra,T20I,1,24,15,24,1,14,1,0,15.0,62.5,58.33,4.17
B Namsrai,T20I,11,77,15,72,10,64,2,0,1.5,20.83,88.89,2.78
A Griffin,T20I,6,38,15,38,5,23,0,0,3.0,39.47,60.53,0.0
Usman Tariq,PSL,6,29,15,28,3,19,2,0,5.0,53.57,67.86,7.14
Pan Ei Phyu,T20I,4,30,15,30,2,22,2,0,7.5,50.0,73.33,6.67
PW Gunaratne,ODI,1,15,15,15,0,9,3,0,15.0,100.0,60.0,20.0
Akbar-ur-Rehman,PSL,3,21,15,19,3,9,1,0,5.0,78.95,47.37,5.26
Muhammad Jawadullah,ODI,9,22,15,22,4,15,1,1,3.75,68.18,68.18,9.09
DC Drakes,T20I,5,21,15,19,5,13,3,0,3.0,78.95,68.42,15.79
GR Napier,IPL,1,16,15,16,1,7,1,0,15.0,93.75,43.75,6.25
Rongyu Zhao,T20I,2,30,15,24,2,14,1,0,7.5,62.5,58.33,4.17
EMDY Munaweera,ODI,2,29,15,29,3,22,2,0,5.0,51.72,75.86,6.9
M Ahono,T20I,3,34,15,33,4,22,1,0,3.75,45.45,66.67,3.03
HD Rutherford,ODI,4,56,15,56,4,48,2,0,3.75,26.79,85.71,3.57
TV Valivarthi,T20I,3,29,15,27,2,19,0,1,7.5,55.56,70.37,3.7
DM Bravo,PSL,2,13,15,13,2,7,1,1,7.5,115.38,53.85,15.38
N Rana,T20I,2,30,15,27,2,13,0,0,7.5,55.56,48.15,0.0
Zafar Gohar,ODI,1,15,15,15,1,7,0,1,15.0,100.0,46.67,6.67
SD Lad,IPL,1,13,15,13,1,8,1,1,15.0,115.38,61.54,15.38
N Patron Fuentes,T20I,6,38,15,35,6,24,0,0,2.5,42.86,68.57,0.0
B Ivanov,T20I,2,32,15,28,0,17,1,0,15.0,53.57,60.71,3.57
VJ Kingma,ODI,10,48,15,48,7,39,0,1,2.14,31.25,81.25,2.08
Ilyas Ahmed,T20I,6,14,15,14,1,4,1,0,15.0,107.14,28.57,7.14
R Rampaul,T20I,5,30,15,29,2,18,0,0,7.5,51.72,62.07,0.0
S Prakash,T20I,8,76,15,72,5,58,1,0,3.0,20.83,80.56,1.39
P Kumbhare,T20I,8,27,15,27,7,14,0,0,2.14,55.56,51.85,0.0
JL Pattinson,IPL,2,13,15,13,1,4,2,0,15.0,115.38,30.77,15.38
M Alugunoolla,T20I,3,49,15,47,4,38,2,0,3.75,31.91,80.85,4.26
L Balaji,Test,2,29,15,29,2,24,1,1,7.5,51.72,82.76,6.9
Shawaal Zulfiqar,ODI,4,49,15,48,4,40,2,0,3.75,31.25,83.33,4.17
D Dlamini,T20I,8,42,15,38,9,28,1,0,1.67,39.47,73.68,2.63
SA Millanta,ODI,2,19,15,19,0,13,3,0,15.0,78.95,68.42,15.79
Abdullah Mahmood,T20I,7,22,15,22,5,10,0,0,3.0,68.18,45.45,0.0
A Kourkoulou,T20I,9,61,15,54,7,42,1,0,2.14,27.78,77.78,1.85
RHO Saunders,T20I,2,23,15,23,2,15,2,0,7.5,65.22,65.22,8.7
E Kuchey,T20I,4,27,15,26,2,17,0,1,7.5,57.69,65.38,3.85
MN Nawaz,ODI,1,22,15,22,0,6,0,0,15.0,68.18,27.27,0.0
IECM Wong,ODI,1,9,15,8,1,1,0,1,15.0,187.5,12.5,12.5
VY Mahesh,IPL,5,28,15,27,2,14,0,0,7.5,55.56,51.85,0.0
C Madan,IPL,1,21,15,19,1,13,3,0,15.0,78.95,68.42,15.79
Vishil Patel,T20I,7,43,15,42,3,29,0,0,5.0,35.71,69.05,0.0
NW Bracken,T20I,6,22,15,22,3,13,1,0,5.0,68.18,59.09,4.55
Vijaykumar Vyshak,IPL,5,16,15,15,2,6,0,1,7.5,100.0,40.0,6.67
Virat Singh,IPL,2,26,15,26,3,14,1,0,5.0,57.69,53.85,3.85
HM Watson,ODI,1,26,15,24,1,13,1,0,15.0,62.5,54.17,4.17
P Gheewala,T20I,4,20,15,19,3,10,0,1,5.0,78.95,52.63,5.26
P Jain,T20I,7,31,15,30,6,16,0,0,2.5,50.0,53.33,0.0
SE Aley,ODI,1,8,15,8,0,1,2,0,15.0,187.5,12.5,25.0
RM van Oosterom,ODI,4,38,15,36,4,25,1,0,3.75,41.67,69.44,2.78
J Post,ODI,3,52,15,50,3,37,0,0,5.0,30.0,74.0,0.0
P Choudhary,T20I,6,41,15,32,5,20,1,0,3.0,46.88,62.5,3.12
P Campbell,T20I,4,32,15,32,3,21,1,0,5.0,46.88,65.62,3.12
RD Steede,ODI,2,22,15,20,2,13,2,0,7.5,75.0,65.0,10.0
L Jones,T20I,1,21,15,20,1,12,2,0,15.0,75.0,60.0,10.0
CC van Slobbe,T20I,5,23,15,22,2,12,1,0,7.5,68.18,54.55,4.55
J Dickinson,T20I,1,15,15,14,1,4,1,0,15.0,107.14,28.57,7.14
Aamer Yamin,T20I,1,6,15,6,0,1,1,1,15.0,250.0,16.67,33.33
Hyejin Park,T20I,4,33,15,32,4,26,2,0,3.75,46.88,81.25,6.25
HR Huddleston,T20I,2,28,15,26,2,15,1,0,7.5,57.69,57.69,3.85
V Hampihallikar,T20I,3,42,15,41,3,30,1,0,5.0,36.59,73.17,2.44
L Mamba,T20I,12,105,15,96,5,78,0,0,3.0,15.62,81.25,0.0
C Munro,Test,1,26,15,26,2,20,3,0,7.5,57.69,76.92,11.54
H Chamto,T20I,8,34,15,32,6,19,0,0,2.5,46.88,59.38,0.0
RR Beaton,ODI,2,54,15,51,1,43,2,0,15.0,29.41,84.31,3.92
K Gilham,T20I,3,14,15,13,0,4,1,0,15.0,115.38,30.77,7.69
Areeb Quadir,T20I,2,16,15,16,2,5,0,0,7.5,93.75,31.25,0.0
MK Tiwary,T20I,1,17,15,17,1,6,0,0,15.0,88.24,35.29,0.0
L Sipamla,Test,3,53,15,53,3,45,2,0,5.0,28.3,84.91,3.77
D Nath,T20I,3,12,15,11,2,6,3,0,7.5,136.36,54.55,27.27
RS Gayakwad,ODI,11,48,15,46,7,36,1,0,2.14,32.61,78.26,2.17
N Sindhu,IPL,1,11,15,11,1,3,0,1,15.0,136.36,27.27,9.09
N Vichara,T20I,3,19,15,18,3,10,2,0,5.0,83.33,55.56,11.11
Abdul Bangalzai,PSL,4,24,15,23,4,13,0,1,3.75,65.22,56.52,4.35
Suhrawadi Shuvo,Test,1,40,15,40,2,31,1,0,7.5,37.5,77.5,2.5
AA Banner,T20I,4,27,15,27,4,21,3,0,3.75,55.56,77.78,11.11
J Layne,Test,2,22,15,22,3,16,3,0,5.0,68.18,72.73,13.64
J Gray,T20I,4,27,15,26,4,13,0,0,3.75,57.69,50.0,0.0
HF Gurney,ODI,6,33,15,33,2,22,1,0,7.5,45.45,66.67,3.03
JJ Chicuele,T20I,3,20,15,20,1,12,2,0,15.0,75.0,60.0,10.0
M Daniels,T20I,8,31,15,30,2,18,0,0,7.5,50.0,60.0,0.0
VB van Jaarsveld,T20I,3,23,15,23,3,10,0,0,5.0,65.22,43.48,0.0
Aiman Anwer,ODI,5,20,15,20,4,9,1,0,3.75,75.0,45.0,5.0
JM Bairstow,PSL,1,17,15,16,1,6,1,0,15.0,93.75,37.5,6.25
I Udana,IPL,4,11,15,11,3,4,1,1,5.0,136.36,36.36,18.18
F Behardien,IPL,3,13,14,13,2,5,2,0,7.0,107.69,38.46,15.38
NK Yadav,ODI,4,34,14,32,3,20,0,0,4.67,43.75,62.5,0.0
AJA Samuels,T20I,2,30,14,29,0,17,0,0,14.0,48.28,58.62,0.0
Muhammad Rohid,ODI,2,19,14,19,0,12,2,0,14.0,73.68,63.16,10.53
A Valthapa,ODI,1,22,14,22,1,11,1,0,14.0,63.64,50.0,4.55
AK Bangura,T20I,6,74,14,71,5,58,0,0,2.8,19.72,81.69,0.0
RA Bhatti,T20I,3,15,14,15,3,5,1,0,4.67,93.33,33.33,6.67
MDKJ Perera,IPL,2,13,14,13,2,8,3,0,7.0,107.69,61.54,23.08
A Chaubey,T20I,4,21,14,21,4,17,0,2,3.5,66.67,80.95,9.52
IPP Batuwitarachchi,ODI,2,51,14,48,2,37,0,0,7.0,29.17,77.08,0.0
GP Tom,T20I,4,23,14,23,2,11,0,0,7.0,60.87,47.83,0.0
OEG Baartman,T20I,6,36,14,35,4,24,1,0,3.5,40.0,68.57,2.86
Syed Aqeel Israr,T20I,7,28,14,28,2,22,0,1,7.0,50.0,78.57,3.57
O Davidson,ODI,1,33,14,33,1,23,0,0,14.0,42.42,69.7,0.0
NK Crafton,T20I,3,27,14,24,3,17,2,0,4.67,58.33,70.83,8.33
L Shetty,T20I,3,31,14,29,2,21,2,0,7.0,48.28,72.41,6.9
C Wickramasinghe,T20I,3,11,14,11,1,5,2,0,14.0,127.27,45.45,18.18
E Ellermaa,T20I,9,80,14,64,7,52,0,0,2.0,21.88,81.25,0.0
E Gouge,T20I,7,37,14,32,4,21,0,0,3.5,43.75,65.62,0.0
R Searle,T20I,1,15,14,15,1,7,0,1,14.0,93.33,46.67,6.67
RW Price,T20I,5,25,14,24,5,15,1,0,2.8,58.33,62.5,4.17
K Christie,T20I,3,19,14,18,1,7,0,0,14.0,77.78,38.89,0.0
IR James,T20I,1,9,14,9,1,3,2,0,14.0,155.56,33.33,22.22
AL Stephen,T20I,8,39,14,38,6,26,0,0,2.33,36.84,68.42,0.0
S Samuels,T20I,6,54,14,53,4,44,1,0,3.5,26.42,83.02,1.89
M Mavunga,T20I,3,15,14,15,2,6,1,0,7.0,93.33,40.0,6.67
M Ochieng,T20I,5,14,14,14,4,8,1,1,3.5,100.0,57.14,14.29
M Nanayakkara,ODI,3,34,14,33,3,22,1,0,4.67,42.42,66.67,3.03
Sumaiya Siddiqi,T20I,3,12,14,12,2,6,1,1,7.0,116.67,50.0,16.67
TE Kane,Test,1,98,14,98,2,88,1,0,7.0,14.29,89.8,1.02
L Sipamla,ODI,2,20,14,19,0,6,0,0,14.0,73.68,31.58,0.0
T Banda,T20I,4,57,14,57,4,49,2,0,3.5,24.56,85.96,3.51
Thilina Silva,T20I,2,47,14,47,1,37,1,0,14.0,29.79,78.72,2.13
Mahewish Khan,T20I,2,16,14,16,1,7,1,0,14.0,87.5,43.75,6.25
NKD Murtiari,T20I,2,22,14,22,0,11,0,0,14.0,63.64,50.0,0.0
SG Borthwick,T20I,1,16,14,16,1,8,2,0,14.0,87.5,50.0,12.5
GM Harris,ODI,6,24,14,23,6,12,1,0,2.33,60.87,52.17,4.35
MD du Preez,ODI,3,45,14,44,3,30,0,0,4.67,31.82,68.18,0.0
LD Madushanka,ODI,4,26,14,26,3,18,2,0,4.67,53.85,69.23,7.69
LB Williams,T20I,10,26,14,26,5,14,0,0,2.8,53.85,53.85,0.0
KE Pike,Test,1,36,14,36,2,31,3,0,7.0,38.89,86.11,8.33
Umair Sharif,T20I,2,15,14,14,2,6,0,1,7.0,100.0,42.86,7.14
Subashis Roy,Test,4,60,14,60,1,56,3,0,14.0,23.33,93.33,5.0
JAH Marshall,T20I,2,15,14,15,2,9,2,0,7.0,93.33,60.0,13.33
Azhar Mahmood,PSL,2,12,14,12,0,4,2,0,14.0,116.67,33.33,16.67
Hafsaa Abdhulla,T20I,6,39,14,37,5,32,3,0,2.8,37.84,86.49,8.11
Z Akpinar,T20I,2,13,14,12,2,7,3,0,7.0,116.67,58.33,25.0
Muzahir Raza,T20I,3,8,14,8,0,0,2,0,14.0,175.0,0.0,25.0
Arshad Khan,ODI,2,17,14,17,0,8,1,0,14.0,82.35,47.06,5.88
LJ Woodcock,ODI,2,22,14,22,1,11,1,0,14.0,63.64,50.0,4.55
AM Guruge,ODI,2,26,14,26,0,18,1,0,14.0,53.85,69.23,3.85
ST Finn,T20I,3,19,14,19,1,8,1,0,14.0,73.68,42.11,5.26
Mohammed Siraj,T20I,4,16,14,16,3,9,1,0,4.67,87.5,56.25,6.25
CC Dalton,T20I,4,36,14,35,4,26,1,0,3.5,40.0,74.29,2.86
LS Barkania,T20I,4,25,14,25,1,12,0,0,14.0,56.0,48.0,0.0
P Agrawal,T20I,8,47,14,43,4,27,0,0,3.5,32.56,62.79,0.0
SAN Maypriani,T20I,7,36,14,35,3,22,0,0,4.67,40.0,62.86,0.0
Sinae Kim,T20I,3,51,14,48,3,40,2,0,4.67,29.17,83.33,4.17
H Ivanov,T20I,3,20,14,18,3,11,2,0,4.67,77.78,61.11,11.11
A Mehmood,T20I,1,4,14,4,0,0,1,1,14.0,350.0,0.0,50.0
G Chapple,ODI,1,7,14,7,1,1,1,1,14.0,200.0,14.29,28.57
Shunan Ali,T20I,2,28,14,27,0,17,0,0,14.0,51.85,62.96,0.0
BA Williams,ODI,4,25,14,24,2,12,0,0,7.0,58.33,50.0,0.0
FC Jonas,ODI,10,57,14,55,3,42,0,0,4.67,25.45,76.36,0.0
AN Petersen,T20I,2,19,14,19,2,8,1,0,7.0,73.68,42.11,5.26
L Martin,T20I,4,46,14,38,3,27,0,0,4.67,36.84,71.05,0.0
Saqlain Haider,T20I,4,36,14,35,4,23,0,0,3.5,40.0,65.71,0.0
KB Ahir,T20I,6,17,14,17,0,11,1,1,14.0,82.35,64.71,11.76
J Da Silva,ODI,2,35,14,35,2,25,1,0,7.0,40.0,71.43,2.86
Riaz Afridi,T20I,2,17,14,14,2,8,1,1,7.0,100.0,57.14,14.29
Mia Arda,T20I,5,42,14,37,4,27,1,0,3.5,37.84,72.97,2.7
T Sandaruwan,T20I,4,17,14,14,3,6,0,1,4.67,100.0,42.86,7.14
W Ofamoli,T20I,3,36,14,34,3,23,1,0,4.67,41.18,67.65,2.94
W Peatfield,T20I,4,12,14,12,2,4,2,0,7.0,116.67,33.33,16.67
S Dzimau,T20I,2,30,14,28,2,18,1,0,7.0,50.0,64.29,3.57
A Kalasi,T20I,4,15,14,15,1,9,0,1,14.0,93.33,60.0,6.67
Riya Sharma,T20I,9,35,14,33,5,23,1,0,2.8,42.42,69.7,3.03
I Muhawenimana,T20I,6,23,14,21,3,12,1,0,4.67,66.67,57.14,4.76
Tarun Yadav,T20I,2,11,14,11,2,5,1,1,7.0,127.27,45.45,18.18
CM Wright,T20I,1,19,14,18,1,6,0,0,14.0,77.78,33.33,0.0
MP Breetzke,IPL,1,12,14,12,1,7,1,1,14.0,116.67,58.33,16.67
H Upadhyay,T20I,5,37,14,35,5,22,0,0,2.8,40.0,62.86,0.0
VS Wategaonkar,T20I,1,14,14,14,1,3,1,0,14.0,100.0,21.43,7.14
MP Breetzke,Test,2,55,14,55,3,46,1,0,4.67,25.45,83.64,1.82
SR Rocket,T20I,8,43,14,42,7,34,2,0,2.0,33.33,80.95,4.76
Najiha Alvi,T20I,4,17,14,16,4,6,1,0,3.5,87.5,37.5,6.25
T Martic,T20I,4,38,14,32,3,18,0,0,4.67,43.75,56.25,0.0
M Cope,T20I,4,22,14,22,2,14,1,0,7.0,63.64,63.64,4.55
CM Rocca,T20I,1,19,14,19,1,11,2,0,14.0,73.68,57.89,10.53
Shaila Sharmin,T20I,4,28,14,27,4,15,0,0,3.5,51.85,55.56,0.0
D Birrell,T20I,4,17,14,17,2,8,0,0,7.0,82.35,47.06,0.0
FA Allen,IPL,3,19,14,19,2,9,1,0,7.0,73.68,47.37,5.26
VD Philander,T20I,4,30,14,28,4,14,0,0,3.5,50.0,50.0,0.0
M Stolt,T20I,5,41,14,35,4,22,0,0,3.5,40.0,62.86,0.0
E Malinga,ODI,6,56,14,55,2,47,2,0,7.0,25.45,85.45,3.64
DM Kavinisseri,T20I,1,12,14,11,0,4,2,0,14.0,127.27,36.36,18.18
S Bevin,T20I,3,15,14,15,2,9,1,1,7.0,93.33,60.0,13.33
Prasad Anish,T20I,5,29,14,28,1,16,0,0,14.0,50.0,57.14,0.0
S Yordanova,T20I,2,28,14,21,2,12,2,0,7.0,66.67,57.14,9.52
T Langa,T20I,1,9,14,9,1,4,2,0,14.0,155.56,44.44,22.22
Poonam Yadav,T20I,10,23,14,23,5,10,0,0,2.8,60.87,43.48,0.0
S Barnett,T20I,2,19,14,18,2,11,0,1,7.0,77.78,61.11,5.56
SM Dhanusri,T20I,6,28,14,25,2,15,1,0,7.0,56.0,60.0,4.0
V Tafea,T20I,4,24,14,23,2,15,1,0,7.0,60.87,65.22,4.35
J Kariko,T20I,6,24,14,23,4,15,0,1,3.5,60.87,65.22,4.35
E Prokic,T20I,5,60,14,55,4,41,0,0,3.5,25.45,74.55,0.0
Ziaur Rahman,Test,1,40,14,40,2,34,2,0,7.0,35.0,85.0,5.0
L Rajadurai,T20I,3,27,14,24,2,16,1,0,7.0,58.33,66.67,4.17
Zeel Patel,T20I,6,43,13,42,4,31,0,0,3.25,30.95,73.81,0.0
D Lohia,ODI,5,37,13,37,3,26,0,0,4.33,35.14,70.27,0.0
D Joseph,ODI,4,32,13,29,2,20,1,0,6.5,44.83,68.97,3.45
S Ramautar,T20I,4,43,13,41,2,31,1,0,6.5,31.71,75.61,2.44
S Pokhriyal,T20I,1,23,13,22,1,14,1,0,13.0,59.09,63.64,4.55
Arjun Tendulkar,IPL,1,9,13,9,1,2,0,1,13.0,144.44,22.22,11.11
Ilyas Cetin,T20I,2,17,13,15,2,10,1,1,6.5,86.67,66.67,13.33
KC Thompson,ODI,2,32,13,31,1,22,1,0,13.0,41.94,70.97,3.23
AR Adams,T20I,2,12,13,12,1,3,1,0,13.0,108.33,25.0,8.33
KF Bakiweyem,T20I,3,28,13,27,2,13,0,0,6.5,48.15,48.15,0.0
M Mokoatsela,T20I,7,38,13,36,7,28,2,0,1.86,36.11,77.78,5.56
Ali Muaaz,T20I,4,29,13,27,4,19,1,0,3.25,48.15,70.37,3.7
Zaman Khan,PSL,9,32,13,29,3,24,1,1,4.33,44.83,82.76,6.9
FR Davies,ODI,5,42,13,42,5,33,1,0,2.6,30.95,78.57,2.38
NJ Shaw,Test,2,46,13,46,2,37,1,0,6.5,28.26,80.43,2.17
A Bohara,ODI,2,14,13,14,0,5,0,0,13.0,92.86,35.71,0.0
JL Martel,T20I,1,6,13,6,0,1,1,1,13.0,216.67,16.67,33.33
P Pirabakaran,T20I,1,14,13,13,1,6,2,0,13.0,100.0,46.15,15.38
A Littlejohns,T20I,3,17,13,15,3,9,2,0,4.33,86.67,60.0,13.33
A Rangaswamy,T20I,5,16,13,16,5,9,0,1,2.6,81.25,56.25,6.25
A Prince,T20I,7,44,13,43,7,33,0,0,1.86,30.23,76.74,0.0
M Sheriff,T20I,5,18,13,18,4,10,1,0,3.25,72.22,55.56,5.56
HIS Mendis,ODI,2,50,13,49,2,39,1,0,6.5,26.53,79.59,2.04
HHC Gunaratne,ODI,3,20,13,20,1,14,2,0,13.0,65.0,70.0,10.0
Prajna Jagdeesha,T20I,6,29,13,25,4,16,1,0,3.25,52.0,64.0,4.0
P Senjug,T20I,4,41,13,36,4,25,1,0,3.25,36.11,69.44,2.78
S Badree,IPL,5,25,13,23,5,12,0,0,2.6,56.52,52.17,0.0
S Akiteng,T20I,10,26,13,25,5,16,1,0,2.6,52.0,64.0,4.0
I van der Woning,ODI,4,35,13,33,2,23,0,0,6.5,39.39,69.7,0.0
Aminul Islam,T20I,3,23,13,23,1,11,0,0,13.0,56.52,47.83,0.0
R Avery,T20I,6,27,13,26,6,17,1,0,2.17,50.0,65.38,3.85
D Bhaskara,T20I,5,55,13,53,4,43,1,0,3.25,24.53,81.13,1.89
D Wabwire,T20I,3,9,13,8,2,3,2,0,6.5,162.5,37.5,25.0
S Chaturongrattana,ODI,5,36,13,34,3,24,1,0,4.33,38.24,70.59,2.94
Shakeel Zeb,T20I,1,10,13,10,1,4,2,0,13.0,130.0,40.0,20.0
Rohail Nazir,T20I,1,8,13,8,1,5,0,2,13.0,162.5,62.5,25.0
PA Hitchcock,T20I,1,11,13,11,1,6,1,1,13.0,118.18,54.55,18.18
JJ Krejza,ODI,2,25,13,23,1,14,0,0,13.0,56.52,60.87,0.0
M Chabula,T20I,6,108,13,96,3,87,1,0,4.33,13.54,90.62,1.04
Rithika Sriram,T20I,4,49,13,44,2,34,0,0,6.5,29.55,77.27,0.0
Rithika Rajith,T20I,3,14,13,14,1,4,0,0,13.0,92.86,28.57,0.0
Rida Syeda,T20I,5,58,13,50,5,39,0,0,2.6,26.0,78.0,0.0
HAM Samuddika,T20I,6,20,13,19,5,11,1,0,2.6,68.42,57.89,5.26
KMA Aziz,T20I,5,50,13,46,6,40,2,0,2.17,28.26,86.96,4.35
CMW Read,T20I,1,11,13,11,1,5,2,0,13.0,118.18,45.45,18.18
AEMP Durayalage,T20I,3,38,13,32,3,22,1,0,4.33,40.62,68.75,3.12
D Brown,Test,4,41,13,41,3,37,3,0,4.33,31.71,90.24,7.32
II Mabunda,T20I,3,20,13,17,3,10,1,0,4.33,76.47,58.82,5.88
Adnan Razzaq,T20I,3,7,13,7,0,2,1,1,13.0,185.71,28.57,28.57
Mustafizur Rahman,IPL,7,24,13,24,2,16,0,1,6.5,54.17,66.67,4.17
Mohammad Waheed,T20I,2,17,13,15,1,8,2,0,13.0,86.67,53.33,13.33
H Eulenkamp,T20I,3,32,13,29,3,19,0,0,4.33,44.83,65.52,0.0
RI Ahmed,T20I,1,16,13,16,1,7,0,0,13.0,81.25,43.75,0.0
W O'Rourke,ODI,6,34,13,31,4,19,0,0,3.25,41.94,61.29,0.0
V Araa,T20I,4,27,13,26,2,15,0,0,6.5,50.0,57.69,0.0
Renuka Singh,T20I,8,16,13,15,3,5,1,0,4.33,86.67,33.33,6.67
KJ Abbott,IPL,3,8,13,8,1,3,0,1,13.0,162.5,37.5,12.5
Reema Naseer,T20I,1,30,13,29,1,23,2,0,13.0,44.83,79.31,6.9
N Ihmeling,T20I,2,37,13,35,2,24,0,0,6.5,37.14,68.57,0.0
L Holmgaard,T20I,3,19,13,18,1,10,1,0,13.0,72.22,55.56,5.56
BM Tickner,Test,2,58,13,58,1,52,2,0,13.0,22.41,89.66,3.45
L Cheatle,ODI,2,13,13,13,1,7,2,0,13.0,100.0,53.85,15.38
S Sugaya-Slater,T20I,4,21,13,21,2,11,1,0,6.5,61.9,52.38,4.76
WGAKK Kulasuriya,T20I,10,37,13,35,3,22,0,0,4.33,37.14,62.86,0.0
OL Pitcher,T20I,1,18,13,18,1,10,1,0,13.0,72.22,55.56,5.56
MMA Jonkman,ODI,1,38,13,37,1,30,2,0,13.0,35.14,81.08,5.41
KV Mehta,T20I,4,30,13,28,4,22,2,0,3.25,46.43,78.57,7.14
KM Dabengwa,T20I,2,8,13,8,1,4,1,1,13.0,162.5,50.0,25.0
SKR Mallidi,T20I,2,20,13,20,2,11,0,1,6.5,65.0,55.0,5.0
C Bwanali,T20I,9,71,13,63,7,52,0,0,1.86,20.63,82.54,0.0
Maqsood Ahmad,T20I,1,19,13,19,1,10,1,0,13.0,68.42,52.63,5.26
JD Nel,T20I,2,10,13,10,1,4,2,0,13.0,130.0,40.0,20.0
Akif Javed,PSL,6,17,13,17,2,10,2,0,6.5,76.47,58.82,11.76
Munim Shahriar,T20I,3,19,13,19,3,11,1,0,4.33,68.42,57.89,5.26
Asad Ali,ODI,2,16,13,16,2,10,0,1,6.5,81.25,62.5,6.25
MD Rae,Test,1,12,13,11,1,6,1,0,13.0,118.18,54.55,9.09
MD Bates,ODI,1,10,13,10,1,7,1,1,13.0,130.0,70.0,20.0
Gurkeerat Singh,ODI,2,13,13,13,2,7,2,0,6.5,100.0,53.85,15.38
Muhammad Khan,T20I,3,22,13,22,3,18,1,1,4.33,59.09,81.82,9.09
MC Patel,ODI,2,35,13,35,2,28,1,0,6.5,37.14,80.0,2.86
RD Chahar,ODI,1,26,13,25,1,14,0,0,13.0,52.0,56.0,0.0
CAH Stevenson,T20I,3,19,13,19,2,8,0,0,6.5,68.42,42.11,0.0
SP Gauchan,T20I,5,43,13,43,3,32,0,0,4.33,30.23,74.42,0.0
DR Shorey,IPL,2,20,13,17,2,9,0,1,6.5,76.47,52.94,5.88
Usman Salahuddin,ODI,2,28,13,28,2,18,0,0,6.5,46.43,64.29,0.0
Usman Mushtaq,T20I,2,25,13,24,1,14,1,0,13.0,54.17,58.33,4.17
Malyun Hassan,T20I,3,47,13,41,2,28,0,0,6.5,31.71,68.29,0.0
Nishita Akter Nishi,ODI,5,21,13,20,2,11,1,0,6.5,65.0,55.0,5.0
S Mannan,T20I,2,33,13,26,2,18,1,0,6.5,50.0,69.23,3.85
S Mahmood,PSL,3,16,13,15,1,7,0,1,13.0,86.67,46.67,6.67
A Wright,T20I,9,35,13,34,5,24,0,0,2.6,38.24,70.59,0.0
CAK Walton,Test,2,20,13,20,4,14,0,1,3.25,65.0,70.0,5.0
Noah Mead,T20I,4,21,13,20,3,11,1,0,4.33,65.0,55.0,5.0
Adeel Raja,ODI,5,76,13,76,1,66,1,0,13.0,17.11,86.84,1.32
A Razmilic,T20I,7,32,13,30,5,25,1,1,2.6,43.33,83.33,6.67
D Jamyansuren,T20I,4,67,13,64,4,57,2,0,3.25,20.31,89.06,3.12
NK Crafton,ODI,1,17,13,17,1,13,3,0,13.0,76.47,76.47,17.65
NK Ariani,T20I,6,31,13,29,5,21,1,0,2.6,44.83,72.41,3.45
FC Wilson,Test,1,53,13,53,1,42,0,0,13.0,24.53,79.25,0.0
Z Khan,T20I,3,10,13,10,2,5,0,1,6.5,130.0,50.0,10.0
DT Patil,IPL,2,13,13,13,1,5,1,0,13.0,100.0,38.46,7.69
M Ortiz,T20I,3,75,13,57,3,43,1,0,4.33,22.81,75.44,1.75
Harsh Dubey,IPL,4,11,13,9,2,3,2,0,6.5,144.44,33.33,22.22
M Malle,T20I,6,86,13,81,6,70,0,0,2.17,16.05,86.42,0.0
AA Shafique,ODI,1,33,13,33,1,26,2,0,13.0,39.39,78.79,6.06
MJG Nielsen,T20I,4,12,13,11,1,2,1,0,13.0,118.18,18.18,9.09
Anthony Roe,T20I,2,38,13,37,2,29,2,0,6.5,35.14,78.38,5.41
IS Mananelage,T20I,2,18,13,18,2,7,0,0,6.5,72.22,38.89,0.0
E Bogdanova,T20I,5,21,13,20,5,11,1,0,2.6,65.0,55.0,5.0
Jubair Hossain,Test,4,88,13,88,2,79,1,0,6.5,14.77,89.77,1.14
Y Divekar,T20I,3,18,13,18,2,11,0,1,6.5,72.22,61.11,5.56
Xiuli Jin,T20I,3,33,13,32,3,22,0,0,4.33,40.62,68.75,0.0
R Rohmalia,T20I,1,15,13,15,1,6,1,0,13.0,86.67,40.0,6.67
MJ Bulow,Test,1,61,13,61,2,54,2,0,6.5,21.31,88.52,3.28
TK Canning,ODI,2,25,13,25,2,15,0,0,6.5,52.0,60.0,0.0
PKM Mahawattage,T20I,4,32,13,31,1,18,0,0,13.0,41.94,58.06,0.0
M Mavunga,ODI,4,31,13,31,3,21,1,0,4.33,41.94,67.74,3.23
Al Maseera Jahangir,T20I,4,22,13,20,4,10,1,0,3.25,65.0,50.0,5.0
M Montgomery,T20I,1,19,13,19,1,9,1,0,13.0,68.42,47.37,5.26
RR Emrit,ODI,2,35,13,35,1,25,1,0,13.0,37.14,71.43,2.86
RR Powar,Test,1,18,13,18,2,12,2,0,6.5,72.22,66.67,11.11
Syed Naqvi,T20I,5,28,13,26,4,15,0,0,3.25,50.0,57.69,0.0
Sukhdeep Singh,T20I,1,16,13,15,1,6,1,0,13.0,86.67,40.0,6.67
Niaz Ali,T20I,2,12,12,12,2,8,1,1,6.0,100.0,66.67,16.67
L Wesley,T20I,2,34,12,32,2,24,1,0,6.0,37.5,75.0,3.12
R Minz,IPL,4,20,12,19,3,11,1,0,4.0,63.16,57.89,5.26
Saee Parkhi,T20I,3,15,12,14,2,6,1,0,6.0,85.71,42.86,7.14
Asif Mehmood,PSL,1,9,12,9,1,3,0,1,12.0,133.33,33.33,11.11
Zaki Ul Hassan,T20I,3,11,12,10,1,3,1,0,12.0,120.0,30.0,10.0
NC Dodd,T20I,3,13,12,12,2,6,2,0,6.0,100.0,50.0,16.67
KOA Powell,T20I,1,14,12,14,1,8,1,0,12.0,85.71,57.14,7.14
Sadia Yousuf,T20I,10,40,12,40,5,28,0,0,2.4,30.0,70.0,0.0
DAS Gunaratne,PSL,1,11,12,11,1,5,0,1,12.0,109.09,45.45,9.09
DAJ Bracewell,IPL,1,9,12,9,0,1,1,0,12.0,133.33,11.11,11.11
Abhilash Patil,T20I,1,29,12,28,1,17,0,0,12.0,42.86,60.71,0.0
K Kartikeya,IPL,4,18,12,17,3,9,1,0,4.0,70.59,52.94,5.88
ML Schutt,Test,2,31,12,31,1,25,2,0,12.0,38.71,80.65,6.45
MH Sumra,Test,1,92,12,91,2,86,2,0,6.0,13.19,94.51,2.2
Mujeeb Ur Rahman,IPL,6,15,12,15,3,9,2,0,4.0,80.0,60.0,13.33
F Clarke,T20I,4,25,12,25,3,20,0,1,4.0,48.0,80.0,4.0
R Dhawan,ODI,2,13,12,13,1,7,1,0,12.0,92.31,53.85,7.69
SH Johnson,ODI,2,14,12,14,1,10,2,0,12.0,85.71,71.43,14.29
SHT Kandamby,T20I,2,18,12,17,2,7,0,0,6.0,70.59,41.18,0.0
JA Miranda,T20I,3,25,12,20,2,11,1,0,6.0,60.0,55.0,5.0
AR Bawne,IPL,1,12,12,12,0,4,1,0,12.0,100.0,33.33,8.33
M Mohasane,T20I,4,21,12,21,3,13,1,0,4.0,57.14,61.9,4.76
JA Duffy,ODI,5,21,12,20,1,15,2,0,12.0,60.0,75.0,10.0
GI Maiden,ODI,1,14,12,14,0,7,1,0,12.0,85.71,50.0,7.14
Abul Farhad,T20I,5,27,12,25,3,16,1,0,4.0,48.0,64.0,4.0
Dayal Joy,T20I,3,13,12,13,3,8,0,1,4.0,92.31,61.54,7.69
RA Lister,T20I,4,72,12,62,3,51,0,0,4.0,19.35,82.26,0.0
Jason Lui,T20I,1,18,12,16,0,11,2,0,12.0,75.0,68.75,12.5
Muhammad Jawadullah,T20I,4,16,12,15,2,8,1,0,6.0,80.0,53.33,6.67
O Keitsemang,T20I,8,42,12,40,6,33,1,0,2.0,30.0,82.5,2.5
Jai Prakash Yadav,ODI,4,26,12,26,2,17,0,0,6.0,46.15,65.38,0.0
E Kusuda-Nairn,T20I,4,32,12,31,3,22,0,0,4.0,38.71,70.97,0.0
Raag Kapur,T20I,3,17,12,16,2,8,1,0,6.0,75.0,50.0,6.25
Alex Carthew,T20I,2,23,12,22,1,13,0,0,12.0,54.55,59.09,0.0
Naveed Shahid,T20I,1,7,12,7,0,2,2,0,12.0,171.43,28.57,28.57
MM Penfold,ODI,7,52,12,52,6,41,0,0,2.0,23.08,78.85,0.0
Dhruv Jurel,T20I,3,23,12,23,3,14,1,0,4.0,52.17,60.87,4.35
T Vanuarua,T20I,2,12,12,12,2,8,1,1,6.0,100.0,66.67,16.67
T Thushara,IPL,4,19,12,18,2,9,0,0,6.0,66.67,50.0,0.0
MCE Manalo,T20I,1,16,12,14,1,4,0,0,12.0,85.71,28.57,0.0
GT Main,T20I,3,17,12,17,1,11,2,0,12.0,70.59,64.71,11.76
WP Myburgh,T20I,2,19,12,18,2,11,0,0,6.0,66.67,61.11,0.0
O Stewart,T20I,3,9,12,9,3,5,1,1,4.0,133.33,55.56,22.22
AJ McKay,ODI,9,47,12,47,4,37,0,0,3.0,25.53,78.72,0.0
LK O'Reilly,ODI,4,21,12,21,4,16,2,0,3.0,57.14,76.19,9.52
Sanjay Kumar Ahir,T20I,5,21,12,20,2,10,0,0,6.0,60.0,50.0,0.0
O Essiz,T20I,4,26,12,24,4,17,1,0,3.0,50.0,70.83,4.17
B Regmi,ODI,2,30,12,29,2,23,2,0,6.0,41.38,79.31,6.9
AAhan Achar,T20I,5,15,12,15,1,7,1,0,12.0,80.0,46.67,6.67
Mahnoor Akram,T20I,3,29,12,24,3,11,0,0,4.0,50.0,45.83,0.0
Ali Abbas,T20I,2,19,12,17,2,11,2,0,6.0,70.59,64.71,11.76
LN McCarthy,ODI,4,46,12,46,3,37,1,0,4.0,26.09,80.43,2.17
Santiago Iturbe,T20I,4,21,12,21,2,11,0,0,6.0,57.14,52.38,0.0
YB Rodriguez,T20I,2,20,12,19,2,12,2,0,6.0,63.16,63.16,10.53
Y Wangmo,T20I,3,12,12,12,1,4,0,0,12.0,100.0,33.33,0.0
JT Pooranakaran,T20I,6,47,12,42,3,30,0,0,4.0,28.57,71.43,0.0
SF Nhavotso,T20I,3,27,12,26,3,17,0,0,4.0,46.15,65.38,0.0
JR Medianesta,T20I,7,44,12,43,3,31,0,0,4.0,27.91,72.09,0.0
AJ Ireland,ODI,7,64,12,64,6,55,1,0,2.0,18.75,85.94,1.56
S Vasilakis,T20I,4,22,12,20,2,12,1,0,6.0,60.0,60.0,5.0
Omar Hayat,T20I,3,8,12,8,3,2,1,0,4.0,150.0,25.0,12.5
Elias Tilman,T20I,7,67,12,59,5,48,0,0,2.4,20.34,81.36,0.0
LN Onyango,T20I,3,16,12,16,1,5,0,0,12.0,75.0,31.25,0.0
MA Wood,IPL,3,10,12,8,2,4,1,1,6.0,150.0,50.0,25.0
Umar Gul,PSL,4,12,12,12,4,5,0,1,3.0,100.0,41.67,8.33
NS Poonia,ODI,6,42,12,40,6,32,0,0,2.0,30.0,80.0,0.0
Karanveer Singh,IPL,4,17,12,17,1,9,1,0,12.0,70.59,52.94,5.88
DG Nalkande,IPL,2,12,12,12,2,5,0,1,6.0,100.0,41.67,8.33
MA Algi,T20I,3,14,12,14,2,9,2,0,6.0,85.71,64.29,14.29
FC Jonas,T20I,6,35,12,34,1,23,0,0,12.0,35.29,67.65,0.0
G Urjindulam,T20I,10,75,12,67,8,59,1,0,1.5,17.91,88.06,1.49
Nanthita Boonsukham,T20I,3,10,12,10,1,4,2,0,12.0,120.0,40.0,20.0
P Danci,T20I,1,16,12,15,1,10,2,0,12.0,80.0,66.67,13.33
P Jayawickrama,Test,5,32,12,32,1,26,1,0,12.0,37.5,81.25,3.12
S Dhamala,ODI,1,40,12,38,1,28,0,0,12.0,31.58,73.68,0.0
HA Daluwatta,T20I,5,16,12,16,3,12,1,1,4.0,75.0,75.0,12.5
Zahir Khan,PSL,3,9,12,9,1,4,2,0,12.0,133.33,44.44,22.22
JMV Junior,T20I,2,15,12,13,1,7,0,1,12.0,92.31,53.85,7.69
Mohammad Irfan,PSL,11,28,12,27,6,22,2,0,2.0,44.44,81.48,7.41
NV Ojha,T20I,2,28,12,27,2,21,2,0,6.0,44.44,77.78,7.41
NT Pascal,Test,1,27,12,27,2,23,2,0,6.0,44.44,85.19,7.41
BO Shastri,T20I,3,27,12,25,4,16,0,0,3.0,48.0,64.0,0.0
N Gallagher,T20I,2,25,12,22,1,14,1,0,12.0,54.55,63.64,4.55
K Upadhyay,IPL,2,9,12,9,0,3,0,1,12.0,133.33,33.33,11.11
Rashid Khan,T20I,2,13,12,12,2,5,0,1,6.0,100.0,41.67,8.33
G Kamalini,T20I,1,12,12,12,1,6,2,0,12.0,100.0,50.0,16.67
KB Tember,T20I,3,27,12,26,3,19,0,1,4.0,46.15,73.08,3.85
S Daniel,ODI,1,29,12,28,1,20,1,0,12.0,42.86,71.43,3.57
M Vua,T20I,3,33,12,32,2,23,1,0,6.0,37.5,71.88,3.12
CJ Gannon,T20I,3,9,12,9,1,3,0,1,12.0,133.33,33.33,11.11
AA Chavan,IPL,3,11,12,11,1,5,2,0,12.0,109.09,45.45,18.18
Danish Aziz,ODI,2,22,12,20,2,15,2,0,6.0,60.0,75.0,10.0
TS Nethula,ODI,3,11,12,11,2,2,1,0,6.0,109.09,18.18,9.09
I Zigante,T20I,1,25,12,24,0,16,1,0,12.0,50.0,66.67,4.17
TW Hartley,ODI,1,9,12,9,0,2,1,0,12.0,133.33,22.22,11.11
R Achando,T20I,2,22,12,18,0,10,1,0,12.0,66.67,55.56,5.56
R Bowley,T20I,5,23,12,22,5,13,0,0,2.4,54.55,59.09,0.0
Hamza Niyaz,T20I,4,29,12,29,3,24,2,0,4.0,41.38,82.76,6.9
Usman Khan (2),ODI,1,18,12,17,1,9,1,0,12.0,70.59,52.94,5.88
E Ungerman,T20I,7,25,12,23,2,18,2,0,6.0,52.17,78.26,8.7
Haris Rauf,Test,1,34,12,34,2,23,0,0,6.0,35.29,67.65,0.0
TW Hamid,T20I,1,7,12,5,0,0,2,0,12.0,240.0,0.0,40.0
SA Akenji,T20I,5,35,12,34,4,26,1,0,3.0,35.29,76.47,2.94
D Demic,T20I,2,17,12,15,2,9,2,0,6.0,80.0,60.0,13.33
SDJJ Dima,T20I,5,38,12,37,5,27,0,0,2.4,32.43,72.97,0.0
HJH Marshall,T20I,3,14,12,14,3,6,0,0,4.0,85.71,42.86,0.0
Mohammad Ahsan,T20I,2,14,12,12,2,5,0,1,6.0,100.0,41.67,8.33
P Subrayen,Test,1,19,12,19,2,12,1,0,6.0,63.16,63.16,5.26
Rohit Limbu,T20I,1,26,12,25,1,18,1,0,12.0,48.0,72.0,4.0
EJ Richardson,ODI,1,18,12,18,1,13,2,0,12.0,66.67,72.22,11.11
EJ Carson,ODI,10,20,12,20,7,12,1,0,1.71,60.0,60.0,5.0
JJ Bumrah,T20I,7,19,12,18,4,12,2,0,3.0,66.67,66.67,11.11
HMCM Bandara,T20I,3,15,12,15,2,6,0,0,6.0,80.0,40.0,0.0
C Floyd,ODI,4,19,12,19,3,14,2,0,4.0,63.16,73.68,10.53
C Cirlig,T20I,3,37,12,35,3,26,1,0,4.0,34.29,74.29,2.86
Tanvir Islam,T20I,3,17,12,16,1,8,1,0,12.0,75.0,50.0,6.25
T Filer,T20I,4,20,12,17,4,9,1,0,3.0,70.59,52.94,5.88
M Holmes,T20I,3,32,12,23,1,12,0,0,12.0,52.17,52.17,0.0
M Grzinic,T20I,3,19,12,19,4,10,0,0,3.0,63.16,52.63,0.0
M Gaur,T20I,5,13,12,13,3,5,0,0,4.0,92.31,38.46,0.0
Merwais Shinwari,T20I,3,24,12,21,2,14,0,1,6.0,57.14,66.67,4.76
T Bukenya,T20I,1,9,12,9,0,3,0,1,12.0,133.33,33.33,11.11
DV Devjani Mutreja,T20I,7,31,12,29,5,18,0,0,2.4,41.38,62.07,0.0
ZJ van Vuuren,T20I,1,9,12,9,1,4,2,0,12.0,133.33,44.44,22.22
Sabir Ali,ODI,3,13,12,13,2,7,2,0,6.0,92.31,53.85,15.38
Zinaida Jeremiah,T20I,2,27,12,24,1,16,1,0,12.0,50.0,66.67,4.17
Imran Butt,T20I,1,6,12,6,1,2,1,1,12.0,200.0,33.33,33.33
MJ Humphreys,T20I,6,16,12,16,4,7,1,0,3.0,75.0,43.75,6.25
N Thekiso,T20I,6,49,12,44,7,33,0,0,1.71,27.27,75.0,0.0
BG Lister,ODI,4,21,12,21,1,13,1,0,12.0,57.14,61.9,4.76
NH Patel,ODI,1,6,12,6,0,0,1,0,12.0,200.0,0.0,16.67
Zou Kui,T20I,4,30,12,24,4,15,0,0,3.0,50.0,62.5,0.0
FH Edwards,T20I,6,14,11,14,1,7,1,0,11.0,78.57,50.0,7.14
A Bishnoi,T20I,8,23,11,21,4,11,0,0,2.75,52.38,52.38,0.0
NGRP Jayasuriya,ODI,2,14,11,13,1,7,1,0,11.0,84.62,53.85,7.69
Asif Shaikh,T20I,4,13,11,13,2,8,0,1,5.5,84.62,61.54,7.69
Zakir Hasan,T20I,4,21,11,19,4,11,1,0,2.75,57.89,57.89,5.26
A Bose,T20I,5,40,11,39,4,31,1,0,2.75,28.21,79.49,2.56
A Awasthi,T20I,5,55,11,50,4,40,0,0,2.75,22.0,80.0,0.0
NA Saini,T20I,2,10,11,10,0,6,2,0,11.0,110.0,60.0,20.0
XC Bartlett,ODI,2,15,11,15,2,9,0,1,5.5,73.33,60.0,6.67
Zay Hua Tan,T20I,6,48,11,39,6,29,0,0,1.83,28.21,74.36,0.0
SIP Fernando,T20I,9,19,11,19,4,8,0,0,2.75,57.89,42.11,0.0
S Immadi,T20I,6,44,11,43,3,33,0,0,3.67,25.58,76.74,0.0
Sara Vivek,T20I,2,28,11,28,2,21,1,0,5.5,39.29,75.0,3.57
AJ Hall,T20I,1,10,11,10,1,3,1,0,11.0,110.0,30.0,10.0
A Joshi,T20I,2,40,11,34,2,19,0,0,5.5,32.35,55.88,0.0
WG Jacks,PSL,2,10,11,10,2,5,0,1,5.5,110.0,50.0,10.0
Abdullah Shahid,T20I,2,17,11,17,2,9,1,0,5.5,64.71,52.94,5.88
GA Stuurman,Test,1,31,11,31,2,26,2,0,5.5,35.48,83.87,6.45
N Asuramanage,T20I,5,32,11,29,3,22,1,0,3.67,37.93,75.86,3.45
BM Tickner,T20I,4,23,11,23,2,13,0,0,5.5,47.83,56.52,0.0
S Joseph,ODI,3,16,11,14,1,8,0,1,11.0,78.57,57.14,7.14
Mazhar Khan,T20I,4,29,11,28,3,20,1,0,3.67,39.29,71.43,3.57
M Shehani,ODI,1,19,11,19,2,10,1,0,5.5,57.89,52.63,5.26
Arif Yaqoob,PSL,3,9,11,9,0,3,0,1,11.0,122.22,33.33,11.11
A Mucyodusenge,T20I,3,24,11,24,3,18,1,0,3.67,45.83,75.0,4.17
PJK Mooney,ODI,2,8,11,8,1,1,1,0,11.0,137.5,12.5,12.5
J Smits,T20I,1,19,11,17,0,8,0,0,11.0,64.71,47.06,0.0
BV Sears,ODI,2,18,11,17,0,8,0,0,11.0,64.71,47.06,0.0
SK Naidu,T20I,1,27,11,27,1,17,0,0,11.0,40.74,62.96,0.0
Fayyaz Ahmed,T20I,1,12,11,12,1,8,2,0,11.0,91.67,66.67,16.67
Zahid Shah,ODI,2,20,11,20,0,16,2,0,11.0,55.0,80.0,10.0
C Milner,T20I,1,27,11,26,1,18,0,0,11.0,42.31,69.23,0.0
R Chaudhary,T20I,9,47,11,45,4,35,0,0,2.75,24.44,77.78,0.0
GI Gokoel,T20I,3,27,11,27,2,19,1,0,5.5,40.74,70.37,3.7
Javeria Rauf,ODI,2,16,11,16,1,8,1,0,11.0,68.75,50.0,6.25
S Siegers,ODI,5,19,11,18,3,12,0,0,3.67,61.11,66.67,0.0
MG Neser,ODI,4,29,11,29,4,21,0,0,2.75,37.93,72.41,0.0
Pratis GC,ODI,1,6,11,6,0,0,1,0,11.0,183.33,0.0,16.67
CG Osborne,T20I,2,25,11,25,1,15,0,0,11.0,44.0,60.0,0.0
Mohammed Awais,T20I,3,16,11,16,3,8,1,0,3.67,68.75,50.0,6.25
J Erdenesuvd,T20I,8,105,11,99,7,88,0,0,1.57,11.11,88.89,0.0
W Uisuk,T20I,4,42,11,40,4,33,1,0,2.75,27.5,82.5,2.5
G Morales,T20I,2,44,11,38,2,21,1,0,5.5,28.95,55.26,2.63
SS Cottrell,Test,2,24,11,24,4,19,1,0,2.75,45.83,79.17,4.17
S Lamichhane,PSL,3,15,11,14,1,6,0,0,11.0,78.57,42.86,0.0
Assad Borham,T20I,3,20,11,19,2,11,1,0,5.5,57.89,57.89,5.26
Syed Tameem,T20I,1,23,11,22,0,12,0,0,11.0,50.0,54.55,0.0
JJ Nyambo,T20I,6,29,11,29,3,18,0,0,3.67,37.93,62.07,0.0
LJ Burger,ODI,6,65,11,62,5,53,1,0,2.2,17.74,85.48,1.61
S Linden,T20I,2,24,11,17,2,8,0,0,5.5,64.71,47.06,0.0
Ghulam Fatima,ODI,7,26,11,25,4,15,0,0,2.75,44.0,60.0,0.0
WK McCallan,T20I,3,15,11,15,2,8,1,0,5.5,73.33,53.33,6.67
J Buchanan,T20I,2,16,11,16,2,8,0,0,5.5,68.75,50.0,0.0
Syed Amanullah,T20I,1,14,11,13,0,7,0,1,11.0,84.62,53.85,7.69
Kelly Ndiraya,ODI,1,17,11,17,1,13,2,0,11.0,64.71,76.47,11.76
SC Kuggeleijn,ODI,1,6,11,6,0,1,1,0,11.0,183.33,16.67,16.67
J Dowling,T20I,4,19,11,19,2,8,0,0,5.5,57.89,42.11,0.0
Amit Uniyal,T20I,2,27,11,26,2,19,0,0,5.5,42.31,73.08,0.0
Owais Ahmed,T20I,3,12,11,11,0,6,2,0,11.0,100.0,54.55,18.18
RG Hart,Test,1,39,11,39,1,32,1,0,11.0,28.21,82.05,2.56
T Abdulquadri,T20I,2,16,11,14,2,10,2,0,5.5,78.57,71.43,14.29
Ananya Sarma,T20I,9,77,11,73,8,65,1,0,1.38,15.07,89.04,1.37
V Shetty,T20I,2,14,11,13,2,5,1,0,5.5,84.62,38.46,7.69
Zahid Abbas,T20I,2,15,11,15,2,7,1,0,5.5,73.33,46.67,6.67
T Henderson,IPL,2,16,11,16,1,10,0,1,11.0,68.75,62.5,6.25
Prachi Kumari,T20I,8,37,11,30,3,20,0,0,3.67,36.67,66.67,0.0
Khurram Manzoor,T20I,3,28,11,27,2,22,1,0,5.5,40.74,81.48,3.7
L Berthe,T20I,7,24,11,24,7,17,1,0,1.57,45.83,70.83,4.17
DNT Zoysa,IPL,2,9,11,9,1,3,1,0,11.0,122.22,33.33,11.11
GS Dinusha,Test,1,16,11,16,1,10,1,0,11.0,68.75,62.5,6.25
Inzamam-ul-Haq,T20I,1,16,11,15,0,9,0,1,11.0,73.33,60.0,6.67
Arslan Ahmed,T20I,2,31,11,29,2,23,1,0,5.5,37.93,79.31,3.45
AM Fernando,T20I,3,6,11,5,0,1,2,0,11.0,220.0,20.0,40.0
SV Bahutule,ODI,1,13,11,13,1,5,1,0,11.0,84.62,38.46,7.69
R Khasana,T20I,4,31,11,27,3,19,1,0,3.67,40.74,70.37,3.7
S Tuhadeleni,T20I,5,27,11,26,1,17,0,0,11.0,42.31,65.38,0.0
Najwa Akram,T20I,7,72,11,61,6,51,0,0,1.83,18.03,83.61,0.0
JO Ngoche,ODI,3,29,11,27,2,22,0,1,5.5,40.74,81.48,3.7
H Osinde,ODI,8,34,11,32,4,21,0,0,2.75,34.38,65.62,0.0
A Nimaga,T20I,3,13,11,13,2,7,1,0,5.5,84.62,53.85,7.69
MS Diawara,T20I,4,30,11,27,4,18,0,0,2.75,40.74,66.67,0.0
MS Kasprowicz,ODI,4,21,11,20,1,13,1,0,11.0,55.0,65.0,5.0
R Adotei,T20I,2,11,11,10,2,3,1,0,5.5,110.0,30.0,10.0
JJC Lawson,ODI,3,13,11,13,1,5,1,0,11.0,84.62,38.46,7.69
Phoup Srey Pheak,T20I,7,60,11,54,7,46,1,0,1.57,20.37,85.19,1.85
RM West,T20I,4,11,11,11,2,4,1,0,5.5,100.0,36.36,9.09
T Kohli,IPL,3,20,11,19,3,13,0,1,3.67,57.89,68.42,5.26
H Osinde,T20I,3,15,11,14,2,6,1,0,5.5,78.57,42.86,7.14
IK Cheema,T20I,1,15,11,13,1,5,1,0,11.0,84.62,38.46,7.69
Ahsan Khan,T20I,3,10,11,9,1,2,1,0,11.0,122.22,22.22,11.11
Zahoor Khan,T20I,8,23,11,23,4,15,1,0,2.75,47.83,65.22,4.35
KS Lokuarachchi,T20I,2,13,11,13,2,5,1,0,5.5,84.62,38.46,7.69
SF Burger,ODI,2,20,11,20,2,13,1,0,5.5,55.0,65.0,5.0
RJG Palmer,T20I,3,24,11,23,0,13,0,0,11.0,47.83,56.52,0.0
LS Baker,ODI,3,17,11,16,1,11,2,0,11.0,68.75,68.75,12.5
S Chophel,T20I,4,18,11,18,2,9,0,0,5.5,61.11,50.0,0.0
Moshiur Rahman,T20I,3,25,11,25,1,14,0,0,11.0,44.0,56.0,0.0
Abul Hasan,ODI,3,16,11,16,3,9,1,0,3.67,68.75,56.25,6.25
DC Drakes,ODI,2,18,11,17,2,8,0,0,5.5,64.71,47.06,0.0
MEC de Fouw,ODI,2,85,11,81,1,75,1,0,11.0,13.58,92.59,1.23
MEMO Scott-Hayward,ODI,2,23,11,22,2,16,1,0,5.5,50.0,72.73,4.55
R Vinay Kumar,Test,1,25,11,24,2,20,2,0,5.5,45.83,83.33,8.33
Iqra Ishaq,T20I,3,47,11,44,2,34,0,0,5.5,25.0,77.27,0.0
JD Campbell,T20I,2,16,11,16,2,11,2,0,5.5,68.75,68.75,12.5
Sohel Ebrahim Desai,T20I,5,18,11,18,4,9,0,0,2.75,61.11,50.0,0.0
PM Pushpakumara,ODI,2,26,11,26,2,21,0,1,5.5,42.31,80.77,3.85
Mabsar Abdulla,T20I,1,23,11,21,1,13,0,0,11.0,52.38,61.9,0.0
Rabia Sahan,T20I,4,43,11,41,2,32,0,0,5.5,26.83,78.05,0.0
RA Tappin,T20I,4,48,11,47,4,38,0,0,2.75,23.4,80.85,0.0
RD Atangana,T20I,7,37,11,36,4,27,0,0,2.75,30.56,75.0,0.0
J Lassayo,T20I,6,18,11,18,4,10,0,0,2.75,61.11,55.56,0.0
Su Jin Kim,T20I,3,35,11,33,3,25,1,0,3.67,33.33,75.76,3.03
A Bulow,T20I,1,13,11,13,1,7,0,1,11.0,84.62,53.85,7.69
Akshat Raghuwanshi,IPL,1,7,11,7,1,2,0,1,11.0,157.14,28.57,14.29
DR Mousley,PSL,1,16,11,12,1,6,0,1,11.0,91.67,50.0,8.33
Ali Ivan,T20I,1,40,11,39,1,30,0,0,11.0,28.21,76.92,0.0
M Ntini,IPL,2,19,11,18,1,14,2,0,11.0,61.11,77.78,11.11
RT Rubbi,T20I,2,32,11,28,2,17,0,0,5.5,39.29,60.71,0.0
BG Armstrong,T20I,1,10,11,10,1,3,1,0,11.0,110.0,30.0,10.0
BJ Bess,Test,1,12,11,12,1,9,1,1,11.0,91.67,75.0,16.67
A Steyn,Test,1,29,11,29,2,23,1,0,5.5,37.93,79.31,3.45
TJ Draca,T20I,3,14,11,14,2,6,1,0,5.5,78.57,42.86,7.14
Dilini Ishara,T20I,4,45,11,37,3,27,1,0,3.67,29.73,72.97,2.7
L Mating,T20I,3,27,11,26,2,15,0,0,5.5,42.31,57.69,0.0
Y Jasti,T20I,4,26,11,25,3,17,0,0,3.67,44.0,68.0,0.0
Saad Ali,ODI,2,23,11,23,2,13,0,0,5.5,47.83,56.52,0.0
MJ Mindley,Test,1,37,11,37,1,34,1,1,11.0,29.73,91.89,5.41
Sabbir Rahman,PSL,1,11,11,11,1,5,1,0,11.0,100.0,45.45,9.09
SW Tait,T20I,6,15,11,15,3,9,0,1,3.67,73.33,60.0,6.67
AO Suji,T20I,2,26,11,25,1,15,0,0,11.0,44.0,60.0,0.0
Yasir Shah,T20I,1,7,11,7,0,0,1,0,11.0,157.14,0.0,14.29
A Daxini,T20I,3,24,11,22,3,14,1,0,3.67,50.0,63.64,4.55
S Pillay,T20I,1,10,11,10,1,5,2,0,11.0,110.0,50.0,20.0
BAA Zammitt,T20I,3,27,10,25,3,16,0,0,3.33,40.0,64.0,0.0
G Ford,T20I,3,29,10,25,2,18,1,0,5.0,40.0,72.0,4.0
KAJ Roach,IPL,1,9,10,9,1,3,1,0,10.0,111.11,33.33,11.11
JE Root,IPL,1,15,10,15,1,8,1,0,10.0,66.67,53.33,6.67
JE Pitcher,T20I,3,20,10,19,0,10,0,0,10.0,52.63,52.63,0.0
Mukesh Kumar,IPL,5,20,10,18,1,8,0,0,10.0,55.56,44.44,0.0
SW Currie,ODI,2,19,10,18,2,13,1,0,5.0,55.56,72.22,5.56
K Boniface,T20I,3,22,10,20,1,12,0,0,10.0,50.0,60.0,0.0
K Babu,T20I,6,23,10,23,2,13,0,0,5.0,43.48,56.52,0.0
K Damane,T20I,1,15,10,15,1,11,2,0,10.0,66.67,73.33,13.33
S Rossi,T20I,5,16,10,16,5,9,0,0,2.0,62.5,56.25,0.0
R Ova,T20I,7,18,10,17,6,11,0,0,1.67,58.82,64.71,0.0
TJ Moores,PSL,2,21,10,21,2,14,0,0,5.0,47.62,66.67,0.0
E Chigumbura,PSL,3,14,10,13,2,6,1,0,5.0,76.92,46.15,7.69
Anwar Rahman,T20I,8,27,10,25,4,15,0,0,2.5,40.0,60.0,0.0
A Ashok,ODI,1,12,10,12,1,9,2,0,10.0,83.33,75.0,16.67
Sadia Yousuf,ODI,13,98,10,95,7,88,1,0,1.43,10.53,92.63,1.05
M Ntini,T20I,4,11,10,11,2,7,2,0,5.0,90.91,63.64,18.18
Ali Rasool,T20I,3,22,10,21,2,12,0,0,5.0,47.62,57.14,0.0
Ali Hasan,T20I,4,15,10,15,4,10,0,1,2.5,66.67,66.67,6.67
JC Price,Test,2,28,10,28,3,24,1,0,3.33,35.71,85.71,3.57
Rashid Latif,Test,1,53,10,53,2,49,2,0,5.0,18.87,92.45,3.77
Krish Bhagat,IPL,2,21,10,21,1,12,0,0,10.0,47.62,57.14,0.0
G Kaltongga,T20I,2,12,10,12,2,7,1,0,5.0,83.33,58.33,8.33
Rajkumar Rajendran,T20I,2,18,10,17,2,13,0,1,5.0,58.82,76.47,5.88
JM Davies,T20I,4,46,10,44,3,35,0,0,3.33,22.73,79.55,0.0
CBRLS Kumara,T20I,5,11,10,11,3,7,2,0,3.33,90.91,63.64,18.18
J Hansrod,T20I,3,26,10,25,3,18,1,0,3.33,40.0,72.0,4.0
T Muzarabani,ODI,6,32,10,32,3,25,1,0,3.33,31.25,78.12,3.12
V Volfova,T20I,4,41,10,29,3,23,1,0,3.33,34.48,79.31,3.45
VL Mukesh,T20I,4,16,10,16,4,13,0,1,2.5,62.5,81.25,6.25
VG Arora,IPL,11,28,10,27,4,18,0,0,2.5,37.04,66.67,0.0
Shamyl Hussain,ODI,2,31,10,29,2,21,0,0,5.0,34.48,72.41,0.0
A Sathyan,T20I,2,15,10,15,0,9,1,0,10.0,66.67,60.0,6.67
RWT Key,T20I,1,9,10,8,0,0,0,0,10.0,125.0,0.0,0.0
PM Siddle,PSL,2,10,10,9,1,4,1,0,10.0,111.11,44.44,11.11
I Katzarski,T20I,4,27,10,25,2,15,0,0,5.0,40.0,60.0,0.0
ACL Richards,T20I,1,17,10,15,1,9,1,0,10.0,66.67,60.0,6.67
Salman Fayyaz,PSL,2,6,10,6,1,1,0,1,10.0,166.67,16.67,16.67
CS Baugh,T20I,3,12,10,12,2,6,1,0,5.0,83.33,50.0,8.33
T Wuatai,T20I,4,30,10,29,2,23,1,0,5.0,34.48,79.31,3.45
T Yotharat,T20I,3,25,10,24,0,16,0,0,10.0,41.67,66.67,0.0
Acrey Hugo,T20I,2,13,10,12,0,6,1,0,10.0,83.33,50.0,8.33
DKJ Claude,T20I,5,33,10,32,6,26,1,0,1.67,31.25,81.25,3.12
RK Bhui,IPL,4,27,10,26,4,18,0,0,2.5,38.46,69.23,0.0
SL Perera,T20I,2,24,10,23,2,15,0,0,5.0,43.48,65.22,0.0
Kabir Ali,Test,1,28,10,28,2,23,1,0,5.0,35.71,82.14,3.57
KS Gautam,T20I,1,8,10,8,1,3,0,1,10.0,125.0,37.5,12.5
JM Mennie,Test,1,24,10,24,2,21,2,0,5.0,41.67,87.5,8.33
TR Ambrose,ODI,5,34,10,34,4,26,0,0,2.5,29.41,76.47,0.0
Roopa Nagraj,T20I,2,20,10,18,2,12,1,0,5.0,55.56,66.67,5.56
P Raho,T20I,2,7,10,6,0,2,0,1,10.0,166.67,33.33,16.67
N Nojic,T20I,6,25,10,24,5,15,1,0,2.0,41.67,62.5,4.17
Ashish Bam,T20I,3,8,10,7,1,2,1,0,10.0,142.86,28.57,14.29
Ashar Abbas,T20I,3,18,10,16,2,9,0,0,5.0,62.5,56.25,0.0
MS Kanchingwe,ODI,1,20,10,19,1,12,1,0,10.0,52.63,63.16,5.26
RO Hussain,ODI,1,20,10,20,0,14,1,0,10.0,50.0,70.0,5.0
CJ McKay,Test,1,15,10,15,1,10,1,0,10.0,66.67,66.67,6.67
AG Murtaza,IPL,3,14,10,14,1,7,1,0,10.0,71.43,50.0,7.14
SR Tendulkar,T20I,1,13,10,12,1,8,2,0,10.0,83.33,66.67,16.67
M Prasidh Krishna,Test,6,65,10,65,6,57,0,0,1.67,15.38,87.69,0.0
J Shaju,T20I,7,30,10,29,4,20,0,0,2.5,34.48,68.97,0.0
Sameen Gul,PSL,3,17,10,17,0,11,1,0,10.0,58.82,64.71,5.88
Salman Nazar,T20I,1,9,10,9,1,3,1,0,10.0,111.11,33.33,11.11
Muzahir Raza,ODI,1,7,10,7,1,3,2,0,10.0,142.86,42.86,28.57
KN Singh,T20I,1,10,10,10,0,2,0,0,10.0,100.0,20.0,0.0
D Traore,T20I,2,23,10,21,3,15,1,0,3.33,47.62,71.43,4.76
L Basson,T20I,1,15,10,15,0,8,1,0,10.0,66.67,53.33,6.67
J Pakeman,T20I,2,27,10,24,2,17,1,0,5.0,41.67,70.83,4.17
M Ribeiro,T20I,8,49,10,48,7,40,0,0,1.43,20.83,83.33,0.0
N Pradeep,T20I,4,15,10,15,1,9,1,0,10.0,66.67,60.0,6.67
NM Sheikh,ODI,1,34,10,34,1,24,0,0,10.0,29.41,70.59,0.0
HK Bennett,ODI,5,35,10,35,2,25,0,0,5.0,28.57,71.43,0.0
MA Tsemane,T20I,10,60,10,57,7,46,0,0,1.43,17.54,80.7,0.0
P Bhandari,T20I,6,57,10,46,6,35,0,0,1.67,21.74,76.09,0.0
W Jaffer,ODI,2,23,10,23,2,20,2,0,5.0,43.48,86.96,8.7
Vraj Patel,T20I,6,17,10,16,2,9,0,0,5.0,62.5,56.25,0.0
Vaishnavi Sharma,ODI,1,5,10,5,0,2,2,0,10.0,200.0,40.0,40.0
C Madande,Test,1,31,10,31,2,26,1,0,5.0,32.26,83.87,3.23
RH Candy,ODI,2,13,10,12,0,4,0,0,10.0,83.33,33.33,0.0
MA Aponso,ODI,7,45,10,45,3,37,0,0,3.33,22.22,82.22,0.0
T Shamsi,T20I,13,28,10,27,5,19,0,0,2.0,37.04,70.37,0.0
Haliam Kwon,T20I,4,33,10,29,3,20,0,0,3.33,34.48,68.97,0.0
G Fernando,T20I,5,64,10,60,4,50,0,0,2.5,16.67,83.33,0.0
BA Parchment,T20I,1,6,10,6,1,4,1,1,10.0,166.67,66.67,33.33
BB Sran,IPL,7,14,10,14,1,5,0,0,10.0,71.43,35.71,0.0
Surya Tamang,ODI,1,33,10,32,0,23,0,0,10.0,31.25,71.88,0.0
MCR Mohedano,T20I,2,54,10,41,2,26,1,0,5.0,24.39,63.41,2.44
LJ Leokaoke,T20I,3,35,10,30,3,22,0,0,3.33,33.33,73.33,0.0
LK Sharma,T20I,1,14,10,14,1,10,2,0,10.0,71.43,71.43,14.29
JW Ogle-Thomas,ODI,2,17,10,17,2,12,1,0,5.0,58.82,70.59,5.88
AC Evans,T20I,7,15,10,14,6,9,1,0,1.67,71.43,64.29,7.14
A Martin,ODI,5,29,10,29,1,19,0,0,10.0,34.48,65.52,0.0
V Mwansa,T20I,4,109,10,96,3,87,0,0,3.33,10.42,90.62,0.0
B Ercegovcevic,T20I,3,9,10,9,2,5,2,0,5.0,111.11,55.56,22.22
KK Cooper,PSL,3,12,10,11,2,4,1,0,5.0,90.91,36.36,9.09
Pooja Kumari,T20I,2,39,10,35,2,27,1,0,5.0,28.57,77.14,2.86
M Hayward,Test,1,18,10,18,1,15,2,0,10.0,55.56,83.33,11.11
D Pretorius,PSL,1,3,10,3,0,0,2,0,10.0,333.33,0.0,66.67
D Ferreira,ODI,2,22,10,22,2,15,1,0,5.0,45.45,68.18,4.55
Khurram Chohan,T20I,2,10,10,10,2,4,1,0,5.0,100.0,40.0,10.0
SMSM Senanayake,IPL,4,17,10,17,1,7,0,0,10.0,58.82,41.18,0.0
PP Ojha,T20I,1,6,10,6,0,2,0,1,10.0,166.67,33.33,16.67
RS Vandort,ODI,3,17,10,17,2,13,2,0,5.0,58.82,76.47,11.76
N Burger,T20I,3,21,10,21,3,12,0,0,3.33,47.62,57.14,0.0
GD Drummond,ODI,1,9,10,9,0,2,1,0,10.0,111.11,22.22,11.11
D du Preez,IPL,1,13,10,13,1,5,0,0,10.0,76.92,38.46,0.0
S Gantulga,T20I,6,55,10,52,6,45,1,0,1.67,19.23,86.54,1.92
S Iushchenko,T20I,3,40,10,39,2,32,1,0,5.0,25.64,82.05,2.56
T Piakura,T20I,1,12,10,10,1,6,2,0,10.0,100.0,60.0,20.0
J Ghelzai,T20I,3,9,10,9,3,6,0,1,3.33,111.11,66.67,11.11
H Beresford-Peirse,T20I,2,15,10,13,2,5,0,0,5.0,76.92,38.46,0.0
R Cunningham,T20I,2,14,10,13,0,6,0,0,10.0,76.92,46.15,0.0
Asma Shifa,T20I,7,56,10,40,6,31,0,0,1.67,25.0,77.5,0.0
Nawaf Ahmed,T20I,3,10,10,9,1,7,1,1,10.0,111.11,77.78,22.22
Ansh Tandon,ODI,1,18,10,18,1,11,1,0,10.0,55.56,61.11,5.56
MI Shakim,T20I,3,6,10,6,2,3,2,0,5.0,166.67,50.0,33.33
TD Paine,IPL,2,29,10,26,2,16,0,0,5.0,38.46,61.54,0.0
Sajid Khan,T20I,5,32,10,27,3,18,0,0,3.33,37.04,66.67,0.0
S Murari,T20I,7,17,10,17,5,12,0,1,2.0,58.82,70.59,5.88
F Bulpitt,T20I,2,22,10,22,2,13,0,0,5.0,45.45,59.09,0.0
SG Satghare,Test,1,56,10,56,2,50,1,0,5.0,17.86,89.29,1.79
B Casson,Test,1,44,10,44,1,38,1,0,10.0,22.73,86.36,2.27
B Geeves,ODI,1,11,10,11,0,6,1,0,10.0,90.91,54.55,9.09
KTH Ratnayake,Test,2,27,10,27,2,23,0,1,5.0,37.04,85.19,3.7
S Srikanth,T20I,1,6,10,6,1,2,2,0,10.0,166.67,33.33,33.33
B Pondani,T20I,7,22,10,19,2,10,0,0,5.0,52.63,52.63,0.0
J Theron,IPL,4,13,10,12,2,5,1,0,5.0,83.33,41.67,8.33
M Pathirana,ODI,5,33,10,33,4,29,2,0,2.5,30.3,87.88,6.06
Umair Ali,ODI,1,11,10,11,1,7,0,1,10.0,90.91,63.64,9.09
AAP Atkinson,T20I,2,23,10,23,1,13,0,0,10.0,43.48,56.52,0.0
Milad Momend,T20I,8,38,10,36,5,29,1,0,2.0,27.78,80.56,2.78
Pankaj Singh,Test,2,20,10,20,3,16,2,0,3.33,50.0,80.0,10.0
SD Bahadur,T20I,1,7,10,6,1,2,2,0,10.0,166.67,33.33,33.33
G Cupido,T20I,3,11,10,11,2,7,0,1,5.0,90.91,63.64,9.09
NP Kenjige,T20I,8,21,10,21,5,12,0,0,2.0,47.62,57.14,0.0
M Jevdjenovic,T20I,2,25,10,20,2,12,0,0,5.0,50.0,60.0,0.0
Shujaat Rasool,T20I,1,10,10,10,1,6,2,0,10.0,100.0,60.0,20.0
Simarjeet Singh,IPL,6,15,10,15,3,7,0,0,3.33,66.67,46.67,0.0
DPMD Jayawardene,PSL,1,8,10,8,1,3,1,0,10.0,125.0,37.5,12.5
Akif Javed,ODI,3,14,10,14,2,10,2,0,5.0,71.43,71.43,14.29
Uzair Amir,T20I,2,16,10,14,2,4,0,0,5.0,71.43,28.57,0.0
PUKK Arachchige,T20I,3,25,10,24,3,15,0,0,3.33,41.67,62.5,0.0
PT Collins,Test,4,66,10,66,6,57,0,0,1.67,15.15,86.36,0.0
GC Tonge,ODI,3,16,10,16,1,9,1,0,10.0,62.5,56.25,6.25
X Thalaivan Sargunam,IPL,1,17,10,17,1,9,0,0,10.0,58.82,52.94,0.0
Mukesh Kumar,ODI,2,17,10,16,1,12,2,0,10.0,62.5,75.0,12.5
Hor Siv na,T20I,7,56,10,52,6,43,0,0,1.67,19.23,82.69,0.0
A Ndlovu,T20I,3,13,10,13,2,6,1,0,5.0,76.92,46.15,7.69
SHA Rance,T20I,3,21,10,21,3,14,0,0,3.33,47.62,66.67,0.0
N Toleva,T20I,9,105,9,82,6,72,0,0,1.5,10.98,87.8,0.0
NA Janes,T20I,2,11,9,11,2,5,1,0,4.5,81.82,45.45,9.09
Iftikhar Kankhel,T20I,4,14,9,13,2,8,1,0,4.5,69.23,61.54,7.69
SJ Cameron,ODI,2,13,9,13,1,6,0,0,9.0,69.23,46.15,0.0
BJ Davidson,T20I,3,23,9,21,3,13,1,0,3.0,42.86,61.9,4.76
Iftikhar Anjum,Test,1,39,9,39,2,36,2,0,4.5,23.08,92.31,5.13
R McLaren,T20I,4,13,9,13,1,6,0,0,9.0,69.23,46.15,0.0
S Rukmal,T20I,5,20,9,20,2,17,2,0,4.5,45.0,85.0,10.0
JT Brassell,T20I,5,14,9,13,1,7,1,0,9.0,69.23,53.85,7.69
YM Nkanya,T20I,12,32,9,32,6,24,0,0,1.5,28.12,75.0,0.0
ST Eyyunni,T20I,3,25,9,25,1,18,0,0,9.0,36.0,72.0,0.0
JS Patel,T20I,3,14,9,14,3,10,1,0,3.0,64.29,71.43,7.14
RW Hartley,T20I,3,21,9,21,1,13,0,0,9.0,42.86,61.9,0.0
M Madara,T20I,4,14,9,13,0,4,0,0,9.0,69.23,30.77,0.0
M Pathirana,T20I,9,21,9,21,5,15,1,0,1.8,42.86,71.43,4.76
M Prasidh Krishna,IPL,7,24,9,24,2,15,0,0,4.5,37.5,62.5,0.0
Tenzin Wangchuk jnr,T20I,2,18,9,17,2,14,2,0,4.5,52.94,82.35,11.76
MW Jones,ODI,1,5,9,5,0,1,0,1,9.0,180.0,20.0,20.0
O Thomas,T20I,6,16,9,15,4,12,2,0,2.25,60.0,80.0,13.33
S Kakai,T20I,3,17,9,15,3,10,1,0,3.0,60.0,66.67,6.67
L Klokgieters,T20I,2,17,9,17,2,11,1,0,4.5,52.94,64.71,5.88
Ouen Sophy,T20I,4,81,9,69,4,63,1,0,2.25,13.04,91.3,1.45
H Isorena,T20I,2,22,9,21,3,16,1,0,3.0,42.86,76.19,4.76
Zahid Hussain,ODI,2,31,9,31,1,25,1,0,9.0,29.03,80.65,3.23
Zahid Mahmood,ODI,2,12,9,10,0,6,0,1,9.0,90.0,60.0,10.0
CE Taylor,Test,1,33,9,33,0,28,1,0,9.0,27.27,84.85,3.03
Ehsan Nawaz,T20I,2,6,9,6,1,3,2,0,9.0,150.0,50.0,33.33
Babar Ali,T20I,3,20,9,19,3,11,0,0,3.0,47.37,57.89,0.0
A Kapoor,T20I,1,4,9,4,0,0,1,0,9.0,225.0,0.0,25.0
S Varathappan,T20I,1,11,9,10,1,7,2,0,9.0,90.0,70.0,20.0
Sangita Rai,T20I,3,38,9,37,3,28,0,0,3.0,24.32,75.68,0.0
Sanjay Kumar,T20I,2,7,9,7,1,1,1,0,9.0,128.57,14.29,14.29
Muhammad Musa,ODI,1,3,9,3,0,0,2,0,9.0,300.0,0.0,66.67
O Shields,Test,2,13,9,13,3,10,2,0,3.0,69.23,76.92,15.38
Ethan D'Souza,ODI,2,21,9,19,2,13,1,0,4.5,47.37,68.42,5.26
WKD Perkins,T20I,1,12,9,11,1,5,1,0,9.0,81.82,45.45,9.09
T Amresh,T20I,2,10,9,9,2,6,0,1,4.5,100.0,66.67,11.11
D Hazell,Test,2,78,9,78,2,70,0,0,4.5,11.54,89.74,0.0
FDM Devonshire,ODI,1,6,9,6,1,1,1,0,9.0,150.0,16.67,16.67
N Mamba,T20I,9,43,9,37,9,30,0,0,1.0,24.32,81.08,0.0
Anam Mollik,T20I,1,10,9,10,2,4,1,0,4.5,90.0,40.0,10.0
C Mangulama,T20I,5,30,9,28,5,19,0,0,1.8,32.14,67.86,0.0
CJ Ana,T20I,3,26,9,23,3,16,1,0,3.0,39.13,69.57,4.35
TR Sadhu,ODI,3,26,9,24,3,17,0,0,3.0,37.5,70.83,0.0
H Sawaneh,T20I,3,14,9,14,2,8,1,0,4.5,64.29,57.14,7.14
H Shah,ODI,2,25,9,25,2,19,1,0,4.5,36.0,76.0,4.0
JQK Moala,T20I,4,21,9,21,4,12,0,0,2.25,42.86,57.14,0.0
C Pavely,T20I,2,8,9,8,2,3,1,0,4.5,112.5,37.5,12.5
GY Prastama,T20I,3,13,9,13,1,6,0,0,9.0,69.23,46.15,0.0
K Lake,T20I,1,8,9,8,1,2,0,0,9.0,112.5,25.0,0.0
Salman Mirza,T20I,4,8,9,8,2,3,1,0,4.5,112.5,37.5,12.5
Mohammad Mohsin,T20I,3,11,9,11,2,5,1,0,4.5,81.82,45.45,9.09
AN Hyobeom,T20I,3,17,9,17,3,12,1,0,3.0,52.94,70.59,5.88
Yadwinder Singh,T20I,1,15,9,13,0,8,1,0,9.0,69.23,61.54,7.69
A Dalzell,T20I,1,7,9,7,1,1,1,0,9.0,128.57,14.29,14.29
FC Muniz,T20I,3,27,9,26,3,18,0,0,3.0,34.62,69.23,0.0
Ahmed Safi Abdullah,PSL,2,13,9,13,0,8,1,0,9.0,69.23,61.54,7.69
TNM Soleh,T20I,1,24,9,21,1,12,0,0,9.0,42.86,57.14,0.0
Nabi Gul,PSL,1,12,9,12,1,4,0,0,9.0,75.0,33.33,0.0
BE Hendricks,Test,1,19,9,18,0,13,1,0,9.0,50.0,72.22,5.56
KL George,ODI,1,19,9,19,1,13,1,0,9.0,47.37,68.42,5.26
D Hardware,T20I,2,27,9,24,1,17,0,0,9.0,37.5,70.83,0.0
Lee Kangmin,T20I,3,12,9,12,1,6,1,0,9.0,75.0,50.0,8.33
Suabika Manivannan,T20I,4,24,9,24,2,17,0,0,4.5,37.5,70.83,0.0
N Jagadish,T20I,4,30,9,28,1,21,1,0,9.0,32.14,75.0,3.57
N Kakor,T20I,4,11,9,11,1,5,1,0,9.0,81.82,45.45,9.09
Rashid Zia,ODI,2,58,9,57,2,54,2,0,4.5,15.79,94.74,3.51
RR Joshi,T20I,2,9,9,8,2,4,0,1,4.5,112.5,50.0,12.5
RAJ Smith,T20I,1,7,9,7,0,3,1,0,9.0,128.57,42.86,14.29
I van der Woning,T20I,6,13,9,12,4,7,0,0,2.25,75.0,58.33,0.0
Lovepreet Singh,ODI,2,26,9,25,2,20,1,0,4.5,36.0,80.0,4.0
VJ Kingma,T20I,5,17,9,17,2,9,0,0,4.5,52.94,52.94,0.0
J Hull,Test,1,16,9,16,1,13,0,1,9.0,56.25,81.25,6.25
Danish Kaneria,ODI,5,15,9,15,2,9,1,0,4.5,60.0,60.0,6.67
M de Lange,PSL,3,12,9,12,1,5,0,0,9.0,75.0,41.67,0.0
M de Lange,Test,1,19,9,19,2,16,2,0,4.5,47.37,84.21,10.53
RJ Campbell,T20I,2,23,9,23,2,17,1,0,4.5,39.13,73.91,4.35
VB van Jaarsveld,ODI,2,16,9,15,1,8,0,0,9.0,60.0,53.33,0.0
Itibarshah Deedar,T20I,2,11,9,11,0,6,1,0,9.0,81.82,54.55,9.09
A Wellington,T20I,2,10,9,10,1,4,1,0,9.0,90.0,40.0,10.0
F Kasteni,ODI,2,24,9,24,2,18,0,0,4.5,37.5,75.0,0.0
Mariam Hasan,T20I,2,12,9,12,2,5,0,0,4.5,75.0,41.67,0.0
Utkarsh Srivastava,T20I,1,8,9,8,1,3,1,0,9.0,112.5,37.5,12.5
PWA Mulder,IPL,1,12,9,11,1,5,1,0,9.0,81.82,45.45,9.09
RJ Quiney,Test,2,22,9,22,3,18,1,0,3.0,40.91,81.82,4.55
CJ Dias,T20I,6,27,9,23,2,17,1,0,4.5,39.13,73.91,4.35
Purvi Kumari,T20I,2,30,9,25,0,20,0,0,9.0,36.0,80.0,0.0
A Poulose,T20I,3,16,9,14,3,11,2,0,3.0,64.29,78.57,14.29
SM Boland,ODI,4,22,9,22,2,14,0,0,4.5,40.91,63.64,0.0
Mohammad Asif,T20I,2,3,9,3,0,0,2,0,9.0,300.0,0.0,66.67
Shivani Sati,T20I,5,37,9,30,4,22,0,0,2.25,30.0,73.33,0.0
Bhargav Narasimha,T20I,2,18,9,17,2,8,0,0,4.5,52.94,47.06,0.0
S Banamali,T20I,2,15,9,15,1,8,0,0,9.0,60.0,53.33,0.0
Amaya Rajapaksha,T20I,3,22,9,21,2,15,1,0,4.5,42.86,71.43,4.76
L Anyait,T20I,8,23,9,19,3,13,0,0,3.0,47.37,68.42,0.0
B Stanlake,T20I,2,13,9,12,1,8,0,1,9.0,75.0,66.67,8.33
A Ndlovu,Test,2,40,9,40,4,37,2,0,2.25,22.5,92.5,5.0
MW Jones,T20I,1,6,9,6,1,3,0,1,9.0,150.0,50.0,16.67
SMK Waththage,T20I,3,16,9,16,1,9,0,0,9.0,56.25,56.25,0.0
KE Broadmore,ODI,2,34,9,34,2,28,1,0,4.5,26.47,82.35,2.94
SG Diaby,T20I,3,17,9,15,2,8,0,0,4.5,60.0,53.33,0.0
J Nyirankundineza,T20I,5,16,9,15,2,10,1,0,4.5,60.0,66.67,6.67
KK Tillett,T20I,2,20,9,19,2,14,1,0,4.5,47.37,73.68,5.26
SM Harwood,IPL,2,14,9,14,0,7,0,0,9.0,64.29,50.0,0.0
AR Perez Rivero,T20I,1,10,9,10,1,3,0,0,9.0,90.0,30.0,0.0
V Khanduri,T20I,3,21,9,20,2,14,0,0,4.5,45.0,70.0,0.0
Mohammad Abrar,T20I,2,16,9,16,1,10,1,0,9.0,56.25,62.5,6.25
KN Peiris,Test,2,40,9,40,3,34,1,0,3.0,22.5,85.0,2.5
L Wood,IPL,1,3,9,3,0,0,0,1,9.0,300.0,0.0,33.33
R Smith,T20I,6,38,9,37,4,31,0,0,2.25,24.32,83.78,0.0
Ibrahim Kursad Dalyan,T20I,3,15,9,14,1,8,1,0,9.0,64.29,57.14,7.14
E Miller,T20I,1,7,9,6,1,3,2,0,9.0,150.0,50.0,33.33
PS Punia,T20I,3,17,9,17,3,12,1,0,3.0,52.94,70.59,5.88
A Meyenborg,T20I,5,42,9,38,1,29,0,0,9.0,23.68,76.32,0.0
Aziz Sualley,T20I,5,17,9,17,3,11,1,0,3.0,52.94,64.71,5.88
Renuka Singh,Test,2,16,9,16,2,13,2,0,4.5,56.25,81.25,12.5
M Enkhzul,T20I,8,37,9,33,5,25,0,0,1.8,27.27,75.76,0.0
Ravinder Singh,T20I,1,19,9,19,1,11,0,0,9.0,47.37,57.89,0.0
D Murphy,ODI,2,28,9,28,2,21,0,0,4.5,32.14,75.0,0.0
AA Kulkarni,IPL,2,8,9,8,2,5,2,0,4.5,112.5,62.5,25.0
AA Noffke,IPL,1,12,9,10,1,4,1,0,9.0,90.0,40.0,10.0
I Edwards,T20I,5,34,9,30,2,22,0,0,4.5,30.0,73.33,0.0
Marufa Akter,T20I,9,28,9,28,5,19,0,0,1.8,32.14,67.86,0.0
HR Johnson,ODI,2,21,9,20,1,14,0,0,9.0,45.0,70.0,0.0
HRA Rainey,T20I,9,35,9,35,5,26,0,0,1.8,25.71,74.29,0.0
HL Ferling,ODI,4,23,9,23,2,17,1,0,4.5,39.13,73.91,4.35
FA Sargent,T20I,1,10,9,10,0,3,0,0,9.0,90.0,30.0,0.0
Zuhair Muhammad,T20I,3,28,9,26,2,17,0,0,4.5,34.62,65.38,0.0
Faisal Akram,PSL,3,12,9,10,1,5,1,0,9.0,90.0,50.0,10.0
Faisal Athar,ODI,1,39,9,38,1,30,1,0,9.0,23.68,78.95,2.63
Ali Majid,PSL,1,8,9,8,0,5,2,0,9.0,112.5,62.5,25.0
Humayun Kabir,T20I,2,19,9,16,2,9,0,0,4.5,56.25,56.25,0.0
Safvan Patel,T20I,1,13,9,12,1,4,0,0,9.0,75.0,33.33,0.0
KR Jha,T20I,5,32,8,30,5,22,0,0,1.6,26.67,73.33,0.0
ATS Silva,T20I,3,22,8,22,2,14,0,0,4.0,36.36,63.64,0.0
KT Maphaka,IPL,1,3,8,2,0,0,2,0,8.0,400.0,0.0,100.0
SH Johnson,IPL,5,11,8,11,0,6,1,0,8.0,72.73,54.55,9.09
R Edwards,T20I,3,21,8,21,2,13,0,0,4.0,38.1,61.9,0.0
J Andrew,ODI,2,13,8,12,2,9,0,1,4.0,66.67,75.0,8.33
CA Reid,ODI,2,18,8,17,2,13,1,0,4.0,47.06,76.47,5.88
TM Faimalo,T20I,3,35,8,33,1,24,0,0,8.0,24.24,72.73,0.0
TM Srivastava,IPL,3,11,8,11,1,5,0,0,8.0,72.73,45.45,0.0
J Campbell,ODI,2,15,8,15,1,7,0,0,8.0,53.33,46.67,0.0
Charanjeet Singh,T20I,1,9,8,9,0,4,1,0,8.0,88.89,44.44,11.11
S Randiv,T20I,2,6,8,6,2,2,1,0,4.0,133.33,33.33,16.67
Nilusha Waruwangodage,T20I,2,17,8,14,1,9,1,0,8.0,57.14,64.29,7.14
Xie Kunkun,T20I,4,42,8,36,4,30,0,0,2.0,22.22,83.33,0.0
BP Kruger,ODI,1,12,8,12,1,7,1,0,8.0,66.67,58.33,8.33
AM Blignaut,T20I,1,9,8,8,1,3,1,0,8.0,100.0,37.5,12.5
Nazmul Islam,T20I,2,11,8,10,1,5,1,0,8.0,80.0,50.0,10.0
Nazwan Ismail,T20I,5,20,8,20,1,13,0,0,8.0,40.0,65.0,0.0
L Shetty,ODI,1,28,8,27,1,22,1,0,8.0,29.63,81.48,3.7
K Chigora,T20I,4,12,8,12,3,7,0,0,2.67,66.67,58.33,0.0
K Dasan,T20I,3,14,8,13,3,6,0,0,2.67,61.54,46.15,0.0
S Prasanna,PSL,1,9,8,8,1,5,0,1,8.0,100.0,62.5,12.5
Nimra Ghazanfar,T20I,5,34,8,31,5,22,0,0,1.6,25.81,70.97,0.0
Nonoha Yasumoto,T20I,4,26,8,24,3,20,1,0,2.67,33.33,83.33,4.17
S Simpson,T20I,1,9,8,9,0,4,1,0,8.0,88.89,44.44,11.11
K Jack,T20I,2,14,8,13,2,7,0,0,4.0,61.54,53.85,0.0
Nazmul Hossain,Test,1,12,8,12,0,9,0,1,8.0,66.67,75.0,8.33
A Dhingra,T20I,5,8,8,8,2,3,1,0,4.0,100.0,37.5,12.5
L Ufitinema,T20I,1,16,8,15,0,11,1,0,8.0,53.33,73.33,6.67
Abhilasha Singh,T20I,2,25,8,21,2,17,1,0,4.0,38.1,80.95,4.76
T Tumursukh,T20I,8,39,8,37,6,31,0,0,1.33,21.62,83.78,0.0
J Batinibulu,T20I,3,18,8,18,3,10,0,0,2.67,44.44,55.56,0.0
MNK Fernando,T20I,2,12,8,12,2,6,0,0,4.0,66.67,50.0,0.0
KV Jain,T20I,2,14,8,14,2,6,0,0,4.0,57.14,42.86,0.0
KV Sharma,Test,1,28,8,28,1,23,0,0,8.0,28.57,82.14,0.0
N Shree Charani,T20I,3,7,8,6,1,3,0,1,8.0,133.33,50.0,16.67
Zahid Zadran,T20I,3,11,8,11,3,6,0,0,2.67,72.73,54.55,0.0
T Shanmugam,T20I,1,10,8,10,0,5,0,0,8.0,80.0,50.0,0.0
MC Alex,T20I,5,27,8,25,4,20,1,0,2.0,32.0,80.0,4.0
T Ritawa,T20I,3,10,8,10,3,5,1,0,2.67,80.0,50.0,10.0
E Isaneez,T20I,2,13,8,13,0,5,0,0,8.0,61.54,38.46,0.0
RH Scholte,ODI,2,31,8,31,2,22,0,0,4.0,25.81,70.97,0.0
James Bracey,Test,2,27,8,27,3,23,1,0,2.67,29.63,85.19,3.7
K Kekez,T20I,3,20,8,19,2,14,1,0,4.0,42.11,73.68,5.26
Mrittunjoy Chowdhury,ODI,1,11,8,11,2,5,0,0,4.0,72.73,45.45,0.0
A Gunasekar,T20I,3,40,8,40,2,36,1,0,4.0,20.0,90.0,2.5
Jaskaran Singh,IPL,4,11,8,11,2,5,0,0,4.0,72.73,45.45,0.0
Salman Mirza,PSL,2,9,8,9,1,5,1,0,8.0,88.89,55.56,11.11
GM Muthui,T20I,3,13,8,13,1,7,0,0,8.0,61.54,53.85,0.0
F Hand,Test,1,41,8,41,2,33,0,0,4.0,19.51,80.49,0.0
Nurilyaa Natasya,T20I,3,22,8,22,2,15,0,0,4.0,36.36,68.18,0.0
H Davids,ODI,2,25,8,24,2,18,0,0,4.0,33.33,75.0,0.0
H Dhaliwal,T20I,5,40,8,38,5,30,0,0,1.6,21.05,78.95,0.0
Enamul Haque jnr,ODI,3,16,8,16,3,9,0,0,2.67,50.0,56.25,0.0
OC McCoy,IPL,1,5,8,5,0,2,0,1,8.0,160.0,40.0,20.0
OF Rios,T20I,3,39,8,33,3,21,0,0,2.67,24.24,63.64,0.0
S Kalavitigoda,Test,1,55,8,54,2,50,1,0,4.0,14.81,92.59,1.85
LK Bennett,T20I,3,14,8,12,1,8,1,0,8.0,66.67,66.67,8.33
IH Romaine,T20I,1,12,8,12,1,4,0,0,8.0,66.67,33.33,0.0
TS Mills,IPL,5,14,8,14,4,11,0,1,2.0,57.14,78.57,7.14
TS Mills,T20I,4,14,8,12,3,9,0,1,2.67,66.67,75.0,8.33
RK Kiseto,T20I,4,22,8,21,4,14,0,0,2.0,38.1,66.67,0.0
T Mayes,ODI,1,5,8,5,0,1,1,0,8.0,160.0,20.0,20.0
R Avdylaj,T20I,5,63,8,56,4,48,0,0,2.0,14.29,85.71,0.0
CJ Dala,ODI,2,6,8,6,1,2,1,0,8.0,133.33,33.33,16.67
I Sharma,T20I,3,9,8,9,1,4,1,0,8.0,88.89,44.44,11.11
J Kariko,ODI,2,12,8,12,2,10,2,0,4.0,66.67,83.33,16.67
Ashar Zaidi,PSL,2,16,8,16,1,8,0,0,8.0,50.0,50.0,0.0
SM Arooja,T20I,2,24,8,21,2,13,0,0,4.0,38.1,61.9,0.0
Karan Singh,T20I,2,10,8,10,2,5,1,0,4.0,80.0,50.0,10.0
KK Ahmed,ODI,2,17,8,16,2,11,1,0,4.0,50.0,68.75,6.25
LR Naylor,T20I,2,13,8,13,2,5,0,0,4.0,61.54,38.46,0.0
S Hector,T20I,2,15,8,15,2,10,1,0,4.0,53.33,66.67,6.67
S Vaz,T20I,2,13,8,11,1,4,0,0,8.0,72.73,36.36,0.0
K McKenna,T20I,2,26,8,26,2,19,0,0,4.0,30.77,73.08,0.0
AISD Kainoco,T20I,4,15,8,15,3,9,1,0,2.67,53.33,60.0,6.67
JPR Scantlebury-Searles,IPL,2,6,8,6,1,3,0,1,8.0,133.33,50.0,16.67
BV Vitori,T20I,2,7,8,7,0,5,0,0,8.0,114.29,71.43,0.0
JT Brassell,ODI,8,30,8,29,6,21,0,0,1.33,27.59,72.41,0.0
CJ McKay,IPL,1,15,8,15,1,8,0,0,8.0,53.33,53.33,0.0
T Dlamini,T20I,11,88,8,85,10,75,0,0,0.8,9.41,88.24,0.0
I Mansaray,T20I,3,25,8,24,2,16,0,0,4.0,33.33,66.67,0.0
KL Britt,Test,1,65,8,65,2,61,0,0,4.0,12.31,93.85,0.0
KJ Patel,T20I,3,29,8,29,0,24,1,0,8.0,27.59,82.76,3.45
KH Butt,ODI,2,29,8,28,2,21,0,0,4.0,28.57,75.0,0.0
ZE Matsinhe,T20I,3,18,8,18,2,12,0,0,4.0,44.44,66.67,0.0
PY Lavine,ODI,1,26,8,26,1,19,0,0,8.0,30.77,73.08,0.0
RO Hinds,ODI,1,19,8,19,1,15,1,0,8.0,42.11,78.95,5.26
RO Hurley,ODI,2,17,8,17,2,10,0,0,4.0,47.06,58.82,0.0
P Chopra,IPL,1,6,8,6,1,4,2,0,8.0,133.33,66.67,33.33
L Filer,T20I,4,15,8,15,3,8,0,0,2.67,53.33,53.33,0.0
W Viraliliu,T20I,3,10,8,10,2,4,0,0,4.0,80.0,40.0,0.0
S Ishaque,T20I,1,9,8,9,1,4,1,0,8.0,88.89,44.44,11.11
LN Rajbanshi,T20I,6,19,8,18,2,11,0,0,4.0,44.44,61.11,0.0
MS Kashyap,ODI,1,15,8,15,1,11,1,0,8.0,53.33,73.33,6.67
Tayyeb Javed,T20I,1,6,8,5,1,3,2,0,8.0,160.0,60.0,40.0
Asif Iqbal (1),ODI,1,8,8,8,1,6,2,0,8.0,100.0,75.0,25.0
Sunil,T20I,1,9,8,9,0,4,1,0,8.0,88.89,44.44,11.11
M Modric,T20I,3,26,8,22,2,17,1,0,4.0,36.36,77.27,4.55
M Mohapi,T20I,1,11,8,8,1,3,0,0,8.0,100.0,37.5,0.0
MW Parkinson,Test,1,8,8,8,1,5,1,0,8.0,100.0,62.5,12.5
Hazrat Luqman,T20I,1,6,8,6,1,0,0,0,8.0,133.33,0.0,0.0
Shahzaib Khan,PSL,3,15,8,14,3,9,1,0,2.67,57.14,64.29,7.14
ADJ Pitcher,ODI,1,12,8,12,1,10,0,1,8.0,66.67,83.33,8.33
SR McAnanama-Brereton,T20I,3,25,8,24,1,16,0,0,8.0,33.33,66.67,0.0
NW Bracken,Test,2,21,8,21,1,17,0,0,8.0,38.1,80.95,0.0
Abdulla Bhoola,T20I,3,17,8,15,2,10,1,0,4.0,53.33,66.67,6.67
VRV Singh,ODI,1,13,8,13,1,8,1,0,8.0,61.54,61.54,7.69
Baz Aybui,T20I,3,25,8,24,1,18,0,0,8.0,33.33,75.0,0.0
U Sofi,T20I,1,6,8,6,1,3,0,1,8.0,133.33,50.0,16.67
PN Agarwal,T20I,5,27,8,25,3,19,0,0,2.67,32.0,76.0,0.0
Malyun Yusuf,T20I,2,8,8,8,1,4,1,0,8.0,100.0,50.0,12.5
CK Langeveldt,IPL,2,9,8,9,2,6,0,1,4.0,88.89,66.67,11.11
JB Richards,T20I,2,16,8,15,0,8,0,0,8.0,53.33,53.33,0.0
Rafiulah Alokozai,T20I,3,12,8,11,3,8,0,1,2.67,72.73,72.73,9.09
Rahat Ali,ODI,5,37,8,37,3,29,0,0,2.67,21.62,78.38,0.0
BAW Mendis,T20I,6,18,8,17,3,12,1,0,2.67,47.06,70.59,5.88
N M'shangwe,Test,2,18,8,18,4,16,2,0,2.0,44.44,88.89,11.11
SA Nono,T20I,6,42,8,37,4,31,0,0,2.0,21.62,83.78,0.0
AB Mengoumou,T20I,4,34,8,34,4,27,0,0,2.0,23.53,79.41,0.0
Akash Madhwal,IPL,2,14,8,14,0,7,0,0,8.0,57.14,50.0,0.0
Azim Patel,T20I,2,13,8,13,2,9,1,0,4.0,61.54,69.23,7.69
Simranjit Singh,T20I,1,9,8,9,1,3,0,0,8.0,88.89,33.33,0.0
Abdul Salman Khan,T20I,2,11,8,11,1,6,1,0,8.0,72.73,54.55,9.09
Kuldeep Singh,T20I,3,17,8,16,3,8,0,0,2.67,50.0,50.0,0.0
S Weleilakeba,T20I,1,3,8,3,1,1,0,1,8.0,266.67,33.33,33.33
Kristan Tillett,T20I,3,19,8,19,2,12,0,0,4.0,42.11,63.16,0.0
Ronitkumar Ahir,T20I,2,10,8,10,1,3,0,0,8.0,80.0,30.0,0.0
Ruba Rashid,T20I,5,54,8,46,4,41,1,0,2.0,17.39,89.13,2.17
S Asha,ODI,1,5,8,5,0,0,1,0,8.0,160.0,0.0,20.0
VR Aaron,ODI,3,15,8,15,1,10,1,0,8.0,53.33,66.67,6.67
Sneha Shankar,T20I,1,15,8,11,1,6,1,0,8.0,72.73,54.55,9.09
DR Mousley,T20I,1,6,8,6,1,4,0,1,8.0,133.33,66.67,16.67
AB Martinez,T20I,3,73,8,59,2,51,1,0,4.0,13.56,86.44,1.69
SA Yadav,Test,1,20,8,20,1,15,1,0,8.0,40.0,75.0,5.0
SB Bangar,ODI,3,19,8,19,4,15,1,0,2.0,42.11,78.95,5.26
SB Harper,PSL,1,7,8,7,1,2,1,0,8.0,114.29,28.57,14.29
M Joseph,T20I,1,8,8,7,1,2,1,0,8.0,114.29,28.57,14.29
HMRKB Herath,T20I,5,12,8,12,3,5,0,0,2.67,66.67,41.67,0.0
HL Colvin,T20I,2,6,8,6,1,2,1,0,8.0,133.33,33.33,16.67
Rizwan Mehmood,PSL,1,15,8,15,1,7,0,0,8.0,53.33,46.67,0.0
E Bhonkar,T20I,3,17,8,16,3,8,0,0,2.67,50.0,50.0,0.0
A Ahmadhel,T20I,4,27,8,24,5,20,1,0,1.6,33.33,83.33,4.17
E Brelivet,T20I,7,63,8,54,8,45,0,0,1.0,14.81,83.33,0.0
R Ntozakhe,ODI,7,30,8,30,4,23,0,0,2.0,26.67,76.67,0.0
MJ Tumukunde,T20I,3,12,8,12,2,5,0,0,4.0,66.67,41.67,0.0
A Tripathi,T20I,3,27,8,25,3,20,1,0,2.67,32.0,80.0,4.0
Ibrar Ahmad,T20I,2,6,8,6,2,4,2,0,4.0,133.33,66.67,33.33
B Siddharth,ODI,6,20,8,19,3,13,0,0,2.67,42.11,68.42,0.0
GH Bodi,T20I,1,28,8,25,2,17,0,0,4.0,32.0,68.0,0.0
NJ Coffey,ODI,1,20,8,18,1,14,1,0,8.0,44.44,77.78,5.56
NFI McCallum,T20I,4,21,8,21,4,16,1,0,2.0,38.1,76.19,4.76
NA Saini,Test,2,27,8,27,2,23,1,0,4.0,29.63,85.19,3.7
SJ Elliott,ODI,1,16,8,16,0,12,1,0,8.0,50.0,75.0,6.25
SJS Smith,T20I,1,11,8,11,0,6,1,0,8.0,72.73,54.55,9.09
NCK Liyanage,T20I,2,8,8,8,1,3,1,0,8.0,100.0,37.5,12.5
Fakhrul Mohon,T20I,2,9,8,9,2,6,0,1,4.0,88.89,66.67,11.11
ND McKenzie,T20I,1,8,7,8,0,2,0,0,7.0,87.5,25.0,0.0
KO Otieno,T20I,1,10,7,10,1,5,0,0,7.0,70.0,50.0,0.0
NA Statham,ODI,2,45,7,44,2,39,0,0,3.5,15.91,88.64,0.0
NA Rock,ODI,2,25,7,23,2,16,0,0,3.5,30.43,69.57,0.0
NG Jones,ODI,2,10,7,10,2,3,0,0,3.5,70.0,30.0,0.0
NE Farrant,T20I,4,16,7,16,1,9,0,0,7.0,43.75,56.25,0.0
Wu Juan,T20I,4,22,7,21,4,15,0,0,1.75,33.33,71.43,0.0
E Bisht,T20I,4,10,7,9,1,3,0,0,7.0,77.78,33.33,0.0
CA Greloni,T20I,3,29,7,28,3,24,1,0,2.33,25.0,85.71,3.57
TJ Stephenson,T20I,1,5,7,5,0,1,1,0,7.0,140.0,20.0,20.0
E Bosch,ODI,1,9,7,9,0,2,0,0,7.0,77.78,22.22,0.0
MJ Henry,IPL,2,10,7,10,2,6,1,0,3.5,70.0,60.0,10.0
N Simelum,T20I,1,16,7,14,1,11,1,0,7.0,50.0,78.57,7.14
A Bhargava,T20I,2,7,7,6,1,2,1,0,7.0,116.67,33.33,16.67
A Aitken,T20I,1,18,7,18,0,12,0,0,7.0,38.89,66.67,0.0
A Amuzu,T20I,1,23,7,23,1,20,1,0,7.0,30.43,86.96,4.35
EHSN Silva,ODI,1,14,7,13,1,8,0,0,7.0,53.85,61.54,0.0
DM Washington,Test,1,25,7,25,0,21,1,0,7.0,28.0,84.0,4.0
B Evans,Test,1,16,7,16,2,13,1,0,3.5,43.75,81.25,6.25
V Hristov,T20I,2,13,7,11,2,7,0,0,3.5,63.64,63.64,0.0
M Frey,T20I,6,29,7,26,7,20,0,0,1.0,26.92,76.92,0.0
BA Williams,Test,1,11,7,11,1,8,0,0,7.0,63.64,72.73,0.0
B Freeman,T20I,4,36,7,34,3,26,0,0,2.33,20.59,76.47,0.0
Mohammad Amir Khan,PSL,3,15,7,13,0,9,1,0,7.0,53.85,69.23,7.69
M Badenhorst,T20I,3,19,7,19,2,12,0,0,3.5,36.84,63.16,0.0
A Kshirsagar,T20I,3,10,7,10,2,4,1,0,3.5,70.0,40.0,10.0
Kim Rang,T20I,2,19,7,17,2,13,1,0,3.5,41.18,76.47,5.88
V Shetty,ODI,1,17,7,17,1,11,0,0,7.0,41.18,64.71,0.0
B Dugic,T20I,4,20,7,19,3,13,0,0,2.33,36.84,68.42,0.0
JJ Davidson,T20I,2,10,7,10,0,4,0,0,7.0,70.0,40.0,0.0
Simrah Mirza,T20I,7,49,7,48,8,44,1,0,0.88,14.58,91.67,2.08
Usama Mir,T20I,4,7,7,7,3,3,1,0,2.33,100.0,42.86,14.29
E Waithaka,T20I,2,31,7,28,1,21,0,0,7.0,25.0,75.0,0.0
E Schiferli,T20I,2,15,7,13,1,8,0,0,7.0,53.85,61.54,0.0
G Jafta,T20I,1,6,7,6,1,1,0,0,7.0,116.67,16.67,0.0
D Siva Kumar,T20I,1,14,7,13,1,9,1,0,7.0,53.85,69.23,7.69
Harshit Rana,Test,2,21,7,20,3,18,1,0,2.33,35.0,90.0,5.0
Haroon Shahid,T20I,1,3,7,3,1,1,0,1,7.0,233.33,33.33,33.33
DSK Madushanka,ODI,1,6,7,6,1,2,1,0,7.0,116.67,33.33,16.67
Hasibul Hossain,ODI,3,23,7,22,1,18,0,0,7.0,31.82,81.82,0.0
RV Auora,T20I,6,14,7,11,4,8,1,0,1.75,63.64,72.73,9.09
PM Inglis,T20I,3,9,7,9,3,6,0,0,2.33,77.78,66.67,0.0
Al-Amin Hossain,T20I,4,12,7,12,2,8,1,0,3.5,58.33,66.67,8.33
KD Jayawant,T20I,2,17,7,12,1,6,1,0,7.0,58.33,50.0,8.33
SO Hetmyer,PSL,1,9,7,9,1,3,0,0,7.0,77.78,33.33,0.0
D Prins,ODI,2,40,7,40,2,35,0,0,3.5,17.5,87.5,0.0
SN Swamy,T20I,2,10,7,10,1,3,0,0,7.0,70.0,30.0,0.0
UA Birla,IPL,1,15,7,14,1,10,1,0,7.0,50.0,71.43,7.14
P Kumar,T20I,3,16,7,16,3,10,0,0,2.33,43.75,62.5,0.0
P Karoho,T20I,1,10,7,10,1,6,1,0,7.0,70.0,60.0,10.0
VS Malik,IPL,2,7,7,7,1,3,1,0,7.0,100.0,42.86,14.29
JN Snape,T20I,1,11,7,11,1,5,0,0,7.0,63.64,45.45,0.0
AN Ghosh,IPL,2,8,7,8,2,5,1,0,3.5,87.5,62.5,12.5
Shakkir Kassim,T20I,1,8,7,8,1,4,1,0,7.0,87.5,50.0,12.5
ADR Campbell,ODI,1,25,7,25,1,18,0,0,7.0,28.0,72.0,0.0
S Dabholkatr,T20I,2,7,7,7,0,2,0,0,7.0,100.0,28.57,0.0
V Viyaskanth,IPL,1,5,7,5,0,0,0,0,7.0,140.0,0.0,0.0
Heal Theara,T20I,7,36,7,35,4,30,1,0,1.75,20.0,85.71,2.86
MW Parkinson,ODI,1,8,7,8,0,4,1,0,7.0,87.5,50.0,12.5
RS Gayakwad,T20I,7,22,7,19,1,12,0,0,7.0,36.84,63.16,0.0
Syed Rasel,T20I,2,9,7,9,2,6,1,0,3.5,77.78,66.67,11.11
PRP Boissevain,T20I,2,14,7,14,2,11,0,0,3.5,50.0,78.57,0.0
E Ndubudem,T20I,4,11,7,11,3,7,0,0,2.33,63.64,63.64,0.0
Khadija Tul Kubra,T20I,6,14,7,14,3,7,0,0,2.33,50.0,50.0,0.0
Pankaj Singh,IPL,5,12,7,12,2,6,0,0,3.5,58.33,50.0,0.0
Aftab Hussain,T20I,3,5,7,5,0,1,1,0,7.0,140.0,20.0,20.0
DG Blampied,ODI,2,13,7,13,2,9,1,0,3.5,53.85,69.23,7.69
S Dhakal,ODI,6,44,7,41,0,36,0,0,7.0,17.07,87.8,0.0
AGC Vimukthi,ODI,2,28,7,27,1,21,0,0,7.0,25.93,77.78,0.0
A Das,T20I,6,14,7,14,3,8,0,0,2.33,50.0,57.14,0.0
SR Patil,ODI,2,12,7,12,1,8,1,0,7.0,58.33,66.67,8.33
P Jayawickrama,ODI,3,12,7,12,0,8,1,0,7.0,58.33,66.67,8.33
Lee Hyosin,T20I,2,14,7,14,1,8,0,0,7.0,50.0,57.14,0.0
Shah Faisal,ODI,1,14,7,13,1,6,0,0,7.0,53.85,46.15,0.0
JP Behrendorff,T20I,2,11,7,9,1,4,0,0,7.0,77.78,44.44,0.0
S Divya,T20I,2,10,7,8,1,4,1,0,7.0,87.5,50.0,12.5
RP Arnold,T20I,1,8,7,7,1,2,0,0,7.0,100.0,28.57,0.0
PY Lavine,T20I,1,7,7,6,1,2,1,0,7.0,116.67,33.33,16.67
I Malhotra,IPL,1,4,7,4,0,0,1,0,7.0,175.0,0.0,25.0
Ashraful Shuvo,T20I,2,12,7,12,2,7,0,0,3.5,58.33,58.33,0.0
M Pushpakumara,ODI,1,21,7,19,0,12,0,0,7.0,36.84,63.16,0.0
Pratis GC,T20I,5,11,7,11,2,6,0,0,3.5,63.64,54.55,0.0
Mohammed Nadeem,T20I,7,12,7,12,2,8,1,0,3.5,58.33,66.67,8.33
A Hlubi,T20I,1,6,7,6,1,4,0,1,7.0,116.67,66.67,16.67
WCA Ganegama,ODI,1,8,7,8,1,4,1,0,7.0,87.5,50.0,12.5
Nahid Rana,ODI,4,16,7,15,0,12,1,0,7.0,46.67,80.0,6.67
GA Manou,ODI,1,6,7,6,0,1,0,0,7.0,116.67,16.67,0.0
G Kuthalingham,T20I,2,12,7,12,1,6,0,0,7.0,58.33,50.0,0.0
S Hanson,T20I,2,7,7,7,0,2,0,0,7.0,100.0,28.57,0.0
Elyza Wall,T20I,2,21,7,21,2,17,1,0,3.5,33.33,80.95,4.76
M Trajkovi,T20I,3,24,7,19,2,12,0,0,3.5,36.84,63.16,0.0
T Kazanci,T20I,4,29,7,20,4,15,0,0,1.75,35.0,75.0,0.0
J Nyumbu,T20I,2,11,7,11,0,7,1,0,7.0,63.64,63.64,9.09
M Ratuki,T20I,4,57,7,53,4,45,0,0,1.75,13.21,84.91,0.0
M Ramafifi,T20I,5,24,7,24,2,18,0,0,3.5,29.17,75.0,0.0
N Rana,ODI,1,14,7,14,1,7,0,0,7.0,50.0,50.0,0.0
Fazil Rahman,T20I,5,16,7,16,3,12,1,0,2.33,43.75,75.0,6.25
J Matharu,ODI,2,10,7,10,1,6,1,0,7.0,70.0,60.0,10.0
Tanveer Ahmed,T20I,1,10,7,9,0,6,1,0,7.0,77.78,66.67,11.11
M Upadhayay,T20I,6,20,7,20,2,13,0,0,3.5,35.0,65.0,0.0
Aminul Islam Chowdhury,T20I,1,6,7,6,0,2,1,0,7.0,116.67,33.33,16.67
Qadeer Ahmed,T20I,4,12,7,12,1,7,1,0,7.0,58.33,58.33,8.33
M Yambayamba,T20I,4,13,7,13,0,6,0,0,7.0,53.85,46.15,0.0
J Kokam,T20I,2,19,7,19,1,13,0,0,7.0,36.84,68.42,0.0
MP Kuhnemann,T20I,3,13,7,13,3,7,0,0,2.33,53.85,53.85,0.0
SEA Ruck,T20I,2,15,7,15,0,8,0,0,7.0,46.67,53.33,0.0
SEA Ruck,ODI,3,13,7,13,1,9,0,0,7.0,53.85,69.23,0.0
AY Patel,T20I,2,14,7,14,2,8,0,0,3.5,50.0,57.14,0.0
Zahoor Ahmad,T20I,2,21,7,20,2,13,0,0,3.5,35.0,65.0,0.0
Sanchin Singh,T20I,1,14,7,14,1,9,0,0,7.0,50.0,64.29,0.0
S Kubheka,T20I,4,14,7,14,3,8,0,0,2.33,50.0,57.14,0.0
Muhammad Asjed,T20I,1,7,7,7,1,4,1,0,7.0,100.0,57.14,14.29
OC Moiane,T20I,3,20,7,17,3,11,0,0,2.33,41.18,64.71,0.0
LM Sims,T20I,1,11,7,11,1,5,0,0,7.0,63.64,45.45,0.0
Y van der Westhuizen,T20I,2,9,7,9,2,6,1,0,3.5,77.78,66.67,11.11
Adnan Mufti,T20I,1,7,7,7,0,2,0,0,7.0,100.0,28.57,0.0
Adil Amin,PSL,1,9,7,7,1,2,1,0,7.0,100.0,28.57,14.29
Mohammed Shami,T20I,3,11,7,10,2,8,0,1,3.5,70.0,80.0,10.0
AK Maguire,T20I,4,18,7,17,2,10,0,0,3.5,41.18,58.82,0.0
Gaurav Maithani,T20I,1,7,7,7,1,4,1,0,7.0,100.0,57.14,14.29
Mounica Chowdary,T20I,4,43,7,32,2,27,0,0,3.5,21.88,84.38,0.0
Naved Latif,ODI,2,17,7,16,2,10,0,0,3.5,43.75,62.5,0.0
K Kavindi,T20I,2,6,7,5,1,2,1,0,7.0,140.0,40.0,20.0
AM Fernando,ODI,10,32,7,32,4,26,0,0,1.75,21.88,81.25,0.0
S Kizito,T20I,7,42,7,42,5,36,0,0,1.4,16.67,85.71,0.0
E Karimi,T20I,5,21,7,19,3,14,0,0,2.33,36.84,73.68,0.0
MA Carberry,T20I,1,9,7,7,1,4,1,0,7.0,100.0,57.14,14.29
SKW Kelly,ODI,1,5,7,5,0,2,1,0,7.0,140.0,40.0,20.0
T Wigradianti,T20I,2,13,7,12,2,7,1,0,3.5,58.33,58.33,8.33
AK Roger,T20I,3,33,7,32,3,29,1,0,2.33,21.88,90.62,3.12
AK Peters,T20I,3,16,7,16,1,11,0,0,7.0,43.75,68.75,0.0
Nazmul Islam,ODI,1,14,7,13,1,8,0,0,7.0,53.85,61.54,0.0
BR Hampton,PSL,1,7,7,7,1,3,1,0,7.0,100.0,42.86,14.29
DA Senthil,T20I,1,15,7,15,1,9,0,0,7.0,46.67,60.0,0.0
SVE Bharathi,T20I,6,17,7,16,4,10,0,0,1.75,43.75,62.5,0.0
Juairiya Ferdous,ODI,2,16,7,16,2,12,1,0,3.5,43.75,75.0,6.25
Muhammad Salman,T20I,3,12,7,12,2,8,1,0,3.5,58.33,66.67,8.33
Noor Hayati Zakaria,T20I,7,32,7,28,5,22,0,0,1.4,25.0,78.57,0.0
Y Bist,T20I,1,8,7,8,0,1,0,0,7.0,87.5,12.5,0.0
S Savkovic,T20I,2,11,7,11,2,6,0,0,3.5,63.64,54.55,0.0
Junaid Khan,PSL,8,16,7,16,4,9,0,0,1.75,43.75,56.25,0.0
T Wilson,ODI,1,4,7,4,0,1,1,0,7.0,175.0,25.0,25.0
Ankit Soni,IPL,3,9,7,9,2,7,0,1,3.5,77.78,77.78,11.11
RAS Lakmal,T20I,5,11,7,11,3,7,1,0,2.33,63.64,63.64,9.09
T Zotos,T20I,4,11,7,9,3,6,1,0,2.33,77.78,66.67,11.11
RA Herman,PSL,2,20,7,20,2,13,0,0,3.5,35.0,65.0,0.0
R Jones,T20I,1,9,7,9,1,4,0,0,7.0,77.78,44.44,0.0
IS Sodhi,IPL,2,18,7,17,2,10,0,0,3.5,41.18,58.82,0.0
SJ Hughes-Pinan,T20I,2,12,7,11,0,6,1,0,7.0,63.64,54.55,9.09
Fareeha Mehmood,T20I,2,19,7,19,3,12,0,0,2.33,36.84,63.16,0.0
Zeeshan Siddiqi,ODI,1,21,7,21,1,17,1,0,7.0,33.33,80.95,4.76
NJM Salima,T20I,5,17,6,16,4,11,0,0,1.5,37.5,68.75,0.0
NE Bolton,T20I,1,12,6,12,1,6,0,0,6.0,50.0,50.0,0.0
NJ Shaw,T20I,1,6,6,6,0,1,0,0,6.0,100.0,16.67,0.0
Zhao Tianle,T20I,6,30,6,28,6,22,0,0,1.0,21.43,78.57,0.0
SI Kamea,T20I,7,17,6,16,4,11,0,0,1.5,37.5,68.75,0.0
SJ Tsukigawa,T20I,1,7,6,7,1,5,1,0,6.0,85.71,71.43,14.29
N Tyagi,T20I,3,17,6,17,2,11,0,0,3.0,35.29,64.71,0.0
TJG Pringle,ODI,4,14,6,14,4,10,0,0,1.5,42.86,71.43,0.0
Absar Khan,T20I,2,9,6,9,0,4,0,0,6.0,66.67,44.44,0.0
E Chance,T20I,5,22,6,19,3,14,0,0,2.0,31.58,73.68,0.0
MJ Humphreys,ODI,3,10,6,10,1,7,1,0,6.0,60.0,70.0,10.0
BAM Heath,T20I,3,13,6,13,3,7,0,0,2.0,46.15,53.85,0.0
BA Bhatt,IPL,2,7,6,7,0,6,0,1,6.0,85.71,85.71,14.29
BD Glover,T20I,6,13,6,12,3,9,1,0,2.0,50.0,75.0,8.33
BC Sahin,T20I,2,22,6,19,1,16,1,0,6.0,31.58,84.21,5.26
NM Sheikh,T20I,2,13,6,13,0,8,0,0,6.0,46.15,61.54,0.0
KO Meth,T20I,1,6,6,6,0,1,0,0,6.0,100.0,16.67,0.0
R Mangal,T20I,7,16,6,15,4,9,0,0,1.5,40.0,60.0,0.0
E Frimpong,T20I,2,5,6,4,1,1,1,0,6.0,150.0,25.0,25.0
R Morita,T20I,3,24,6,23,2,17,0,0,3.0,26.09,73.91,0.0
MJ North,ODI,2,19,6,19,2,13,0,0,3.0,31.58,68.42,0.0
Aritra Bhakat,T20I,2,5,6,4,1,1,0,0,6.0,150.0,25.0,0.0
E Batkhuyag,T20I,4,13,6,13,3,10,1,0,2.0,46.15,76.92,7.69
J Ajiambo,T20I,6,18,6,17,3,11,0,0,2.0,35.29,64.71,0.0
KM Beams,T20I,2,6,6,6,1,2,0,0,6.0,100.0,33.33,0.0
G Sultana,T20I,3,6,6,6,1,0,0,0,6.0,100.0,0.0,0.0
N Chaihan,T20I,4,20,6,19,4,15,0,0,1.5,31.58,78.95,0.0
YS Chahal,T20I,6,13,6,13,2,9,0,0,3.0,46.15,69.23,0.0
N Magagula,T20I,3,33,6,31,3,25,0,0,2.0,19.35,80.65,0.0
MEC de Fouw,T20I,2,9,6,9,1,4,0,0,6.0,66.67,44.44,0.0
John Bartlett,T20I,2,18,6,16,2,11,0,0,3.0,37.5,68.75,0.0
Said Hakim,T20I,1,12,6,12,0,8,0,0,6.0,50.0,66.67,0.0
Sai Hla Htwe,T20I,2,11,6,10,0,5,0,0,6.0,60.0,50.0,0.0
K Anjali Sarvani,T20I,2,14,6,14,1,8,0,0,6.0,42.86,57.14,0.0
S Ostergaard,T20I,5,13,6,11,4,8,1,0,1.5,54.55,72.73,9.09
A Samildeen,T20I,3,40,6,39,3,36,1,0,2.0,15.38,92.31,2.56
E Laini,T20I,1,10,6,7,1,2,0,0,6.0,85.71,28.57,0.0
S Norman,T20I,2,10,6,10,2,5,0,0,3.0,60.0,50.0,0.0
AK Peters,ODI,4,29,6,29,3,24,0,0,2.0,20.69,82.76,0.0
R Dhakal,T20I,2,6,6,6,1,2,0,0,6.0,100.0,33.33,0.0
E Kabwere,T20I,5,19,6,18,3,12,0,0,2.0,33.33,66.67,0.0
C Prasad,ODI,1,24,6,23,1,17,0,0,6.0,26.09,73.91,0.0
A Wellington,ODI,4,17,6,17,3,12,0,0,2.0,35.29,70.59,0.0
Y Korniienko,T20I,1,20,6,14,0,9,0,0,6.0,42.86,64.29,0.0
JM Holland,Test,4,46,6,46,2,42,0,0,3.0,13.04,91.3,0.0
M Commins,Test,2,26,6,26,4,23,1,0,1.5,23.08,88.46,3.85
Rida Zainab,T20I,2,9,6,9,2,4,0,0,3.0,66.67,44.44,0.0
M Faraz Akram,ODI,2,12,6,12,2,9,1,0,3.0,50.0,75.0,8.33
M Elikana,T20I,2,21,6,20,2,15,0,0,3.0,30.0,75.0,0.0
Shohely Akhter,T20I,2,9,6,9,2,4,0,0,3.0,66.67,44.44,0.0
Shoaib Khan jnr,T20I,2,15,6,12,2,9,0,0,3.0,50.0,75.0,0.0
MQ Sheikh,ODI,2,21,6,20,2,15,0,0,3.0,30.0,75.0,0.0
Sachin Ganpat Shinde,T20I,1,22,6,16,1,11,0,0,6.0,37.5,68.75,0.0
K Fletcher,T20I,4,18,6,17,2,12,0,0,3.0,35.29,70.59,0.0
Priya Mishra,ODI,4,31,6,30,2,25,0,0,3.0,20.0,83.33,0.0
Q Utmanzai,T20I,1,10,6,9,1,3,0,0,6.0,66.67,33.33,0.0
MS Crane,Test,1,11,6,11,1,6,0,0,6.0,54.55,54.55,0.0
Smruthi Radhakrishnan,T20I,3,25,6,21,0,15,0,0,6.0,28.57,71.43,0.0
Muhammed Basil,T20I,3,14,6,13,2,8,0,0,3.0,46.15,61.54,0.0
SM Sharma,T20I,2,7,6,7,1,2,0,0,6.0,85.71,28.57,0.0
Mukesh Choudhary,IPL,2,6,6,6,0,3,1,0,6.0,100.0,50.0,16.67
Muhammet Bicer,T20I,5,9,6,8,3,5,1,0,2.0,75.0,62.5,12.5
Mustafizur Rahman,PSL,7,14,6,14,1,11,1,0,6.0,42.86,78.57,7.14
SZ Thakor,T20I,1,4,6,4,1,1,1,0,6.0,150.0,25.0,25.0
L Rika,T20I,2,8,6,7,0,1,0,0,6.0,85.71,14.29,0.0
L Polaki,T20I,5,37,6,32,4,26,0,0,1.5,18.75,81.25,0.0
DA Payne,IPL,1,5,6,5,0,1,0,0,6.0,120.0,20.0,0.0
JW Ogle-Thomas,T20I,1,11,6,11,1,7,0,0,6.0,54.55,63.64,0.0
T Sangha,ODI,3,20,6,20,1,15,0,0,6.0,30.0,75.0,0.0
T Ramautar,T20I,4,24,6,23,3,17,0,0,2.0,26.09,73.91,0.0
MA Beer,Test,2,29,6,28,2,25,0,0,3.0,21.43,89.29,0.0
S Rengarajan,T20I,1,12,6,12,0,6,0,0,6.0,50.0,50.0,0.0
MV Matsau,T20I,8,24,6,20,4,15,0,0,1.5,30.0,75.0,0.0
Tauqeer Hussain,T20I,2,10,6,10,1,6,0,0,6.0,60.0,60.0,0.0
Tasmia Rubab,ODI,1,3,6,3,1,1,1,0,6.0,200.0,33.33,33.33
PV Naringrekar,T20I,5,16,6,16,4,10,0,0,1.5,37.5,62.5,0.0
PSP Handscomb,IPL,1,12,6,12,1,6,0,0,6.0,50.0,50.0,0.0
MT Chinouya,ODI,2,9,6,8,1,6,1,0,6.0,75.0,75.0,12.5
A Nookala,T20I,8,60,6,56,5,52,0,0,1.2,10.71,92.86,0.0
Danish Jasnaik,T20I,3,15,6,13,3,8,0,0,2.0,46.15,61.54,0.0
CK Langeveldt,Test,2,14,6,13,0,10,1,0,6.0,46.15,76.92,7.69
M Kachingo,T20I,5,59,6,50,5,46,0,0,1.2,12.0,92.0,0.0
M Juma,T20I,1,8,6,8,0,5,1,0,6.0,75.0,62.5,12.5
JD Nel,ODI,2,12,6,12,0,9,1,0,6.0,50.0,75.0,8.33
Muhammad Riazullah,PSL,1,9,6,9,1,3,0,0,6.0,66.67,33.33,0.0
SMR Ruelas,T20I,2,22,6,15,2,9,0,0,3.0,40.0,60.0,0.0
Nur Aishah,T20I,2,32,6,29,0,23,0,0,6.0,20.69,79.31,0.0
Noorullah Sidiqi,T20I,1,1,6,1,0,0,0,1,6.0,600.0,0.0,100.0
JE Dunford,ODI,3,17,6,17,3,12,0,0,2.0,35.29,70.59,0.0
Shahnawaz Dhani,PSL,4,11,6,11,2,7,1,0,3.0,54.55,63.64,9.09
JA Rudolph,T20I,1,7,6,7,0,1,0,0,6.0,85.71,14.29,0.0
M Mani,T20I,2,5,6,5,1,2,1,0,6.0,120.0,40.0,20.0
SO Dowrich,ODI,1,8,6,8,1,5,1,0,6.0,75.0,62.5,12.5
A Gulati,T20I,2,4,6,4,1,2,1,0,6.0,150.0,50.0,25.0
M Kristensen,T20I,1,12,6,10,1,7,1,0,6.0,60.0,70.0,10.0
Dane Leo,T20I,3,18,6,18,2,15,1,0,3.0,33.33,83.33,5.56
T Panyangara,T20I,4,11,6,10,1,7,1,0,6.0,60.0,70.0,10.0
T Mato,T20I,2,16,6,15,0,9,0,0,6.0,40.0,60.0,0.0
PLS Gamage,Test,5,99,6,99,4,94,0,0,1.5,6.06,94.95,0.0
K Juma,T20I,5,9,6,9,4,6,1,0,1.5,66.67,66.67,11.11
PP Chawla,Test,3,23,6,23,3,20,1,0,2.0,26.09,86.96,4.35
Usman Shinwari,ODI,4,7,6,7,3,6,0,1,2.0,85.71,85.71,14.29
PJ Hughes,T20I,1,8,6,8,1,5,1,0,6.0,75.0,62.5,12.5
Manjural Islam,Test,2,20,6,20,2,17,0,0,3.0,30.0,85.0,0.0
A Munisar,ODI,4,49,6,49,4,46,1,0,1.5,12.24,93.88,2.04
M Strano,T20I,4,16,6,16,3,10,0,0,2.0,37.5,62.5,0.0
M Stoman,T20I,1,2,6,1,0,0,0,1,6.0,600.0,0.0,100.0
RL Johnson,Test,1,23,6,23,1,21,1,0,6.0,26.09,91.3,4.35
JW Chilia,T20I,3,10,6,9,1,3,0,0,6.0,66.67,33.33,0.0
CR Foggo,T20I,1,11,6,11,1,8,1,0,6.0,54.55,72.73,9.09
SB Joshi,IPL,2,16,6,14,2,8,0,0,3.0,42.86,57.14,0.0
Muhammad Akram,T20I,1,2,6,2,0,1,0,1,6.0,300.0,50.0,50.0
Ghulam Fatima,T20I,3,9,6,9,2,7,1,0,3.0,66.67,77.78,11.11
O Touray,T20I,2,8,6,8,1,4,0,0,6.0,75.0,50.0,0.0
Mohammad Taha,PSL,2,12,6,11,2,6,0,0,3.0,54.55,54.55,0.0
DJ Worrall,ODI,1,4,6,4,0,1,1,0,6.0,150.0,25.0,25.0
JP Behrendorff,IPL,2,9,6,9,0,3,0,0,6.0,66.67,33.33,0.0
S Draunivudi,T20I,1,4,6,4,0,2,1,0,6.0,150.0,50.0,25.0
JS Pooranakaran,T20I,16,74,6,68,11,62,0,0,0.55,8.82,91.18,0.0
RM Farrell,T20I,4,8,6,8,2,3,0,0,3.0,75.0,37.5,0.0
Miria Raio,ODI,2,21,6,21,1,15,0,0,6.0,28.57,71.43,0.0
L Mabhero,ODI,6,27,6,26,3,23,1,0,2.0,23.08,88.46,3.85
S Tarawally,T20I,2,14,6,11,1,7,0,0,6.0,54.55,63.64,0.0
HL Tau,ODI,1,7,6,6,0,3,1,0,6.0,100.0,50.0,16.67
V Dhaniram,T20I,1,2,6,2,0,1,0,1,6.0,300.0,50.0,50.0
V Ateak,T20I,2,15,6,15,1,10,0,0,6.0,40.0,66.67,0.0
PC Connell,ODI,2,24,6,23,2,21,1,0,3.0,26.09,91.3,4.35
B Bhadriraju,T20I,3,12,6,10,3,7,1,0,2.0,60.0,70.0,10.0
Md Shuayeb,T20I,3,33,6,31,2,25,0,0,3.0,19.35,80.65,0.0
SS Shukla,T20I,2,12,6,11,1,6,0,0,6.0,54.55,54.55,0.0
A Hlubi,Test,2,24,6,24,3,21,1,0,2.0,25.0,87.5,4.17
Baljinder Singh,T20I,1,9,6,7,1,4,1,0,6.0,85.71,57.14,14.29
JP Greaves,T20I,1,5,6,5,1,1,0,0,6.0,120.0,20.0,0.0
CR Foggo,ODI,1,5,6,5,1,2,0,0,6.0,120.0,40.0,0.0
M Matobole,T20I,2,10,6,10,2,7,1,0,3.0,60.0,70.0,10.0
SPS Shikongo,T20I,3,8,6,8,1,3,0,0,6.0,75.0,37.5,0.0
B Mejaro,T20I,6,28,6,24,4,19,0,0,1.5,25.0,79.17,0.0
Elias Sunny,T20I,2,4,6,4,1,1,1,0,6.0,150.0,25.0,25.0
W Ngowhuad,T20I,8,18,6,18,3,13,0,0,2.0,33.33,72.22,0.0
Basiru Jaye,T20I,1,4,6,4,1,2,1,0,6.0,150.0,50.0,25.0
W Dlamini,T20I,2,12,6,12,2,6,0,0,3.0,50.0,50.0,0.0
A Ilahi,T20I,4,27,6,21,4,15,0,0,1.5,28.57,71.43,0.0
SS Shaikh,IPL,1,7,6,7,0,4,1,0,6.0,85.71,57.14,14.29
AM Samaroo,T20I,1,6,6,6,1,3,1,0,6.0,100.0,50.0,16.67
V Phiri,T20I,7,25,6,24,4,19,0,0,1.5,25.0,79.17,0.0
Mohamed Khan,T20I,3,6,6,6,2,3,1,0,3.0,100.0,50.0,16.67
J Logtenberg,ODI,2,15,6,14,2,10,0,0,3.0,42.86,71.43,0.0
T Kahamker,T20I,3,5,6,4,0,1,1,0,6.0,150.0,25.0,25.0
T Gwandu,ODI,3,15,6,14,1,8,0,0,6.0,42.86,57.14,0.0
L Cheatle,Test,1,17,6,17,1,14,1,0,6.0,35.29,82.35,5.88
HDPK Dharmasena,Test,1,19,6,19,2,16,1,0,3.0,31.58,84.21,5.26
SRMJJ Arachchilage,T20I,2,12,6,12,1,7,0,0,6.0,50.0,58.33,0.0
SR Thadani,ODI,1,13,6,12,1,9,1,0,6.0,50.0,75.0,8.33
Abdullah Mohd Yousaf,T20I,1,8,6,8,1,2,0,0,6.0,75.0,25.0,0.0
Vinay Iyer,T20I,1,11,6,10,1,7,1,0,6.0,60.0,70.0,10.0
P Dlamini,T20I,1,34,6,30,1,25,1,0,6.0,20.0,83.33,3.33
B Leephatthana,T20I,1,11,6,11,0,5,0,0,6.0,54.55,45.45,0.0
RMS Eranga,T20I,1,8,6,7,1,4,1,0,6.0,85.71,57.14,14.29
Shabbir Ahmed,ODI,6,15,6,15,3,10,0,0,2.0,40.0,66.67,0.0
DG Brownlie,T20I,5,18,6,18,5,15,1,0,1.2,33.33,83.33,5.56
S Gasteratos,T20I,2,13,6,12,1,9,1,0,6.0,50.0,75.0,8.33
DV Macome,T20I,3,10,6,10,1,7,1,0,6.0,60.0,70.0,10.0
RR Emrit,PSL,1,9,6,9,0,3,0,0,6.0,66.67,33.33,0.0
NM Hauritz,T20I,2,11,6,10,2,7,1,0,3.0,60.0,70.0,10.0
S Asha,T20I,1,10,6,10,0,4,0,0,6.0,60.0,40.0,0.0
DM Bravo,IPL,1,5,6,5,0,2,1,0,6.0,120.0,40.0,20.0
DM Braat,ODI,2,31,6,29,2,26,1,0,3.0,20.69,89.66,3.45
S Bist,T20I,3,15,6,15,2,9,0,0,3.0,40.0,60.0,0.0
Faizan Mumtaz,T20I,3,15,6,15,4,11,0,0,1.5,40.0,73.33,0.0
NP Doshi,T20I,1,5,6,5,1,2,1,0,6.0,120.0,40.0,20.0
Z McLaughlin,T20I,2,16,6,16,0,10,0,0,6.0,37.5,62.5,0.0
M Bhanuka,Test,1,17,6,17,2,14,1,0,3.0,35.29,82.35,5.88
M Bestani,T20I,2,14,6,14,2,9,0,0,3.0,42.86,64.29,0.0
M Abdulla,T20I,2,13,6,13,2,7,0,0,3.0,46.15,53.85,0.0
CM Scott,T20I,3,10,6,10,2,5,0,0,3.0,60.0,50.0,0.0
Rozabel Asumadu,T20I,1,9,6,8,1,2,0,0,6.0,75.0,25.0,0.0
M Commins,ODI,1,13,6,13,1,8,0,0,6.0,46.15,61.54,0.0
JK Mukhiya,T20I,2,13,6,12,1,6,0,0,6.0,50.0,50.0,0.0
Luo Shilin,T20I,6,33,5,31,3,24,0,0,1.67,16.13,77.42,0.0
Roshni Ramesh,T20I,1,7,5,7,1,5,1,0,5.0,71.43,71.43,14.29
DL Richards,T20I,2,5,5,5,0,3,1,0,5.0,100.0,60.0,20.0
JL Pattinson,T20I,1,3,5,3,0,1,1,0,5.0,166.67,33.33,33.33
M Ansari,T20I,3,10,5,9,0,3,0,0,5.0,55.56,33.33,0.0
NO Miller,Test,1,57,5,57,2,53,0,0,2.5,8.77,92.98,0.0
Fazalhaq Farooqi,IPL,3,15,5,15,0,10,0,0,5.0,33.33,66.67,0.0
NJ Amongin,T20I,3,13,5,12,1,7,0,0,5.0,41.67,58.33,0.0
NA Moodley,ODI,1,10,5,9,1,7,1,0,5.0,55.56,77.78,11.11
S Bhandari,T20I,2,26,5,19,1,12,0,0,5.0,26.32,63.16,0.0
S Bogdos,T20I,3,21,5,21,3,17,0,0,1.67,23.81,80.95,0.0
JL Aras,ODI,1,6,5,5,0,3,1,0,5.0,100.0,60.0,20.0
M Bhatia,T20I,3,12,5,12,3,7,0,0,1.67,41.67,58.33,0.0
Fatima Amir,T20I,3,19,5,16,2,11,0,0,2.5,31.25,68.75,0.0
D Kegasitswe,T20I,2,11,5,11,0,7,0,0,5.0,45.45,63.64,0.0
SJ Srivastava,IPL,4,5,5,5,1,1,0,0,5.0,100.0,20.0,0.0
NB Budayair,T20I,2,16,5,16,2,11,0,0,2.5,31.25,68.75,0.0
M Mwamadi,T20I,3,11,5,10,0,5,0,0,5.0,50.0,50.0,0.0
LP Kasturiarachchige,T20I,1,3,5,3,0,1,1,0,5.0,166.67,33.33,33.33
LP Mullapudi,T20I,1,9,5,9,1,6,0,0,5.0,55.56,66.67,0.0
JP Cabrera,T20I,1,5,5,5,0,3,1,0,5.0,100.0,60.0,20.0
J Peter,T20I,1,14,5,14,1,9,0,0,5.0,35.71,64.29,0.0
J Proctor,T20I,3,18,5,18,2,15,0,0,2.5,27.78,83.33,0.0
B Lekau,T20I,3,63,5,53,2,48,0,0,2.5,9.43,90.57,0.0
Mohammad Khalil,Test,1,23,5,23,2,21,1,0,2.5,21.74,91.3,4.35
K Sonavale,ODI,3,29,5,29,3,25,0,0,1.67,17.24,86.21,0.0
P Roy,ODI,2,34,5,33,2,27,0,0,2.5,15.15,81.82,0.0
VRB Arachchige,T20I,1,3,5,3,0,1,1,0,5.0,166.67,33.33,33.33
VS D'Souza,T20I,2,9,5,7,1,3,0,0,5.0,71.43,42.86,0.0
B Laughlin,IPL,4,13,5,13,2,8,0,0,2.5,38.46,61.54,0.0
K Nanno,T20I,1,20,5,20,0,15,0,0,5.0,25.0,75.0,0.0
T Cross,T20I,1,11,5,10,1,6,0,0,5.0,50.0,60.0,0.0
M Sidibe,T20I,3,22,5,21,4,19,1,0,1.25,23.81,90.48,4.76
Amalin Sorfina,T20I,2,13,5,13,1,11,1,0,5.0,38.46,84.62,7.69
J Oldham,T20I,1,6,5,6,1,4,1,0,5.0,83.33,66.67,16.67
T Hinds,T20I,1,4,5,3,0,1,1,0,5.0,166.67,33.33,33.33
T Kamungozi,Test,1,10,5,10,2,6,0,0,2.5,50.0,60.0,0.0
LM Keightley,Test,1,29,5,29,1,27,1,0,5.0,17.24,93.1,3.45
Saurabh Kumar,T20I,4,26,5,26,4,21,0,0,1.25,19.23,80.77,0.0
HJ Armitage,T20I,3,10,5,10,3,6,0,0,1.67,50.0,60.0,0.0
P Taylor,T20I,1,8,5,7,1,3,0,0,5.0,71.43,42.86,0.0
Bipin Kumar,T20I,2,12,5,12,2,7,0,0,2.5,41.67,58.33,0.0
Miriam Ehsun,T20I,3,18,5,18,2,14,0,0,2.5,27.78,77.78,0.0
B Keganne,T20I,2,8,5,8,1,4,0,0,5.0,62.5,50.0,0.0
Mokbul Ahammed,T20I,1,18,5,16,1,11,0,0,5.0,31.25,68.75,0.0
SA Dias,T20I,2,28,5,17,1,12,0,0,5.0,29.41,70.59,0.0
P Abhijit,T20I,2,9,5,9,2,7,1,0,2.5,55.56,77.78,11.11
P Awana,IPL,5,14,5,14,3,9,0,0,1.67,35.71,64.29,0.0
P Bhart,T20I,4,27,5,25,2,20,0,0,2.5,20.0,80.0,0.0
Mohammad Salman,T20I,1,6,5,6,1,2,0,0,5.0,83.33,33.33,0.0
B Mosoaboli,T20I,4,39,5,35,1,29,0,0,5.0,14.29,82.86,0.0
D Svilicic,T20I,4,15,5,15,2,10,0,0,2.5,33.33,66.67,0.0
J Sebanja,T20I,4,8,5,8,2,3,0,0,2.5,62.5,37.5,0.0
J van Vliet,T20I,3,17,5,15,1,11,0,0,5.0,33.33,73.33,0.0
S Elayaperumal,T20I,4,22,5,21,4,16,0,0,1.25,23.81,76.19,0.0
S Franklin,T20I,1,7,5,6,1,2,0,0,5.0,83.33,33.33,0.0
Shafia Hassan,T20I,1,10,5,9,1,5,0,0,5.0,55.56,55.56,0.0
AG Prince,T20I,1,6,5,6,0,1,0,0,5.0,83.33,16.67,0.0
RT Crandon,ODI,1,9,5,9,1,7,1,0,5.0,55.56,77.78,11.11
RT Lyons,ODI,1,3,5,3,0,1,1,0,5.0,166.67,33.33,33.33
Badal Singh,ODI,1,12,5,12,1,7,0,0,5.0,41.67,58.33,0.0
Bashir Ahmad,T20I,1,4,5,4,1,2,1,0,5.0,125.0,50.0,25.0
Ellen Asante,T20I,2,12,5,12,2,10,1,0,2.5,41.67,83.33,8.33
Em Rotana,T20I,3,8,5,8,3,6,1,0,1.67,62.5,75.0,12.5
ECM Egodagamage,T20I,1,10,5,8,1,6,1,0,5.0,62.5,75.0,12.5
EDS Pimheiro,T20I,6,31,5,31,5,26,0,0,1.0,16.13,83.87,0.0
PDRL Perera,ODI,4,9,5,9,2,4,0,0,2.5,55.56,44.44,0.0
V Marghashayam,T20I,4,8,5,8,3,3,0,0,1.67,62.5,37.5,0.0
Afida Afthab,T20I,3,16,5,15,2,11,0,0,2.5,33.33,73.33,0.0
CN Messina,T20I,6,31,5,31,4,27,0,0,1.25,16.13,87.1,0.0
Mohsin Zaki,T20I,2,9,5,9,0,5,0,0,5.0,55.56,55.56,0.0
WL Madsen,PSL,2,19,5,19,2,14,0,0,2.5,26.32,73.68,0.0
WM Delgado,T20I,3,11,5,11,3,9,1,0,1.67,45.45,81.82,9.09
O Isiyaku,T20I,2,15,5,14,0,10,0,0,5.0,35.71,71.43,0.0
D Paterson,T20I,2,2,5,2,1,0,1,0,5.0,250.0,0.0,50.0
B Pavlinakova,T20I,2,14,5,13,0,8,0,0,5.0,38.46,61.54,0.0
RK Whelan,ODI,2,12,5,12,2,10,1,0,2.5,41.67,83.33,8.33
Amina Kashif,T20I,2,20,5,20,1,15,0,0,5.0,25.0,75.0,0.0
Mahmudul Hasan Joy,T20I,1,10,5,10,1,5,0,0,5.0,50.0,50.0,0.0
Mansoor Amjad,ODI,1,10,5,10,1,5,0,0,5.0,50.0,50.0,0.0
C Boyle,T20I,5,29,5,25,2,20,0,0,2.5,20.0,80.0,0.0
Umran Malik,T20I,2,2,5,2,0,0,1,0,5.0,250.0,0.0,50.0
Mansoor Shah,T20I,3,8,5,7,0,3,0,0,5.0,71.43,42.86,0.0
AM McCarthy,T20I,1,8,5,8,1,4,0,0,5.0,62.5,50.0,0.0
SV Shankar,T20I,1,11,5,9,0,3,0,0,5.0,55.56,33.33,0.0
Codi Yusuf,ODI,1,11,5,11,1,9,1,0,5.0,45.45,81.82,9.09
Husnain Kabeer,T20I,1,6,5,6,1,3,0,0,5.0,83.33,50.0,0.0
MW Parkinson,T20I,4,12,5,11,4,9,1,0,1.25,45.45,81.82,9.09
MY Bawa,T20I,1,5,5,5,1,2,0,0,5.0,100.0,40.0,0.0
Madeeha Zuberi,T20I,5,13,5,12,3,7,0,0,1.67,41.67,58.33,0.0
Aminullah Tanha,T20I,4,20,5,20,4,18,1,0,1.25,25.0,90.0,5.0
J Hayes,Test,1,46,5,46,2,42,0,0,2.5,10.87,91.3,0.0
RJ Sidebottom,T20I,1,4,5,4,0,2,1,0,5.0,125.0,50.0,25.0
JC Archer,PSL,1,4,5,4,1,2,1,0,5.0,125.0,50.0,25.0
LW Potthoff,T20I,1,10,5,9,0,5,0,0,5.0,55.56,55.56,0.0
JN Hamilton,Test,1,61,5,61,2,58,0,0,2.5,8.2,95.08,0.0
JN Hamilton,ODI,1,16,5,16,1,11,0,0,5.0,31.25,68.75,0.0
DR Tuffey,T20I,2,5,5,5,2,3,1,0,2.5,100.0,60.0,20.0
DS Gamage,T20I,2,10,5,7,2,4,0,0,2.5,71.43,57.14,0.0
Muhammad Ajmal,T20I,2,10,5,9,2,7,1,0,2.5,55.56,77.78,11.11
D Ramani,T20I,2,12,5,11,1,7,0,0,5.0,45.45,63.64,0.0
Khawar Zafar,T20I,1,3,5,3,1,1,1,0,5.0,166.67,33.33,33.33
M Kojo,T20I,2,13,5,12,1,8,0,0,5.0,41.67,66.67,0.0
S Dhaniram,T20I,2,8,5,8,2,3,0,0,2.5,62.5,37.5,0.0
Nouman Butt,T20I,1,10,5,10,1,8,1,0,5.0,50.0,80.0,10.0
Nur Nadihirah,T20I,5,23,5,23,5,19,0,0,1.0,21.74,82.61,0.0
Wang Meng,T20I,2,9,5,9,2,4,0,0,2.5,55.56,44.44,0.0
Aamer Jamal,ODI,2,9,5,9,0,7,1,0,5.0,55.56,77.78,11.11
SMSM Senanayake,Test,1,15,5,15,1,13,1,0,5.0,33.33,86.67,6.67
Raja Adeel,T20I,5,13,5,13,3,9,0,0,1.67,38.46,69.23,0.0
Asif Javed,T20I,1,4,5,4,1,2,1,0,5.0,125.0,50.0,25.0
U Bhagwan,T20I,2,4,5,4,1,2,1,0,5.0,125.0,50.0,25.0
AA Deshpande,T20I,1,16,5,15,1,12,0,0,5.0,33.33,80.0,0.0
CE McConchie,PSL,2,10,5,10,2,5,0,0,2.5,50.0,50.0,0.0
RF Duvane,T20I,3,25,5,22,2,17,0,0,2.5,22.73,77.27,0.0
T Sumiya,T20I,4,25,5,25,2,22,0,0,2.5,20.0,88.0,0.0
J Cleetus,T20I,4,10,5,9,1,5,0,0,5.0,55.56,55.56,0.0
J Drysdale,T20I,3,6,5,5,1,3,1,0,5.0,100.0,60.0,20.0
JW Hastings,PSL,2,8,5,8,1,6,1,0,5.0,62.5,75.0,12.5
Ashish Rana,T20I,2,8,5,8,1,4,0,0,5.0,62.5,50.0,0.0
Ashmal Hashmi,T20I,5,15,5,15,4,13,1,0,1.25,33.33,86.67,6.67
Ashwini Govinda,T20I,5,38,5,37,3,32,0,0,1.67,13.51,86.49,0.0
MS Atapattu,T20I,1,8,5,8,1,3,0,0,5.0,62.5,37.5,0.0
S Prasanna,Test,1,12,5,12,1,8,0,0,5.0,41.67,66.67,0.0
SZ Peles,T20I,2,17,5,14,0,9,0,0,5.0,35.71,64.29,0.0
Nauman Ali,PSL,2,7,5,7,2,3,0,0,2.5,71.43,42.86,0.0
YJC Altamirano,T20I,5,22,5,20,4,16,0,0,1.25,25.0,80.0,0.0
Kamal Raiz,T20I,1,10,5,10,1,5,0,0,5.0,50.0,50.0,0.0
B Vakatini,T20I,3,9,5,9,3,6,0,0,1.67,55.56,66.67,0.0
B Siddharth,T20I,3,10,5,10,3,8,1,0,1.67,50.0,80.0,10.0
B Stanlake,IPL,1,2,5,2,0,0,1,0,5.0,250.0,0.0,50.0
KH Sciver-Brunt,T20I,3,6,5,6,2,4,1,0,2.5,83.33,66.67,16.67
Karuna Bhandari,T20I,4,13,5,12,3,8,0,0,1.67,41.67,66.67,0.0
Sivakumar,T20I,2,13,5,10,0,6,0,0,5.0,50.0,60.0,0.0
Aijaz Ali,ODI,2,11,5,11,2,8,1,0,2.5,45.45,72.73,9.09
Parvez Rasool,T20I,1,6,5,6,0,1,0,0,5.0,83.33,16.67,0.0
Tashiba Mirza,T20I,1,11,5,11,0,8,1,0,5.0,45.45,72.73,9.09
Asad Mohammad,T20I,1,5,5,5,1,3,1,0,5.0,100.0,60.0,20.0
Prince Yadav,IPL,3,12,5,11,0,6,0,0,5.0,45.45,54.55,0.0
MP Yadav,IPL,1,6,5,5,1,3,1,0,5.0,100.0,60.0,20.0
Tanbir Hayder,ODI,2,17,5,16,2,11,0,0,2.5,31.25,68.75,0.0
J Edwards,T20I,1,6,5,6,1,3,0,0,5.0,83.33,50.0,0.0
MD Garratt,T20I,2,20,5,18,2,14,0,0,2.5,27.78,77.78,0.0
RB Osabel,T20I,3,13,5,12,3,7,0,0,1.67,41.67,58.33,0.0
RD Chahar,T20I,1,5,5,5,1,3,1,0,5.0,100.0,60.0,20.0
M Chereches,T20I,3,8,5,7,3,5,1,0,1.67,71.43,71.43,14.29
M Desmond,T20I,4,24,5,22,2,18,0,0,2.5,22.73,81.82,0.0
Rohan Bhavesh Patel,T20I,2,8,5,8,0,3,0,0,5.0,62.5,37.5,0.0
Razaullah,PSL,1,10,5,10,1,5,0,0,5.0,50.0,50.0,0.0
GD McGrath,T20I,1,12,5,12,1,9,0,0,5.0,41.67,75.0,0.0
Y Potgieter,T20I,1,7,5,6,0,4,1,0,5.0,83.33,66.67,16.67
Naumanullah,ODI,1,4,5,4,1,2,1,0,5.0,125.0,50.0,25.0
Mukesh Kumar,T20I,3,5,5,5,1,3,1,0,5.0,100.0,60.0,20.0
Ankit Dubey,T20I,1,3,5,3,0,0,0,0,5.0,166.67,0.0,0.0
J Blades,T20I,3,13,5,13,1,8,0,0,5.0,38.46,61.54,0.0
A Valthapa,T20I,1,12,5,12,1,10,1,0,5.0,41.67,83.33,8.33
RA Lewis,T20I,3,8,5,8,3,4,0,0,1.67,62.5,50.0,0.0
Dhananjay Rao,T20I,3,8,5,8,3,5,0,0,1.67,62.5,62.5,0.0
Arshad Iqbal,PSL,4,12,5,11,1,6,0,0,5.0,45.45,54.55,0.0
Arshad Khan (2),IPL,1,4,5,4,1,2,1,0,5.0,125.0,50.0,25.0
R Dhakal,ODI,2,7,5,6,1,2,0,0,5.0,83.33,33.33,0.0
IG Butler,T20I,5,11,5,10,2,5,0,0,2.5,50.0,50.0,0.0
Chan Sau Har,T20I,3,13,5,13,1,9,0,0,5.0,38.46,69.23,0.0
E Mulenga,T20I,4,26,5,25,3,21,0,0,1.67,20.0,84.0,0.0
ML Cummins,ODI,2,9,5,9,1,7,1,0,5.0,55.56,77.78,11.11
R Johnson,T20I,2,10,5,10,2,8,1,0,2.5,50.0,80.0,10.0
Junaid Siddique (2),ODI,4,17,5,17,1,12,0,0,5.0,29.41,70.59,0.0
Junaid Siddique (2),T20I,5,18,5,18,4,13,0,0,1.25,27.78,72.22,0.0
Sagor Hossain,T20I,2,12,5,12,2,7,0,0,2.5,41.67,58.33,0.0
Joginder Sharma,ODI,1,2,5,2,0,0,1,0,5.0,250.0,0.0,50.0
Ismail Sardar,T20I,2,17,5,16,2,12,0,0,2.5,31.25,75.0,0.0
N Kruger,ODI,1,20,5,20,1,17,0,0,5.0,25.0,85.0,0.0
N M'shangwe,T20I,2,4,5,4,1,2,1,0,5.0,125.0,50.0,25.0
G Snyman,ODI,4,9,5,9,4,7,1,0,1.25,55.56,77.78,11.11
A Curavic,T20I,3,20,5,20,3,16,0,0,1.67,25.0,80.0,0.0
D Golechha,T20I,4,17,5,14,2,9,0,0,2.5,35.71,64.29,0.0
Kalyan Manne,T20I,1,3,5,3,1,1,1,0,5.0,166.67,33.33,33.33
SDNS Karunaratne,T20I,1,11,5,11,0,6,0,0,5.0,45.45,54.55,0.0
G Riley,T20I,3,23,5,22,3,18,0,0,1.67,22.73,81.82,0.0
Yasir Mohammad,ODI,2,20,5,20,2,16,0,0,2.5,25.0,80.0,0.0
Shivam Sharma,IPL,2,3,5,3,1,1,1,0,5.0,166.67,33.33,33.33
Ajhar Alam,T20I,3,11,5,11,2,6,0,0,2.5,45.45,54.55,0.0
R Telemachus,T20I,1,3,5,3,0,0,0,0,5.0,166.67,0.0,0.0
R Thapliyal,T20I,2,16,5,15,1,11,0,0,5.0,33.33,73.33,0.0
TCR Kimber,T20I,3,13,5,13,3,8,0,0,1.67,38.46,61.54,0.0
MH Oman,T20I,3,22,5,21,2,16,0,0,2.5,23.81,76.19,0.0
A Tomar,T20I,2,12,5,11,2,7,0,0,2.5,45.45,63.64,0.0
CS Martin,T20I,1,6,5,6,0,1,0,0,5.0,83.33,16.67,0.0
R Mbaiwa,T20I,2,15,5,14,2,10,0,0,2.5,35.71,71.43,0.0
MKDI Amerasinghe,ODI,3,7,5,7,0,5,1,0,5.0,71.43,71.43,14.29
C Sakariya,T20I,1,10,5,9,0,4,0,0,5.0,55.56,44.44,0.0
SG Borthwick,Test,1,19,5,19,2,17,1,0,2.5,26.32,89.47,5.26
SG Whittingham,ODI,3,15,5,14,2,10,0,0,2.5,35.71,71.43,0.0
Zaheer Maqsood,ODI,1,10,5,10,0,7,1,0,5.0,50.0,70.0,10.0
Fariha Trisna,T20I,6,21,5,20,2,15,0,0,2.5,25.0,75.0,0.0
N Fernandes,ODI,1,13,5,13,1,8,0,0,5.0,38.46,61.54,0.0
Ying King To,T20I,1,7,5,6,0,3,0,0,5.0,83.33,50.0,0.0
N Kaqea,T20I,2,18,5,16,2,9,0,0,2.5,31.25,56.25,0.0
G Jaine,T20I,3,20,5,17,2,13,0,0,2.5,29.41,76.47,0.0
AZ Shah,T20I,2,18,5,17,1,12,0,0,5.0,29.41,70.59,0.0
KMDN Kulasekara,IPL,1,3,5,3,0,1,1,0,5.0,166.67,33.33,33.33
Joshua Asia,T20I,7,19,5,19,4,15,0,0,1.25,26.32,78.95,0.0
Jubair Hossain,ODI,1,10,5,9,1,7,1,0,5.0,55.56,77.78,11.11
A Shahzad,Test,1,12,5,12,1,10,1,0,5.0,41.67,83.33,8.33
R Sekaran,T20I,2,8,5,8,0,3,0,0,5.0,62.5,37.5,0.0
MJ Fourie,ODI,2,13,5,12,1,7,0,0,5.0,41.67,58.33,0.0
MJ Hoggard,ODI,2,11,5,11,2,7,0,0,2.5,45.45,63.64,0.0
C Trott,T20I,4,12,5,12,2,7,0,0,2.5,41.67,58.33,0.0
TJ Ramphoma,T20I,2,8,5,8,1,5,0,0,5.0,62.5,62.5,0.0
Ikbal Hossain,T20I,1,3,5,3,0,1,1,0,5.0,166.67,33.33,33.33
Arif Ullah,T20I,1,6,5,6,0,4,1,0,5.0,83.33,66.67,16.67
NB Diom,T20I,2,16,5,15,2,11,0,0,2.5,33.33,73.33,0.0
SK Gedara,T20I,1,5,5,5,0,1,0,0,5.0,100.0,20.0,0.0
NAM McLean,ODI,1,7,5,7,0,3,0,0,5.0,71.43,42.86,0.0
Zhi Xinyu,T20I,2,9,5,8,1,6,1,0,5.0,62.5,75.0,12.5
AS Warnakulasuriya,T20I,2,12,5,12,2,10,1,0,2.5,41.67,83.33,8.33
NKDP Putri,T20I,1,3,5,3,0,1,1,0,5.0,166.67,33.33,33.33
FL Albanjari,T20I,1,21,4,18,0,14,0,0,4.0,22.22,77.78,0.0
FH Edwards,IPL,2,5,4,5,1,3,0,0,4.0,80.0,60.0,0.0
NJ Reardon,T20I,1,8,4,8,1,4,0,0,4.0,50.0,50.0,0.0
Fawad Ahmed,ODI,1,2,4,2,0,1,1,0,4.0,200.0,50.0,50.0
NM Lyon,T20I,1,4,4,4,0,2,0,0,4.0,100.0,50.0,0.0
N Thushara,T20I,8,24,4,24,0,21,0,0,4.0,16.67,87.5,0.0
DM Braat,T20I,1,5,4,4,0,0,0,0,4.0,100.0,0.0,0.0
Shan Siddiqui,T20I,1,3,4,3,1,2,1,0,4.0,133.33,66.67,33.33
Farhan Ahmed,T20I,1,8,4,8,1,4,0,0,4.0,50.0,50.0,0.0
Arif Hosen,T20I,6,36,4,29,6,26,0,0,0.67,13.79,89.66,0.0
R Parkin,T20I,2,4,4,4,2,3,1,0,2.0,100.0,75.0,25.0
C Tchale,T20I,4,11,4,9,3,8,1,0,1.33,44.44,88.89,11.11
MJ McClenaghan,PSL,1,2,4,2,0,1,1,0,4.0,200.0,50.0,50.0
Imran Haider,T20I,2,8,4,8,0,4,0,0,4.0,50.0,50.0,0.0
MKGCP Lakshitha,ODI,1,6,4,6,1,3,0,0,4.0,66.67,50.0,0.0
LA Bourne,T20I,2,17,4,17,2,13,0,0,2.0,23.53,76.47,0.0
L Wood,T20I,2,6,4,5,1,2,0,0,4.0,80.0,40.0,0.0
IW Budiarta,T20I,3,5,4,5,2,4,1,0,2.0,80.0,80.0,20.0
Arrikan Phuengkho,T20I,1,3,4,3,1,2,1,0,4.0,133.33,66.67,33.33
DE Martel,T20I,2,9,4,8,1,4,0,0,4.0,50.0,50.0,0.0
A Uniyal,IPL,2,7,4,7,1,3,0,0,4.0,57.14,42.86,0.0
A Tomar,IPL,1,8,4,8,1,7,1,0,4.0,50.0,87.5,12.5
TD Astle,T20I,2,10,4,10,2,7,0,0,2.0,40.0,70.0,0.0
Divya Kandpal,T20I,3,22,4,21,2,17,0,0,2.0,19.05,80.95,0.0
R Smaran,IPL,1,4,4,4,1,3,1,0,4.0,100.0,75.0,25.0
L Wahmowe,T20I,3,14,4,13,3,11,0,0,1.33,30.77,84.62,0.0
MM Penfold,T20I,4,11,4,11,2,7,0,0,2.0,36.36,63.64,0.0
ML Lewis,ODI,1,4,4,4,0,1,0,0,4.0,100.0,25.0,0.0
ID Blackwell,Test,1,16,4,16,1,12,0,0,4.0,25.0,75.0,0.0
Chayanisa Phengpaen,T20I,1,1,4,1,0,0,1,0,4.0,400.0,0.0,100.0
Abrar Ahmed,T20I,5,13,4,12,2,8,0,0,2.0,33.33,66.67,0.0
S Pattenden,T20I,5,23,4,19,1,15,0,0,4.0,21.05,78.95,0.0
E Konasova,T20I,3,55,4,39,2,33,0,0,2.0,10.26,84.62,0.0
TA Lammonby,PSL,3,6,4,6,3,3,0,0,1.33,66.67,50.0,0.0
S Mabuza,T20I,8,33,4,30,8,28,1,0,0.5,13.33,93.33,3.33
J Chaturanga,T20I,2,7,4,7,2,4,0,0,2.0,57.14,57.14,0.0
Anjuli Ghalley,T20I,3,16,4,14,2,10,0,0,2.0,28.57,71.43,0.0
T Touna,T20I,2,23,4,22,2,18,0,0,2.0,18.18,81.82,0.0
T Thushara,T20I,2,8,4,8,2,4,0,0,2.0,50.0,50.0,0.0
Talha Jubair,ODI,1,8,4,8,0,7,1,0,4.0,50.0,87.5,12.5
L Sviben,T20I,1,7,4,6,1,5,1,0,4.0,66.67,83.33,16.67
Sabnam Rai,T20I,3,11,4,11,0,8,0,0,4.0,36.36,72.73,0.0
K De La Mare,T20I,1,6,4,6,1,3,0,0,4.0,66.67,50.0,0.0
E Malama,T20I,4,37,4,33,2,28,0,0,2.0,12.12,84.85,0.0
MR Dorgan,T20I,1,9,4,9,1,6,0,0,4.0,44.44,66.67,0.0
TS Shwe,T20I,2,19,4,18,1,14,0,0,4.0,22.22,77.78,0.0
C Connolly,Test,1,6,4,6,1,5,1,0,4.0,66.67,83.33,16.67
Asif Afridi,Test,1,5,4,5,1,4,1,0,4.0,80.0,80.0,20.0
Tanveer Ahmed,ODI,3,12,4,11,0,7,0,0,4.0,36.36,63.64,0.0
Sania Khan,ODI,2,12,4,12,1,8,0,0,4.0,33.33,66.67,0.0
S Kucuksucu,T20I,3,35,4,30,2,25,0,0,2.0,13.33,83.33,0.0
MB dos Santos,T20I,3,12,4,12,2,11,1,0,2.0,33.33,91.67,8.33
T Rodriguez,T20I,4,20,4,19,4,15,0,0,1.0,21.05,78.95,0.0
J Giyanani,ODI,1,6,4,5,1,2,0,0,4.0,80.0,40.0,0.0
Hon Sovannary,T20I,2,40,4,35,2,31,0,0,2.0,11.43,88.57,0.0
S Rokuad,T20I,2,23,4,21,1,17,0,0,4.0,19.05,80.95,0.0
S Raveendrakumar,T20I,1,19,4,14,1,11,0,0,4.0,28.57,78.57,0.0
S Sharma,Test,1,17,4,17,1,13,0,0,4.0,23.53,76.47,0.0
S Sharma,ODI,1,10,4,10,1,6,0,0,4.0,40.0,60.0,0.0
C Cassell,ODI,1,5,4,5,1,3,0,0,4.0,80.0,60.0,0.0
A van der Merwe,ODI,1,4,4,4,0,0,0,0,4.0,100.0,0.0,0.0
Saqib Naveed,T20I,1,14,4,14,1,10,0,0,4.0,28.57,71.43,0.0
Saqib Khan,PSL,1,2,4,2,1,1,1,0,4.0,200.0,50.0,50.0
JY Masaya,T20I,2,33,4,29,1,26,0,0,4.0,13.79,89.66,0.0
T Natarajan,IPL,3,7,4,7,0,3,0,0,4.0,57.14,42.86,0.0
RJ Ramjiawan,T20I,1,9,4,8,1,5,0,0,4.0,50.0,62.5,0.0
T Makaya,T20I,3,6,4,6,1,5,1,0,4.0,66.67,83.33,16.67
J Kunnanchirakkal,T20I,4,6,4,6,2,2,0,0,2.0,66.67,33.33,0.0
CJ Boyce,T20I,2,7,4,7,1,3,0,0,4.0,57.14,42.86,0.0
Mah Noor Amir,T20I,8,40,4,35,8,31,0,0,0.5,11.43,88.57,0.0
PLS Gamage,ODI,5,27,4,27,2,23,0,0,2.0,14.81,85.19,0.0
Auqib Nabi,IPL,1,2,4,2,1,1,1,0,4.0,200.0,50.0,50.0
L Nyarko,T20I,3,7,4,6,2,5,1,0,2.0,66.67,83.33,16.67
AL Mangue,T20I,2,9,4,8,2,7,1,0,2.0,50.0,87.5,12.5
MZR Mohedano,T20I,2,28,4,18,1,10,0,0,4.0,22.22,55.56,0.0
MWA van Nierop,ODI,1,16,4,14,1,13,1,0,4.0,28.57,92.86,7.14
PR Brown,T20I,1,9,4,9,0,5,0,0,4.0,44.44,55.56,0.0
Hudaa Mohamedi,T20I,1,10,4,10,0,6,0,0,4.0,40.0,60.0,0.0
Cihan Altun,T20I,1,2,4,2,1,1,1,0,4.0,200.0,50.0,50.0
Hala Azmat,T20I,3,29,4,28,0,24,0,0,4.0,14.29,85.71,0.0
Hardeep Singh,T20I,1,1,4,1,0,0,1,0,4.0,400.0,0.0,100.0
UWMBCA Welegedara,ODI,3,9,4,9,1,5,0,0,4.0,44.44,55.56,0.0
RL Grundy,T20I,3,9,4,8,0,4,0,0,4.0,50.0,50.0,0.0
Sarandeep Singh,Test,1,16,4,16,1,13,0,0,4.0,25.0,81.25,0.0
JT Manase,T20I,1,9,4,9,1,5,0,0,4.0,44.44,55.56,0.0
CR Suryawanshi,T20I,2,8,4,6,2,2,0,0,2.0,66.67,33.33,0.0
LKW Ezechiel,T20I,4,25,4,25,3,22,0,0,1.33,16.0,88.0,0.0
CJ Ferguson,Test,1,23,4,23,2,20,0,0,2.0,17.39,86.96,0.0
J Kemp,T20I,2,7,4,7,2,3,0,0,2.0,57.14,42.86,0.0
S Tabuisulu,T20I,3,12,4,11,2,7,0,0,2.0,36.36,63.64,0.0
Azri Azhar,T20I,2,8,4,7,1,5,0,0,4.0,57.14,71.43,0.0
HO Karaduman,T20I,2,16,4,15,2,11,0,0,2.0,26.67,73.33,0.0
P Munorwei,T20I,2,17,4,16,1,12,0,0,4.0,25.0,75.0,0.0
K Moingoto,T20I,3,15,4,15,3,12,0,0,1.33,26.67,80.0,0.0
HK Bennett,Test,1,30,4,30,1,26,0,0,4.0,13.33,86.67,0.0
V Nagpaul,T20I,2,7,4,6,1,3,0,0,4.0,66.67,50.0,0.0
V Mitari,T20I,5,11,4,11,2,7,0,0,2.0,36.36,63.64,0.0
PA Desai,T20I,1,7,4,7,0,3,0,0,4.0,57.14,42.86,0.0
LN Roche,ODI,2,10,4,10,2,6,0,0,2.0,40.0,60.0,0.0
S Immadi,ODI,3,13,4,12,1,9,0,0,4.0,33.33,75.0,0.0
CRD Fernando,IPL,2,3,4,3,1,0,0,0,4.0,133.33,0.0,0.0
Adnan Tahir,T20I,1,6,4,5,1,2,0,0,4.0,80.0,40.0,0.0
Altaf Gill,T20I,2,19,4,18,2,15,0,0,2.0,22.22,83.33,0.0
K Samten,T20I,3,9,4,9,1,5,0,0,4.0,44.44,55.56,0.0
L Cheatle,T20I,1,9,4,8,0,4,0,0,4.0,50.0,50.0,0.0
Bikram Sob,ODI,4,19,4,17,3,13,0,0,1.33,23.53,76.47,0.0
VRV Singh,IPL,2,3,4,3,1,2,1,0,4.0,133.33,66.67,33.33
HAPW Jayawardene,ODI,2,10,4,9,2,5,0,0,2.0,44.44,55.56,0.0
VF Bomnyuy,T20I,2,8,4,8,1,6,0,0,4.0,50.0,75.0,0.0
B Leo,T20I,3,12,4,12,1,8,0,0,4.0,33.33,66.67,0.0
Bhumeshswar Jagroo,T20I,2,8,4,8,1,7,1,0,4.0,50.0,87.5,12.5
VAB Tewarie,ODI,1,22,4,22,1,18,0,0,4.0,18.18,81.82,0.0
H Klazinge,T20I,5,8,4,8,1,4,0,0,4.0,50.0,50.0,0.0
KA Bazil,T20I,3,12,4,12,3,8,0,0,1.33,33.33,66.67,0.0
Emaan Ejaz,T20I,5,39,4,37,5,34,0,0,0.8,10.81,91.89,0.0
Mohammad Irfan (5),PSL,2,3,4,3,1,2,1,0,4.0,133.33,66.67,33.33
Mohammad Irfan,T20I,3,8,4,8,0,4,0,0,4.0,50.0,50.0,0.0
P Ganeshan,T20I,2,17,4,12,0,8,0,0,4.0,33.33,66.67,0.0
A Khullar,T20I,5,31,4,22,3,19,0,0,1.33,18.18,86.36,0.0
CJ Metcalfe,T20I,4,25,4,25,0,22,0,0,4.0,16.0,88.0,0.0
DT Doram,T20I,3,7,4,6,0,3,0,0,4.0,66.67,50.0,0.0
M Musinguzi,T20I,1,4,4,4,0,2,0,0,4.0,100.0,50.0,0.0
K Thuchila,T20I,7,14,4,13,4,9,0,0,1.0,30.77,69.23,0.0
AMN Andersen,T20I,2,19,4,17,2,14,0,0,2.0,23.53,82.35,0.0
Elan Talker,T20I,1,3,4,3,0,1,0,0,4.0,133.33,33.33,0.0
W Kevin,T20I,1,6,4,5,1,4,1,0,4.0,80.0,80.0,20.0
D Chamto,T20I,2,7,4,7,2,6,1,0,2.0,57.14,85.71,14.29
SP Terry,T20I,1,6,4,6,1,3,0,0,4.0,66.67,50.0,0.0
Mohammad Umar,PSL,4,13,4,13,3,8,0,0,1.33,30.77,61.54,0.0
Mohammad Tauqir,T20I,2,6,4,6,1,5,1,0,4.0,66.67,83.33,16.67
H Graham,ODI,1,5,4,5,0,1,0,0,4.0,80.0,20.0,0.0
H Durham,ODI,1,14,4,14,1,11,0,0,4.0,28.57,78.57,0.0
A Karn,T20I,1,7,4,7,1,4,0,0,4.0,57.14,57.14,0.0
Syed Ali Gillani,T20I,2,4,4,4,0,0,0,0,4.0,100.0,0.0,0.0
RS Sodhi,IPL,1,2,4,2,0,1,1,0,4.0,200.0,50.0,50.0
Lihara Ayeysekara,T20I,3,26,4,24,2,20,0,0,2.0,16.67,83.33,0.0
JOA Gordon,T20I,3,8,4,8,0,4,0,0,4.0,50.0,50.0,0.0
Alfredo Puentes,T20I,1,19,4,14,1,10,0,0,4.0,28.57,71.43,0.0
Al-Amin Hossain,ODI,6,20,4,20,2,16,0,0,2.0,20.0,80.0,0.0
B Ndipo,T20I,1,6,4,5,1,3,0,0,4.0,80.0,60.0,0.0
Komang Putra,T20I,1,6,4,6,0,3,0,0,4.0,66.67,50.0,0.0
D Simpson,T20I,1,5,4,5,1,2,0,0,4.0,80.0,40.0,0.0
Guillermo Aburto,T20I,2,10,4,10,1,9,1,0,4.0,40.0,90.0,10.0
H Ayoka,T20I,1,8,4,5,1,2,0,0,4.0,80.0,40.0,0.0
Sumaiya Akter,T20I,1,3,4,3,1,2,1,0,4.0,133.33,66.67,33.33
S Devata,T20I,1,3,4,3,0,0,0,0,4.0,133.33,0.0,0.0
Shagharai Sefat,T20I,2,11,4,10,2,6,0,0,2.0,40.0,60.0,0.0
RW Staple,ODI,2,13,4,11,2,10,1,0,2.0,36.36,90.91,9.09
CK Hooper,ODI,2,3,4,3,2,2,1,0,2.0,133.33,66.67,33.33
M Manivannan,T20I,1,7,4,7,0,6,1,0,4.0,57.14,85.71,14.29
AAM Eliane,T20I,3,36,4,31,1,27,0,0,4.0,12.9,87.1,0.0
Noorainah,T20I,2,11,4,10,1,7,0,0,4.0,40.0,70.0,0.0
D Faletar,T20I,3,15,4,15,2,14,1,0,2.0,26.67,93.33,6.67
KC Thompson,T20I,1,4,4,4,0,3,1,0,4.0,100.0,75.0,25.0
KDACK Gunarathne,T20I,3,18,4,18,2,14,0,0,2.0,22.22,77.78,0.0
A Hartley,ODI,5,28,4,28,1,25,0,0,4.0,14.29,89.29,0.0
GMK Jayaweera,T20I,2,13,4,9,2,6,0,0,2.0,44.44,66.67,0.0
Mrittunjoy Chowdhury,T20I,1,11,4,11,1,7,0,0,4.0,36.36,63.64,0.0
Muhammad Jabir,T20I,7,21,4,21,3,18,0,0,1.33,19.05,85.71,0.0
A Gupta,T20I,2,6,4,6,1,3,0,0,4.0,66.67,50.0,0.0
WT Gavera,ODI,1,6,4,6,0,5,1,0,4.0,66.67,83.33,16.67
Ghazi Ghori,PSL,1,5,4,5,1,2,0,0,4.0,80.0,40.0,0.0
JNT Seales,T20I,2,4,4,4,1,3,1,0,4.0,100.0,75.0,25.0
Lemar Momand,T20I,3,11,4,10,1,6,0,0,4.0,40.0,60.0,0.0
LY Loch Srey,T20I,6,25,4,25,5,21,0,0,0.8,16.0,84.0,0.0
CK Langeveldt,T20I,3,8,4,8,1,4,0,0,4.0,50.0,50.0,0.0
F Elizabet,T20I,1,16,4,14,1,10,0,0,4.0,28.57,71.43,0.0
GJ Batty,T20I,1,7,4,7,1,3,0,0,4.0,57.14,42.86,0.0
Muhammad Rohid,T20I,2,3,4,3,1,1,0,0,4.0,133.33,33.33,0.0
Khalander Mustafa,T20I,1,1,4,1,0,0,1,0,4.0,400.0,0.0,100.0
Kaynat Hafeez,ODI,1,6,4,6,1,5,1,0,4.0,66.67,83.33,16.67
Kaung Ko Ko,T20I,2,6,4,6,1,3,0,0,4.0,66.67,50.0,0.0
Muhammad Farooq,ODI,2,16,4,16,2,15,1,0,2.0,25.0,93.75,6.25
Sofia Mardones,T20I,3,31,4,26,3,22,0,0,1.33,15.38,84.62,0.0
JE Scott,T20I,2,7,4,7,2,4,0,0,2.0,57.14,57.14,0.0
M Idambo,T20I,1,3,4,3,0,1,0,0,4.0,133.33,33.33,0.0
Raza Hasan,PSL,2,12,4,12,2,8,0,0,2.0,33.33,66.67,0.0
Ravi Bishnoi,ODI,1,2,4,2,0,0,1,0,4.0,200.0,0.0,50.0
ADL Stokoe,T20I,1,9,4,9,1,7,0,0,4.0,44.44,77.78,0.0
Shahnawaz Dhani,ODI,1,3,4,3,0,0,0,0,4.0,133.33,0.0,0.0
Ahsan Malik,ODI,2,12,4,12,0,8,0,0,4.0,33.33,66.67,0.0
Sneh Rana,T20I,1,8,4,8,1,4,0,0,4.0,50.0,50.0,0.0
Simba Mbaki,T20I,1,7,4,7,1,4,0,0,4.0,57.14,57.14,0.0
JF Bangura,T20I,1,11,4,10,1,7,0,0,4.0,40.0,70.0,0.0
Kaung Htet Kyaw,T20I,2,10,4,10,1,6,0,0,4.0,40.0,60.0,0.0
D Mullen,T20I,2,5,4,5,1,2,0,0,4.0,80.0,40.0,0.0
D Mehtani,T20I,4,18,4,14,4,11,0,0,1.0,28.57,78.57,0.0
Neeraj Mishra,T20I,3,10,4,9,2,8,1,0,2.0,44.44,88.89,11.11
Nazmul Islam,Test,1,16,4,16,2,15,1,0,2.0,25.0,93.75,6.25
Wenjing Yin,T20I,3,11,4,10,2,6,0,0,2.0,40.0,60.0,0.0
B Stanlake,ODI,5,28,4,28,3,24,0,0,1.33,14.29,85.71,0.0
Nipuni Nadeera,T20I,1,5,4,5,1,2,0,0,4.0,80.0,40.0,0.0
SD Heazlett,ODI,1,11,4,11,1,7,0,0,4.0,36.36,63.64,0.0
Navneet Bamrah,T20I,2,16,4,16,1,12,0,0,4.0,25.0,75.0,0.0
F Parkinson,T20I,2,12,4,11,2,7,0,0,2.0,36.36,63.64,0.0
GE Mathurin,T20I,2,5,4,5,0,1,0,0,4.0,80.0,20.0,0.0
GD McGrath,IPL,2,5,4,5,1,4,1,0,4.0,80.0,80.0,20.0
Y Fourie,T20I,1,7,4,7,1,6,1,0,4.0,57.14,85.71,14.29
DP Nannes,IPL,2,13,4,13,1,9,0,0,4.0,30.77,69.23,0.0
DK Dahani,T20I,1,4,4,3,1,2,1,0,4.0,133.33,66.67,33.33
Rizwan Mangera,T20I,2,21,4,19,2,15,0,0,2.0,21.05,78.95,0.0
Yash Dayal,IPL,4,9,4,9,3,6,0,0,1.33,44.44,66.67,0.0
Kamran Wahid,T20I,3,8,4,6,1,2,0,0,4.0,66.67,33.33,0.0
A Dananjaya,IPL,1,5,4,5,0,2,0,0,4.0,80.0,40.0,0.0
N Advani,T20I,4,14,4,13,2,9,0,0,2.0,30.77,69.23,0.0
Naiem Bameri,T20I,1,16,4,15,1,10,0,0,4.0,26.67,66.67,0.0
BB Seebaran,ODI,2,14,4,13,1,10,0,0,4.0,30.77,76.92,0.0
A Chandila,IPL,2,7,4,7,1,3,0,0,4.0,57.14,42.86,0.0
Yuliana,T20I,2,9,4,9,1,5,0,0,4.0,44.44,55.56,0.0
N Katechis,T20I,2,17,4,17,1,13,0,0,4.0,23.53,76.47,0.0
N Gumaliyele,T20I,1,10,4,10,1,6,0,0,4.0,40.0,60.0,0.0
Fathimath Malha,T20I,3,28,4,28,3,25,0,0,1.33,14.29,89.29,0.0
D Issiaka,T20I,5,40,4,37,3,33,0,0,1.33,10.81,89.19,0.0
NM Mokhachane,T20I,8,76,4,69,5,64,0,0,0.8,5.8,92.75,0.0
Z Groenewald,ODI,2,19,4,19,1,15,0,0,4.0,21.05,78.95,0.0
Rumaisa Jawad Nasir,T20I,4,42,4,36,3,34,0,0,1.33,11.11,94.44,0.0
JM Muirhead,T20I,2,8,4,8,1,4,0,0,4.0,50.0,50.0,0.0
Liton Das,IPL,1,4,4,4,1,3,1,0,4.0,100.0,75.0,25.0
Rony Talukdar,ODI,1,15,4,14,1,13,1,0,4.0,28.57,92.86,7.14
FN Walsh,T20I,2,7,4,7,1,3,0,0,4.0,57.14,42.86,0.0
Zikria Islam,T20I,4,16,4,15,2,12,0,0,2.0,26.67,80.0,0.0
A Andrews,T20I,1,6,4,6,1,5,1,0,4.0,66.67,83.33,16.67
AS Taai,T20I,1,3,4,3,0,0,0,0,4.0,133.33,0.0,0.0
A Akurut,T20I,5,21,4,21,4,17,0,0,1.0,19.05,80.95,0.0
KR Frost,T20I,1,6,3,5,1,3,0,0,3.0,60.0,60.0,0.0
Zwe Htet Paing,T20I,2,6,3,6,1,3,0,0,3.0,50.0,50.0,0.0
SK Lahiri,T20I,2,7,3,7,1,5,0,0,3.0,42.86,71.43,0.0
Zoha Irfan,T20I,4,26,3,24,4,22,0,0,0.75,12.5,91.67,0.0
R Olipa,T20I,1,4,3,4,1,1,0,0,3.0,75.0,25.0,0.0
Joyleen Kaur,T20I,3,12,3,12,1,9,0,0,3.0,25.0,75.0,0.0
Sajaa Fathimath,T20I,5,34,3,32,5,29,0,0,0.6,9.38,90.62,0.0
A Shamshudeen,ODI,1,30,3,28,1,25,0,0,3.0,10.71,89.29,0.0
Sagar Pun,ODI,1,20,3,20,1,17,0,0,3.0,15.0,85.0,0.0
MM Sarwar,T20I,1,3,3,3,0,1,0,0,3.0,100.0,33.33,0.0
Imran Yousaf,T20I,2,6,3,6,0,3,0,0,3.0,50.0,50.0,0.0
M Cargouet,T20I,5,33,3,29,4,26,0,0,0.75,10.34,89.66,0.0
AT Chuvale,T20I,1,8,3,8,0,5,0,0,3.0,37.5,62.5,0.0
SK Ravuri,T20I,1,8,3,8,0,5,0,0,3.0,37.5,62.5,0.0
BD Pare,T20I,1,6,3,5,1,3,0,0,3.0,60.0,60.0,0.0
NL Ujawe,T20I,3,4,3,4,1,1,0,0,3.0,75.0,25.0,0.0
JL Hunter,T20I,1,1,3,1,0,0,0,0,3.0,300.0,0.0,0.0
A Suwanchonrathi,ODI,1,4,3,4,1,1,0,0,3.0,75.0,25.0,0.0
MM Sharma,T20I,2,8,3,7,0,4,0,0,3.0,42.86,57.14,0.0
IE O'Brien,ODI,2,11,3,11,0,8,0,0,3.0,27.27,72.73,0.0
IGTP Wiguna,T20I,1,10,3,9,0,6,0,0,3.0,33.33,66.67,0.0
IGTR Kumara,T20I,1,12,3,12,1,10,0,0,3.0,25.0,83.33,0.0
TR Sadhu,T20I,2,12,3,11,1,8,0,0,3.0,27.27,72.73,0.0
S Lateh,T20I,1,5,3,5,0,3,0,0,3.0,60.0,60.0,0.0
MJ Mason,Test,1,33,3,33,1,30,0,0,3.0,9.09,90.91,0.0
DOD Rikhi,ODI,1,6,3,6,1,4,0,0,3.0,50.0,66.67,0.0
Z Motara,T20I,1,4,3,4,1,1,0,0,3.0,75.0,25.0,0.0
FEM Van Arkel,T20I,1,13,3,13,1,10,0,0,3.0,23.08,76.92,0.0
BAW Mendis,IPL,3,6,3,6,2,3,0,0,1.5,50.0,50.0,0.0
JJ Esmeijer,ODI,2,15,3,15,1,12,0,0,3.0,20.0,80.0,0.0
Aishath Meesa Rameez,T20I,3,16,3,14,3,12,0,0,1.0,21.43,85.71,0.0
Ajay Kumar,ODI,2,9,3,9,1,6,0,0,3.0,33.33,66.67,0.0
Imran Khan (2),PSL,2,4,3,4,0,2,0,0,3.0,75.0,50.0,0.0
Chen Xinyu,T20I,2,15,3,15,1,12,0,0,3.0,20.0,80.0,0.0
L Visser,T20I,1,5,3,4,1,2,0,0,3.0,75.0,50.0,0.0
S Nisansala,T20I,2,8,3,8,2,5,0,0,1.5,37.5,62.5,0.0
R Brar,T20I,3,8,3,7,1,4,0,0,3.0,42.86,57.14,0.0
R Abdulrasak,T20I,3,9,3,9,2,6,0,0,1.5,33.33,66.67,0.0
Ashi Chopla,T20I,3,11,3,10,2,7,0,0,1.5,30.0,70.0,0.0
TCW Veillard,T20I,1,5,3,5,0,2,0,0,3.0,60.0,40.0,0.0
FA Allen,PSL,2,6,3,6,1,3,0,0,3.0,50.0,50.0,0.0
BA Murphy,ODI,2,11,3,11,2,8,0,0,1.5,27.27,72.73,0.0
N Burger,IPL,1,5,3,5,0,2,0,0,3.0,60.0,40.0,0.0
N Dolianiti,T20I,3,16,3,14,2,11,0,0,1.5,21.43,78.57,0.0
Younis Khan,IPL,1,7,3,7,1,4,0,0,3.0,42.86,57.14,0.0
N Ila,T20I,1,3,3,3,0,0,0,0,3.0,100.0,0.0,0.0
A Chenthamara,T20I,2,12,3,12,0,10,0,0,3.0,25.0,83.33,0.0
CV Varun,T20I,9,15,3,15,3,12,0,0,1.0,20.0,80.0,0.0
Prashant Shukla,T20I,1,4,3,4,0,2,0,0,3.0,75.0,50.0,0.0
J Anderson,T20I,1,5,3,5,1,3,0,0,3.0,60.0,60.0,0.0
L Senokwane,Test,1,36,3,36,1,34,0,0,3.0,8.33,94.44,0.0
S Lourens,T20I,1,6,3,6,1,4,0,0,3.0,50.0,66.67,0.0
Jannatul Ferdus,T20I,3,7,3,7,1,4,0,0,3.0,42.86,57.14,0.0
Samiallah Khalil,T20I,2,6,3,6,2,4,0,0,1.5,50.0,66.67,0.0
C Cummings,T20I,2,11,3,11,2,8,0,0,1.5,27.27,72.73,0.0
Pankaj Singh,ODI,1,3,3,3,0,0,0,0,3.0,100.0,0.0,0.0
BLCS Kumara,T20I,2,8,3,7,2,5,0,0,1.5,42.86,71.43,0.0
S Borakambi,T20I,1,3,3,3,0,1,0,0,3.0,100.0,33.33,0.0
S Carrington,T20I,1,11,3,11,1,8,0,0,3.0,27.27,72.73,0.0
JE Taylor,IPL,2,4,3,3,0,1,0,0,3.0,100.0,33.33,0.0
Reon King,ODI,1,10,3,10,0,7,0,0,3.0,30.0,70.0,0.0
Yash Singh,T20I,1,12,3,12,1,9,0,0,3.0,25.0,75.0,0.0
E Samson,T20I,2,3,3,3,1,1,0,0,3.0,100.0,33.33,0.0
Hwanhee Lee,T20I,1,6,3,6,0,3,0,0,3.0,50.0,50.0,0.0
MS Kasprowicz,T20I,1,6,3,5,0,2,0,0,3.0,60.0,40.0,0.0
MSF Tedjui,T20I,1,4,3,4,1,2,0,0,3.0,75.0,50.0,0.0
PT Collins,ODI,5,10,3,10,2,7,0,0,1.5,30.0,70.0,0.0
Tazia Akhter,T20I,2,12,3,10,2,7,0,0,1.5,30.0,70.0,0.0
C Cassell,T20I,2,6,3,6,1,3,0,0,3.0,50.0,50.0,0.0
E Sagoe,T20I,2,8,3,7,0,5,0,0,3.0,42.86,71.43,0.0
U Anujin,T20I,2,7,3,7,1,4,0,0,3.0,42.86,57.14,0.0
Akeem Jordan,ODI,1,6,3,6,0,3,0,0,3.0,50.0,50.0,0.0
GC Viljoen,IPL,3,7,3,7,2,5,0,0,1.5,42.86,71.43,0.0
Kamal Raja,T20I,2,17,3,15,2,12,0,0,1.5,20.0,80.0,0.0
KK Dobell,T20I,2,6,3,6,1,3,0,0,3.0,50.0,50.0,0.0
KK Sharma,T20I,2,9,3,8,1,5,0,0,3.0,37.5,62.5,0.0
KL Cross,T20I,4,7,3,7,2,4,0,0,1.5,42.86,57.14,0.0
Reon King,Test,1,12,3,12,0,10,0,0,3.0,25.0,83.33,0.0
M Faheem,T20I,3,7,3,7,3,4,0,0,1.0,42.86,57.14,0.0
S Dadswell,PSL,1,4,3,4,1,1,0,0,3.0,75.0,25.0,0.0
T Yangchen,T20I,2,11,3,9,1,7,0,0,3.0,33.33,77.78,0.0
L Mutale,T20I,2,5,3,5,1,2,0,0,3.0,60.0,40.0,0.0
K Frank,T20I,2,19,3,19,1,16,0,0,3.0,15.79,84.21,0.0
Hassan Nasir,T20I,1,3,3,3,0,1,0,0,3.0,100.0,33.33,0.0
Ma Qiancheng,T20I,6,33,3,31,4,28,0,0,0.75,9.68,90.32,0.0
L Ngidi,IPL,3,8,3,8,2,5,0,0,1.5,37.5,62.5,0.0
KHRK Fernando,ODI,2,15,3,14,1,11,0,0,3.0,21.43,78.57,0.0
Nestor Dhamba,T20I,1,6,3,6,1,3,0,0,3.0,50.0,50.0,0.0
Y Cariah,T20I,2,4,3,4,1,1,0,0,3.0,75.0,25.0,0.0
Nazmul Hossain,T20I,2,15,3,15,1,11,0,0,3.0,20.0,73.33,0.0
Raunaq Kapur,T20I,1,5,3,5,1,2,0,0,3.0,60.0,40.0,0.0
CK Tshuma,Test,1,30,3,30,2,28,0,0,1.5,10.0,93.33,0.0
CL Cairns,T20I,2,14,3,13,2,10,0,0,1.5,23.08,76.92,0.0
Sangay Wangmo,T20I,2,12,3,12,1,9,0,0,3.0,25.0,75.0,0.0
Anam Amin,T20I,5,13,3,13,1,10,0,0,3.0,23.08,76.92,0.0
Anamul Haque,PSL,1,9,3,9,1,6,0,0,3.0,33.33,66.67,0.0
T Shabani,T20I,1,2,3,2,1,0,0,0,3.0,150.0,0.0,0.0
MA Parker,T20I,1,9,3,8,0,5,0,0,3.0,37.5,62.5,0.0
MC Bascombe,T20I,1,9,3,7,1,5,0,0,3.0,42.86,71.43,0.0
Maham Tariq,ODI,3,38,3,37,3,34,0,0,1.0,8.11,91.89,0.0
C Breteche,T20I,5,30,3,28,4,26,0,0,0.75,10.71,92.86,0.0
Mahbubul Alam,Test,2,53,3,53,2,48,0,0,1.5,5.66,90.57,0.0
PJ te Beest,ODI,2,53,3,49,1,46,0,0,3.0,6.12,93.88,0.0
Haroon Mughal,T20I,3,8,3,8,3,5,0,0,1.0,37.5,62.5,0.0
Harpreet Singh,T20I,2,10,3,10,2,7,0,0,1.5,30.0,70.0,0.0
A Munisar,T20I,2,3,3,3,0,1,0,0,3.0,100.0,33.33,0.0
E Walker,T20I,4,19,3,19,0,16,0,0,3.0,15.79,84.21,0.0
A Fillie,T20I,3,13,3,13,3,11,0,0,1.0,23.08,84.62,0.0
Mujeeb Ur Rahman,PSL,2,3,3,3,1,1,0,0,3.0,100.0,33.33,0.0
JC Sokomanu,T20I,2,13,3,12,3,9,0,0,1.0,25.0,75.0,0.0
Rajab Hussain,T20I,2,6,3,6,1,3,0,0,3.0,50.0,50.0,0.0
M Joshi,T20I,1,16,3,16,0,13,0,0,3.0,18.75,81.25,0.0
CK Kruger,ODI,2,21,3,20,2,17,0,0,1.5,15.0,85.0,0.0
Song Yangyang,T20I,1,7,3,7,0,4,0,0,3.0,42.86,57.14,0.0
Umer Khan,PSL,4,9,3,8,2,5,0,0,1.5,37.5,62.5,0.0
Hamza Tahir,T20I,2,7,3,7,1,4,0,0,3.0,42.86,57.14,0.0
Maria Penna,T20I,3,21,3,17,2,12,0,0,1.5,17.65,70.59,0.0
ST de Silva,T20I,2,7,3,7,2,5,0,0,1.5,42.86,71.43,0.0
SV Collyer,Test,1,24,3,24,2,21,0,0,1.5,12.5,87.5,0.0
Chinyenum George,T20I,1,5,3,5,1,2,0,0,3.0,60.0,40.0,0.0
Hadia Siddiqui,T20I,4,20,3,16,2,13,0,0,1.5,18.75,81.25,0.0
LK Bell,T20I,3,11,3,11,2,9,0,0,1.5,27.27,81.82,0.0
KC Phohlo,T20I,3,18,3,17,3,14,0,0,1.0,17.65,82.35,0.0
Muhammad Tahir,T20I,1,11,3,10,1,8,0,0,3.0,30.0,80.0,0.0
GJP Kruger,T20I,1,5,3,5,1,3,0,0,3.0,60.0,60.0,0.0
Wang Qi,T20I,4,17,3,16,2,13,0,0,1.5,18.75,81.25,0.0
Kamran Khan,IPL,1,5,3,5,1,3,0,0,3.0,60.0,60.0,0.0
Laiba Nasrullah,T20I,4,35,3,31,1,28,0,0,3.0,9.68,90.32,0.0
Rahat Ali,PSL,4,11,3,11,2,8,0,0,1.5,27.27,72.73,0.0
Saqib Anwar,T20I,3,23,3,23,3,20,0,0,1.0,13.04,86.96,0.0
Saqlain Ali,T20I,2,9,3,7,2,4,0,0,1.5,42.86,57.14,0.0
A le Breton,ODI,1,6,3,6,0,3,0,0,3.0,50.0,50.0,0.0
HML Madushani,ODI,2,15,3,15,2,13,0,0,1.5,20.0,86.67,0.0
RM D'Souza,T20I,3,11,3,9,3,6,0,0,1.0,33.33,66.67,0.0
Amir Hayat,T20I,2,6,3,6,2,3,0,0,1.5,50.0,50.0,0.0
RJW Topley,IPL,1,6,3,6,0,3,0,0,3.0,50.0,50.0,0.0
WT Mubayiwa,T20I,1,4,3,4,0,1,0,0,3.0,75.0,25.0,0.0
O Bastin,T20I,2,14,3,11,1,9,0,0,3.0,27.27,81.82,0.0
O Chare,ODI,1,18,3,15,1,12,0,0,3.0,20.0,80.0,0.0
O Duff,T20I,2,2,3,2,1,1,0,0,3.0,150.0,50.0,0.0
JAR Blain,T20I,2,3,3,3,2,1,0,0,1.5,100.0,33.33,0.0
AM Guruge,T20I,3,8,3,8,1,5,0,0,3.0,37.5,62.5,0.0
HK Olonga,ODI,1,12,3,12,1,9,0,0,3.0,25.0,75.0,0.0
HL Baker,ODI,1,3,3,3,0,1,0,0,3.0,100.0,33.33,0.0
T Koloi,T20I,3,7,3,7,3,5,0,0,1.0,42.86,71.43,0.0
V Romani,T20I,3,15,3,14,2,11,0,0,1.5,21.43,78.57,0.0
SS Sawh,ODI,1,18,3,16,1,13,0,0,3.0,18.75,81.25,0.0
S Sriram,ODI,1,5,3,5,1,2,0,0,3.0,60.0,40.0,0.0
LM Gwebu,T20I,7,49,3,46,6,43,0,0,0.5,6.52,93.48,0.0
JR Lennox,ODI,3,13,3,13,2,10,0,0,1.5,23.08,76.92,0.0
S Jadhav,T20I,1,3,3,3,0,0,0,0,3.0,100.0,0.0,0.0
LO Telea,T20I,1,7,3,7,1,5,0,0,3.0,42.86,71.43,0.0
M Tilau,T20I,3,17,3,16,3,13,0,0,1.0,18.75,81.25,0.0
M Tiwari,IPL,1,4,3,4,1,2,0,0,3.0,75.0,50.0,0.0
M Tom,ODI,3,7,3,7,1,5,0,0,3.0,42.86,71.43,0.0
D Gamage,ODI,2,11,3,10,1,7,0,0,3.0,30.0,70.0,0.0
Sumaiya Akter,ODI,3,20,3,19,3,17,0,0,1.0,15.79,89.47,0.0
M Munakata,T20I,1,8,3,8,0,5,0,0,3.0,37.5,62.5,0.0
WT Gavera,T20I,2,6,3,6,2,4,0,0,1.5,50.0,66.67,0.0
V Tari,T20I,1,14,3,14,1,12,0,0,3.0,21.43,85.71,0.0
P Madhukar,T20I,1,7,3,7,0,4,0,0,3.0,42.86,57.14,0.0
Mohammad Asif,IPL,2,6,3,6,2,3,0,0,1.5,50.0,50.0,0.0
ES Grammenou,T20I,2,23,3,19,2,16,0,0,1.5,15.79,84.21,0.0
Ebadat Hossain,ODI,6,18,3,14,2,11,0,0,1.5,21.43,78.57,0.0
B Laughlin,PSL,1,2,3,2,0,1,0,0,3.0,150.0,50.0,0.0
T Elikana,T20I,2,16,3,13,0,9,0,0,3.0,23.08,69.23,0.0
H Hajnic,T20I,3,47,3,42,1,38,0,0,3.0,7.14,90.48,0.0
SA van Breda,T20I,1,8,3,8,1,5,0,0,3.0,37.5,62.5,0.0
D Soraine,ODI,2,10,3,9,2,6,0,0,1.5,33.33,66.67,0.0
KA Jamieson,PSL,1,7,3,7,1,4,0,0,3.0,42.86,57.14,0.0
KAB Hynam-Nyberg,T20I,2,4,3,4,1,2,0,0,3.0,75.0,50.0,0.0
KAJ Roach,T20I,1,2,3,2,0,0,0,0,3.0,150.0,0.0,0.0
D Dawa,T20I,2,7,3,7,0,4,0,0,3.0,42.86,57.14,0.0
DS Rathi,IPL,3,9,3,8,1,5,0,0,3.0,37.5,62.5,0.0
S Elmsjoo,T20I,3,12,3,10,2,7,0,0,1.5,30.0,70.0,0.0
JO Ngoche,T20I,2,16,3,16,1,13,0,0,3.0,18.75,81.25,0.0
J Otieno,T20I,1,4,3,4,0,1,0,0,3.0,75.0,25.0,0.0
S Tyagi,IPL,1,4,3,4,0,1,0,0,3.0,75.0,25.0,0.0
K Namchaikul,T20I,5,14,3,14,4,11,0,0,0.75,21.43,78.57,0.0
P Desungnoen,T20I,1,4,3,4,1,1,0,0,3.0,75.0,25.0,0.0
Vinod Kumar,T20I,1,4,3,4,1,1,0,0,3.0,75.0,25.0,0.0
LP Griffiths,Test,1,30,3,29,2,26,0,0,1.5,10.34,89.66,0.0
Shadnan Khan,T20I,1,4,3,4,1,2,0,0,3.0,75.0,50.0,0.0
S Verma,T20I,2,6,3,6,1,3,0,0,3.0,50.0,50.0,0.0
D Bourne,T20I,1,6,3,6,1,3,0,0,3.0,50.0,50.0,0.0
SA Abbott,PSL,1,15,3,14,1,11,0,0,3.0,21.43,78.57,0.0
KA Anderson,Test,1,18,3,18,2,16,0,0,1.5,16.67,88.89,0.0
Basharat Hussain,T20I,3,16,3,15,1,12,0,0,3.0,20.0,80.0,0.0
J Yadav,ODI,2,7,3,7,1,4,0,0,3.0,42.86,57.14,0.0
RR Joshi,ODI,1,4,3,4,1,2,0,0,3.0,75.0,50.0,0.0
KA Blackwell,ODI,1,11,3,11,1,8,0,0,3.0,27.27,72.73,0.0
K Sinclair,T20I,2,9,3,9,1,6,0,0,3.0,33.33,66.67,0.0
K Taniguchi,T20I,1,18,3,18,1,15,0,0,3.0,16.67,83.33,0.0
Bashir Shah,T20I,4,7,3,7,1,4,0,0,3.0,42.86,57.14,0.0
B Lewis,T20I,3,8,3,8,1,5,0,0,3.0,37.5,62.5,0.0
SJ Coyte,Test,2,14,3,14,2,12,0,0,1.5,21.43,85.71,0.0
TJP Weo,T20I,2,12,3,9,1,6,0,0,3.0,33.33,66.67,0.0
C Stephenson,T20I,3,16,3,15,3,13,0,0,1.0,20.0,86.67,0.0
R Ninan,IPL,1,6,3,6,1,2,0,0,3.0,50.0,33.33,0.0
MJ Tugaga,T20I,1,2,3,2,0,0,0,0,3.0,150.0,0.0,0.0
TK Lal,T20I,1,2,3,2,1,0,0,0,3.0,150.0,0.0,0.0
Ibrahim Karim,T20I,2,6,3,6,1,3,0,0,3.0,50.0,50.0,0.0
LA McBride,T20I,2,7,3,6,1,3,0,0,3.0,50.0,50.0,0.0
S Bhanushali,T20I,2,13,3,13,1,10,0,0,3.0,23.08,76.92,0.0
AD Fofana,T20I,3,19,3,18,2,15,0,0,1.5,16.67,83.33,0.0
Rumeysa Alp,T20I,2,17,3,16,0,13,0,0,3.0,18.75,81.25,0.0
Lwin Maw,T20I,1,6,3,5,1,3,0,0,3.0,60.0,60.0,0.0
Fawad Ahmed,T20I,1,5,3,5,0,2,0,0,3.0,60.0,40.0,0.0
D Kalyankrishna,IPL,1,8,3,8,1,5,0,0,3.0,37.5,62.5,0.0
Fahad Nawaz,ODI,2,10,2,10,2,8,0,0,1.0,20.0,80.0,0.0
BG Illing,ODI,3,10,2,8,1,6,0,0,2.0,25.0,75.0,0.0
BE McGain,Test,1,16,2,16,1,14,0,0,2.0,12.5,87.5,0.0
Fawad Ali,PSL,1,2,2,2,0,1,0,0,2.0,100.0,50.0,0.0
S Badree,PSL,1,2,2,2,0,0,0,0,2.0,100.0,0.0,0.0
M Bosman,T20I,1,8,2,7,1,5,0,0,2.0,28.57,71.43,0.0
AD Diwan Ali,T20I,2,11,2,8,0,6,0,0,2.0,25.0,75.0,0.0
Faizal Salehji,T20I,1,2,2,2,1,1,0,0,2.0,100.0,50.0,0.0
NG Smith,T20I,1,4,2,4,0,2,0,0,2.0,50.0,50.0,0.0
Shivam Singh,IPL,1,3,2,3,0,1,0,0,2.0,66.67,33.33,0.0
S Basharat,T20I,2,9,2,7,1,5,0,0,2.0,28.57,71.43,0.0
Jiyeon Park (2),T20I,3,9,2,8,1,6,0,0,2.0,25.0,75.0,0.0
Abu Zar,T20I,1,4,2,3,1,2,0,0,2.0,66.67,66.67,0.0
Abu Jayed,T20I,1,3,2,3,1,2,0,0,2.0,66.67,66.67,0.0
Joanna Child,T20I,1,10,2,8,1,6,0,0,2.0,25.0,75.0,0.0
A Singh,IPL,5,10,2,10,4,7,0,0,0.5,20.0,70.0,0.0
Archara Supriya,T20I,3,11,2,9,1,7,0,0,2.0,22.22,77.78,0.0
Aridah Umer Farooq,T20I,2,19,2,19,2,17,0,0,1.0,10.53,89.47,0.0
Ajaz Patel,T20I,2,12,2,11,2,9,0,0,1.0,18.18,81.82,0.0
DP Hernandez,T20I,2,17,2,12,1,9,0,0,2.0,16.67,75.0,0.0
SFS Cheema,T20I,4,9,2,8,4,6,0,0,0.5,25.0,75.0,0.0
SG Satghare,ODI,1,3,2,3,0,2,0,0,2.0,66.67,66.67,0.0
KO Elliott,T20I,1,13,2,13,1,11,0,0,2.0,15.38,84.62,0.0
Franz Bur,T20I,1,7,2,7,0,4,0,0,2.0,28.57,57.14,0.0
Zaheer Maqsood,T20I,1,5,2,5,1,3,0,0,2.0,40.0,60.0,0.0
N Mutasa,T20I,1,3,2,3,0,1,0,0,2.0,66.67,33.33,0.0
Lovedeep Singh,T20I,1,2,2,2,0,0,0,0,2.0,100.0,0.0,0.0
Shamma Ali,T20I,6,28,2,28,4,26,0,0,0.5,7.14,92.86,0.0
A Stoilova,T20I,4,29,2,25,4,19,0,0,0.5,8.0,76.0,0.0
TG Thamae,T20I,4,13,2,13,4,11,0,0,0.5,15.38,84.62,0.0
M Theekshana,PSL,2,4,2,4,1,2,0,0,2.0,50.0,50.0,0.0
H Wenehoua,T20I,2,8,2,7,2,6,0,0,1.0,28.57,85.71,0.0
VS Yeligati,IPL,1,2,2,2,1,1,0,0,2.0,100.0,50.0,0.0
H Pile,T20I,1,6,2,6,1,5,0,0,2.0,33.33,83.33,0.0
JP Bray,T20I,2,17,2,17,2,15,0,0,1.0,11.76,88.24,0.0
S Vig,T20I,1,8,2,8,1,6,0,0,2.0,25.0,75.0,0.0
RP Mitchell,T20I,2,5,2,5,0,3,0,0,2.0,40.0,60.0,0.0
DV Malewar,IPL,2,5,2,5,2,3,0,0,1.0,40.0,60.0,0.0
J Pashley,ODI,1,17,2,15,1,13,0,0,2.0,13.33,86.67,0.0
S di Bartolomeo,T20I,1,2,2,2,0,1,0,0,2.0,100.0,50.0,0.0
A Kansonkho,T20I,2,5,2,5,2,4,0,0,1.0,40.0,80.0,0.0
H Elder,T20I,2,3,2,3,1,1,0,0,2.0,66.67,33.33,0.0
M May,T20I,1,2,2,2,0,0,0,0,2.0,100.0,0.0,0.0
RS Gavaskar,IPL,1,8,2,8,1,6,0,0,2.0,25.0,75.0,0.0
Syed Jawad Haider,T20I,1,5,2,5,1,3,0,0,2.0,40.0,60.0,0.0
OS Oyronke,T20I,2,13,2,12,2,10,0,0,1.0,16.67,83.33,0.0
J Long,T20I,1,7,2,6,0,4,0,0,2.0,33.33,66.67,0.0
HE Whelan,ODI,1,16,2,16,0,14,0,0,2.0,12.5,87.5,0.0
Mohammad Ashraful,IPL,1,12,2,10,1,8,0,0,2.0,20.0,80.0,0.0
HB Shipley,T20I,2,2,2,2,0,0,0,0,2.0,100.0,0.0,0.0
Bilal Aftab,T20I,2,3,2,3,1,1,0,0,2.0,66.67,33.33,0.0
Mohammad Hamza,PSL,1,4,2,4,1,2,0,0,2.0,50.0,50.0,0.0
Mohammad Huraira,PSL,1,8,2,8,1,6,0,0,2.0,25.0,75.0,0.0
CJ Green,T20I,1,3,2,3,0,1,0,0,2.0,66.67,33.33,0.0
J Pullen,T20I,2,16,2,15,2,13,0,0,1.0,13.33,86.67,0.0
H Das,IPL,1,5,2,5,1,3,0,0,2.0,40.0,60.0,0.0
Mongdara Sok,T20I,5,9,2,9,2,7,0,0,1.0,22.22,77.78,0.0
KA Jadhav,T20I,1,14,2,14,1,12,0,0,2.0,14.29,85.71,0.0
Sumit Singh,T20I,1,8,2,7,1,6,0,0,2.0,28.57,85.71,0.0
Ahmad Khalid Ahmadzai,T20I,3,11,2,11,3,9,0,0,0.67,18.18,81.82,0.0
RS Higgins,ODI,2,21,2,20,2,18,0,0,1.0,10.0,90.0,0.0
M Smook,T20I,1,2,2,2,0,0,0,0,2.0,100.0,0.0,0.0
K Nima,T20I,1,3,2,3,0,1,0,0,2.0,66.67,33.33,0.0
SS Kang,T20I,2,9,2,9,2,7,0,0,1.0,22.22,77.78,0.0
S Stanikzay,T20I,3,5,2,5,3,3,0,0,0.67,40.0,60.0,0.0
A Lupascu,T20I,1,9,2,9,1,7,0,0,2.0,22.22,77.78,0.0
Emran Shahbakhsh,T20I,1,2,2,2,0,1,0,0,2.0,100.0,50.0,0.0
Mohomed Saddam,T20I,2,11,2,11,3,9,0,0,0.67,18.18,81.82,0.0
BR Sharath,IPL,1,5,2,5,1,3,0,0,2.0,40.0,60.0,0.0
BS Sandhu,T20I,1,5,2,5,1,3,0,0,2.0,40.0,60.0,0.0
O Kirsten,T20I,1,1,2,1,0,0,0,0,2.0,200.0,0.0,0.0
SB Odedra,Test,1,35,2,34,2,32,0,0,1.0,5.88,94.12,0.0
SB Wagh,IPL,2,3,2,3,2,2,0,0,1.0,66.67,66.67,0.0
Aarnav Patel,T20I,2,7,2,7,0,5,0,0,2.0,28.57,71.43,0.0
Kiyo Fujikawa,T20I,1,18,2,16,0,14,0,0,2.0,12.5,87.5,0.0
Komalpreet Grewal,T20I,1,10,2,10,1,8,0,0,2.0,20.0,80.0,0.0
SA Pradhan,T20I,1,6,2,6,0,4,0,0,2.0,33.33,66.67,0.0
M Martin,T20I,1,6,2,6,1,5,0,0,2.0,33.33,83.33,0.0
APC Kilowan,T20I,1,2,2,2,1,0,0,0,2.0,100.0,0.0,0.0
KC Hodsoll,ODI,1,6,2,5,0,3,0,0,2.0,40.0,60.0,0.0
L Kumari,T20I,1,10,2,9,1,7,0,0,2.0,22.22,77.78,0.0
PA Desai,ODI,1,12,2,12,0,10,0,0,2.0,16.67,83.33,0.0
Meghna Singh,Test,1,6,2,6,0,4,0,0,2.0,33.33,66.67,0.0
EJ Tice,ODI,2,12,2,12,2,10,0,0,1.0,16.67,83.33,0.0
Mobashar Ashraf,T20I,1,5,2,4,1,2,0,0,2.0,50.0,50.0,0.0
T Lhaden,T20I,2,5,2,5,2,3,0,0,1.0,40.0,60.0,0.0
LL Tsotsobe,T20I,3,10,2,10,1,8,0,0,2.0,20.0,80.0,0.0
LM Aramas,T20I,2,9,2,8,2,6,0,0,1.0,25.0,75.0,0.0
LM Christensen,T20I,1,3,2,3,1,1,0,0,2.0,66.67,33.33,0.0
Sareer Shah,T20I,4,6,2,6,2,4,0,0,1.0,33.33,66.67,0.0
Mohammad Ali,Test,4,66,2,66,5,65,0,0,0.4,3.03,98.48,0.0
B Kasinja,T20I,3,9,2,7,0,5,0,0,2.0,28.57,71.43,0.0
A Lazic,T20I,2,3,2,3,1,1,0,0,2.0,66.67,33.33,0.0
A Letuba,T20I,2,8,2,8,2,7,0,0,1.0,25.0,87.5,0.0
Mihir Patel,T20I,1,2,2,2,1,1,0,0,2.0,100.0,50.0,0.0
B Angeltti,T20I,2,9,2,5,2,4,0,0,1.0,40.0,80.0,0.0
Mashrafe Mortaza,IPL,1,2,2,2,0,1,0,0,2.0,100.0,50.0,0.0
S Talamarla,T20I,2,8,2,8,2,6,0,0,1.0,25.0,75.0,0.0
M Trejbalova,T20I,3,48,2,36,1,33,0,0,2.0,5.56,91.67,0.0
J Khadka,T20I,3,5,2,4,1,2,0,0,2.0,50.0,50.0,0.0
RJ Rolls,ODI,1,4,2,4,1,2,0,0,2.0,50.0,50.0,0.0
Eyman Fatima,ODI,2,6,2,6,1,5,0,0,2.0,33.33,83.33,0.0
Waheeda Akhtar,T20I,2,12,2,11,2,9,0,0,1.0,18.18,81.82,0.0
Rahman Ademi,T20I,3,12,2,12,3,10,0,0,0.67,16.67,83.33,0.0
JA Turner,ODI,1,5,2,5,0,3,0,0,2.0,40.0,60.0,0.0
AAH Bhikari,T20I,2,11,2,11,2,9,0,0,1.0,18.18,81.82,0.0
M Marchello,T20I,3,13,2,11,2,9,0,0,1.0,18.18,81.82,0.0
M Marin,T20I,3,51,2,31,2,27,0,0,1.0,6.45,87.1,0.0
Rabiya Shah,T20I,2,4,2,4,1,2,0,0,2.0,50.0,50.0,0.0
AP Venkata,T20I,1,12,2,9,1,7,0,0,2.0,22.22,77.78,0.0
Choudhry Md Imran,T20I,2,3,2,3,2,2,0,0,1.0,66.67,66.67,0.0
Mario Ovalle,T20I,1,8,2,8,1,6,0,0,2.0,25.0,75.0,0.0
PG Gillespie,ODI,2,11,2,11,2,9,0,0,1.0,18.18,81.82,0.0
HWR Cartwright,ODI,2,23,2,23,2,21,0,0,1.0,8.7,91.3,0.0
Sanjida Akter Meghla,T20I,3,9,2,9,1,7,0,0,2.0,22.22,77.78,0.0
Khazaima,T20I,3,11,2,8,3,6,0,0,0.67,25.0,75.0,0.0
Waqar Ali,T20I,1,2,2,2,0,0,0,0,2.0,100.0,0.0,0.0
SC Meaker,ODI,2,18,2,16,2,14,0,0,1.0,12.5,87.5,0.0
KE Ebrahim,T20I,4,11,2,11,4,9,0,0,0.5,18.18,81.82,0.0
Ahmad Raza,T20I,2,4,2,4,0,2,0,0,2.0,50.0,50.0,0.0
JN Rhodes,ODI,1,6,2,6,1,4,0,0,2.0,33.33,66.67,0.0
JNK Shannon,ODI,1,8,2,8,1,6,0,0,2.0,25.0,75.0,0.0
M Kartik,Test,1,8,2,8,2,6,0,0,1.0,25.0,75.0,0.0
Rahimgul Naseri,T20I,2,7,2,7,2,5,0,0,1.0,28.57,71.43,0.0
Hafiz Qaleem,T20I,1,4,2,4,1,2,0,0,2.0,50.0,50.0,0.0
EF Faalupega,T20I,2,6,2,6,2,4,0,0,1.0,33.33,66.67,0.0
Manjural Islam,ODI,3,11,2,11,2,10,0,0,1.0,18.18,90.91,0.0
RJ Gleeson,IPL,1,2,2,2,0,1,0,0,2.0,100.0,50.0,0.0
RJ Gleeson,T20I,2,4,2,4,2,3,0,0,1.0,50.0,75.0,0.0
RJ Harris,T20I,1,1,2,1,0,0,0,0,2.0,200.0,0.0,0.0
GJ Snyman,T20I,1,6,2,6,1,4,0,0,2.0,33.33,66.67,0.0
GH O'Brien,ODI,1,6,2,6,1,5,0,0,2.0,33.33,83.33,0.0
GHS Garton,IPL,2,4,2,4,1,2,0,0,2.0,50.0,50.0,0.0
GHS Garton,T20I,1,4,2,4,1,2,0,0,2.0,50.0,50.0,0.0
Akash Babu,T20I,3,6,2,6,3,5,0,0,0.67,33.33,83.33,0.0
M Kagoya,T20I,1,1,2,1,0,0,0,0,2.0,200.0,0.0,0.0
Sufyan Yousaf,T20I,1,4,2,4,1,2,0,0,2.0,50.0,50.0,0.0
M Labuschagne,T20I,1,5,2,4,1,2,0,0,2.0,50.0,50.0,0.0
Waseeq Ahmed,T20I,2,3,2,3,0,1,0,0,2.0,66.67,33.33,0.0
RJ Kirtley,T20I,1,4,2,4,0,2,0,0,2.0,50.0,50.0,0.0
Umran Malik,ODI,3,11,2,11,1,9,0,0,2.0,18.18,81.82,0.0
Usman Shinwari,T20I,1,3,2,3,0,1,0,0,2.0,66.67,33.33,0.0
BR Dorey,ODI,1,9,2,8,1,6,0,0,2.0,25.0,75.0,0.0
A Dineshi,T20I,3,18,2,15,3,14,0,0,0.67,13.33,93.33,0.0
T Sangha,T20I,1,4,2,4,0,2,0,0,2.0,50.0,50.0,0.0
RDS Morein,T20I,4,11,2,11,1,10,0,0,2.0,18.18,90.91,0.0
RG More,IPL,1,2,2,2,0,0,0,0,2.0,100.0,0.0,0.0
T Shamsi,IPL,1,4,2,4,0,2,0,0,2.0,50.0,50.0,0.0
J Drysdale,ODI,1,6,2,6,0,4,0,0,2.0,33.33,66.67,0.0
MBT Montero,T20I,2,51,2,43,2,38,0,0,1.0,4.65,88.37,0.0
Aviel Warsulkar,T20I,2,3,2,3,0,2,0,0,2.0,66.67,66.67,0.0
PKD Chase,T20I,2,9,2,9,0,7,0,0,2.0,22.22,77.78,0.0
PM Liyanagamage,T20I,2,4,2,4,1,2,0,0,2.0,50.0,50.0,0.0
UWMBCA Welegedara,T20I,1,3,2,3,0,1,0,0,2.0,66.67,33.33,0.0
A Motorwala,T20I,3,10,2,8,3,7,0,0,0.67,25.0,87.5,0.0
PK Dimitri,T20I,4,11,2,10,2,8,0,0,1.0,20.0,80.0,0.0
Harry Johnson,T20I,2,3,2,3,1,1,0,0,2.0,66.67,33.33,0.0
Azin Rafeeg,T20I,1,6,2,5,0,3,0,0,2.0,40.0,60.0,0.0
S Lote,T20I,2,8,2,8,2,6,0,0,1.0,25.0,75.0,0.0
S Randiv,IPL,1,4,2,4,1,3,0,0,2.0,50.0,75.0,0.0
S Saenya,T20I,1,6,2,6,0,4,0,0,2.0,33.33,66.67,0.0
K Fubler,T20I,1,2,2,2,0,1,0,0,2.0,100.0,50.0,0.0
Humna Bilal,T20I,2,3,2,3,1,1,0,0,2.0,66.67,33.33,0.0
U Thimashini,ODI,1,6,2,5,1,3,0,0,2.0,40.0,60.0,0.0
K Kamyuka,ODI,1,2,2,2,1,1,0,0,2.0,100.0,50.0,0.0
L Nou,T20I,1,4,2,3,0,1,0,0,2.0,66.67,33.33,0.0
Attia Diwan Ali,T20I,2,14,2,11,1,9,0,0,2.0,18.18,81.82,0.0
AS Alvarez,T20I,3,32,2,26,3,20,0,0,0.67,7.69,76.92,0.0
D Mogan,T20I,1,8,2,8,1,6,0,0,2.0,25.0,75.0,0.0
AR Menon,T20I,1,5,2,5,1,3,0,0,2.0,40.0,60.0,0.0
SD Diwan Ali,T20I,2,20,2,17,2,15,0,0,1.0,11.76,88.24,0.0
Aakash Chand,T20I,2,6,2,6,0,4,0,0,2.0,33.33,66.67,0.0
Muhammed Imran,ODI,2,10,2,9,1,8,0,0,2.0,22.22,88.89,0.0
BP Adapaka,T20I,4,4,2,4,1,2,0,0,2.0,50.0,50.0,0.0
S Budhathoki,T20I,1,2,2,2,1,1,0,0,2.0,100.0,50.0,0.0
I Bardis,T20I,2,6,2,6,1,4,0,0,2.0,33.33,66.67,0.0
Aslam Bera,T20I,4,9,2,9,4,7,0,0,0.5,22.22,77.78,0.0
A Orfila,T20I,2,10,2,9,2,8,0,0,1.0,22.22,88.89,0.0
MVT Fernando,T20I,1,2,2,2,1,1,0,0,2.0,100.0,50.0,0.0
PR George,Test,1,11,2,11,2,10,0,0,1.0,18.18,90.91,0.0
Tripti Gore,T20I,2,16,2,12,3,10,0,0,0.67,16.67,83.33,0.0
Anop Santosh,ODI,1,9,2,9,1,7,0,0,2.0,22.22,77.78,0.0
Navdeep Saini,IPL,1,2,2,2,1,1,0,0,2.0,100.0,50.0,0.0
Muzammil Shahzad,T20I,3,16,2,16,3,14,0,0,0.67,12.5,87.5,0.0
Nasir Javed,ODI,1,20,2,19,0,16,0,0,2.0,10.53,84.21,0.0
Musfirah Nur Ainaa,T20I,3,6,2,6,1,4,0,0,2.0,33.33,66.67,0.0
A Dowling,T20I,1,4,2,3,1,1,0,0,2.0,66.67,33.33,0.0
AR Poulter,T20I,1,8,2,6,0,4,0,0,2.0,33.33,66.67,0.0
AR Shetty,T20I,1,9,2,7,1,4,0,0,2.0,28.57,57.14,0.0
Anmoldeep Singh,T20I,1,7,2,7,1,5,0,0,2.0,28.57,71.43,0.0
I Mutoni,T20I,1,2,2,2,0,0,0,0,2.0,100.0,0.0,0.0
K Gowtham,ODI,1,3,2,3,1,1,0,0,2.0,66.67,33.33,0.0
L Samani,T20I,3,16,2,13,3,11,0,0,0.67,15.38,84.62,0.0
MS Tshabalala,ODI,1,3,2,3,0,1,0,0,2.0,66.67,33.33,0.0
Jandu Hamoud,T20I,1,4,2,4,1,2,0,0,2.0,50.0,50.0,0.0
AJ Parmar,T20I,5,8,2,8,1,5,0,0,2.0,25.0,62.5,0.0
A Wellington,Test,1,12,2,12,1,10,0,0,2.0,16.67,83.33,0.0
DJ Terbrugge,Test,1,25,2,25,2,22,0,0,1.0,8.0,88.0,0.0
Shahrukh Quddus,T20I,3,6,2,5,1,3,0,0,2.0,40.0,60.0,0.0
AD Russell,Test,1,9,2,9,1,7,0,0,2.0,22.22,77.78,0.0
G Wareham,Test,1,11,2,11,1,10,0,0,2.0,18.18,90.91,0.0
BM Anusha,ODI,1,6,2,5,0,3,0,0,2.0,40.0,60.0,0.0
Najeeb Amar,T20I,1,9,2,9,1,8,0,0,2.0,22.22,88.89,0.0
Yang Shen,T20I,2,4,2,3,1,1,0,0,2.0,66.67,33.33,0.0
KL Rolton,ODI,2,12,2,10,2,8,0,0,1.0,20.0,80.0,0.0
KK Ahmed,IPL,6,9,2,9,5,7,0,0,0.4,22.22,77.78,0.0
E Malinga,IPL,1,7,2,6,0,4,0,0,2.0,33.33,66.67,0.0
K Dangol,T20I,3,9,2,7,1,5,0,0,2.0,28.57,71.43,0.0
Saarah Smith,T20I,2,4,2,4,1,2,0,0,2.0,50.0,50.0,0.0
Sabahat Rasheed,ODI,1,3,2,3,0,1,0,0,2.0,66.67,33.33,0.0
L Stubbs,T20I,3,24,2,24,3,22,0,0,0.67,8.33,91.67,0.0
E Millington,T20I,1,6,2,6,1,4,0,0,2.0,33.33,66.67,0.0
E Mmese,T20I,1,13,2,10,1,9,0,0,2.0,20.0,90.0,0.0
Ashwini Balaji,T20I,2,7,2,7,2,6,0,0,1.0,28.57,85.71,0.0
C Jennings,T20I,2,7,2,6,2,4,0,0,1.0,33.33,66.67,0.0
Tareq Aziz,ODI,1,11,2,11,0,9,0,0,2.0,18.18,81.82,0.0
Tasaduq Hussain,T20I,2,6,2,6,2,4,0,0,1.0,33.33,66.67,0.0
RA Lewis,ODI,2,13,2,13,2,12,0,0,1.0,15.38,92.31,0.0
R Tanna,T20I,1,3,2,3,0,1,0,0,2.0,66.67,33.33,0.0
R Vinay Kumar,T20I,1,4,2,4,0,2,0,0,2.0,50.0,50.0,0.0
R Vishwanath,T20I,1,3,2,3,0,1,0,0,2.0,66.67,33.33,0.0
I Muntean,T20I,4,14,2,14,4,12,0,0,0.5,14.29,85.71,0.0
Junaed Mullah,T20I,1,12,2,12,1,10,0,0,2.0,16.67,83.33,0.0
S Nsubuga,T20I,3,6,2,6,2,4,0,0,1.0,33.33,66.67,0.0
Qadeer Ahmed,ODI,3,12,2,11,0,9,0,0,2.0,18.18,81.82,0.0
IC Simao,T20I,6,12,2,11,3,9,0,0,0.67,18.18,81.82,0.0
Anskumar Ahir,T20I,1,6,2,6,0,4,0,0,2.0,33.33,66.67,0.0
CS Martin,ODI,1,3,2,3,0,1,0,0,2.0,66.67,33.33,0.0
CV Harrison,T20I,1,4,2,4,0,2,0,0,2.0,50.0,50.0,0.0
Nabaa Naseem,T20I,3,28,2,26,3,24,0,0,0.67,7.69,92.31,0.0
Yin Chenhao,T20I,2,14,2,13,2,12,0,0,1.0,15.38,92.31,0.0
Yousif Wali,T20I,1,2,2,2,1,1,0,0,2.0,100.0,50.0,0.0
BAC Howell,PSL,1,1,2,1,0,0,0,0,2.0,200.0,0.0,0.0
N Jovicevic,T20I,1,13,2,12,1,10,0,0,2.0,16.67,83.33,0.0
G Johnson,T20I,1,12,2,10,0,8,0,0,2.0,20.0,80.0,0.0
Ronald Ebanks,T20I,3,6,2,6,3,5,0,0,0.67,33.33,83.33,0.0
M Gherasim,T20I,2,7,2,6,1,4,0,0,2.0,33.33,66.67,0.0
JI de Villiers,T20I,3,5,2,5,2,3,0,0,1.0,40.0,60.0,0.0
MM Letsoalo,T20I,2,10,2,8,1,5,0,0,2.0,25.0,62.5,0.0
TO Thilappan,T20I,3,10,2,9,3,7,0,0,0.67,22.22,77.78,0.0
C Namugenyi,T20I,2,3,2,3,1,2,0,0,2.0,66.67,66.67,0.0
R Dhami,T20I,1,5,2,4,0,1,0,0,2.0,50.0,25.0,0.0
LJ Hamilton,ODI,1,4,2,4,1,2,0,0,2.0,50.0,50.0,0.0
MJ Mason,T20I,1,2,2,2,1,0,0,0,2.0,100.0,0.0,0.0
DKD Warnakulasuriya,T20I,2,14,2,13,1,11,0,0,2.0,15.38,84.62,0.0
KT Sandher,ODI,1,6,2,6,1,4,0,0,2.0,33.33,66.67,0.0
KMC Bandara,T20I,1,4,2,4,0,2,0,0,2.0,50.0,50.0,0.0
Z Makadji,T20I,4,11,2,11,3,9,0,0,0.67,18.18,81.82,0.0
Z Mali,ODI,2,7,2,7,0,5,0,0,2.0,28.57,71.43,0.0
Z Mali,T20I,1,3,2,3,0,2,0,0,2.0,66.67,66.67,0.0
G Batagoda,T20I,2,5,2,5,2,3,0,0,1.0,40.0,60.0,0.0
G Campbell,T20I,1,9,2,8,1,6,0,0,2.0,25.0,75.0,0.0
Shoaib Akhtar,IPL,1,8,2,7,1,5,0,0,2.0,28.57,71.43,0.0
S Pitabeddara,T20I,2,4,2,4,2,3,0,0,1.0,50.0,75.0,0.0
LA McBride,ODI,1,2,2,2,0,0,0,0,2.0,100.0,0.0,0.0
Zhang Xiangxue,T20I,1,2,2,2,0,1,0,0,2.0,100.0,50.0,0.0
SJ Patel,T20I,4,13,2,11,3,9,0,0,0.67,18.18,81.82,0.0
KR Sen,ODI,1,4,2,4,0,2,0,0,2.0,50.0,50.0,0.0
SJ Hate,T20I,1,3,2,3,0,1,0,0,2.0,66.67,33.33,0.0
D Lakshan,ODI,1,9,2,9,1,7,0,0,2.0,22.22,77.78,0.0
A Bhattarai,T20I,1,3,2,3,1,1,0,0,2.0,66.67,33.33,0.0
BG Illing,T20I,2,4,2,4,0,2,0,0,2.0,50.0,50.0,0.0
A Bhagwat,T20I,3,9,2,9,3,7,0,0,0.67,22.22,77.78,0.0
KP Appanna,IPL,3,4,2,4,1,2,0,0,2.0,50.0,50.0,0.0
AK Mandal,T20I,1,9,2,9,1,7,0,0,2.0,22.22,77.78,0.0
L Zulu,T20I,1,5,2,5,1,3,0,0,2.0,40.0,60.0,0.0
Camila Valdes,T20I,4,66,2,58,4,56,0,0,0.5,3.45,96.55,0.0
Saif Ullah Malik,T20I,1,3,2,3,1,2,0,0,2.0,66.67,66.67,0.0
Sajjad Ali,PSL,1,2,2,2,1,1,0,0,2.0,100.0,50.0,0.0
C Prathyusha,ODI,1,3,2,3,0,1,0,0,2.0,66.67,33.33,0.0
BW Hilfenhaus,T20I,3,10,2,10,2,9,0,0,1.0,20.0,90.0,0.0
S Vijayakumar,T20I,2,5,2,5,2,3,0,0,1.0,40.0,60.0,0.0
K Takahashi,T20I,1,3,2,3,1,1,0,0,2.0,66.67,33.33,0.0
H Little,T20I,1,4,2,4,1,3,0,0,2.0,50.0,75.0,0.0
W Kokaua,T20I,1,5,2,4,0,2,0,0,2.0,50.0,50.0,0.0
P Buccimazza,T20I,2,14,2,13,2,11,0,0,1.0,15.38,84.62,0.0
Elias Sunny,ODI,4,11,2,11,2,9,0,0,1.0,18.18,81.82,0.0
B Maes Loch,T20I,1,5,2,4,1,2,0,0,2.0,50.0,50.0,0.0
Khurram Shahzad,T20I,2,12,2,12,2,10,0,0,1.0,16.67,83.33,0.0
M Prasidh Krishna,ODI,6,18,2,17,2,15,0,0,1.0,11.76,88.24,0.0
J Srinath,Test,1,5,2,5,0,4,0,0,2.0,40.0,80.0,0.0
RP Burl,PSL,1,6,2,6,1,4,0,0,2.0,33.33,66.67,0.0
R Patten,T20I,3,9,2,9,1,7,0,0,2.0,22.22,77.78,0.0
Ignacio Lisboa,T20I,1,6,2,6,1,5,0,0,2.0,33.33,83.33,0.0
MJ Swepson,ODI,1,2,2,2,1,1,0,0,2.0,100.0,50.0,0.0
Ibtisam Sheikh,PSL,1,6,2,6,0,4,0,0,2.0,33.33,66.67,0.0
Kashif Ali,Test,1,12,1,12,1,11,0,0,1.0,8.33,91.67,0.0
Matiullah Khan,T20I,2,6,1,5,0,4,0,0,1.0,20.0,80.0,0.0
Meghna Singh,T20I,2,2,1,2,1,1,0,0,1.0,50.0,50.0,0.0
PC Connell,T20I,1,2,1,2,0,1,0,0,1.0,50.0,50.0,0.0
KJ Harding,ODI,1,1,1,1,0,0,0,0,1.0,100.0,0.0,0.0
Mariska Kornet,T20I,2,15,1,15,2,14,0,0,0.5,6.67,93.33,0.0
Subashis Roy,ODI,1,9,1,9,0,8,0,0,1.0,11.11,88.89,0.0
Brijesh Sharma,IPL,1,3,1,3,0,2,0,0,1.0,33.33,66.67,0.0
Srishti Raha,T20I,2,4,1,4,2,3,0,0,0.5,25.0,75.0,0.0
V Atanasova,T20I,5,43,1,37,2,35,0,0,0.5,2.7,94.59,0.0
JD Wildermuth,T20I,1,1,1,1,0,0,0,0,1.0,100.0,0.0,0.0
Rashid Hashmi,T20I,1,17,1,14,1,13,0,0,1.0,7.14,92.86,0.0
M Imimole,T20I,1,1,1,1,0,0,0,0,1.0,100.0,0.0,0.0
YP Molina,T20I,2,4,1,4,1,3,0,0,1.0,25.0,75.0,0.0
S Kaul,ODI,1,2,1,2,1,1,0,0,1.0,50.0,50.0,0.0
S Khatri,T20I,3,35,1,32,3,30,0,0,0.33,3.12,93.75,0.0
Ravinder Gill,T20I,1,1,1,1,0,0,0,0,1.0,100.0,0.0,0.0
Sanjida Akter Meghla,ODI,1,7,1,7,1,6,0,0,1.0,14.29,85.71,0.0
Santiago Duggan,T20I,1,4,1,3,0,2,0,0,1.0,33.33,66.67,0.0
Santosh Yadav,T20I,1,4,1,4,1,3,0,0,1.0,25.0,75.0,0.0
JS Jesani,T20I,1,5,1,5,1,4,0,0,1.0,20.0,80.0,0.0
AA Hussein,T20I,1,1,1,1,0,0,0,0,1.0,100.0,0.0,0.0
Y Punja,ODI,1,7,1,6,1,5,0,0,1.0,16.67,83.33,0.0
Haris Karim,T20I,1,3,1,3,1,2,0,0,1.0,33.33,66.67,0.0
EC Bargna,T20I,1,2,1,2,0,1,0,0,1.0,50.0,50.0,0.0
F Malotutoatasi,T20I,1,4,1,4,0,3,0,0,1.0,25.0,75.0,0.0
GDR Eranga,T20I,1,1,1,1,0,0,0,0,1.0,100.0,0.0,0.0
M Ibrahim,T20I,3,17,1,16,3,15,0,0,0.33,6.25,93.75,0.0
HK Bennett,T20I,1,2,1,2,0,1,0,0,1.0,50.0,50.0,0.0
B Shikongo,T20I,4,7,1,7,3,6,0,0,0.33,14.29,85.71,0.0
T Leskinen,T20I,1,1,1,1,0,0,0,0,1.0,100.0,0.0,0.0
RL D'Souza,T20I,4,24,1,24,3,23,0,0,0.33,4.17,95.83,0.0
RL Grundy,ODI,1,6,1,6,1,5,0,0,1.0,16.67,83.33,0.0
T Mufudza,ODI,1,9,1,9,1,8,0,0,1.0,11.11,88.89,0.0
T Natarajan,Test,1,9,1,9,0,8,0,0,1.0,11.11,88.89,0.0
S Toffoletto,T20I,2,4,1,3,1,2,0,0,1.0,33.33,66.67,0.0
L Kooagile,T20I,1,1,1,1,0,0,0,0,1.0,100.0,0.0,0.0
K Kisova,T20I,5,40,1,34,5,33,0,0,0.2,2.94,97.06,0.0
K Kubota,T20I,2,2,1,2,0,1,0,0,1.0,50.0,50.0,0.0
GJ McCarter,ODI,1,1,1,1,0,0,0,0,1.0,100.0,0.0,0.0
K Mahato,ODI,2,10,1,10,0,9,0,0,1.0,10.0,90.0,0.0
EC Rainsford,T20I,1,2,1,2,0,1,0,0,1.0,50.0,50.0,0.0
Mehak Thakur,T20I,2,2,1,2,0,1,0,0,1.0,50.0,50.0,0.0
C Anayo,T20I,1,1,1,1,0,0,0,0,1.0,100.0,0.0,0.0
C Atkins,T20I,1,2,1,2,1,1,0,0,1.0,50.0,50.0,0.0
Masood Jayezeh,T20I,1,5,1,4,1,3,0,0,1.0,25.0,75.0,0.0
V Hettiarachchi,T20I,1,2,1,2,1,1,0,0,1.0,50.0,50.0,0.0
Nazatul Hidayah Husna,T20I,1,1,1,1,0,0,0,0,1.0,100.0,0.0,0.0
Mukhtar Ahmed,PSL,1,3,1,3,1,2,0,0,1.0,33.33,66.67,0.0
T Misi,T20I,1,1,1,1,1,0,0,0,1.0,100.0,0.0,0.0
Y Fourie,ODI,3,8,1,8,2,7,0,0,0.5,12.5,87.5,0.0
Muhammed Imran,T20I,2,2,1,2,1,1,0,0,1.0,50.0,50.0,0.0
Nelson Jesus Navarrete Aburto,T20I,1,8,1,8,1,7,0,0,1.0,12.5,87.5,0.0
T Mosobela,T20I,1,4,1,4,1,3,0,0,1.0,25.0,75.0,0.0
Kashif Bhatti,PSL,1,1,1,1,0,0,0,0,1.0,100.0,0.0,0.0
Bilal Shah,T20I,1,1,1,1,0,0,0,0,1.0,100.0,0.0,0.0
B White,Test,3,30,1,30,2,29,0,0,0.5,3.33,96.67,0.0
K Hruskova,T20I,2,9,1,8,2,7,0,0,0.5,12.5,87.5,0.0
B Wentzel,T20I,1,2,1,2,1,1,0,0,1.0,50.0,50.0,0.0
L Pemhiwa,T20I,1,2,1,2,0,1,0,0,1.0,50.0,50.0,0.0
B Terbish,T20I,3,8,1,7,2,6,0,0,0.5,14.29,85.71,0.0
LH Ferguson,Test,1,9,1,9,0,8,0,0,1.0,11.11,88.89,0.0
Sandeep Sharma,T20I,1,1,1,1,0,0,0,0,1.0,100.0,0.0,0.0
Sangay Yangzom,T20I,1,1,1,1,0,0,0,0,1.0,100.0,0.0,0.0
Sangay Zangmo,T20I,1,4,1,4,0,3,0,0,1.0,25.0,75.0,0.0
JW Wilson,ODI,1,2,1,2,1,1,0,0,1.0,50.0,50.0,0.0
RD McCann,T20I,1,2,1,2,1,1,0,0,1.0,50.0,50.0,0.0
RD Penalba,T20I,1,2,1,2,1,1,0,0,1.0,50.0,50.0,0.0
SE Bond,IPL,1,2,1,2,1,1,0,0,1.0,50.0,50.0,0.0
Maria Salazar,T20I,4,16,1,16,4,14,0,0,0.25,6.25,87.5,0.0
SE Aley,T20I,1,3,1,3,1,2,0,0,1.0,33.33,66.67,0.0
Hee Jung Lee,T20I,2,9,1,8,2,7,0,0,0.5,12.5,87.5,0.0
D Gough,Test,1,18,1,18,1,16,0,0,1.0,5.56,88.89,0.0
Het Patel,T20I,1,9,1,7,0,6,0,0,1.0,14.29,85.71,0.0
G Onions,ODI,1,2,1,2,0,1,0,0,1.0,50.0,50.0,0.0
A Das,ODI,1,11,1,11,1,10,0,0,1.0,9.09,90.91,0.0
Hasan Raza,Test,1,18,1,18,2,17,0,0,0.5,5.56,94.44,0.0
PM Siddle,T20I,1,1,1,1,0,0,0,0,1.0,100.0,0.0,0.0
S Simic,T20I,3,16,1,14,0,12,0,0,1.0,7.14,85.71,0.0
SV Wiig,T20I,1,1,1,1,0,0,0,0,1.0,100.0,0.0,0.0
AL Tiwari,T20I,1,3,1,3,0,2,0,0,1.0,33.33,66.67,0.0
K Gray,T20I,1,9,1,9,1,8,0,0,1.0,11.11,88.89,0.0
S Sebastian,T20I,1,20,1,19,1,17,0,0,1.0,5.26,89.47,0.0
Aneeta Santhosh,T20I,1,7,1,7,1,6,0,0,1.0,14.29,85.71,0.0
Mariam Waseem,T20I,1,6,1,6,1,5,0,0,1.0,16.67,83.33,0.0
KK Ahmed,T20I,2,2,1,2,0,1,0,0,1.0,50.0,50.0,0.0
SDM Herath,T20I,1,3,1,2,1,1,0,0,1.0,50.0,50.0,0.0
AM Kupito,T20I,2,3,1,3,2,2,0,0,0.5,33.33,66.67,0.0
SD Ranawaka,T20I,3,21,1,17,3,16,0,0,0.33,5.88,94.12,0.0
ST Yalimaiwai,T20I,2,2,1,2,1,1,0,0,1.0,50.0,50.0,0.0
SD Parry,T20I,1,1,1,1,0,0,0,0,1.0,100.0,0.0,0.0
Musawar Shah,T20I,1,1,1,1,0,0,0,0,1.0,100.0,0.0,0.0
Murat Ipek,T20I,2,2,1,2,1,1,0,0,1.0,50.0,50.0,0.0
B Williams,T20I,1,3,1,3,0,2,0,0,1.0,33.33,66.67,0.0
Mutaiba Ansar,T20I,1,7,1,6,1,4,0,0,1.0,16.67,66.67,0.0
Naved-ul-Hasan,T20I,1,9,1,9,1,8,0,0,1.0,11.11,88.89,0.0
M Zondeki,ODI,2,3,1,3,0,2,0,0,1.0,33.33,66.67,0.0
Harprit Singh,T20I,1,1,1,1,0,0,0,0,1.0,100.0,0.0,0.0
JC Hartenhof,ODI,1,2,1,2,0,1,0,0,1.0,50.0,50.0,0.0
M de Lange,IPL,1,2,1,2,1,1,0,0,1.0,50.0,50.0,0.0
RJ Gleeson,PSL,2,3,1,3,1,2,0,0,1.0,33.33,66.67,0.0
T Sarada,T20I,1,5,1,4,1,3,0,0,1.0,25.0,75.0,0.0
T Skordili,T20I,1,5,1,5,1,4,0,0,1.0,20.0,80.0,0.0
MBS Jonkman,T20I,1,8,1,8,1,7,0,0,1.0,12.5,87.5,0.0
S Kunaratnam,T20I,1,9,1,8,1,7,0,0,1.0,12.5,87.5,0.0
PM Sarvesh Kumar,IPL,1,2,1,2,0,1,0,0,1.0,50.0,50.0,0.0
Aima Aishath,T20I,3,30,1,27,2,26,0,0,0.5,3.7,96.3,0.0
Ahsan ul Haq,T20I,2,6,1,6,2,5,0,0,0.5,16.67,83.33,0.0
DR Brown,T20I,1,5,1,5,1,4,0,0,1.0,20.0,80.0,0.0
DP Vijaykumar,IPL,1,1,1,1,0,0,0,0,1.0,100.0,0.0,0.0
Mahrukh Imtiaz,T20I,1,8,1,7,1,6,0,0,1.0,14.29,85.71,0.0
Navdeep Saini,T20I,1,1,1,1,0,0,0,0,1.0,100.0,0.0,0.0
WJR Robertson,T20I,1,2,1,2,0,1,0,0,1.0,50.0,50.0,0.0
Abdul Nasir,PSL,2,4,1,4,1,3,0,0,1.0,25.0,75.0,0.0
Ghulam Mudassar,PSL,2,3,1,3,0,2,0,0,1.0,33.33,66.67,0.0
T Batjargal,T20I,2,4,1,3,1,2,0,0,1.0,33.33,66.67,0.0
Mohit Rathee,IPL,1,2,1,2,0,1,0,0,1.0,50.0,50.0,0.0
DVO Garcia,T20I,1,15,1,13,0,7,0,0,1.0,7.69,53.85,0.0
Emylia Eliani,T20I,1,7,1,7,1,6,0,0,1.0,14.29,85.71,0.0
M Sert,T20I,2,8,1,8,2,7,0,0,0.5,12.5,87.5,0.0
RN Lewis,Test,1,10,1,10,2,9,0,0,0.5,10.0,90.0,0.0
AG Rao,T20I,1,4,1,4,1,3,0,0,1.0,25.0,75.0,0.0
DJ Muthuswami,IPL,1,3,1,3,1,2,0,0,1.0,33.33,66.67,0.0
DJ Mokoatsela,T20I,1,5,1,4,1,3,0,0,1.0,25.0,75.0,0.0
H Lui,T20I,1,7,1,7,1,6,0,0,1.0,14.29,85.71,0.0
Sohail Khan,T20I,1,1,1,1,0,0,0,0,1.0,100.0,0.0,0.0
BV Sears,PSL,3,8,1,8,2,7,0,0,0.5,12.5,87.5,0.0
Sukhkaran Sahi,T20I,1,3,1,2,1,1,0,0,1.0,50.0,50.0,0.0
P Gundecha,T20I,1,11,1,11,0,10,0,0,1.0,9.09,90.91,0.0
Sukhjinder Singh,T20I,1,4,1,4,0,3,0,0,1.0,25.0,75.0,0.0
P Hatzoglou,PSL,1,4,1,4,1,3,0,0,1.0,25.0,75.0,0.0
P Hingorani,T20I,3,6,1,6,1,5,0,0,1.0,16.67,83.33,0.0
B Narangerel,T20I,3,12,1,10,2,9,0,0,0.5,10.0,90.0,0.0
Mohammad Kashif,ODI,1,11,1,11,1,10,0,0,1.0,9.09,90.91,0.0
M Samake,T20I,1,7,1,6,1,5,0,0,1.0,16.67,83.33,0.0
M Sefati,T20I,2,5,1,4,2,3,0,0,0.5,25.0,75.0,0.0
SP Jones,ODI,1,2,1,2,1,1,0,0,1.0,50.0,50.0,0.0
Sean Chan Boromey,T20I,3,17,1,16,3,15,0,0,0.33,6.25,93.75,0.0
Sefu Athumani,T20I,1,6,1,6,0,5,0,0,1.0,16.67,83.33,0.0
S Dhami,T20I,1,8,1,8,1,7,0,0,1.0,12.5,87.5,0.0
Alifiya Sayed,T20I,3,14,1,13,1,12,0,0,1.0,7.69,92.31,0.0
M Muralitharan,T20I,2,5,1,5,2,4,0,0,0.5,20.0,80.0,0.0
Ali Raza,PSL,3,9,1,9,0,8,0,0,1.0,11.11,88.89,0.0
M Patwardhan,ODI,2,13,1,13,3,12,0,0,0.33,7.69,92.31,0.0
M Patwardhan,T20I,1,4,1,4,1,2,0,0,1.0,25.0,50.0,0.0
S Farooq,T20I,1,2,1,1,0,0,0,0,1.0,100.0,0.0,0.0
OS Dlamini,T20I,3,17,1,16,2,15,0,0,0.5,6.25,93.75,0.0
Omid Shafi Rahman,ODI,2,7,1,7,1,6,0,0,1.0,14.29,85.71,0.0
H Bharadwaj,T20I,2,6,1,6,2,5,0,0,0.5,16.67,83.33,0.0
DS Kulkarni,T20I,1,2,1,1,0,0,0,0,1.0,100.0,0.0,0.0
J de Figueiredo,T20I,1,3,1,3,1,2,0,0,1.0,33.33,66.67,0.0
Emilia Toro,T20I,2,19,1,16,1,15,0,0,1.0,6.25,93.75,0.0
KA Knight,ODI,1,1,1,1,0,0,0,0,1.0,100.0,0.0,0.0
W Mwayenga,ODI,2,11,1,11,2,10,0,0,0.5,9.09,90.91,0.0
Kinaanath Ismail,T20I,3,17,1,16,4,15,0,0,0.25,6.25,93.75,0.0
H Dassanayake,T20I,2,16,1,12,2,10,0,0,0.5,8.33,83.33,0.0
S Zafar,T20I,3,8,1,7,0,6,0,0,1.0,14.29,85.71,0.0
SPY Baron,T20I,1,10,1,10,1,8,0,0,1.0,10.0,80.0,0.0
Moniruzzaman,ODI,2,20,1,20,2,19,0,0,0.5,5.0,95.0,0.0
A Kanwal,T20I,1,10,1,9,1,8,0,0,1.0,11.11,88.89,0.0
Abdul Majid,T20I,1,1,1,1,0,0,0,0,1.0,100.0,0.0,0.0
KA Maharaj,IPL,1,2,1,2,1,1,0,0,1.0,50.0,50.0,0.0
RR Ramdass,ODI,1,9,1,9,1,8,0,0,1.0,11.11,88.89,0.0
Syed Rehmatullah,T20I,1,2,1,2,0,1,0,0,1.0,50.0,50.0,0.0
M Pugi,T20I,1,2,1,1,0,0,0,0,1.0,100.0,0.0,0.0
P Cabebula,T20I,4,10,1,10,3,9,0,0,0.33,10.0,90.0,0.0
W Matabwa,T20I,2,6,1,6,1,5,0,0,1.0,16.67,83.33,0.0
Eman Said,T20I,1,1,1,1,1,0,0,0,1.0,100.0,0.0,0.0
Mohammad Asghar,PSL,3,6,1,5,1,4,0,0,1.0,20.0,80.0,0.0
VM Nyauchi,T20I,1,3,1,3,0,2,0,0,1.0,33.33,66.67,0.0
RV Nascimento,T20I,1,1,1,1,0,0,0,0,1.0,100.0,0.0,0.0
Lee Ra,T20I,1,1,1,1,0,0,0,0,1.0,100.0,0.0,0.0
EP Thompson,T20I,1,1,1,1,0,0,0,0,1.0,100.0,0.0,0.0
Mohammad Atif,T20I,1,2,1,2,1,1,0,0,1.0,50.0,50.0,0.0
Lavanya Pillai,T20I,1,10,1,10,0,9,0,0,1.0,10.0,90.0,0.0
Adnan Shnwarei,T20I,1,3,1,3,1,2,0,0,1.0,33.33,66.67,0.0
JR Lucky,T20I,2,10,1,8,1,7,0,0,1.0,12.5,87.5,0.0
M Le Ray,T20I,1,8,1,8,0,7,0,0,1.0,12.5,87.5,0.0
Sargam Patel,T20I,1,2,1,2,1,1,0,0,1.0,50.0,50.0,0.0
S Kailath,T20I,4,16,1,13,4,12,0,0,0.25,7.69,92.31,0.0
Sara,T20I,2,10,1,6,2,4,0,0,0.5,16.67,66.67,0.0
S Tyagi,ODI,1,2,1,2,0,1,0,0,1.0,50.0,50.0,0.0
S Jeelany,T20I,1,12,1,10,2,9,0,0,0.5,10.0,90.0,0.0
Mohammad Ali,T20I,1,1,1,1,0,0,0,0,1.0,100.0,0.0,0.0
P Sadev,T20I,1,4,1,4,1,3,0,0,1.0,25.0,75.0,0.0
AR Nair,T20I,2,3,1,2,1,1,0,0,1.0,50.0,50.0,0.0
Mohammad Abbas,PSL,1,1,1,1,0,0,0,0,1.0,100.0,0.0,0.0
SC Kerrigan,Test,1,12,1,12,0,11,0,0,1.0,8.33,91.67,0.0
HH Dippenaar,T20I,1,5,1,5,1,4,0,0,1.0,20.0,80.0,0.0
HHC Gunaratne,T20I,2,3,1,3,1,2,0,0,1.0,33.33,66.67,0.0
Khaled Ahmed,ODI,2,4,1,4,1,3,0,0,1.0,25.0,75.0,0.0
Abdul Basith,IPL,1,1,1,1,0,0,0,0,1.0,100.0,0.0,0.0
EJB Miles,ODI,2,7,1,7,1,6,0,0,1.0,14.29,85.71,0.0
Mirza Ahmed,T20I,2,2,1,2,0,1,0,0,1.0,50.0,50.0,0.0
Sonam Palden,T20I,1,6,1,5,1,4,0,0,1.0,20.0,80.0,0.0
Nishma Pereira,T20I,1,11,1,10,1,9,0,0,1.0,10.0,90.0,0.0
Suhrawadi Shuvo,T20I,1,3,1,3,0,2,0,0,1.0,33.33,66.67,0.0
A Hewage,T20I,1,7,1,7,1,6,0,0,1.0,14.29,85.71,0.0
K Nagnama,T20I,2,9,1,9,3,8,0,0,0.33,11.11,88.89,0.0
Benjamin Constanzo,T20I,1,8,1,5,1,4,0,0,1.0,20.0,80.0,0.0
H Sin Yee,T20I,2,10,1,10,1,9,0,0,1.0,10.0,90.0,0.0
H Virdee,T20I,1,1,1,1,0,0,0,0,1.0,100.0,0.0,0.0
GRD Munasinghe,T20I,3,10,1,10,3,9,0,0,0.33,10.0,90.0,0.0
GR Menes,T20I,4,11,1,11,3,10,0,0,0.33,9.09,90.91,0.0
Ehsan Adil,T20I,1,2,1,2,0,1,0,0,1.0,50.0,50.0,0.0
A Govorko,T20I,1,1,1,1,0,0,0,0,1.0,100.0,0.0,0.0
A Gavde,T20I,1,6,1,6,1,5,0,0,1.0,16.67,83.33,0.0
B Laughlin,ODI,1,9,1,9,0,8,0,0,1.0,11.11,88.89,0.0
L Egging,ODI,1,15,1,14,1,13,0,0,1.0,7.14,92.86,0.0
Mohammad Asaduzzaman,T20I,2,2,1,2,1,1,0,0,1.0,50.0,50.0,0.0
J Pook,T20I,2,5,1,5,2,4,0,0,0.5,20.0,80.0,0.0
M Mpongwana,ODI,1,2,1,2,0,1,0,0,1.0,50.0,50.0,0.0
J Mulder,T20I,1,5,1,5,1,4,0,0,1.0,20.0,80.0,0.0
M Shiraz,ODI,1,1,1,1,0,0,0,0,1.0,100.0,0.0,0.0
Wania Malik,T20I,2,2,1,2,1,1,0,0,1.0,50.0,50.0,0.0
Muhammad Ismail,PSL,1,2,1,2,0,1,0,0,1.0,50.0,50.0,0.0
J Lewis,T20I,1,5,1,4,1,3,0,0,1.0,25.0,75.0,0.0
J Louw,T20I,1,2,1,1,0,0,0,0,1.0,100.0,0.0,0.0
P Nakitende,T20I,1,3,1,3,1,2,0,0,1.0,33.33,66.67,0.0
P Parameswaran,IPL,2,3,1,2,0,1,0,0,1.0,50.0,50.0,0.0
HF Gurney,IPL,1,5,1,5,0,4,0,0,1.0,20.0,80.0,0.0
V Vithanage,T20I,2,5,1,4,2,3,0,0,0.5,25.0,75.0,0.0
D Dzimau,T20I,1,2,1,2,0,1,0,0,1.0,50.0,50.0,0.0
KD Mehta,T20I,1,2,1,2,1,1,0,0,1.0,50.0,50.0,0.0
Alawi Shukri,ODI,1,3,1,3,1,2,0,0,1.0,33.33,66.67,0.0
E Malinga,T20I,2,8,1,7,1,6,0,0,1.0,14.29,85.71,0.0
L Vua,T20I,2,5,1,5,1,4,0,0,1.0,20.0,80.0,0.0
S Mills,T20I,1,4,1,3,0,2,0,0,1.0,33.33,66.67,0.0
G Goudie,T20I,1,3,1,3,1,2,0,0,1.0,33.33,66.67,0.0
LB Williams,IPL,1,2,1,2,0,1,0,0,1.0,50.0,50.0,0.0
NSK Mehta,T20I,2,3,1,3,2,2,0,0,0.5,33.33,66.67,0.0
Pushpa Murali,T20I,2,4,1,4,2,3,0,0,0.5,25.0,75.0,0.0
Asad Rasheed,T20I,2,3,1,3,0,2,0,0,1.0,33.33,66.67,0.0
S Chandnani,T20I,1,4,1,4,1,3,0,0,1.0,25.0,75.0,0.0
MR Montfort,T20I,1,2,1,1,0,0,0,0,1.0,100.0,0.0,0.0
KL Gordon,T20I,1,1,1,1,0,0,0,0,1.0,100.0,0.0,0.0
A Pavlickova,T20I,1,25,1,16,1,15,0,0,1.0,6.25,93.75,0.0
I Vrignaud,T20I,2,15,1,13,2,12,0,0,0.5,7.69,92.31,0.0
CM Mbebe,T20I,1,5,1,5,0,4,0,0,1.0,20.0,80.0,0.0
TM Anker,T20I,1,7,1,7,0,6,0,0,1.0,14.29,85.71,0.0
Izhar Hussain,T20I,1,5,1,5,1,4,0,0,1.0,20.0,80.0,0.0
JM Anderson,T20I,2,2,1,2,1,1,0,0,1.0,50.0,50.0,0.0
AS Patil,T20I,2,3,1,3,1,2,0,0,1.0,33.33,66.67,0.0
TB Godisamang,T20I,5,16,1,15,2,14,0,0,0.5,6.67,93.33,0.0
C Sanda,T20I,1,13,1,9,1,8,0,0,1.0,11.11,88.89,0.0
MJ Suthar,IPL,1,2,1,2,1,1,0,0,1.0,50.0,50.0,0.0
S Browne,T20I,2,9,1,9,2,8,0,0,0.5,11.11,88.89,0.0
I Uboh,T20I,2,4,1,4,1,3,0,0,1.0,25.0,75.0,0.0
MDK Perera,T20I,2,8,1,6,2,5,0,0,0.5,16.67,83.33,0.0
RA Herman,ODI,1,2,1,2,1,1,0,0,1.0,50.0,50.0,0.0
A Zampa,PSL,2,6,1,6,1,5,0,0,1.0,16.67,83.33,0.0
Shruti Yadav,T20I,3,7,1,7,2,6,0,0,0.5,14.29,85.71,0.0
DP David,T20I,1,2,1,2,1,1,0,0,1.0,50.0,50.0,0.0
Zuber Sunasara,T20I,1,8,1,7,1,6,0,0,1.0,14.29,85.71,0.0
MF Manjate,T20I,3,5,1,5,3,4,0,0,0.33,20.0,80.0,0.0
JF Smagacz,T20I,1,1,1,1,0,0,0,0,1.0,100.0,0.0,0.0
MP Yadav,T20I,1,1,1,1,0,0,0,0,1.0,100.0,0.0,0.0
Rhyda Ofori,T20I,1,3,1,3,1,2,0,0,1.0,33.33,66.67,0.0
LCN Smith,T20I,1,6,1,6,1,5,0,0,1.0,16.67,83.33,0.0
AJ Tye,PSL,1,1,1,1,0,0,0,0,1.0,100.0,0.0,0.0
M De Ridder,T20I,1,2,1,2,1,1,0,0,1.0,50.0,50.0,0.0
A Charles,T20I,1,5,1,3,1,2,0,0,1.0,33.33,66.67,0.0
Saba Ali Syeda,T20I,2,6,1,6,0,5,0,0,1.0,16.67,83.33,0.0
A Cespedes,T20I,2,16,1,11,2,10,0,0,0.5,9.09,90.91,0.0
CM Beggs,ODI,1,16,1,16,0,15,0,0,1.0,6.25,93.75,0.0
L Stanfergin,T20I,1,9,1,9,1,8,0,0,1.0,11.11,88.89,0.0
DBL Powell,T20I,1,1,1,1,0,0,0,0,1.0,100.0,0.0,0.0
Riyaz Kajalwala,T20I,2,9,1,9,1,8,0,0,1.0,11.11,88.89,0.0
KT Maphaka,ODI,3,8,1,8,3,7,0,0,0.33,12.5,87.5,0.0
C Mutasa,ODI,1,7,1,6,1,5,0,0,1.0,16.67,83.33,0.0
S Nadeem,Test,2,30,1,30,2,29,0,0,0.5,3.33,96.67,0.0
Samantha Singham,T20I,1,9,1,8,1,7,0,0,1.0,12.5,87.5,0.0
AC Frame,T20I,1,3,1,3,0,2,0,0,1.0,33.33,66.67,0.0
Jaison Jerome,T20I,2,6,1,5,2,4,0,0,0.5,20.0,80.0,0.0
LC Romero,ODI,2,7,1,7,2,6,0,0,0.5,14.29,85.71,0.0
ZK Shem,T20I,1,3,1,3,0,2,0,0,1.0,33.33,66.67,0.0
MJ Saggers,Test,1,12,1,12,1,11,0,0,1.0,8.33,91.67,0.0
LE Milliken,ODI,1,3,1,3,0,2,0,0,1.0,33.33,66.67,0.0
AS Dean,T20I,1,1,1,1,0,0,0,0,1.0,100.0,0.0,0.0
NO Tindo,T20I,1,1,1,1,0,0,0,0,1.0,100.0,0.0,0.0
Aqif Farooq,T20I,1,4,1,4,1,3,0,0,1.0,25.0,75.0,0.0
K Amuge,T20I,3,7,1,7,3,6,0,0,0.33,14.29,85.71,0.0
BE Hendricks,IPL,2,3,1,3,1,2,0,0,1.0,33.33,66.67,0.0
R Dhawan,T20I,1,3,1,2,0,1,0,0,1.0,50.0,50.0,0.0
BDH Stevens,ODI,1,5,1,5,1,4,0,0,1.0,20.0,80.0,0.0
G Essoun,T20I,1,11,1,7,1,6,0,0,1.0,14.29,85.71,0.0
MN van Wyk,PSL,1,7,1,7,1,6,0,0,1.0,14.29,85.71,0.0
Fariha Trisna,ODI,5,19,1,18,4,16,0,0,0.25,5.56,88.89,0.0
Imtiaz Khan,T20I,1,1,1,1,0,0,0,0,1.0,100.0,0.0,0.0
LE Plunkett,IPL,2,3,1,3,1,2,0,0,1.0,33.33,66.67,0.0
SL Clephane,T20I,1,6,1,6,1,5,0,0,1.0,16.67,83.33,0.0
R Sharma,ODI,1,2,1,2,1,1,0,0,1.0,50.0,50.0,0.0
KMC Bandara,ODI,1,3,1,3,0,2,0,0,1.0,33.33,66.67,0.0
S Ogundipe,T20I,1,3,1,3,0,2,0,0,1.0,33.33,66.67,0.0
N Ndouteng,T20I,2,5,1,5,1,4,0,0,1.0,20.0,80.0,0.0
C Liebenberg,T20I,1,1,1,1,1,0,0,0,1.0,100.0,0.0,0.0
N Ndzeute,T20I,1,2,1,2,0,1,0,0,1.0,50.0,50.0,0.0
ATS Silva,ODI,1,1,1,1,0,0,0,0,1.0,100.0,0.0,0.0
Chare Smith,T20I,2,4,1,4,1,3,0,0,1.0,25.0,75.0,0.0
S Nair,T20I,2,8,1,7,2,6,0,0,0.5,14.29,85.71,0.0
IIR Bhana,T20I,1,3,1,3,1,2,0,0,1.0,33.33,66.67,0.0
M Dailesi,T20I,2,14,1,14,2,13,0,0,0.5,7.14,92.86,0.0
R Bowers-Fleming,T20I,1,10,1,8,2,7,0,0,0.5,12.5,87.5,0.0
QF Djakaridja,T20I,5,26,1,25,4,24,0,0,0.25,4.0,96.0,0.0
Qasim Anwar,T20I,1,2,1,2,1,1,0,0,1.0,50.0,50.0,0.0
I Wardlaw,T20I,1,3,1,3,1,2,0,0,1.0,33.33,66.67,0.0
R Hathadurage,T20I,2,11,1,11,2,10,0,0,0.5,9.09,90.91,0.0
Arshad Mazarzei,T20I,1,11,1,11,1,10,0,0,1.0,9.09,90.91,0.0
C Raack,ODI,1,1,1,1,0,0,0,0,1.0,100.0,0.0,0.0
Aizaz Cheema,Test,3,23,1,23,0,22,0,0,1.0,4.35,95.65,0.0
Sajid Safi,T20I,1,4,1,3,0,2,0,0,1.0,33.33,66.67,0.0
R Kassim,T20I,1,2,1,2,0,1,0,0,1.0,50.0,50.0,0.0
AD Janakanthymala,ODI,2,15,1,15,1,14,0,0,1.0,6.67,93.33,0.0
JM Mennie,ODI,2,5,1,4,2,3,0,0,0.5,25.0,75.0,0.0
FR Davies,T20I,1,1,1,1,0,0,0,0,1.0,100.0,0.0,0.0
NV Ojha,ODI,1,9,1,7,1,6,0,0,1.0,14.29,85.71,0.0
SI Mahmood,T20I,2,2,1,2,0,1,0,0,1.0,50.0,50.0,0.0
Hawwa Shaaiqa,T20I,3,18,1,18,3,17,0,0,0.33,5.56,94.44,0.0
N Kayani,T20I,1,1,1,1,0,0,0,0,1.0,100.0,0.0,0.0
R Mahajan,T20I,1,1,1,1,0,0,0,0,1.0,100.0,0.0,0.0
Nadeesha Waruwangodage,T20I,1,10,1,9,1,8,0,0,1.0,11.11,88.89,0.0
A Nyirenda,T20I,1,5,1,4,1,3,0,0,1.0,25.0,75.0,0.0
A Nehra,Test,2,11,1,11,1,10,0,0,1.0,9.09,90.91,0.0
Dhiman Ghosh,T20I,1,2,1,2,0,1,0,0,1.0,50.0,50.0,0.0
MT Chinouya,Test,2,34,1,34,2,33,0,0,0.5,2.94,97.06,0.0
Zakir Hasan,ODI,1,5,1,5,1,4,0,0,1.0,20.0,80.0,0.0
MT Herbert,ODI,1,22,1,21,1,20,0,0,1.0,4.76,95.24,0.0
Tharika Sewwandi,ODI,1,3,1,2,0,1,0,0,1.0,50.0,50.0,0.0
R Murugan,T20I,3,8,1,7,2,6,0,0,0.5,14.29,85.71,0.0
Hassnain Shah,T20I,3,6,1,6,3,5,0,0,0.33,16.67,83.33,0.0
T Ulutuna,T20I,1,2,1,2,1,1,0,0,1.0,50.0,50.0,0.0
Zahid Hussain,T20I,1,1,1,1,0,0,0,0,1.0,100.0,0.0,0.0
T Turan,T20I,3,7,1,7,2,6,0,0,0.5,14.29,85.71,0.0
SJ Bruce,T20I,1,10,1,9,0,8,0,0,1.0,11.11,88.89,0.0
NJ Qaeze,T20I,3,11,1,10,3,9,0,0,0.33,10.0,90.0,0.0
AE Moe,T20I,2,7,1,7,2,6,0,0,0.5,14.29,85.71,0.0
BG Lister,T20I,3,6,1,6,2,5,0,0,0.5,16.67,83.33,0.0
NJ Rimmington,IPL,1,1,1,1,0,0,0,0,1.0,100.0,0.0,0.0
G Fontenla,ODI,1,3,1,3,1,2,0,0,1.0,33.33,66.67,0.0
N Tsiame,T20I,1,4,1,4,1,3,0,0,1.0,25.0,75.0,0.0
Kanchan Shrestha,T20I,1,9,1,9,0,8,0,0,1.0,11.11,88.89,0.0
D Madushanka,T20I,4,7,1,7,4,6,0,0,0.25,14.29,85.71,0.0
SM Ariyasinghage,T20I,3,9,1,6,3,5,0,0,0.33,16.67,83.33,0.0
Toqeer Ahmad,T20I,2,4,1,4,2,3,0,0,0.5,25.0,75.0,0.0
E Pokana,ODI,1,2,1,2,1,1,0,0,1.0,50.0,50.0,0.0
KM Amoe,T20I,1,13,1,12,1,11,0,0,1.0,8.33,91.67,0.0
S Kotte,ODI,2,9,1,9,2,8,0,0,0.5,11.11,88.89,0.0
Maahi Madhavan,ODI,1,2,1,2,1,1,0,0,1.0,50.0,50.0,0.0
G Setshwane,T20I,2,5,1,5,1,4,0,0,1.0,20.0,80.0,0.0
MS Bhandage,IPL,1,4,1,4,1,3,0,0,1.0,25.0,75.0,0.0
PVSN Raju,IPL,1,1,1,1,0,0,0,0,1.0,100.0,0.0,0.0
G Wijekoon,T20I,2,6,1,5,1,4,0,0,1.0,20.0,80.0,0.0
DE Bernard,T20I,1,1,1,1,0,0,0,0,1.0,100.0,0.0,0.0
DE Bollinger,T20I,1,1,1,1,0,0,0,0,1.0,100.0,0.0,0.0
S Bhari,T20I,4,7,1,6,1,5,0,0,1.0,16.67,83.33,0.0
San Nyo Htwe,T20I,1,3,1,3,0,2,0,0,1.0,33.33,66.67,0.0
Hina Hussain,T20I,2,4,1,4,1,3,0,0,1.0,25.0,75.0,0.0
K Cawte,T20I,3,8,1,8,1,7,0,0,1.0,12.5,87.5,0.0
K Goud,Test,1,6,1,6,1,5,0,0,1.0,16.67,83.33,0.0
N Nankov,T20I,1,6,1,5,1,4,0,0,1.0,20.0,80.0,0.0
E Henry,T20I,1,4,1,4,1,3,0,0,1.0,25.0,75.0,0.0
Shoaib Ahmed,IPL,3,6,1,6,2,5,0,0,0.5,16.67,83.33,0.0
Sharmin Sultana,T20I,1,1,1,1,0,0,0,0,1.0,100.0,0.0,0.0
GA Rogers,T20I,1,3,1,3,0,2,0,0,1.0,33.33,66.67,0.0
Ashok Sharma,IPL,2,5,1,4,0,3,0,0,1.0,25.0,75.0,0.0
Ashwani Kumar,IPL,1,6,1,6,0,5,0,0,1.0,16.67,83.33,0.0
MJV Villalobos,T20I,1,3,1,3,0,2,0,0,1.0,33.33,66.67,0.0
N Pooran,PSL,1,3,1,3,1,2,0,0,1.0,33.33,66.67,0.0
MS Panesar,T20I,1,2,1,2,1,1,0,0,1.0,50.0,50.0,0.0
N Gocheva,T20I,5,13,1,10,3,9,0,0,0.33,10.0,90.0,0.0
NL McCullum,PSL,1,4,1,4,1,3,0,0,1.0,25.0,75.0,0.0
N Gnanapragasam,T20I,2,5,1,5,2,4,0,0,0.5,20.0,80.0,0.0
G Mallett,T20I,2,8,1,8,1,7,0,0,1.0,12.5,87.5,0.0
M Jayphert,T20I,1,2,1,2,0,1,0,0,1.0,50.0,50.0,0.0
Yasir Ali,Test,1,5,1,5,0,4,0,0,1.0,20.0,80.0,0.0
NM Carter,T20I,1,6,1,6,1,5,0,0,1.0,16.67,83.33,0.0
SYS Assegon,T20I,2,21,1,18,2,17,0,0,0.5,5.56,94.44,0.0
SZ Mulani,IPL,1,1,1,1,0,0,0,0,1.0,100.0,0.0,0.0
L Ruane,T20I,1,5,1,5,1,4,0,0,1.0,20.0,80.0,0.0
M Brasier,T20I,2,4,1,4,1,3,0,0,1.0,25.0,75.0,0.0
G Axtell,T20I,1,2,0,2,0,2,0,0,0.0,0.0,100.0,0.0
SK Naidu,ODI,1,3,0,3,1,3,0,0,0.0,0.0,100.0,0.0
KO Altamirano,T20I,1,1,0,1,1,1,0,0,0.0,0.0,100.0,0.0
Waqar Abbasi,T20I,1,4,0,4,1,4,0,0,0.0,0.0,100.0,0.0
Shahbaz Ahmed,ODI,1,4,0,4,1,4,0,0,0.0,0.0,100.0,0.0
JL Denly,IPL,1,1,0,1,1,1,0,0,0.0,0.0,100.0,0.0
Florencia Martinez,T20I,4,46,0,36,4,34,0,0,0.0,0.0,94.44,0.0
Farhat Afroz,T20I,1,2,0,2,1,2,0,0,0.0,0.0,100.0,0.0
Shafiq Jan,T20I,1,1,0,1,1,1,0,0,0.0,0.0,100.0,0.0
SK Sonpethkar,T20I,1,7,0,5,1,5,0,0,0.0,0.0,100.0,0.0
Sunny Gupta,IPL,1,1,0,1,1,1,0,0,0.0,0.0,100.0,0.0
F Bangur,T20I,1,1,0,1,0,1,0,0,0.0,0.0,100.0,0.0
SK Shetty,T20I,1,9,0,8,1,8,0,0,0.0,0.0,100.0,0.0
Suraiya Azmin,ODI,1,2,0,2,1,2,0,0,0.0,0.0,100.0,0.0
SH Johnson,T20I,1,1,0,1,1,1,0,0,0.0,0.0,100.0,0.0
Muhammad Afis,T20I,1,1,0,1,1,1,0,0,0.0,0.0,100.0,0.0
GO Sopinho,T20I,1,1,0,1,1,1,0,0,0.0,0.0,100.0,0.0
S Arachchige,T20I,1,2,0,2,1,2,0,0,0.0,0.0,100.0,0.0
Fazle Mahmud,ODI,2,9,0,9,2,9,0,0,0.0,0.0,100.0,0.0
N Thushara,PSL,1,4,0,3,0,3,0,0,0.0,0.0,100.0,0.0
Sultana Yesmin,ODI,1,1,0,1,1,1,0,0,0.0,0.0,100.0,0.0
D Polpitiya,T20I,1,1,0,1,1,1,0,0,0.0,0.0,100.0,0.0
S Dhakal,T20I,3,5,0,5,1,5,0,0,0.0,0.0,100.0,0.0
Afsheen Ahmed,T20I,1,1,0,1,1,1,0,0,0.0,0.0,100.0,0.0
Shafraz Jaleel,T20I,2,2,0,2,2,2,0,0,0.0,0.0,100.0,0.0
NM Carter,ODI,1,6,0,6,1,6,0,0,0.0,0.0,100.0,0.0
Lily Rani Biswas,T20I,1,2,0,2,1,2,0,0,0.0,0.0,100.0,0.0
Aarsheya Sharma,T20I,1,3,0,2,1,2,0,0,0.0,0.0,100.0,0.0
Shahab Alam,T20I,2,2,0,2,0,2,0,0,0.0,0.0,100.0,0.0
Emily Merrien,T20I,1,1,0,1,1,1,0,0,0.0,0.0,100.0,0.0
Emmanuella Nyaaba,T20I,1,1,0,1,1,1,0,0,0.0,0.0,100.0,0.0
Esperanza Rubio,T20I,2,17,0,15,2,14,0,0,0.0,0.0,93.33,0.0
Shawaiz Irfan,PSL,1,7,0,6,1,6,0,0,0.0,0.0,100.0,0.0
OC McCoy,ODI,1,1,0,1,0,1,0,0,0.0,0.0,100.0,0.0
OC McCoy,PSL,1,1,0,1,0,1,0,0,0.0,0.0,100.0,0.0
Shathira Jakir,ODI,1,2,0,2,1,2,0,0,0.0,0.0,100.0,0.0
Mohsin Shabbir,T20I,1,2,0,2,1,2,0,0,0.0,0.0,100.0,0.0
O Sow,T20I,1,6,0,6,1,6,0,0,0.0,0.0,100.0,0.0
RS Gayakwad,Test,2,6,0,6,1,6,0,0,0.0,0.0,100.0,0.0
GJP Kruger,ODI,2,10,0,10,1,10,0,0,0.0,0.0,100.0,0.0
JA Thompson,PSL,1,1,0,1,1,1,0,0,0.0,0.0,100.0,0.0
JA Whelan,ODI,1,2,0,2,1,2,0,0,0.0,0.0,100.0,0.0
KP Bhuva,T20I,2,2,0,2,2,2,0,0,0.0,0.0,100.0,0.0
D Prakas,T20I,1,1,0,1,1,1,0,0,0.0,0.0,100.0,0.0
NM Meepage,ODI,1,1,0,1,0,1,0,0,0.0,0.0,100.0,0.0
D Madushanka,Test,1,8,0,8,1,8,0,0,0.0,0.0,100.0,0.0
Mohammad Zeeshan,PSL,2,2,0,2,2,2,0,0,0.0,0.0,100.0,0.0
Kinley Bidha,T20I,1,2,0,2,1,2,0,0,0.0,0.0,100.0,0.0
D Dasgupta,Test,1,7,0,7,1,7,0,0,0.0,0.0,100.0,0.0
O Issouf,T20I,2,7,0,7,2,7,0,0,0.0,0.0,100.0,0.0
SI Galagedara,ODI,2,11,0,11,1,11,0,0,0.0,0.0,100.0,0.0
B Muzarabani,PSL,3,7,0,7,3,7,0,0,0.0,0.0,100.0,0.0
Mohammad Zahid,Test,1,5,0,5,2,5,0,0,0.0,0.0,100.0,0.0
ND Doshi,IPL,1,13,0,13,1,13,0,0,0.0,0.0,100.0,0.0
Gershon Yusuf,T20I,1,1,0,1,1,1,0,0,0.0,0.0,100.0,0.0
M Altankhuyag,T20I,1,9,0,9,1,9,0,0,0.0,0.0,100.0,0.0
Fahad Alhashmi,ODI,2,6,0,6,2,6,0,0,0.0,0.0,100.0,0.0
DLN Kenfack,T20I,1,3,0,3,1,3,0,0,0.0,0.0,100.0,0.0
Fazalhaq Farooqi,PSL,2,2,0,2,1,2,0,0,0.0,0.0,100.0,0.0
Shahzeb Choudhry,T20I,1,5,0,5,1,5,0,0,0.0,0.0,100.0,0.0
JM Obando,T20I,1,5,0,5,1,5,0,0,0.0,0.0,100.0,0.0
JC Carroll,ODI,1,7,0,7,1,7,0,0,0.0,0.0,100.0,0.0
Nader Zahadiafzal,T20I,1,3,0,3,1,3,0,0,0.0,0.0,100.0,0.0
N Greig,T20I,2,2,0,2,2,2,0,0,0.0,0.0,100.0,0.0
YA Abdulla,IPL,1,1,0,1,0,1,0,0,0.0,0.0,100.0,0.0
YP Karadogan,T20I,1,10,0,10,1,10,0,0,0.0,0.0,100.0,0.0
SD Udal,ODI,1,2,0,2,1,2,0,0,0.0,0.0,100.0,0.0
KK Peters,Test,1,3,0,3,0,3,0,0,0.0,0.0,100.0,0.0
Y Prithvi Raj,IPL,1,1,0,1,0,1,0,0,0.0,0.0,100.0,0.0
Simandeep Singh,ODI,1,7,0,7,1,7,0,0,0.0,0.0,100.0,0.0
Y Sangare,T20I,1,2,0,2,1,2,0,0,0.0,0.0,100.0,0.0
AG Puttick,ODI,1,5,0,5,1,4,0,0,0.0,0.0,80.0,0.0
Musheer Khan,IPL,1,3,0,3,1,3,0,0,0.0,0.0,100.0,0.0
Raza Hasan,ODI,1,3,0,2,1,2,0,0,0.0,0.0,100.0,0.0
M Heingo,ODI,1,3,0,3,1,3,0,0,0.0,0.0,100.0,0.0
M Heingo,T20I,1,2,0,2,0,2,0,0,0.0,0.0,100.0,0.0
M Hundal,T20I,2,2,0,2,2,2,0,0,0.0,0.0,100.0,0.0
Sofia Araya,T20I,3,29,0,18,1,17,0,0,0.0,0.0,94.44,0.0
DO Christian,T20I,1,2,0,2,1,2,0,0,0.0,0.0,100.0,0.0
CK Tshuma,ODI,1,1,0,1,1,1,0,0,0.0,0.0,100.0,0.0
Soung Seav,T20I,1,1,0,1,1,1,0,0,0.0,0.0,100.0,0.0
JF Chester,T20I,3,6,0,6,1,6,0,0,0.0,0.0,100.0,0.0
Robiul Islam,ODI,1,1,0,1,0,1,0,0,0.0,0.0,100.0,0.0
M Durdevac,T20I,1,3,0,2,1,2,0,0,0.0,0.0,100.0,0.0
D Mohammed,ODI,1,2,0,2,0,1,0,0,0.0,0.0,50.0,0.0
S Campbell,Test,1,1,0,1,0,1,0,0,0.0,0.0,100.0,0.0
YT Lewis,T20I,2,19,0,14,2,14,0,0,0.0,0.0,100.0,0.0
GA Guy,ODI,1,4,0,4,0,4,0,0,0.0,0.0,100.0,0.0
Yadhira Nunez,T20I,2,7,0,4,2,4,0,0,0.0,0.0,100.0,0.0
Nanthita Boonsukham,ODI,1,4,0,4,1,4,0,0,0.0,0.0,100.0,0.0
F Thorpe,T20I,1,1,0,1,1,1,0,0,0.0,0.0,100.0,0.0
Mustafa Balkis,T20I,1,3,0,3,1,3,0,0,0.0,0.0,100.0,0.0
Yang Yu Xuan,T20I,1,1,0,1,1,1,0,0,0.0,0.0,100.0,0.0
Muskan Naseeb,T20I,2,5,0,4,2,4,0,0,0.0,0.0,100.0,0.0
JM Dibble,T20I,1,1,0,1,1,1,0,0,0.0,0.0,100.0,0.0
JM Davison,T20I,2,4,0,4,2,4,0,0,0.0,0.0,100.0,0.0
Shakerullah Safi,T20I,1,1,0,1,0,1,0,0,0.0,0.0,100.0,0.0
Shakeel Ansar,T20I,1,1,0,1,1,1,0,0,0.0,0.0,100.0,0.0
Shahriar Hossain,ODI,1,3,0,3,1,3,0,0,0.0,0.0,100.0,0.0
ARH Patel,T20I,2,5,0,4,2,4,0,0,0.0,0.0,100.0,0.0
Shakeel Ansar,PSL,1,3,0,3,1,3,0,0,0.0,0.0,100.0,0.0
B Verdon,T20I,1,3,0,3,1,3,0,0,0.0,0.0,100.0,0.0
A Dastgir,T20I,1,2,0,2,1,2,0,0,0.0,0.0,100.0,0.0
G Quaicoe,T20I,1,1,0,1,1,1,0,0,0.0,0.0,100.0,0.0
D Mutu,T20I,1,3,0,3,0,3,0,0,0.0,0.0,100.0,0.0
M Esquivel,T20I,1,1,0,1,1,1,0,0,0.0,0.0,100.0,0.0
KM Asif,IPL,1,2,0,2,1,2,0,0,0.0,0.0,100.0,0.0
KL Tucker,ODI,1,4,0,4,1,4,0,0,0.0,0.0,100.0,0.0
Aimal Khan,PSL,1,2,0,2,0,2,0,0,0.0,0.0,100.0,0.0
FC Ellingworth,T20I,1,7,0,5,0,5,0,0,0.0,0.0,100.0,0.0
NT Pascal,ODI,1,1,0,1,1,1,0,0,0.0,0.0,100.0,0.0
S Clarke,T20I,1,3,0,3,1,3,0,0,0.0,0.0,100.0,0.0
SM Harwood,ODI,1,4,0,4,1,4,0,0,0.0,0.0,100.0,0.0
DL Blake,ODI,1,2,0,2,1,2,0,0,0.0,0.0,100.0,0.0
SC Kumari,T20I,1,3,0,3,0,3,0,0,0.0,0.0,100.0,0.0
SMHH Aung,T20I,1,1,0,1,1,1,0,0,0.0,0.0,100.0,0.0
M Coulibaly,T20I,1,12,0,12,1,12,0,0,0.0,0.0,100.0,0.0
DM Richards,T20I,1,1,0,1,1,1,0,0,0.0,0.0,100.0,0.0
M Charlie,T20I,1,2,0,2,1,2,0,0,0.0,0.0,100.0,0.0
Noncedo Simelane,T20I,1,7,0,7,0,7,0,0,0.0,0.0,100.0,0.0
Aizaz Cheema,T20I,1,3,0,3,0,3,0,0,0.0,0.0,100.0,0.0
M Leporoporo,T20I,1,4,0,4,1,4,0,0,0.0,0.0,100.0,0.0
Ahmadi Ravat,T20I,1,1,0,1,1,1,0,0,0.0,0.0,100.0,0.0
Aisha Rahman,T20I,1,2,0,2,1,2,0,0,0.0,0.0,100.0,0.0
Ahmed Baladraf,T20I,1,1,0,1,1,1,0,0,0.0,0.0,100.0,0.0
G Ionita,T20I,1,1,0,1,1,1,0,0,0.0,0.0,100.0,0.0
Rabia Iqbal,T20I,1,1,0,1,1,1,0,0,0.0,0.0,100.0,0.0
M Kornet,ODI,2,9,0,9,2,9,0,0,0.0,0.0,100.0,0.0
CK Holder,ODI,1,3,0,3,0,3,0,0,0.0,0.0,100.0,0.0
Ali Abdulla Popalzae,T20I,1,3,0,3,1,3,0,0,0.0,0.0,100.0,0.0
M Macelli,T20I,1,4,0,4,0,4,0,0,0.0,0.0,100.0,0.0
Muhammad Saqlain,T20I,1,5,0,4,1,4,0,0,0.0,0.0,100.0,0.0
SN Pradhan,T20I,1,1,0,1,0,1,0,0,0.0,0.0,100.0,0.0
ZB Ender,T20I,2,17,0,17,2,17,0,0,0.0,0.0,100.0,0.0
KDC Clarke,T20I,1,1,0,1,1,1,0,0,0.0,0.0,100.0,0.0
APS Lakshika,ODI,1,4,0,4,1,4,0,0,0.0,0.0,100.0,0.0
Nurudeen Ibrahim,T20I,1,2,0,2,1,2,0,0,0.0,0.0,100.0,0.0
G Ephraim,T20I,1,10,0,10,2,10,0,0,0.0,0.0,100.0,0.0
Fathimath Anaal,T20I,2,16,0,13,2,13,0,0,0.0,0.0,100.0,0.0
JJ Celestine,T20I,1,1,0,1,1,1,0,0,0.0,0.0,100.0,0.0
BA Westdijk,ODI,2,3,0,3,2,3,0,0,0.0,0.0,100.0,0.0
F Pieters,T20I,1,2,0,2,1,2,0,0,0.0,0.0,100.0,0.0
Mukesh Kumar,Test,2,6,0,6,1,6,0,0,0.0,0.0,100.0,0.0
BA Simango,T20I,2,6,0,4,2,4,0,0,0.0,0.0,100.0,0.0
Z Flamikova,T20I,1,1,0,1,1,1,0,0,0.0,0.0,100.0,0.0
Nazir Patel,T20I,1,6,0,6,1,6,0,0,0.0,0.0,100.0,0.0
Leen Luthufee,T20I,2,11,0,11,2,11,0,0,0.0,0.0,100.0,0.0
AF Buurman,T20I,1,2,0,2,1,2,0,0,0.0,0.0,100.0,0.0
N Khumalo,T20I,4,8,0,7,4,7,0,0,0.0,0.0,100.0,0.0
Rahima Yahaya,T20I,1,2,0,2,1,2,0,0,0.0,0.0,100.0,0.0
A Emch,T20I,1,2,0,2,0,2,0,0,0.0,0.0,100.0,0.0
KL George,T20I,1,2,0,2,1,2,0,0,0.0,0.0,100.0,0.0
A Faletar,T20I,2,2,0,2,1,2,0,0,0.0,0.0,100.0,0.0
SK Warne,ODI,1,1,0,1,1,1,0,0,0.0,0.0,100.0,0.0
AS Luseno,ODI,2,3,0,3,1,3,0,0,0.0,0.0,100.0,0.0
F Copley,T20I,1,2,0,2,1,2,0,0,0.0,0.0,100.0,0.0
AS Jaggernauth,Test,1,8,0,8,1,8,0,0,0.0,0.0,100.0,0.0
AS Hundal,T20I,1,4,0,4,1,4,0,0,0.0,0.0,100.0,0.0
Muhammet Kursat,T20I,2,9,0,9,1,9,0,0,0.0,0.0,100.0,0.0
F Fyneface,T20I,1,1,0,1,1,1,0,0,0.0,0.0,100.0,0.0
F Hand,ODI,1,1,0,1,1,1,0,0,0.0,0.0,100.0,0.0
GF Gomes,T20I,1,1,0,1,1,1,0,0,0.0,0.0,100.0,0.0
KS Rathore,IPL,1,5,0,5,1,5,0,0,0.0,0.0,100.0,0.0
Sok Srey Maov,T20I,5,34,0,30,2,28,0,0,0.0,0.0,93.33,0.0
Waqar Salamkheil,PSL,1,2,0,2,1,2,0,0,0.0,0.0,100.0,0.0
AY Karim,ODI,2,2,0,2,0,2,0,0,0.0,0.0,100.0,0.0
Kamran Shazad,ODI,1,3,0,3,1,3,0,0,0.0,0.0,100.0,0.0
F Choudary,T20I,1,1,0,1,0,1,0,0,0.0,0.0,100.0,0.0
L Qiao,T20I,2,3,0,3,2,3,0,0,0.0,0.0,100.0,0.0
S Ranade,T20I,2,6,0,6,2,6,0,0,0.0,0.0,100.0,0.0
MS Sinclair,T20I,2,5,0,5,2,5,0,0,0.0,0.0,100.0,0.0
Ivan Splicevic,T20I,2,12,0,11,1,11,0,0,0.0,0.0,100.0,0.0
Maaha Naseer,T20I,2,6,0,6,2,6,0,0,0.0,0.0,100.0,0.0
E Munkhbat,T20I,1,6,0,5,1,5,0,0,0.0,0.0,100.0,0.0
A Nel,T20I,1,2,0,2,0,2,0,0,0.0,0.0,100.0,0.0
I Kaur,T20I,1,1,0,1,0,1,0,0,0.0,0.0,100.0,0.0
Faizan Khan,PSL,1,1,0,1,0,1,0,0,0.0,0.0,100.0,0.0
C Elmsjoo,T20I,1,2,0,2,1,2,0,0,0.0,0.0,100.0,0.0
R Walters,ODI,2,6,0,5,2,5,0,0,0.0,0.0,100.0,0.0
S Kruger,T20I,1,3,0,3,1,3,0,0,0.0,0.0,100.0,0.0
S Kommula,T20I,1,7,0,6,1,6,0,0,0.0,0.0,100.0,0.0
Sana Ullah,T20I,1,2,0,2,1,2,0,0,0.0,0.0,100.0,0.0
A Vishwakarma,T20I,1,4,0,4,1,4,0,0,0.0,0.0,100.0,0.0
J Blades,ODI,1,1,0,1,1,1,0,0,0.0,0.0,100.0,0.0
Anjum Chopra,ODI,1,8,0,8,1,8,0,0,0.0,0.0,100.0,0.0
Anjali Chand,T20I,1,2,0,2,1,2,0,0,0.0,0.0,100.0,0.0
I Palliya,T20I,1,1,0,1,1,1,0,0,0.0,0.0,100.0,0.0
I Rodriguez,T20I,1,3,0,1,0,1,0,0,0.0,0.0,100.0,0.0
Priyanka Reddy,T20I,1,7,0,5,1,5,0,0,0.0,0.0,100.0,0.0
L Sreekumar,T20I,1,1,0,1,1,1,0,0,0.0,0.0,100.0,0.0
Sabah Nawab,T20I,1,1,0,1,1,1,0,0,0.0,0.0,100.0,0.0
K Follain,T20I,1,1,0,1,1,1,0,0,0.0,0.0,100.0,0.0
K Dorji,T20I,2,4,0,4,2,4,0,0,0.0,0.0,100.0,0.0
K Christie,ODI,1,3,0,3,1,3,0,0,0.0,0.0,100.0,0.0
MS Aulakh,T20I,1,2,0,2,1,2,0,0,0.0,0.0,100.0,0.0
A Vailoa,T20I,2,4,0,4,0,4,0,0,0.0,0.0,100.0,0.0
SY Win,T20I,3,7,0,7,2,7,0,0,0.0,0.0,100.0,0.0
R Stones,T20I,1,1,0,1,1,1,0,0,0.0,0.0,100.0,0.0
CA Liyanage,T20I,1,1,0,1,1,1,0,0,0.0,0.0,100.0,0.0
TA Khetsi,T20I,1,4,0,4,1,4,0,0,0.0,0.0,100.0,0.0
T Zilfidou,T20I,1,1,0,1,1,1,0,0,0.0,0.0,100.0,0.0
Deep Harian,T20I,1,1,0,1,1,1,0,0,0.0,0.0,100.0,0.0
I Stoilva,T20I,2,18,0,14,1,14,0,0,0.0,0.0,100.0,0.0
Phon Bunthean,T20I,1,1,0,1,0,1,0,0,0.0,0.0,100.0,0.0
AJ McKay,T20I,1,1,0,1,1,1,0,0,0.0,0.0,100.0,0.0
LC Pearson,Test,1,1,0,1,1,1,0,0,0.0,0.0,100.0,0.0
R Uwimana,T20I,1,2,0,2,0,2,0,0,0.0,0.0,100.0,0.0
Hiba Shamshad,T20I,1,3,0,3,1,3,0,0,0.0,0.0,100.0,0.0
Hein Zin Aung,T20I,2,11,0,11,1,11,0,0,0.0,0.0,100.0,0.0
Ma Luz Barcelona,T20I,1,3,0,3,1,3,0,0,0.0,0.0,100.0,0.0
Andrey Lilov,T20I,1,3,0,2,1,2,0,0,0.0,0.0,100.0,0.0
Sani E Zehra,T20I,1,1,0,1,1,1,0,0,0.0,0.0,100.0,0.0
LI Haoye,T20I,2,2,0,2,2,2,0,0,0.0,0.0,100.0,0.0
S Lamichhane,IPL,1,1,0,1,1,1,0,0,0.0,0.0,100.0,0.0
S Ladda,IPL,2,10,0,9,2,9,0,0,0.0,0.0,100.0,0.0
K Kanwar,T20I,1,1,0,1,0,1,0,0,0.0,0.0,100.0,0.0
RA Rolfe,ODI,1,3,0,3,1,3,0,0,0.0,0.0,100.0,0.0
Mahnoor Mahmood,T20I,2,7,0,7,2,7,0,0,0.0,0.0,100.0,0.0
Mahmad Data,T20I,1,1,0,1,1,1,0,0,0.0,0.0,100.0,0.0
Ugyen Dorji,T20I,1,5,0,5,1,5,0,0,0.0,0.0,100.0,0.0
Haseebullah Khan,ODI,2,14,0,14,2,14,0,0,0.0,0.0,100.0,0.0
Mah Noor,T20I,3,11,0,11,3,11,0,0,0.0,0.0,100.0,0.0
S Lackay,ODI,1,2,0,2,1,2,0,0,0.0,0.0,100.0,0.0
T Shamsi,PSL,2,2,0,2,1,2,0,0,0.0,0.0,100.0,0.0
T Seesawan,T20I,1,3,0,3,1,3,0,0,0.0,0.0,100.0,0.0
RH Candy,T20I,1,1,0,1,1,1,0,0,0.0,0.0,100.0,0.0
Hasan Cakir,T20I,1,2,0,2,1,2,0,0,0.0,0.0,100.0,0.0
MAL Torres,T20I,1,4,0,2,0,2,0,0,0.0,0.0,100.0,0.0
MD Fisher,Test,1,5,0,5,0,5,0,0,0.0,0.0,100.0,0.0
MD Byrne,T20I,1,1,0,1,1,1,0,0,0.0,0.0,100.0,0.0
J Edness,T20I,1,1,0,1,1,1,0,0,0.0,0.0,100.0,0.0
Tshering Choden,T20I,2,4,0,4,2,4,0,0,0.0,0.0,100.0,0.0
PP Shaw,T20I,1,1,0,1,1,1,0,0,0.0,0.0,100.0,0.0
PP Hinge,IPL,1,1,0,1,0,1,0,0,0.0,0.0,100.0,0.0
PP Chawla,T20I,1,1,0,1,0,1,0,0,0.0,0.0,100.0,0.0
Hawwa Ifasha,T20I,1,1,0,1,1,1,0,0,0.0,0.0,100.0,0.0
Hifsa Butt,T20I,1,8,0,6,1,6,0,0,0.0,0.0,100.0,0.0
Hung Ying Ho,T20I,1,3,0,3,0,3,0,0,0.0,0.0,100.0,0.0
AL Watkins,ODI,1,1,0,1,1,1,0,0,0.0,0.0,100.0,0.0
K Kaur,T20I,1,3,0,3,1,3,0,0,0.0,0.0,100.0,0.0
L McCarthy,ODI,1,5,0,5,1,5,0,0,0.0,0.0,100.0,0.0
S Sandeepani,T20I,1,1,0,1,1,1,0,0,0.0,0.0,100.0,0.0
S Siriotis,T20I,1,1,0,1,1,1,0,0,0.0,0.0,100.0,0.0
Cynthia Konadu,T20I,1,19,0,15,1,15,0,0,0.0,0.0,100.0,0.0
Constanza Vergara,T20I,1,7,0,7,1,7,0,0,0.0,0.0,100.0,0.0
C Beckford,T20I,1,3,0,3,1,3,0,0,0.0,0.0,100.0,0.0
U Kaul,IPL,1,1,0,1,0,1,0,0,0.0,0.0,100.0,0.0
Ihsanullah,PSL,1,3,0,3,0,3,0,0,0.0,0.0,100.0,0.0
TJ Vlaeminck,T20I,1,2,0,2,1,2,0,0,0.0,0.0,100.0,0.0
Ziaurahman Shinwari,T20I,1,1,0,1,1,1,0,0,0.0,0.0,100.0,0.0
Zoona Mariyam,T20I,3,40,0,40,3,40,0,0,0.0,0.0,100.0,0.0
DC Delany,T20I,1,1,0,1,1,1,0,0,0.0,0.0,100.0,0.0
Jenissa Jain,T20I,1,1,0,1,1,1,0,0,0.0,0.0,100.0,0.0
A Shahzad,T20I,1,3,0,3,0,3,0,0,0.0,0.0,100.0,0.0
Ibrahim Altinoluk,T20I,1,3,0,3,1,3,0,0,0.0,0.0,100.0,0.0
IU Jayamannage,T20I,1,5,0,5,0,5,0,0,0.0,0.0,100.0,0.0
I Smotara,T20I,1,9,0,7,2,7,0,0,0.0,0.0,100.0,0.0
C Sammut,T20I,2,6,0,6,2,6,0,0,0.0,0.0,100.0,0.0
C Sakariya,ODI,1,1,0,1,0,1,0,0,0.0,0.0,100.0,0.0
S Nunna,T20I,4,7,0,7,4,7,0,0,0.0,0.0,100.0,0.0
A Sangare,T20I,1,6,0,6,1,6,0,0,0.0,0.0,100.0,0.0
A Saifee,T20I,1,2,0,2,1,2,0,0,0.0,0.0,100.0,0.0
IM Farrell,T20I,1,2,0,2,1,2,0,0,0.0,0.0,100.0,0.0
Saifullah Bangash,PSL,1,1,0,1,1,1,0,0,0.0,0.0,100.0,0.0
S Naidu,ODI,1,2,0,2,0,2,0,0,0.0,0.0,100.0,0.0
S Moise,T20I,2,5,0,4,0,4,0,0,0.0,0.0,100.0,0.0
IS Sohi,ODI,1,2,0,2,1,2,0,0,0.0,0.0,100.0,0.0
S Baker,ODI,1,1,0,1,1,1,0,0,0.0,0.0,100.0,0.0
A Beggs,ODI,1,2,0,2,1,2,0,0,0.0,0.0,100.0,0.0
NCC Perez,T20I,1,4,0,3,1,3,0,0,0.0,0.0,100.0,0.0
Zhang Yibing,T20I,1,6,0,6,1,6,0,0,0.0,0.0,100.0,0.0
Zaman Khan,T20I,1,1,0,1,0,1,0,0,0.0,0.0,100.0,0.0
Zain Ali,T20I,1,1,0,1,1,1,0,0,0.0,0.0,100.0,0.0
Farial Zia Safdar,T20I,2,3,0,3,2,3,0,0,0.0,0.0,100.0,0.0
N Squire,T20I,1,11,0,11,0,11,0,0,0.0,0.0,100.0,0.0
N Simelane,T20I,3,11,0,9,3,9,0,0,0.0,0.0,100.0,0.0
Arish Ali,PSL,1,1,0,1,1,1,0,0,0.0,0.0,100.0,0.0
N Traore,T20I,1,6,0,6,0,6,0,0,0.0,0.0,100.0,0.0
KR Sen,IPL,1,3,0,3,0,3,0,0,0.0,0.0,100.0,0.0
Zeeshan Zameer,PSL,1,1,0,1,1,1,0,0,0.0,0.0,100.0,0.0
C Rathanak,T20I,1,1,0,1,1,1,0,0,0.0,0.0,100.0,0.0
MKDI Amerasinghe,Test,1,25,0,25,0,25,0,0,0.0,0.0,100.0,0.0
E Bisht,Test,1,1,0,1,0,1,0,0,0.0,0.0,100.0,0.0
R Mondol,T20I,2,8,0,8,2,8,0,0,0.0,0.0,100.0,0.0
R Mikulaskova,T20I,1,4,0,4,1,4,0,0,0.0,0.0,100.0,0.0
Arnav Manoj,T20I,3,7,0,7,3,7,0,0,0.0,0.0,100.0,0.0
NA Buley,Test,1,29,0,29,0,29,0,0,0.0,0.0,100.0,0.0
IC Pandey,IPL,1,2,0,2,1,2,0,0,0.0,0.0,100.0,0.0
IA Nicolson,ODI,1,3,0,3,1,3,0,0,0.0,0.0,100.0,0.0
R Aurora,T20I,1,1,0,1,0,1,0,0,0.0,0.0,100.0,0.0
R Andreea,T20I,1,4,0,4,1,4,0,0,0.0,0.0,100.0,0.0
K Burrows,T20I,1,1,0,1,1,1,0,0,0.0,0.0,100.0,0.0
L Thobela,T20I,1,1,0,1,1,1,0,0,0.0,0.0,100.0,0.0
TS Cordes,T20I,1,12,0,12,1,12,0,0,0.0,0.0,100.0,0.0
Imran Khan (1),T20I,1,1,0,1,1,1,0,0,0.0,0.0,100.0,0.0
E Bakiweyem,T20I,1,5,0,3,1,3,0,0,0.0,0.0,100.0,0.0
S Mohan,T20I,1,1,0,1,1,1,0,0,0.0,0.0,100.0,0.0
MF Fahey,ODI,1,7,0,6,1,6,0,0,0.0,0.0,100.0,0.0
Ansh Patel,T20I,1,1,0,1,1,1,0,0,0.0,0.0,100.0,0.0
R Siwa,T20I,2,3,0,3,2,3,0,0,0.0,0.0,100.0,0.0
TA McGregor,Test,1,6,0,6,0,6,0,0,0.0,0.0,100.0,0.0
Ivy Yeboah,T20I,2,5,0,5,2,5,0,0,0.0,0.0,100.0,0.0
TW Dlamini,T20I,1,1,0,1,1,1,0,0,0.0,0.0,100.0,0.0
Ashir Qureshi,PSL,1,1,0,1,1,1,0,0,0.0,0.0,100.0,0.0
ID Matic,T20I,2,8,0,8,2,8,0,0,0.0,0.0,100.0,0.0
Pel Vannak,T20I,2,4,0,3,2,3,0,0,0.0,0.0,100.0,0.0
Durriya Malik,T20I,1,1,0,1,1,1,0,0,0.0,0.0,100.0,0.0
Salman Faris,ODI,1,2,0,2,1,2,0,0,0.0,0.0,100.0,0.0
MJ Owen,IPL,1,2,0,2,1,2,0,0,0.0,0.0,100.0,0.0
TJ Bishop,ODI,1,6,0,6,1,6,0,0,0.0,0.0,100.0,0.0
MJ Greig,T20I,1,1,0,1,1,1,0,0,0.0,0.0,100.0,0.0
Apon Mustafizur,T20I,2,10,0,9,2,9,0,0,0.0,0.0,100.0,0.0
Anwar Hossain Monir,Test,1,16,0,16,1,16,0,0,0.0,0.0,100.0,0.0
E Bourgaize,T20I,1,3,0,3,1,3,0,0,0.0,0.0,100.0,0.0
Arshad Iqbal,T20I,2,2,0,2,2,2,0,0,0.0,0.0,100.0,0.0
C Outerbridge,T20I,1,4,0,3,1,3,0,0,0.0,0.0,100.0,0.0
MM Patel,T20I,1,1,0,1,1,1,0,0,0.0,0.0,100.0,0.0
Joseph Angara,ODI,1,3,0,3,1,3,0,0,0.0,0.0,100.0,0.0
R Sanjay Yadav,IPL,1,2,0,2,1,2,0,0,0.0,0.0,100.0,0.0
LG Pretorius,IPL,1,2,0,2,1,2,0,0,0.0,0.0,100.0,0.0
LJ Harper,Test,1,16,0,16,1,16,0,0,0.0,0.0,100.0,0.0
Samanvita Vijay,T20I,1,1,0,1,1,1,0,0,0.0,0.0,100.0,0.0
S Malla,T20I,1,2,0,2,1,2,0,0,0.0,0.0,100.0,0.0
R Cisse,T20I,1,1,0,1,1,1,0,0,0.0,0.0,100.0,0.0
C Moyo,T20I,1,1,0,1,1,1,0,0,0.0,0.0,100.0,0.0
IIA Vildosola,T20I,2,5,0,5,2,5,0,0,0.0,0.0,100.0,0.0
C Nanda,IPL,1,1,0,1,1,1,0,0,0.0,0.0,100.0,0.0
P Kerai,T20I,1,2,0,1,1,1,0,0,0.0,0.0,100.0,0.0
VRCF Poubel,T20I,2,3,0,3,2,3,0,0,0.0,0.0,100.0,0.0
P Fernando,T20I,1,3,0,3,1,3,0,0,0.0,0.0,100.0,0.0
Mohammad Mohsin,PSL,1,6,0,6,1,6,0,0,0.0,0.0,100.0,0.0
A Kone,T20I,1,3,0,3,1,3,0,0,0.0,0.0,100.0,0.0
HAG Madhushanka,T20I,1,1,0,1,1,1,0,0,0.0,0.0,100.0,0.0
H Shreya,T20I,1,1,0,1,0,1,0,0,0.0,0.0,100.0,0.0
AM Nayar,ODI,1,7,0,7,0,7,0,0,0.0,0.0,100.0,0.0
SS Cottrell,IPL,1,2,0,2,1,2,0,0,0.0,0.0,100.0,0.0
MA Aponso,T20I,1,2,0,2,1,2,0,0,0.0,0.0,100.0,0.0
K Schultz,ODI,1,19,0,17,1,17,0,0,0.0,0.0,100.0,0.0
K Raphapha,T20I,2,3,0,3,2,3,0,0,0.0,0.0,100.0,0.0
S Tudorache,T20I,2,4,0,3,2,3,0,0,0.0,0.0,100.0,0.0
S Gimhani,T20I,1,1,0,1,1,1,0,0,0.0,0.0,100.0,0.0
LR Morris,ODI,1,2,0,2,1,2,0,0,0.0,0.0,100.0,0.0
M Salum,T20I,1,2,0,2,0,2,0,0,0.0,0.0,100.0,0.0
H Roy,T20I,1,1,0,1,1,1,0,0,0.0,0.0,100.0,0.0
P Chabuta,T20I,2,17,0,15,2,15,0,0,0.0,0.0,100.0,0.0
P Jayawickrama,T20I,1,5,0,5,0,5,0,0,0.0,0.0,100.0,0.0
K Schultz,T20I,1,1,0,1,1,1,0,0,0.0,0.0,100.0,0.0
L Iglesias,T20I,1,2,0,2,0,2,0,0,0.0,0.0,100.0,0.0
SS Ilahi,T20I,1,5,0,3,1,3,0,0,0.0,0.0,100.0,0.0
K Matigimu,Test,1,10,0,10,2,10,0,0,0.0,0.0,100.0,0.0
K Phillip,ODI,1,2,0,2,1,2,0,0,0.0,0.0,100.0,0.0
K Paskova,T20I,4,24,0,19,3,18,0,0,0.0,0.0,94.74,0.0
Eashal Ibrahim,T20I,3,28,0,27,3,27,0,0,0.0,0.0,100.0,0.0
VCE Wattenberg,ODI,2,3,0,3,2,3,0,0,0.0,0.0,100.0,0.0
EM Sampson,Test,1,3,0,3,0,3,0,0,0.0,0.0,100.0,0.0
P Mazuze,T20I,1,2,0,2,1,2,0,0,0.0,0.0,100.0,0.0
L Fainicka,T20I,2,3,0,3,2,3,0,0,0.0,0.0,100.0,0.0
Benson Chama,T20I,1,2,0,2,1,2,0,0,0.0,0.0,100.0,0.0
V Viyaskanth,T20I,1,2,0,2,0,2,0,0,0.0,0.0,100.0,0.0
RM West,ODI,1,3,0,3,1,3,0,0,0.0,0.0,100.0,0.0
T Hewa,T20I,2,2,0,2,1,2,0,0,0.0,0.0,100.0,0.0
T Henderson,T20I,1,2,0,2,1,2,0,0,0.0,0.0,100.0,0.0
M Rodan,T20I,1,1,0,1,1,1,0,0,0.0,0.0,100.0,0.0
Aman Ali,ODI,1,2,0,2,1,2,0,0,0.0,0.0,100.0,0.0
RM van Oosterom,T20I,2,7,0,7,2,7,0,0,0.0,0.0,100.0,0.0
T Chopel,T20I,1,1,0,1,1,1,0,0,0.0,0.0,100.0,0.0
Bibina Baby,T20I,2,11,0,9,1,9,0,0,0.0,0.0,100.0,0.0
J Solomon,T20I,1,2,0,2,1,2,0,0,0.0,0.0,100.0,0.0
B Maximo,T20I,1,3,0,3,1,3,0,0,0.0,0.0,100.0,0.0
H Kavasoglu,T20I,1,2,0,2,1,2,0,0,0.0,0.0,100.0,0.0
J Umanath,T20I,1,3,0,3,1,3,0,0,0.0,0.0,100.0,0.0
M Mete,T20I,1,1,0,1,1,1,0,0,0.0,0.0,100.0,0.0
RT Lyons,T20I,1,2,0,2,1,2,0,0,0.0,0.0,100.0,0.0
H Gori,T20I,1,3,0,3,1,3,0,0,0.0,0.0,100.0,0.0
A Kamboj,Test,1,3,0,3,1,3,0,0,0.0,0.0,100.0,0.0
K Yadav,IPL,1,4,0,4,0,4,0,0,0.0,0.0,100.0,0.0
P Haryanti,T20I,1,2,0,2,1,2,0,0,0.0,0.0,100.0,0.0
L Ablish,IPL,1,2,0,2,0,2,0,0,0.0,0.0,100.0,0.0
Khuzaima Tanveer,T20I,1,1,0,1,1,1,0,0,0.0,0.0,100.0,0.0
SB Chamundaiah,T20I,1,1,0,1,1,1,0,0,0.0,0.0,100.0,0.0
SAR Hashimi,T20I,1,2,0,2,1,2,0,0,0.0,0.0,100.0,0.0
H Currie,T20I,1,1,0,1,1,1,0,0,0.0,0.0,100.0,0.0
BV Sears,Test,1,4,0,4,0,4,0,0,0.0,0.0,100.0,0.0
Omid Shafi Rahman,T20I,1,6,0,6,1,6,0,0,0.0,0.0,100.0,0.0
OP Stone,T20I,1,1,0,1,1,1,0,0,0.0,0.0,100.0,0.0
Mohammad Talha,ODI,1,1,0,1,1,1,0,0,0.0,0.0,100.0,0.0
D Tanase,T20I,1,2,0,2,1,2,0,0,0.0,0.0,100.0,0.0
P Gopalkrishnan,T20I,1,3,0,2,1,2,0,0,0.0,0.0,100.0,0.0
P Byron,T20I,1,1,0,1,1,1,0,0,0.0,0.0,100.0,0.0
P Ayoleyine,T20I,1,1,0,1,1,1,0,0,0.0,0.0,100.0,0.0
Vritti Dahiya,T20I,1,1,0,1,1,1,0,0,0.0,0.0,100.0,0.0
Vivek Dixit,T20I,1,1,0,1,1,1,0,0,0.0,0.0,100.0,0.0
H Kinga,T20I,2,5,0,5,2,5,0,0,0.0,0.0,100.0,0.0
SRH Curtis,T20I,1,2,0,2,1,2,0,0,0.0,0.0,100.0,0.0
D Birrell,ODI,1,1,0,1,1,1,0,0,0.0,0.0,100.0,0.0
D Berthe,T20I,2,3,0,3,2,3,0,0,0.0,0.0,100.0,0.0
J Rokoro,T20I,1,1,0,1,1,1,0,0,0.0,0.0,100.0,0.0
Afzaal Haider,ODI,1,10,0,10,1,10,0,0,0.0,0.0,100.0,0.0
LS Simelane,T20I,4,8,0,8,2,8,0,0,0.0,0.0,100.0,0.0
Shaffaa Saleem,T20I,1,2,0,2,1,2,0,0,0.0,0.0,100.0,0.0
T Cheki,T20I,4,10,0,9,3,9,0,0,0.0,0.0,100.0,0.0
T Chabila,T20I,3,8,0,7,2,7,0,0,0.0,0.0,100.0,0.0
RR Bhatkal,IPL,1,2,0,2,2,2,0,0,0.0,0.0,100.0,0.0
RP Meredith,IPL,2,3,0,3,1,3,0,0,0.0,0.0,100.0,0.0
CJ Sayers,Test,1,5,0,5,2,5,0,0,0.0,0.0,100.0,0.0
J Sainda,T20I,1,25,0,21,1,21,0,0,0.0,0.0,100.0,0.0
RN Lewis,T20I,1,4,0,4,1,4,0,0,0.0,0.0,100.0,0.0
Amma Kashif,T20I,1,5,0,5,0,5,0,0,0.0,0.0,100.0,0.0
DW Steyn,PSL,1,3,0,2,0,2,0,0,0.0,0.0,100.0,0.0
JWW Gardner,T20I,2,3,0,3,0,3,0,0,0.0,0.0,100.0,0.0
S Kemigisha,T20I,1,3,0,2,1,2,0,0,0.0,0.0,100.0,0.0
S Kaushik,IPL,1,1,0,1,1,1,0,0,0.0,0.0,100.0,0.0
Ayush Ummat,T20I,1,5,0,5,1,5,0,0,0.0,0.0,100.0,0.0
PF Ravarua,T20I,1,2,0,2,1,2,0,0,0.0,0.0,100.0,0.0
Constanza Oyarce,T20I,2,5,0,5,2,5,0,0,0.0,0.0,100.0,0.0
SU Parakh,IPL,1,2,0,2,1,2,0,0,0.0,0.0,100.0,0.0
L Khotso,T20I,3,16,0,16,3,16,0,0,0.0,0.0,100.0,0.0
V Buruka,T20I,1,1,0,1,1,1,0,0,0.0,0.0,100.0,0.0
V Buruka,ODI,4,8,0,8,1,8,0,0,0.0,0.0,100.0,0.0
V Barboza,T20I,1,1,0,1,1,1,0,0,0.0,0.0,100.0,0.0
V Avdylaj,T20I,5,30,0,25,3,25,0,0,0.0,0.0,100.0,0.0
HR Ponja,T20I,2,7,0,7,1,7,0,0,0.0,0.0,100.0,0.0
Maryyam Sheikh,T20I,1,1,0,1,1,1,0,0,0.0,0.0,100.0,0.0
PD Blignaut,T20I,1,1,0,1,1,1,0,0,0.0,0.0,100.0,0.0
Mayank Dagar,IPL,1,1,0,1,0,1,0,0,0.0,0.0,100.0,0.0
EE Corder,T20I,2,5,0,5,2,5,0,0,0.0,0.0,100.0,0.0
SU Halarnkar,T20I,2,4,0,4,2,4,0,0,0.0,0.0,100.0,0.0
RJ Ainsworth,T20I,1,4,0,4,1,4,0,0,0.0,0.0,100.0,0.0
M Zwilling,T20I,2,6,0,6,2,6,0,0,0.0,0.0,100.0,0.0
M Zondeki,T20I,1,1,0,1,1,1,0,0,0.0,0.0,100.0,0.0
M Zdravkova,T20I,3,20,0,15,1,15,0,0,0.0,0.0,100.0,0.0
T Phaswana,T20I,1,3,0,3,1,3,0,0,0.0,0.0,100.0,0.0
E Tzanavari,T20I,1,1,0,1,1,1,0,0,0.0,0.0,100.0,0.0
E Simeon,T20I,1,4,0,2,1,2,0,0,0.0,0.0,100.0,0.0
PHT Kaushal,ODI,1,1,0,1,1,1,0,0,0.0,0.0,100.0,0.0
Manal Malik,T20I,1,12,0,12,1,12,0,0,0.0,0.0,100.0,0.0
Ammar Zuhdi Hazalan,T20I,1,3,0,3,1,3,0,0,0.0,0.0,100.0,0.0
Maliha Baig,T20I,1,2,0,2,1,2,0,0,0.0,0.0,100.0,0.0
ST Finn,PSL,1,1,0,1,1,1,0,0,0.0,0.0,100.0,0.0
K Maseko,T20I,3,13,0,12,2,12,0,0,0.0,0.0,100.0,0.0
K Marasini,T20I,1,5,0,5,0,5,0,0,0.0,0.0,100.0,0.0
Marija Mratinkovic,T20I,1,3,0,2,1,2,0,0,0.0,0.0,100.0,0.0
Marica Taira,T20I,1,1,0,1,1,1,0,0,0.0,0.0,100.0,0.0
Usrah Umar Farooq,T20I,2,8,0,8,2,8,0,0,0.0,0.0,100.0,0.0
Usman Tariq,T20I,1,3,0,3,1,3,0,0,0.0,0.0,100.0,0.0
Han Won,T20I,1,5,0,5,1,5,0,0,0.0,0.0,100.0,0.0
Mamta Rai,T20I,1,2,0,2,1,2,0,0,0.0,0.0,100.0,0.0
B Bulganchimeg,T20I,1,1,0,1,1,1,0,0,0.0,0.0,100.0,0.0
Mohamed Ishmath,T20I,2,3,0,3,2,3,0,0,0.0,0.0,100.0,0.0
Mohamed Fadiga,T20I,1,4,0,4,1,4,0,0,0.0,0.0,100.0,0.0
Mofida Kocchargi,T20I,1,2,0,2,1,2,0,0,0.0,0.0,100.0,0.0
Moe Ei Phyu,T20I,2,2,0,2,1,2,0,0,0.0,0.0,100.0,0.0
V Nehoume,T20I,1,3,0,3,1,3,0,0,0.0,0.0,100.0,0.0
K Ogola,T20I,2,5,0,5,0,5,0,0,0.0,0.0,100.0,0.0
A Levaci,T20I,2,3,0,3,2,3,0,0,0.0,0.0,100.0,0.0
Mohammad Ali,ODI,1,2,0,2,0,2,0,0,0.0,0.0,100.0,0.0
T Mpatane,T20I,1,1,0,1,1,1,0,0,0.0,0.0,100.0,0.0
P Sua,T20I,1,2,0,2,1,2,0,0,0.0,0.0,100.0,0.0
P Sapesa,T20I,1,1,0,1,1,1,0,0,0.0,0.0,100.0,0.0
S Jayasinghe,T20I,1,1,0,1,1,1,0,0,0.0,0.0,100.0,0.0
S Kagnassy,T20I,1,4,0,4,1,4,0,0,0.0,0.0,100.0,0.0
JS Eguid,T20I,1,1,0,1,1,1,0,0,0.0,0.0,100.0,0.0
JS Ababu,ODI,2,9,0,9,0,9,0,0,0.0,0.0,100.0,0.0
LM Hoitink,ODI,2,17,0,16,2,16,0,0,0.0,0.0,100.0,0.0
Mohammad Azab,PSL,1,2,0,2,1,1,0,0,0.0,0.0,50.0,0.0
Mohammad Ayaz,T20I,1,2,0,2,1,2,0,0,0.0,0.0,100.0,0.0
Mohamed Miuvaan,T20I,1,1,0,1,1,1,0,0,0.0,0.0,100.0,0.0
T Moitoi,T20I,1,3,0,3,1,3,0,0,0.0,0.0,100.0,0.0
J Hurley,T20I,1,1,0,1,1,1,0,0,0.0,0.0,100.0,0.0
J Hicks,T20I,4,12,0,10,3,10,0,0,0.0,0.0,100.0,0.0
M Viswanathan,T20I,1,3,0,3,1,3,0,0,0.0,0.0,100.0,0.0
V Kostova,T20I,2,6,0,3,2,3,0,0,0.0,0.0,100.0,0.0
HL Ferling,Test,1,1,0,1,0,1,0,0,0.0,0.0,100.0,0.0
HL Ferling,T20I,1,1,0,1,1,1,0,0,0.0,0.0,100.0,0.0
Melanie Ani,ODI,2,2,0,2,2,2,0,0,0.0,0.0,100.0,0.0
Mehran Siasar,T20I,1,3,0,3,1,3,0,0,0.0,0.0,100.0,0.0
B Coulibaly,T20I,1,1,0,1,0,1,0,0,0.0,0.0,100.0,0.0
K Mahekdeep,T20I,2,2,0,2,2,2,0,0,0.0,0.0,100.0,0.0
K Mabitle,T20I,2,3,0,3,2,3,0,0,0.0,0.0,100.0,0.0
K Loday,T20I,1,1,0,1,0,1,0,0,0.0,0.0,100.0,0.0
L Hornby-Wheeler,T20I,2,7,0,6,2,6,0,0,0.0,0.0,100.0,0.0
Abdur Razzak,IPL,1,2,0,2,0,2,0,0,0.0,0.0,100.0,0.0
T Muzarabani,T20I,1,2,0,2,0,2,0,0,0.0,0.0,100.0,0.0
T Koula,T20I,1,1,0,1,1,1,0,0,0.0,0.0,100.0,0.0
T Konate,T20I,1,7,0,7,2,7,0,0,0.0,0.0,100.0,0.0
V Pratap Singh,IPL,1,1,0,1,1,1,0,0,0.0,0.0,100.0,0.0
Mehran Mumtaz,PSL,2,2,0,2,2,2,0,0,0.0,0.0,100.0,0.0
