striker,matches,runs,balls_faced,dismissals,dot_balls,fours,sixes,average,strike_rate,dot_pct,boundary_pct
V Kohli,798,36924,41931,783,21610,3559,622,47.16,88.06,51.54,9.97
RG Sharma,751,26969,28176,720,15054,2565,953,37.46,95.72,53.43,12.49
DA Warner,576,25854,26738,633,14522,2830,571,40.84,96.69,54.31,12.72
AB de Villiers,567,24607,29020,522,16186,2337,575,47.14,84.79,55.78,10.03
KC Sangakkara,512,23811,32977,537,19563,2481,180,44.34,72.2,59.32,8.07
JE Root,367,22163,33371,450,20436,2185,112,49.25,66.41,61.24,6.88
MS Dhoni,688,22018,25047,544,13104,1799,599,40.47,87.91,52.32,9.57
KS Williamson,437,21275,30685,458,19037,2147,211,46.45,69.33,62.04,7.68
SPD Smith,431,20396,29536,460,18319,2056,229,44.34,69.05,62.02,7.74
Babar Azam,434,19494,22002,428,11429,2046,249,45.55,88.6,51.95,10.43
HM Amla,354,18829,28453,402,18209,2151,110,46.84,66.18,64.0,7.95
LRPL Taylor,468,18714,25059,477,14799,1795,306,39.23,74.68,59.06,8.38
DPMD Jayawardene,473,17964,25466,475,15333,1845,160,37.82,70.54,60.21,7.87
CH Gayle,482,17659,18031,487,10634,1781,850,36.26,97.94,58.98,14.59
S Dhawan,483,17469,17438,466,8689,2096,290,37.49,100.18,49.83,13.68
JC Buttler,493,16835,15772,457,7908,1595,592,36.84,106.74,50.14,13.87
Q de Kock,435,16744,16549,443,8469,1837,435,37.8,101.18,51.18,13.73
TM Dilshan,444,16496,19259,447,10356,1901,125,36.9,85.65,53.77,10.52
BB McCullum,471,16285,18199,496,10579,1709,510,32.83,89.48,58.13,12.19
F du Plessis,404,15975,19873,409,11434,1593,307,39.06,80.39,57.54,9.56
AD Mathews,410,15786,25159,427,16108,1406,247,36.97,62.74,64.02,6.57
SR Watson,450,15747,17626,449,10325,1637,508,35.07,89.34,58.58,12.17
AN Cook,256,15737,30762,367,22304,1818,21,42.88,51.16,72.51,5.98
MJ Clarke,339,15713,24075,360,15197,1540,87,43.65,65.27,63.12,6.76
JH Kallis,338,15393,24067,355,15268,1552,174,43.36,63.96,63.44,7.17
SR Tendulkar,305,15192,21240,330,13379,1865,119,46.04,71.53,62.99,9.34
KL Rahul,360,15098,16980,360,9197,1408,433,41.94,88.92,54.16,10.84
KP Pietersen,314,15069,19992,359,12213,1634,252,41.97,75.38,61.09,9.43
Tamim Iqbal,373,14858,20107,404,12438,1709,196,36.78,73.89,61.86,9.47
V Sehwag,362,14842,14474,406,7827,1989,292,36.56,102.54,54.08,15.76
Mushfiqur Rahim,407,14678,22733,417,14179,1397,164,35.2,64.57,62.37,6.87
GC Smith,306,14487,20340,363,12827,1746,87,39.91,71.22,63.06,9.01
Shakib Al Hasan,444,14264,17584,444,9458,1469,152,32.13,81.12,53.79,9.22
RT Ponting,303,14204,20373,339,12679,1479,136,41.9,69.72,62.23,7.93
MJ Guptill,385,14018,16869,399,10193,1442,418,35.13,83.1,60.42,11.03
G Gambhir,370,13849,17371,376,9890,1585,96,36.83,79.72,56.93,9.68
Mohammad Hafeez,439,13845,17350,446,10335,1459,271,31.04,79.8,59.57,9.97
AM Rahane,380,13585,18424,410,11214,1428,208,33.13,73.74,60.87,8.88
MEK Hussey,311,13553,19767,304,12110,1245,183,44.58,68.56,61.26,7.22
SK Raina,471,13438,12590,404,5556,1219,385,33.26,106.74,44.13,12.74
JM Bairstow,318,13069,16199,365,10002,1460,290,35.81,80.68,61.74,10.8
IR Bell,275,12947,22042,322,15090,1427,71,40.21,58.74,68.46,6.8
Yuvraj Singh,416,12356,13463,371,7356,1234,374,33.3,91.78,54.64,11.94
Younis Khan,270,12343,20408,322,13226,1143,101,38.33,60.48,64.81,6.1
BKG Mendis,324,12317,15489,353,9190,1322,241,34.89,79.52,59.33,10.09
BA Stokes,294,12196,17107,359,11018,1233,300,33.97,71.29,64.41,8.96
Shoaib Malik,429,12063,13669,366,6892,1004,253,32.96,88.25,50.42,9.2
R Dravid,281,11853,20764,300,14049,1345,60,39.51,57.08,67.66,6.77
EJG Morgan,418,11666,11950,357,5974,991,384,32.68,97.62,49.99,11.51
Mohammad Rizwan,313,11640,12865,280,6411,1048,222,41.57,90.48,49.83,9.87
TWM Latham,268,11274,18807,311,12535,1135,92,36.25,59.95,66.65,6.52
Misbah-ul-Haq,266,11249,18993,268,12489,910,207,41.97,59.23,65.76,5.88
JP Duminy,372,11191,13778,311,7305,877,235,35.98,81.22,53.02,8.07
LD Chandimal,293,11098,18586,334,12120,1008,115,33.23,59.71,65.21,6.04
Shubman Gill,259,10886,11250,258,5841,1153,271,42.19,96.76,51.92,12.66
RA Jadeja,461,10875,13739,352,7751,896,269,30.89,79.15,56.42,8.48
DA Miller,420,10786,8829,292,3252,774,437,36.94,122.17,36.83,13.72
AJ Finch,337,10678,10432,318,5341,1066,322,33.58,102.36,51.2,13.31
TM Head,236,10382,11108,262,6313,1214,250,39.63,93.46,56.83,13.18
S Mandhana,281,10375,9959,263,4993,1366,183,39.45,104.18,50.14,15.55
Mahmudullah,361,10325,13953,321,8107,903,196,32.17,74.0,58.1,7.88
S Chanderpaul,208,10167,19417,221,13446,938,66,46.0,52.36,69.25,5.17
SD Hope,265,9889,13560,279,8170,876,227,35.44,72.93,60.25,8.13
Fakhar Zaman,299,9752,8569,296,3913,1000,319,32.95,113.81,45.66,15.39
GJ Maxwell,395,9738,7236,352,2975,865,456,27.66,134.58,41.11,18.26
ML Hayden,184,9490,12647,199,7877,1057,156,47.69,75.04,62.28,9.59
AJ Strauss,204,9407,16335,262,11316,1098,29,35.9,57.59,69.27,6.9
AK Markram,262,9334,10533,276,5967,1024,224,33.82,88.62,56.65,11.85
RR Pant,272,9292,8999,271,4628,911,341,34.29,103.26,51.43,13.91
Azhar Ali,156,9131,19618,224,14401,883,40,40.76,46.54,73.41,4.7
L Wolvaardt,234,8997,10326,201,5352,1050,71,44.76,87.13,51.83,10.86
MR Marsh,276,8971,9628,275,5461,877,342,32.62,93.18,56.72,12.66
MN Samuels,273,8937,13242,291,8703,939,205,30.71,67.49,65.72,8.64
SS Iyer,268,8935,8098,241,3527,794,306,37.07,110.34,43.55,13.58
PD Collingwood,248,8865,14305,248,9226,776,121,35.75,61.97,64.49,6.27
KA Pollard,402,8713,6959,325,3006,557,528,26.81,125.2,43.2,15.59
AC Gilchrist,249,8701,8220,250,4413,1064,221,34.8,105.85,53.69,15.63
WU Tharanga,262,8571,11970,268,7466,1011,73,31.98,71.6,62.37,9.06
SA Yadav,302,8507,5771,255,2021,851,367,33.36,147.41,35.02,21.11
UT Khawaja,150,8457,15081,199,10470,902,55,42.5,56.08,69.43,6.35
BRM Taylor,245,8429,11427,264,6747,827,116,31.93,73.76,59.04,8.25
Sikandar Raza,295,8347,8734,287,4536,704,276,29.08,95.57,51.93,11.22
FDM Karunaratne,137,8157,15256,220,10665,851,12,37.08,53.47,69.91,5.66
MM Ali,326,8055,10214,328,6300,777,259,24.56,78.86,61.68,10.14
KD Karthik,376,8016,8001,307,3956,813,208,26.11,100.19,49.44,12.76
BL Mooney,230,8014,8001,197,3598,950,40,40.68,100.16,44.97,12.37
JJ Roy,241,7984,6842,234,3232,933,223,34.12,116.69,47.24,16.9
Liton Das,250,7863,9751,277,5747,855,143,28.39,80.64,58.94,10.23
H Kaur,273,7849,7937,230,3612,807,145,34.13,98.89,45.51,11.99
Sarfraz Ahmed,256,7663,8817,243,4325,698,63,31.53,86.91,49.05,8.63
Kamran Akmal,284,7647,8583,286,5047,902,170,26.74,89.09,58.8,12.49
SE Marsh,193,7631,10539,210,6523,781,127,36.34,72.41,61.89,8.62
MM Lanning,205,7618,7771,162,3894,968,82,47.02,98.03,50.11,13.51
EA Perry,236,7607,8989,164,4671,751,122,46.38,84.63,51.96,9.71
CA Pujara,127,7601,16686,184,12692,912,20,41.31,45.55,76.06,5.59
DJ Mitchell,207,7544,8794,201,4732,616,213,37.53,85.79,53.81,9.43
DJ Bravo,354,7536,9499,291,5545,653,196,25.9,79.33,58.37,8.94
HH Pandya,332,7483,5848,257,2342,583,364,29.12,127.96,40.05,16.19
SC Williams,225,7397,8386,223,4326,734,103,33.17,88.21,51.59,9.98
DP Conway,173,7395,9014,175,5347,854,134,42.26,82.04,59.32,10.96
PR Stirling,258,7389,7224,253,3877,853,219,29.21,102.28,53.67,14.84
HH Gibbs,195,7155,9158,210,5710,859,135,34.07,78.13,62.35,10.85
BJ Haddin,218,7018,9769,228,6221,704,153,30.78,71.84,63.68,8.77
SV Samson,248,7015,5026,217,1773,570,346,32.33,139.57,35.28,18.23
AJ Healy,240,6995,6602,222,3397,981,95,31.51,105.95,51.45,16.3
DM Bravo,194,6971,12604,216,8811,685,127,32.27,55.31,69.91,6.44
M Vijay,188,6956,11211,221,7766,743,131,31.48,62.05,69.27,7.8
MDKJ Perera,236,6955,6923,237,3487,757,150,29.35,100.46,50.37,13.1
TT Beaumont,204,6905,8554,199,4856,841,46,34.7,80.72,56.77,10.37
M Labuschagne,134,6897,11466,169,7670,730,29,40.81,60.15,66.89,6.62
H Masakadza,237,6834,10236,256,6741,729,118,26.7,66.76,65.86,8.27
IJL Trott,124,6792,11930,152,7991,680,6,44.68,56.93,66.98,5.75
HC Knight,244,6742,8325,196,4479,712,60,34.4,80.98,53.8,9.27
Umar Akmal,242,6740,7172,220,3582,575,179,30.64,93.98,49.94,10.51
HK Matthews,222,6736,6944,216,3637,871,88,31.19,97.0,52.38,13.81
DM de Silva,184,6688,10052,218,6509,744,66,30.68,66.53,64.75,8.06
RR Sarwan,166,6646,10128,174,6323,666,55,38.2,65.62,62.43,7.12
SW Bates,214,6537,7283,205,3654,741,35,31.89,89.76,50.17,10.65
SFM Devine,218,6523,6139,201,2826,648,180,32.45,106.26,46.03,13.49
VVS Laxman,123,6521,12318,146,8720,786,7,44.66,52.94,70.79,6.44
AC Jayangani,213,6507,6897,208,3902,845,149,31.28,94.35,56.58,14.41
Shahid Afridi,339,6490,4620,306,1810,534,331,21.21,140.48,39.18,18.72
N Pooran,247,6483,4991,213,2124,456,396,30.44,129.89,42.56,17.07
Asad Shafiq,157,6444,11986,196,8459,667,41,32.88,53.76,70.57,5.91
JO Holder,274,6443,8876,261,5662,589,202,24.69,72.59,63.79,8.91
ST Jayasuriya,205,6379,6442,204,3583,751,158,31.27,99.02,55.62,14.11
SC Ganguly,165,6378,9083,177,5679,679,102,36.03,70.22,62.52,8.6
T Bavuma,148,6374,10502,179,7083,684,58,35.61,60.69,67.44,7.07
AD Hales,198,6343,6189,197,3237,723,173,32.2,102.49,52.3,14.48
A Symonds,175,6278,6949,151,3679,559,152,41.58,90.34,52.94,10.23
P Nissanka,176,6271,7022,180,3881,715,111,34.84,89.31,55.27,11.76
KC Brathwaite,109,6202,15005,193,11564,609,17,32.13,41.33,77.07,4.17
MV Boucher,220,6201,9404,209,5904,585,81,29.67,65.94,62.78,7.08
HC Brook,144,6194,6016,145,2994,606,182,42.72,102.96,49.77,13.1
RV Uthappa,250,6137,5043,232,2128,615,207,26.45,121.69,42.2,16.3
SR Taylor,210,6071,7296,196,3913,604,94,30.97,83.21,53.63,9.57
Ahmed Shehzad,194,6050,7608,203,4420,621,91,29.8,79.52,58.1,9.36
AT Rayudu,239,6027,5553,190,2312,505,199,31.72,108.54,41.64,12.68
CR Ervine,187,6004,8488,194,5242,618,78,30.95,70.74,61.76,8.2
YBK Jaiswal,128,5811,6013,143,3461,703,187,40.64,96.64,57.56,14.8
Ishan Kishan,193,5699,4251,178,1746,561,259,32.02,134.06,41.07,19.29
HM Nicholls,151,5598,9263,157,6109,574,28,35.66,60.43,65.95,6.5
HDRL Thirimanne,165,5537,9916,185,6556,478,33,29.93,55.84,66.12,5.15
Mohammad Yousuf,107,5469,8444,122,5283,560,31,44.83,64.77,62.57,7.0
MJ Prior,141,5455,8360,154,5520,638,27,35.42,65.25,66.03,7.95
D Elgar,92,5451,11367,149,8639,692,26,36.58,47.95,76.0,6.32
JI Rodrigues,205,5437,5189,182,2168,624,40,29.87,104.78,41.78,12.8
HE van der Dussen,153,5418,6638,142,3632,437,133,38.15,81.62,54.72,8.59
SO Hetmyer,212,5294,4538,193,2075,390,266,27.43,116.66,45.72,14.46
D Ramdin,217,5261,8417,225,5501,537,55,23.38,62.5,65.36,7.03
Mominul Haque,99,5223,9380,149,6541,595,22,35.05,55.68,69.73,6.58
MK Pandey,216,5218,4420,167,1577,434,140,31.25,118.05,35.68,12.99
RS Bopara,213,5216,6216,187,3171,426,83,27.89,83.91,51.01,8.19
H Klaasen,168,5209,3937,145,1459,416,236,35.92,132.31,37.06,16.56
R Ashwin,271,5209,8062,246,5233,539,63,21.17,64.61,64.91,7.47
DN Wyatt,228,5185,4599,210,2018,620,74,24.69,112.74,43.88,15.09
Shafali Verma,177,5163,4415,169,2140,649,153,30.55,116.94,48.47,18.17
Imam-ul-Haq,118,5104,7509,137,4588,471,55,37.26,67.97,61.1,7.0
RR Rossouw,181,5088,3891,156,1545,505,192,32.62,130.76,39.71,17.91
MP Stoinis,237,5081,4009,178,1635,426,230,28.54,126.74,40.78,16.36
A Balbirnie,182,5058,5958,187,3288,514,94,27.05,84.89,55.19,10.2
S Luus,219,5026,6386,173,3455,515,42,29.05,78.7,54.1,8.72
DJ Malan,135,5011,5999,137,3487,545,116,36.58,83.53,58.13,11.02
MS Wade,207,5003,6626,199,3945,449,96,25.14,75.51,59.54,8.23
LMP Simmons,171,5000,5529,165,3076,461,171,30.3,90.43,55.63,11.43
BM Duckett,103,4998,5293,136,2845,625,47,36.75,94.43,53.75,12.7
DR Smith,221,4995,4362,208,2207,504,228,24.01,114.51,50.6,16.78
AD Russell,249,4987,3132,193,1304,361,387,25.84,159.23,41.63,23.88
Shan Masood,136,4978,6840,169,4214,505,69,29.46,72.78,61.61,8.39
SM Katich,89,4976,9017,116,6433,578,21,42.9,55.18,71.34,6.64
NR Sciver,167,4941,5261,136,2430,532,31,36.33,93.92,46.19,10.7
HG Munsey,144,4930,4356,134,2179,514,194,36.79,113.18,50.02,16.25
AT Carey,154,4877,6329,158,3621,486,49,30.87,77.06,57.21,8.45
N Dickwella,132,4841,6231,164,3688,552,32,29.52,77.69,59.19,9.37
C Munro,179,4803,3551,165,1447,446,229,29.11,135.26,40.75,19.01
RD Berrington,171,4797,5122,140,2485,347,151,34.26,93.65,48.52,9.72
AC Kerr,177,4769,5018,140,2250,517,16,34.06,95.04,44.84,10.62
SB Styris,150,4760,6071,136,3330,427,77,35.0,78.41,54.85,8.3
GH Lewis,161,4759,5044,147,2705,660,31,32.37,94.35,53.63,13.7
M Kapp,205,4751,5154,166,2468,484,57,28.62,92.18,47.89,10.5
DJG Sammy,247,4725,4897,212,2755,409,209,22.29,96.49,56.26,12.62
DL Vettori,186,4650,6449,171,3864,492,26,27.19,72.1,59.92,8.03
Agha Salman,151,4627,5259,149,2827,443,99,31.05,87.98,53.76,10.31
ME Trescothick,94,4566,6671,109,4469,639,34,41.89,68.45,66.99,10.09
Nazmul Hossain Shanto,133,4566,6815,159,4362,483,63,28.72,67.0,64.01,8.01
TT Samaraweera,81,4559,8868,93,6372,533,6,49.02,51.41,71.85,6.08
A Flintoff,122,4534,6170,130,3983,502,110,34.88,73.48,64.55,9.92
L Lee,158,4530,4703,142,2656,576,103,31.9,96.32,56.47,14.44
Salman Butt,121,4529,7051,141,4758,603,16,32.12,64.23,67.48,8.78
Waseem Muhammad,159,4513,3863,154,1917,378,239,29.31,116.83,49.62,15.97
DB Sharma,218,4486,5755,145,2965,430,37,30.94,77.95,51.52,8.11
E Chigumbura,210,4473,5461,188,3053,366,122,23.79,81.91,55.91,8.94
Soumya Sarkar,164,4446,4787,169,2721,503,118,26.31,92.88,56.84,12.97
AE Jones,191,4444,4752,166,2358,521,42,26.77,93.52,49.62,11.85
BJ Watling,102,4401,9790,127,7360,490,11,34.65,44.95,75.18,5.12
MP O'Dowd,148,4367,4652,143,2373,445,92,30.54,93.87,51.01,11.54
M Raj,118,4366,5937,90,3307,459,20,48.51,73.54,55.7,8.07
MA Agarwal,151,4338,4931,160,2944,477,129,27.11,87.97,59.7,12.29
GJ Bailey,150,4332,4824,133,2388,333,102,32.57,89.8,49.5,9.02
WP Saha,184,4328,5329,170,3156,430,101,25.46,81.22,59.22,9.96
GD Phillips,151,4324,3892,139,1789,332,188,31.11,111.1,45.97,13.36
E Lewis,142,4311,3798,134,1986,378,234,32.17,113.51,52.29,16.11
RL Chase,145,4301,7346,178,4947,405,56,24.16,58.55,67.34,6.28
SCJ Broad,243,4289,6390,266,4317,482,68,16.12,67.12,67.56,8.61
YK Pathan,212,4268,3119,155,1173,336,221,27.54,136.84,37.61,17.86
A Gardner,185,4229,3791,155,1748,450,121,27.28,111.55,46.11,15.06
Mohammad Ashraful,170,4208,6756,197,4475,463,37,21.36,62.29,66.24,7.4
Bismah Maroof,166,4197,5371,147,2690,352,1,28.55,78.14,50.08,6.57
AR Patel,250,4185,4217,191,2044,307,173,21.91,99.24,48.47,11.38
CL White,168,4158,4388,130,2073,307,127,31.98,94.76,47.24,9.89
PD Salt,144,4155,2776,135,1083,467,173,30.78,149.68,39.01,23.05
NLTC Perera,243,4148,3424,206,1422,307,181,20.14,121.14,41.53,14.25
R Powell,200,4138,3264,176,1387,270,249,23.51,126.78,42.49,15.9
SP Fleming,105,4129,6231,116,4249,538,44,35.59,66.27,68.19,9.34
MG Erasmus,141,4117,4353,128,2140,327,120,32.16,94.58,49.16,10.27
Imrul Kayes,123,4112,6967,154,4780,465,50,26.7,59.02,68.61,7.39
R Ravindra,117,4090,4494,118,2467,424,101,34.66,91.01,54.9,11.68
PA Patel,178,4082,4156,169,2170,515,58,24.15,98.22,52.21,13.79
NR Sciver-Brunt,102,4065,3634,85,1578,553,29,47.82,111.86,43.42,16.02
C Green,125,4059,5394,120,3378,387,112,33.83,75.25,62.63,9.25
AG Prince,88,4027,8488,95,6173,401,17,42.39,47.44,72.73,4.92
KIC Asalanka,142,3949,3987,131,1882,312,130,30.15,99.05,47.2,11.09
DJS Dottin,154,3927,3864,134,2080,406,137,29.31,101.63,53.83,14.05
RR Hendricks,137,3921,3479,134,1496,414,94,29.26,112.7,43.0,14.6
BC Lara,84,3914,5543,84,3536,430,66,46.6,70.61,63.79,8.95
MP Vaughan,96,3892,7055,118,5049,485,16,32.98,55.17,71.57,7.1
AE Satterthwaite,115,3882,4472,99,2208,419,16,39.21,86.81,49.37,9.73
MJ Santner,228,3881,4939,161,2988,332,130,24.11,78.58,60.5,9.35
Mehedi Hasan Miraz,157,3859,6206,177,4177,400,57,21.8,62.18,67.31,7.36
HT Tector,131,3836,4440,118,2256,320,85,32.51,86.4,50.81,9.12
DR Martyn,102,3820,5856,101,3656,382,19,37.82,65.23,62.43,6.85
T Brits,134,3792,4244,126,2225,430,53,30.1,89.35,52.43,11.38
Z Crawley,73,3791,5691,124,3877,525,15,30.57,66.61,68.13,9.49
CR Woakes,172,3773,5720,155,3656,390,39,24.34,65.96,63.92,7.5
KJ O'Brien,162,3751,3646,143,1759,351,114,26.23,102.88,48.24,12.75
DJ Hussey,156,3750,3576,140,1482,253,118,26.79,104.87,41.44,10.37
BA King,141,3743,3753,140,2094,444,119,26.74,99.73,55.8,15.0
OJ Pope,64,3732,5793,108,3877,440,18,34.56,64.42,66.93,7.91
Abhishek Sharma,130,3729,2095,119,728,356,233,31.34,178.0,34.75,28.11
T Taibu,126,3683,6001,122,3807,286,39,30.19,61.37,63.44,5.42
Abdullah Shafique,102,3643,5486,114,3600,341,90,31.96,66.41,65.62,7.86
RD Gaikwad,107,3614,2723,92,991,347,129,39.28,132.72,36.39,17.48
Nigar Sultana,158,3603,4878,132,2654,332,25,27.3,73.86,54.41,7.32
RK Paudel,146,3594,4039,130,1993,273,86,27.65,88.98,49.34,8.89
DS Airee,144,3565,3367,116,1473,271,108,30.73,105.88,43.75,11.26
Saim Ayub,135,3548,3155,139,1611,374,138,25.53,112.46,51.06,16.23
JDS Neesham,173,3510,3499,145,1767,313,112,24.21,100.31,50.5,12.15
Shadab Khan,187,3504,3067,153,1324,258,145,22.9,114.25,43.17,13.14
KJ Coetzer,115,3490,3732,112,2088,418,73,31.16,93.52,55.95,13.16
Sidra Ameen,128,3469,4738,123,2692,365,4,28.2,73.22,56.82,7.79
M du Preez,153,3441,4391,127,2264,330,20,27.09,78.36,51.56,7.97
WTS Porterfield,132,3439,4774,134,2910,356,41,25.66,72.04,60.96,8.32
Jatinder Singh,131,3439,3725,123,2006,377,68,27.96,92.32,53.85,11.95
Asif Ali,199,3436,2458,156,996,225,229,22.03,139.79,40.52,18.47
RM Ghosh,153,3427,2845,118,1318,384,123,29.04,120.46,46.33,17.82
Harbhajan Singh,244,3412,4292,202,2616,330,107,16.89,79.5,60.95,10.18
CL Tryon,174,3397,3025,137,1374,316,121,24.8,112.3,45.42,14.45
Aasif Sheikh,132,3397,3634,126,1955,350,86,26.96,93.48,53.8,12.0
J Charles,137,3395,3195,137,1739,368,131,24.78,106.26,54.43,15.62
LS Livingstone,152,3388,2518,130,949,211,208,26.06,134.55,37.69,16.64
TG Southee,255,3383,3790,241,2294,300,145,14.04,89.26,60.53,11.74
WA Young,99,3372,5070,111,3319,390,40,30.38,66.51,65.46,8.48
K Bhurtel,136,3345,3230,131,1672,338,112,25.53,103.56,51.76,13.93
JD Ryder,101,3328,3951,111,2355,376,76,29.98,84.23,59.61,11.44
TH David,137,3328,1943,93,586,240,227,35.78,171.28,30.16,24.03
IK Pathan,182,3292,3894,135,2170,303,85,24.39,84.54,55.73,9.96
JDP Oram,131,3292,4344,127,2640,289,96,25.92,75.78,60.77,8.86
MG Johnson,200,3275,4771,176,3199,347,63,18.61,68.64,67.05,8.59
MA Starc,208,3266,5144,184,3464,314,65,17.75,63.49,67.34,7.37
SJ Taylor,111,3238,3560,103,1735,386,4,31.44,90.96,48.74,10.96
MD Shanaka,179,3230,3093,149,1467,226,151,21.68,104.43,47.43,12.19
ML Green,160,3222,3746,128,1748,276,31,25.17,86.01,46.66,8.2
Inzamam-ul-Haq,83,3186,4785,82,2955,322,29,38.85,66.58,61.76,7.34
Abdul Razzaq,138,3185,3947,109,2263,250,96,29.22,80.69,57.33,8.77
V Sibanda,134,3168,4954,140,3367,363,42,22.63,63.95,67.97,8.18
MH Cross,152,3168,3777,134,1958,276,47,23.64,83.88,51.84,8.55
H Madavi,125,3166,3795,104,1965,315,20,30.44,83.43,51.78,8.83
SA Edwards,133,3156,3108,107,1265,236,49,29.5,101.54,40.7,9.17
MD Patel,106,3143,3347,100,1609,279,63,31.43,93.9,48.07,10.22
SM Curran,155,3139,3246,138,1652,263,116,22.75,96.7,50.89,11.68
Tilak Varma,110,3135,2222,80,745,248,154,39.19,141.09,33.53,18.09
L Ronchi,132,3129,2556,121,1184,342,114,25.86,122.42,46.32,17.84
MS Chapman,123,3115,2421,103,941,275,124,30.24,128.67,38.87,16.48
JM Vince,107,3105,3212,112,1768,388,61,27.72,96.67,55.04,13.98
N Rana,123,3092,2266,115,892,287,151,26.89,136.45,39.36,19.33
CJ Anderson,121,3061,3225,114,1820,260,138,26.85,94.91,56.43,12.34
KOA Powell,86,3059,5337,121,3814,390,29,25.28,57.32,71.46,7.85
T Stubbs,107,3054,3387,85,1746,222,105,35.93,90.17,51.55,9.65
RL Haynes,93,3020,3919,79,2250,332,26,38.23,77.06,57.41,9.13
A Vala,109,3016,3604,106,1904,255,64,28.45,83.68,52.83,8.85
Saud Shakeel,66,2987,4669,78,2990,309,30,38.29,63.98,64.04,7.26
L Tucker,120,2985,3245,112,1669,299,53,26.65,91.99,51.43,10.85
C de Grandhomme,123,2982,3070,110,1641,245,118,27.11,97.13,53.45,11.82
Nida Dar,168,2967,3472,146,1672,257,43,20.32,85.46,48.16,8.64
D van Niekerk,109,2965,3457,90,1813,310,46,32.94,85.77,52.44,10.3
Virandeep Singh,101,2954,2343,87,886,263,114,33.95,126.08,37.81,16.09
O Prendergast,115,2954,2994,92,1384,304,36,32.11,98.66,46.23,11.36
ER Oza,106,2953,2566,98,1161,356,51,30.13,115.08,45.25,15.86
CS MacLeod,109,2945,3367,101,1719,290,41,29.16,87.47,51.05,9.83
J Blackwood,58,2921,5414,99,4020,352,36,29.51,53.95,74.25,7.17
Haris Sohail,81,2919,4286,80,2573,237,46,36.49,68.11,60.03,6.6
S Dube,130,2909,2007,96,681,179,186,30.3,144.94,33.93,18.19
Imran Farhat,77,2876,5241,100,3804,372,13,28.76,54.88,72.58,7.35
PJ Cummins,195,2869,4479,178,3124,247,96,16.12,64.05,69.75,7.66
Muneeba Ali,135,2802,3633,122,2095,334,14,22.97,77.13,57.67,9.58
KR Mayers,99,2801,3199,107,2004,304,112,26.18,87.56,62.64,13.0
Aliya Riaz,154,2781,3580,126,1993,260,43,22.07,77.68,55.67,8.46
TL Seifert,108,2756,1920,100,731,273,121,27.56,143.54,38.07,20.52
P Litchfield,94,2756,2811,78,1506,362,43,35.33,98.04,53.58,14.41
Nizakat Khan,125,2754,2466,118,1030,239,88,23.34,111.68,41.77,13.26
TM McGrath,111,2742,2863,83,1519,368,28,33.04,95.77,53.06,13.83
Imad Wasim,163,2730,2147,106,727,262,74,25.75,127.15,33.86,15.65
Iftikhar Ahmed,146,2725,2241,112,868,208,116,24.33,121.6,38.73,14.46
CM Edwards,80,2707,3944,78,2487,349,3,34.71,68.64,63.06,8.92
RD Rickelton,81,2696,3039,86,1812,270,100,31.35,88.71,59.62,12.18
Sabbir Rahman,110,2690,3019,110,1672,293,56,24.45,89.1,55.38,11.56
V Aravind,97,2686,3446,90,1952,260,37,29.84,77.95,56.65,8.62
Faheem Ashraf,170,2683,2860,139,1639,261,100,19.3,93.81,57.31,12.62
CJ Chibhabha,118,2674,3946,120,2523,289,25,22.28,67.76,63.94,7.96
SM Pollock,109,2663,3404,95,1973,252,49,28.03,78.23,57.96,8.84
SE Rutherford,118,2660,2026,96,888,192,165,27.71,131.29,43.83,17.62
RW Chakabva,114,2653,4595,127,3075,230,38,20.89,57.74,66.92,5.83
Babar Hayat,105,2651,2387,96,1115,176,142,27.61,111.06,46.71,13.32
KM Jadhav,136,2648,2353,90,948,250,66,29.42,112.54,40.29,13.43
SIR Dunkley,115,2643,2793,105,1397,296,30,25.17,94.63,50.02,11.67
TP Ura,101,2641,2409,94,1258,240,111,28.1,109.63,52.22,14.57
A Hunter,98,2633,2629,85,1212,291,19,30.98,100.15,46.1,11.79
Sahibzada Farhan,88,2616,1922,82,803,248,122,31.9,136.11,41.78,19.25
CK Kapugedera,123,2614,3491,114,1983,204,59,22.93,74.88,56.8,7.53
Javeria Khan,125,2607,3515,117,2009,294,1,22.28,74.17,57.16,8.39
B Sai Sudharsan,59,2607,2393,58,1116,276,72,44.95,108.94,46.64,14.54
AN Petersen,56,2605,4664,78,3320,310,15,33.4,55.85,71.18,6.97
AC Voges,58,2603,3858,51,2392,266,17,51.04,67.47,62.0,7.34
L Delany,133,2597,3163,113,1522,229,8,22.98,82.11,48.12,7.49
SP Narine,205,2592,1902,161,954,261,153,16.1,136.28,50.16,21.77
Nasir Hossain,90,2592,3745,94,2287,254,29,27.57,69.21,61.07,7.56
SA Campbelle,160,2584,3583,135,2007,224,23,19.14,72.12,56.01,6.89
MD Gunathilaka,96,2582,3008,104,1672,276,42,24.83,85.84,55.59,10.57
OA Shah,93,2575,2954,80,1484,202,64,32.19,87.17,50.24,9.0
FH Allen,96,2567,1774,93,825,263,148,27.6,144.7,46.51,23.17
JL Langer,30,2558,4313,50,3037,326,12,51.16,59.31,70.42,7.84
N Chantam,105,2543,2877,88,1591,304,31,28.9,88.39,55.3,11.64
JEC Franklin,128,2536,3819,102,2361,206,52,24.86,66.4,61.82,6.76
TA Blundell,63,2530,4473,81,3166,302,18,31.23,56.56,70.78,7.15
SW Billings,121,2527,2175,107,902,234,77,23.62,116.18,41.47,14.3
BJ Bennett,71,2516,2130,72,1023,311,62,34.94,118.12,48.03,17.51
PHKD Mendis,81,2515,3248,86,1955,232,63,29.24,77.43,60.19,9.08
RP Burl,129,2505,2298,99,1016,197,88,25.3,109.01,44.21,12.4
TD Paine,78,2487,4677,91,3294,275,13,27.33,53.18,70.43,6.16
Syed Aziz,105,2481,1836,94,773,212,129,26.39,135.13,42.1,18.57
Asif Khan,87,2467,2440,74,1243,179,118,33.34,101.11,50.94,12.17
Fargana Hoque,111,2437,4021,103,2431,204,5,23.66,60.61,60.46,5.2
PP Shaw,91,2420,1844,92,816,318,65,26.3,131.24,44.25,20.77
C Campher,95,2410,3041,91,1774,233,51,26.48,79.25,58.34,9.34
BJ Hodge,101,2410,2326,82,1065,210,69,29.39,103.61,45.79,11.99
Towhid Hridoy,84,2409,2449,72,1043,154,70,33.46,98.37,42.59,9.15
Shahriar Nafees,75,2404,3842,98,2627,343,3,24.53,62.57,68.38,9.01
Sharjeel Khan,92,2400,1851,91,917,264,120,26.37,129.66,49.54,20.75
RA Tripathi,103,2388,1729,91,633,240,90,26.24,138.11,36.61,19.09
Zeeshan Maqsood,100,2388,2817,85,1488,220,57,28.09,84.77,52.82,9.83
Aaron Jones,93,2387,2923,82,1528,154,71,29.11,81.66,52.28,7.7
MA Leask,127,2381,2002,110,862,174,110,21.65,118.93,43.06,14.19
Aqib Ilyas,75,2372,2597,69,1310,221,53,34.38,91.34,50.44,10.55
PJ Hughes,51,2367,3974,69,2791,291,16,34.3,59.56,70.23,7.73
MS Atapattu,73,2366,3834,72,2399,240,1,32.86,61.71,62.57,6.29
N Koncharoenkai,114,2365,2610,85,1257,270,0,27.82,90.61,48.16,10.34
Theertha Satish,93,2361,2287,63,1002,280,8,37.48,103.24,43.81,12.59
GH Dockrell,160,2354,2336,112,1065,184,72,21.02,100.77,45.59,10.96
JA Rudolph,57,2343,4614,68,3396,295,4,34.46,50.78,73.6,6.48
NND de Silva,136,2341,2735,109,1284,181,30,21.48,85.59,46.95,7.71
NJ Astle,62,2338,3464,64,2218,265,21,36.53,67.49,64.03,8.26
KK Nair,90,2337,2288,89,1162,264,53,26.26,102.14,50.79,13.85
Anshuman Rath,83,2316,2100,75,846,234,39,30.88,110.29,40.29,13.0
GD Elliott,98,2309,2957,86,1571,173,34,26.85,78.09,53.13,7.0
DS Smith,74,2288,3960,95,2783,270,15,24.08,57.78,70.28,7.2
JA Morkel,143,2287,1851,95,762,162,116,24.07,123.55,41.17,15.02
Usman Khan,98,2258,1627,82,578,228,79,27.54,138.78,35.53,18.87
JJ Smit,108,2255,2211,78,1076,125,126,28.91,101.99,48.67,11.35
D Padikkal,87,2250,1840,85,784,236,77,26.47,122.28,42.61,17.01
EC Joyce,74,2245,3076,67,1763,214,21,33.51,72.98,57.31,7.64
Washington Sundar,112,2242,3128,94,1940,187,66,23.85,71.68,62.02,8.09
JP Inglis,87,2241,1750,79,734,228,78,28.37,128.06,41.94,17.49
PG Fulton,76,2235,4129,86,2943,218,39,25.99,54.13,71.28,6.22
JN Frylinck,105,2182,2297,89,1101,182,50,24.52,94.99,47.93,10.1
Junaid Siddique,133,2179,3886,122,2738,229,28,17.86,56.07,70.46,6.61
CO Obuya,86,2176,2227,73,1113,165,86,29.81,97.71,49.98,11.27
GWHM Perera,129,2175,3014,113,1833,270,8,19.25,72.16,60.82,9.22
Fawad Alam,69,2166,3632,64,2304,178,16,33.84,59.64,63.44,5.34
W Madhevere,105,2159,2446,100,1246,223,23,21.59,88.27,50.94,10.06
A Sharafu,88,2144,1898,80,889,207,82,26.8,112.96,46.84,15.23
GS Ballance,45,2137,4138,62,2992,248,12,34.47,51.64,72.31,6.28
A Sutherland,80,2135,2545,65,1397,230,25,32.85,83.89,54.89,10.02
Taufeeq Umar,36,2129,4652,56,3567,281,3,38.02,45.77,76.68,6.1
MN Waller,88,2123,2848,93,1701,210,35,22.83,74.54,59.73,8.6
GC Wilson,108,2117,2581,93,1337,185,26,22.76,82.02,51.8,8.18
BJ McMullen,64,2111,2016,58,991,190,75,36.4,104.71,49.16,13.14
HAPW Jayawardene,50,2110,4311,72,3180,224,15,29.31,48.94,73.76,5.54
Mashrafe Mortaza,177,2110,2525,157,1498,191,74,13.44,83.56,59.33,10.5
JK Silva,39,2099,5212,75,4105,238,2,27.99,40.27,78.76,4.6
Sohaib Maqsood,90,2081,1950,79,907,169,80,26.34,106.72,46.51,12.77
KH Pandya,133,2078,1597,90,590,178,77,23.09,130.12,36.94,15.97
KE Bryce,71,2072,2075,58,951,242,13,35.72,99.86,45.83,12.29
MG Bracewell,94,2060,2003,76,1039,187,80,27.11,102.85,51.87,13.33
N de Klerk,123,2047,2271,94,1152,207,33,21.78,90.14,50.73,10.57
Rohan Mustafa,110,2042,2770,103,1631,178,40,19.83,73.72,58.88,7.87
BFW de Leede,86,2036,2419,73,1262,153,47,27.89,84.17,52.17,8.27
LPC Silva,78,2031,2811,76,1673,207,15,26.72,72.25,59.52,7.9
NJ O'Brien,84,2026,2732,79,1531,167,31,25.65,74.16,56.04,7.25
WG Jacks,85,2024,1828,78,889,175,89,25.95,110.72,48.63,14.44
H Deol,83,2024,2290,71,1156,239,13,28.51,88.38,50.48,11.0
DJ Hooda,125,2018,1612,100,548,137,81,20.18,125.19,34.0,13.52
CA Lynn,74,2013,1438,68,609,204,100,29.6,139.99,42.35,21.14
CJL Rogers,25,2008,3981,47,3066,269,1,42.72,50.44,77.02,6.78
MK Tiwary,96,1997,1869,74,759,180,43,26.99,106.85,40.61,11.93
Karanbir Singh,39,1996,1161,33,511,163,164,60.48,171.92,44.01,28.17
CA Ingram,87,1995,1818,74,819,189,61,26.96,109.74,45.05,13.75
M Kaif,94,1994,3185,74,1984,186,8,26.95,62.61,62.29,6.09
KJ Martin,108,1991,2207,83,1037,211,9,23.99,90.21,46.99,9.97
SJ Bryce,87,1989,1911,73,850,224,18,27.25,104.08,44.48,12.66
PWH de Silva,148,1988,1846,123,827,190,47,16.16,107.69,44.8,12.84
RK Singh,95,1985,1373,68,470,167,100,29.19,144.57,34.23,19.45
SR Mukkamalla,56,1981,2030,48,942,175,46,41.27,97.59,46.4,10.89
S Sesazi,75,1970,1601,65,704,204,71,30.31,123.05,43.97,17.18
HH Dippenaar,53,1968,3458,59,2300,201,10,33.36,56.91,66.51,6.1
Aarif Sheikh,93,1964,2595,79,1360,153,26,24.86,75.68,52.41,6.9
L Paul,95,1959,2510,82,1325,197,3,23.89,78.05,52.79,7.97
GP Swann,114,1949,2396,102,1463,237,24,19.11,81.34,61.06,10.89
N Chaiwai,103,1949,2443,79,1214,172,5,24.67,79.78,49.69,7.25
VD Philander,82,1944,4236,89,3197,218,17,21.84,45.89,75.47,5.55
Yousuf Youhana,58,1941,2432,53,1255,157,22,36.62,79.81,51.6,7.36
T Chetty,94,1939,2629,83,1361,170,3,23.36,73.75,51.77,6.58
K Rabada,173,1937,3028,147,2086,206,49,13.18,63.97,68.89,8.42
BM Halliday,89,1929,2318,74,1193,188,15,26.07,83.22,51.47,8.76
B Lee,144,1924,2855,109,1866,173,47,17.65,67.39,65.36,7.71
M Mupachikwa,86,1922,2622,71,1482,193,0,27.07,73.3,56.52,7.36
KMDN Kulasekara,165,1915,2717,131,1674,157,52,14.62,70.48,61.61,7.69
SL Kalis,62,1904,1934,56,935,223,11,34.0,98.45,48.35,12.1
AJ Blackwell,77,1899,3055,63,1868,173,5,30.14,62.16,61.15,5.83
PG Raut,57,1899,3090,55,1984,209,6,34.53,61.46,64.21,6.96
R Parag,89,1898,1333,76,454,133,108,24.97,142.39,34.06,18.08
KU Carty,55,1898,2636,54,1577,166,32,35.15,72.0,59.83,7.51
S Bau,95,1897,2361,85,1307,159,39,22.32,80.35,55.36,8.39
JP Faulkner,123,1895,1635,76,640,137,68,24.93,115.9,39.14,12.54
JG Bethell,60,1886,1917,60,1017,190,66,31.43,98.38,53.05,13.35
Yasir Hameed,50,1885,2940,63,1956,229,5,29.92,64.12,66.53,7.96
Anamul Haque,71,1883,2500,79,1503,194,39,23.84,75.32,60.12,9.32
Sohail Ahmed,71,1879,1564,48,557,125,78,39.15,120.14,35.61,12.98
RR Patel,78,1861,1456,60,612,149,94,31.02,127.82,42.03,16.69
JA Burns,37,1859,2936,52,2058,227,25,35.75,63.32,70.1,8.58
L Vincent,61,1853,2748,58,1806,205,28,31.95,67.43,65.72,8.48
Mandeep Singh,104,1852,1515,90,572,190,40,20.58,122.24,37.76,15.18
WIA Fernando,87,1850,2069,85,1070,183,32,21.76,89.42,51.72,10.39
JR Hopes,87,1848,1819,72,774,179,18,25.67,101.59,42.55,10.83
Muhammad Usman,81,1847,1956,74,975,152,61,24.96,94.43,49.85,10.89
Habibul Bashar,68,1840,3098,79,2017,195,5,23.29,59.39,65.11,6.46
Hussain Talat,89,1835,1610,77,591,159,42,23.83,113.98,36.71,12.48
Nasir Jamshed,68,1832,2308,65,1352,192,31,28.18,79.38,58.58,9.66
KH Prajapati,78,1812,2086,74,1137,180,39,24.49,86.86,54.51,10.5
Yasmeen Khan,96,1811,1822,86,895,192,29,21.06,99.4,49.12,12.13
Khushdil Shah,109,1809,1473,80,563,129,85,22.61,122.81,38.22,14.53
M van Lingen,63,1807,1842,59,990,211,42,30.63,98.1,53.75,13.74
W Jaffer,33,1802,3522,52,2634,242,6,34.65,51.16,74.79,7.04
Kushal Malla,87,1802,1635,76,843,121,114,23.71,110.21,51.56,14.37
ND McKenzie,34,1799,4102,47,3168,222,7,38.28,43.86,77.23,5.58
JL Smith,42,1799,2123,54,1306,197,50,33.31,84.74,61.52,11.63
NT Paranavitana,31,1792,4274,56,3320,206,5,32.0,41.93,77.68,4.94
RJ Burns,32,1789,4084,59,3193,220,2,30.32,43.81,78.18,5.44
B de Leede,95,1788,1968,85,970,202,8,21.04,90.85,49.29,10.67
CJA Amini,88,1788,2230,78,1208,147,26,22.92,80.18,54.17,7.76
K Verreynne,45,1787,2846,54,1871,171,25,33.09,62.79,65.74,6.89
Sharmin Akhter,66,1781,2642,65,1597,202,3,27.4,67.41,60.45,7.76
DW Steyn,176,1778,3530,157,2670,172,47,11.32,50.37,75.64,6.2
KA Maharaj,111,1766,2729,126,1890,196,38,14.02,64.71,69.26,8.57
Basil Hameed,91,1766,1976,77,1015,110,68,22.94,89.37,51.37,9.01
Tanzid Hasan,69,1761,1507,63,768,178,76,27.95,116.85,50.96,16.85
S Samarawickrama,66,1760,1989,66,1012,191,9,26.67,88.49,50.88,10.06
JN Loftie-Eaton,89,1757,1878,73,950,152,53,24.07,93.56,50.59,10.92
JL Denly,54,1752,3121,61,2257,211,22,28.72,56.14,72.32,7.47
PSP Handscomb,43,1750,2928,50,1903,173,7,35.0,59.77,64.99,6.15
HMRKB Herath,112,1737,3300,118,2340,198,8,14.72,52.64,70.91,6.24
NM Lyon,133,1732,3365,134,2563,215,16,12.93,51.47,76.17,6.86
CA Henry,118,1728,1752,93,837,144,52,18.58,98.63,47.77,11.19
NS Dhaliwal,60,1721,1754,52,889,145,64,33.1,98.12,50.68,11.92
P Simran Singh,61,1719,1098,60,417,180,88,28.65,156.56,37.98,24.41
CS Mugeri-Tiripano,74,1708,1871,70,1002,207,7,24.4,91.29,53.55,11.44
D Wiese,107,1706,1307,68,487,106,89,25.09,130.53,37.26,14.92
Vikramjit Singh,72,1704,2174,70,1317,176,33,24.34,78.38,60.58,9.61
EJ Villani,74,1703,1699,65,849,222,17,26.2,100.24,49.97,14.07
Aftab Ahmed,77,1689,2480,81,1626,191,28,20.85,68.1,65.56,8.83
PWA Mulder,58,1686,2624,63,1761,191,26,26.76,64.25,67.11,8.27
KAJ Roach,138,1681,4329,134,3489,186,22,12.54,38.83,80.6,4.8
ZE Green,95,1670,1934,77,1011,161,25,21.69,86.35,52.28,9.62
Shaiman Anwar,56,1670,1691,50,857,153,49,33.4,98.76,50.68,11.95
K Kadowaki-Fleming,45,1668,1175,44,432,127,85,37.91,141.96,36.77,18.04
VR Iyer,67,1666,1221,57,463,153,73,29.23,136.45,37.92,18.51
AU Rashid,141,1666,2479,102,1567,169,20,16.33,67.2,63.21,7.62
Chirag Suri,64,1664,2070,63,1205,172,30,26.41,80.39,58.21,9.76
TT Bresnan,103,1662,2593,82,1661,172,14,20.27,64.1,64.06,7.17
Mohammad Haris,78,1656,1065,72,385,166,81,23.0,155.49,36.15,23.19
LJ Wright,94,1654,1520,84,722,159,53,19.69,108.82,47.5,13.95
RS Morton,58,1644,2671,62,1714,148,19,26.52,61.55,64.17,6.25
Meet Bhavsar,64,1644,1258,58,455,141,59,28.34,130.68,36.17,15.9
KKN Egodage,73,1643,1862,63,880,160,5,26.08,88.24,47.26,8.86
T de Zorzi,41,1638,2379,52,1528,168,35,31.5,68.85,64.23,8.53
MC Henriques,94,1636,1611,72,719,126,45,22.72,101.55,44.63,10.61
M Hill,71,1633,1629,63,781,180,24,25.92,100.25,47.94,12.52
W Barresi,74,1632,1801,67,937,162,33,24.36,90.62,52.03,10.83
S Badrinath,74,1626,1599,57,733,171,28,28.53,101.69,45.84,12.45
Afif Hossain,85,1625,1532,73,653,133,45,22.26,106.07,42.62,11.62
NV Ojha,98,1623,1464,79,711,130,79,20.54,110.86,48.57,14.28
R Shepherd,102,1622,1196,71,510,109,106,22.85,135.62,42.64,17.98
JM How,52,1620,2741,63,1911,194,9,25.71,59.1,69.72,7.41
M Jansen,90,1619,1978,77,1220,146,67,21.03,81.85,61.68,10.77
A Capsey,83,1615,1557,73,761,200,29,22.12,103.73,48.88,14.71
WPUJC Vaas,108,1611,2882,80,1918,154,9,20.14,55.9,66.55,5.66
Mohammad Nawaz,110,1610,1456,84,683,134,71,19.17,110.58,46.91,14.08
F Behardien,82,1606,1514,56,607,118,41,28.68,106.08,40.09,10.5
R Rijke,95,1600,1669,73,773,159,12,21.92,95.87,46.32,10.25
Z Khan,146,1591,2709,130,1931,167,41,12.24,58.73,71.28,7.68
Mohammad Nadeem,79,1583,2027,51,1039,106,29,31.04,78.1,51.26,6.66
K Ndlovu,79,1576,1891,68,1100,194,13,23.18,83.34,58.17,10.95
T Marumani,85,1576,1383,75,688,171,49,21.01,113.96,49.75,15.91
RMVD Gunaratne,85,1569,2002,78,1137,179,11,20.12,78.37,56.79,9.49
CD McMillan,58,1568,1944,51,1137,128,50,30.75,80.66,58.49,9.16
Riazat Ali Shah,62,1568,1233,48,450,116,69,32.67,127.17,36.5,15.0
Haider Ali,101,1564,1260,88,528,133,72,17.77,124.13,41.9,16.27
D Brevis,60,1561,1062,60,436,96,117,26.02,146.99,41.05,20.06
MR Adair,103,1560,1461,79,727,129,65,19.75,106.78,49.76,13.28
PJ Moor,61,1555,2533,67,1741,129,48,23.21,61.39,68.73,6.99
JM Anderson,231,1545,3793,182,3008,200,3,8.49,40.73,79.3,5.35
Wahab Riaz,158,1544,1970,126,1191,127,55,12.25,78.38,60.46,9.24
SS Tiwary,75,1543,1300,50,456,116,51,30.86,118.69,35.08,12.85
Nahida Khan,82,1542,2267,71,1393,174,7,21.72,68.02,61.45,7.98
NE Bolton,43,1540,2291,44,1382,163,1,35.0,67.22,60.32,7.16
SO Dowrich,33,1534,3258,53,2484,174,11,28.94,47.08,76.24,5.68
G Malla,67,1533,1758,69,999,141,49,22.22,87.2,56.83,10.81
Raqibul Hasan,61,1529,2654,64,1689,125,10,23.89,57.61,63.64,5.09
Azam Khan,75,1529,1063,64,400,129,88,23.89,143.84,37.63,20.41
V Shankar,74,1528,1228,55,431,117,57,27.78,124.43,35.1,14.17
B Kumar,165,1518,2441,106,1581,159,12,14.32,62.19,64.77,7.01
A Bosch,73,1517,1690,68,898,182,19,22.31,89.76,53.14,11.89
R Sandaruwan,67,1517,1089,66,473,134,85,22.98,139.3,43.43,20.11
RM Patidar,51,1514,1059,51,408,105,99,29.69,142.97,38.53,19.26
A Athanaze,48,1512,2269,63,1546,168,30,24.0,66.64,68.14,8.73
KH Brunt,102,1512,2039,76,1127,125,15,19.89,74.15,55.27,6.87
C Kieswetter,62,1511,1571,57,858,145,53,26.51,96.18,54.61,12.6
Fiaz Ahmed,59,1508,1239,46,485,95,80,32.78,121.71,39.14,14.12
SSJ Brooks,53,1502,2367,62,1569,142,30,24.23,63.46,66.29,7.27
JD Campbell,37,1495,2665,59,1945,178,20,25.34,56.1,72.98,7.43
H Thaker,64,1492,1744,53,846,85,46,28.15,85.55,48.51,7.51
Ayan Khan,69,1488,1757,65,904,120,31,22.89,84.69,51.45,8.59
YH Bhatia,72,1484,1761,71,1017,196,15,20.9,84.27,57.75,11.98
AR McBrine,70,1482,2177,58,1392,156,21,25.55,68.08,63.94,8.13
GO Jones,56,1463,2392,62,1600,162,16,23.6,61.16,66.89,7.44
MDK Perera,56,1456,2984,82,2287,171,26,17.76,48.79,76.64,6.6
JM Kemp,64,1455,1618,46,852,95,64,31.63,89.93,52.66,9.83
GA Priandana,75,1454,1371,62,673,141,48,23.45,106.05,49.09,13.79
AS Joseph,118,1451,2164,104,1510,134,57,13.95,67.05,69.78,8.83
P Kurup,61,1450,1336,54,584,149,35,26.85,108.53,43.71,13.77
MF Maharoof,93,1447,2297,89,1498,127,29,16.26,63.0,65.22,6.79
S Mostary,79,1446,1726,70,936,154,22,20.66,83.78,54.23,10.2
Dhruv Jurel,57,1441,1480,47,791,128,59,30.66,97.36,53.45,12.64
WK Dilhari,96,1437,1613,78,774,129,11,18.42,89.09,47.99,8.68
ADS Fletcher,88,1436,1505,81,841,115,67,17.73,95.42,55.88,12.09
Zeeshan Ali,63,1435,1057,51,414,149,52,28.14,135.76,39.17,19.02
II Selemani,60,1435,947,58,426,151,78,24.74,151.53,44.98,24.18
Milind Kumar,41,1427,1370,29,578,114,36,49.21,104.16,42.19,10.95
Abid Ali,22,1414,2695,30,1987,177,5,47.13,52.47,73.73,6.75
Ahmer Bin Nisar,70,1413,1097,50,376,117,48,28.26,128.81,34.28,15.04
Faisal Khan,47,1413,822,42,316,144,86,33.64,171.9,38.44,27.98
S Matsikenyeri,86,1412,2109,85,1323,141,13,16.61,66.95,62.73,7.3
L Siaka,88,1408,1570,82,854,125,31,17.17,89.68,54.39,9.94
Gulsan Jha,78,1407,1418,58,760,89,82,24.26,99.22,53.6,12.06
M Levitt,46,1400,1201,47,636,136,66,29.79,116.57,52.96,16.82
GM Harris,69,1399,932,53,346,170,53,26.4,150.11,37.12,23.93
NL McCullum,103,1396,1543,85,740,88,42,16.42,90.47,47.96,8.43
CH Morris,93,1391,1327,68,654,114,55,20.46,104.82,49.28,12.74
JL Jonassen,95,1388,1709,76,919,127,20,18.26,81.22,53.77,8.6
Pargat Singh,47,1386,1609,51,909,146,30,27.18,86.14,56.49,10.94
Sulaimon Runsewe,75,1382,1276,68,561,145,17,20.32,108.31,43.97,12.7
BOP Fernando,35,1380,2568,46,1900,153,19,30.0,53.74,73.99,6.7
G Voll,36,1377,1056,33,428,196,18,41.73,130.4,40.53,20.27
A Sharma,61,1371,1603,59,935,158,28,23.24,85.53,58.33,11.6
Murshida Khatun,75,1370,1805,69,1045,158,5,19.86,75.9,57.89,9.03
CN Nation,85,1368,2096,72,1305,123,12,19.0,65.27,62.26,6.44
Ahmed Faiz,63,1367,1103,54,394,101,56,25.31,123.93,35.72,14.23
RN ten Doeschate,55,1366,1254,40,545,112,39,34.15,108.93,43.46,12.04
LS Greenway,58,1361,2254,51,1434,138,1,26.69,60.38,63.62,6.17
M Morkel,140,1360,2320,124,1686,181,18,10.97,58.62,72.67,8.58
Shadman Islam,25,1359,2709,46,1958,157,3,29.54,50.17,72.28,5.91
N Vanua,86,1357,1408,78,760,67,81,17.4,96.38,53.98,10.51
Jaker Ali,52,1357,1564,45,851,95,56,30.16,86.76,54.41,9.65
Naeem Islam,62,1355,2319,53,1546,129,23,25.57,58.43,66.67,6.55
JW Jenner,48,1352,1052,42,402,106,52,32.19,128.52,38.21,15.02
Fatima Sana,84,1350,1401,68,679,132,30,19.85,96.36,48.47,11.56
NR Kirton,59,1350,1410,51,660,90,43,26.47,95.74,46.81,9.43
ME Bouchier,55,1349,1247,54,626,193,13,24.98,108.18,50.2,16.52
Bilal Zalmai,45,1349,841,40,347,141,77,33.72,160.4,41.26,25.92
A Johnson,50,1348,1061,49,589,138,83,27.51,127.05,55.51,20.83
Shoaib Khan,71,1346,1517,57,802,125,33,23.61,88.73,52.87,10.42
HASD Siriwardene,84,1346,1949,78,1137,134,10,17.26,69.06,58.34,7.39
Mohammad Amir,113,1345,2637,107,1972,147,20,12.57,51.0,74.78,6.33
AGS Gous,47,1341,1126,43,515,123,62,31.19,119.09,45.74,16.43
STR Binny,84,1339,1291,65,605,114,42,20.6,103.72,46.86,12.08
Haider Butt,54,1324,1071,44,388,89,60,30.09,123.62,36.23,13.91
G Singh,53,1321,1488,46,768,114,30,28.72,88.78,51.61,9.68
J Botha,104,1320,1493,69,745,120,17,19.13,88.41,49.9,9.18
Shaheen Shah Afridi,151,1319,1537,118,969,98,77,11.18,85.82,63.04,11.39
KA Edwards,33,1317,2546,43,1832,134,19,30.63,51.73,71.96,6.01
HMD Rasangika,45,1309,1290,39,648,197,2,33.56,101.47,50.23,15.43
Muhammad Tanveer,42,1305,990,38,384,88,78,34.34,131.82,38.79,16.77
JP Kotze,70,1303,1384,63,774,128,47,20.68,94.15,55.92,12.64
Mas Elysa,74,1302,1434,62,705,125,5,21.0,90.79,49.16,9.07
Taranjeet Singh,40,1296,822,36,338,159,58,36.0,157.66,41.12,26.4
Nithish Kumar Reddy,47,1293,1338,46,713,92,64,28.11,96.64,53.29,11.66
MAA Sanjeewani,103,1292,1723,81,895,104,5,15.95,74.99,51.94,6.33
CR Brathwaite,88,1289,1325,72,695,79,69,17.9,97.28,52.45,11.17
GJ Delany,83,1286,1018,65,408,102,55,19.78,126.33,40.08,15.42
NT Miles,61,1283,1429,48,677,128,10,26.73,89.78,47.38,9.66
R Satheesan,41,1279,843,39,334,133,63,32.79,151.72,39.62,23.25
SR Patel,65,1277,1402,54,689,124,25,23.65,91.08,49.14,10.63
Manpreet Singh,64,1275,1049,59,337,68,49,21.61,121.54,32.13,11.15
BN Cooper,58,1275,1079,48,443,124,36,26.56,118.16,41.06,14.83
Kamran Ghulam,47,1274,1358,47,728,124,39,27.11,93.81,53.61,12.0
Sana Mir,90,1274,2107,60,1223,98,0,21.23,60.47,58.04,4.65
Hassan Nawaz,49,1270,905,43,341,75,81,29.53,140.33,37.68,17.24
Pratika Rawal,27,1270,1624,28,931,152,10,45.36,78.2,57.33,9.98
DAS Gunaratne,43,1267,1774,37,1027,119,14,34.24,71.42,57.89,7.5
P Utseya,117,1253,2158,75,1342,88,12,16.71,58.06,62.19,4.63
J Da Silva,35,1252,3052,52,2355,128,7,24.08,41.02,77.16,4.42
IA Karim,43,1251,1232,30,507,118,14,41.7,101.54,41.15,10.71
Hasan Ali,129,1246,1187,101,676,96,71,12.34,104.97,56.95,14.07
Kycia A Knight,85,1245,1934,73,1202,121,9,17.05,64.37,62.15,6.72
A Dercksen,53,1245,1318,44,649,125,31,28.3,94.46,49.24,11.84
SA Wittmann,80,1243,1359,76,756,159,18,16.36,91.46,55.63,13.02
WA Duraisingam,75,1242,1782,71,1045,118,0,17.49,69.7,58.64,6.62
I Danladi,55,1239,1071,52,459,110,35,23.83,115.69,42.86,13.54
L Goodall,62,1229,1811,55,1090,127,2,22.35,67.86,60.19,7.12
Sami Sohail,40,1228,965,36,367,106,42,34.11,127.25,38.03,15.34
WW Hinds,46,1227,1888,43,1220,109,23,28.53,64.99,64.62,6.99
N Deonarine,47,1223,2378,51,1694,119,12,23.98,51.43,71.24,5.51
KD Mills,103,1218,1616,73,1007,103,43,16.68,75.37,62.31,9.03
Khurram Manzoor,32,1218,2332,46,1709,143,4,26.48,52.23,73.28,6.3
Umaima Sohail,83,1216,1721,72,999,118,5,16.89,70.66,58.05,7.15
PM Siddle,68,1206,2508,83,1923,129,4,14.53,48.09,76.67,5.3
GE Plimmer,68,1205,1417,60,755,127,14,20.08,85.04,53.28,9.95
BT Foakes,26,1200,2487,39,1785,111,8,30.77,48.25,71.77,4.78
JN Malan,33,1199,1336,31,699,122,27,38.68,89.75,52.32,11.15
D Ndikubwimana,71,1198,1436,65,749,108,17,18.43,83.43,52.16,8.7
MJ North,24,1197,2472,36,1850,144,5,33.25,48.42,74.84,6.03
DS Lehmann,30,1195,1770,31,1073,113,9,38.55,67.51,60.62,6.89
HDJ Siegers,64,1194,1052,64,465,133,20,18.66,113.5,44.2,14.54
JWA Taylor,32,1191,1840,35,1144,101,14,34.03,64.73,62.17,6.25
KD Kesuma,70,1191,1049,62,520,129,44,19.21,113.54,49.57,16.49
R Tewatia,84,1190,876,52,309,98,55,22.88,135.84,35.27,17.47
Umar Gul,133,1190,1901,122,1349,102,49,9.75,62.6,70.96,7.94
JM Sharma,64,1186,775,54,283,93,72,21.96,153.03,36.52,21.29
Abdul Waheed,45,1180,912,42,325,118,37,28.1,129.39,35.64,17.0
PBB Rajapaksa,63,1179,896,54,363,104,52,21.83,131.58,40.51,17.41
VP Thamotharam,52,1179,827,47,317,77,75,25.09,142.56,38.33,18.38
S Ecclestone,129,1175,1506,90,863,102,31,13.06,78.02,57.3,8.83
CG Williams,47,1173,1219,41,586,100,29,28.61,96.23,48.07,10.58
N Davin,51,1172,937,46,430,127,38,25.48,125.08,45.89,17.61
Mohammad Mithun,51,1171,1800,53,1139,103,23,22.09,65.06,63.28,7.0
RAS Lakmal,118,1170,2338,107,1729,131,15,10.93,50.04,73.95,6.24
TLW Cooper,47,1168,1236,41,606,118,22,28.49,94.5,49.03,11.33
AA Obanda,51,1165,1244,52,710,139,31,22.4,93.65,57.07,13.67
Aizaz Khan,89,1164,1135,73,483,85,32,15.95,102.56,42.56,10.31
C Sutthiruang,100,1161,1364,89,704,120,5,13.04,85.12,51.61,9.16
Shayan Jahangir,48,1154,1103,38,510,115,28,30.37,104.62,46.24,12.96
CP Rizwan,50,1153,1760,44,991,85,6,26.2,65.51,56.31,5.17
AR Patwa,49,1151,950,46,447,144,32,25.02,121.16,47.05,18.53
Rameez Shahzad,40,1150,1381,34,726,99,23,33.82,83.27,52.57,8.83
KY Chan,63,1148,1233,55,563,103,8,20.87,93.11,45.66,9.0
P Vastrakar,83,1148,1367,58,729,115,19,19.79,83.98,53.33,9.8
KA Green,81,1148,1345,64,728,117,13,17.94,85.35,54.13,9.67
JP Greaves,35,1147,1833,40,1181,109,9,28.68,62.58,64.43,6.44
R Musamali,81,1147,1378,64,650,92,0,17.92,83.24,47.17,6.68
Nurul Hasan,65,1147,1338,56,744,102,29,20.48,85.72,55.61,9.79
Javed Omar,37,1146,2345,53,1763,155,3,21.62,48.87,75.18,6.74
Y Venugopal Rao,60,1146,1085,50,471,89,39,22.92,105.62,43.41,11.8
JA Raval,24,1143,2670,38,2108,143,1,30.08,42.81,78.95,5.39
AT Nidamanuru,56,1137,1201,52,584,70,44,21.87,94.67,48.63,9.49
Abdul Samad,79,1137,800,62,294,76,70,18.34,142.12,36.75,18.25
MD Bimenyimana,67,1136,1561,60,906,114,2,18.93,72.77,58.04,7.43
A Badoni,54,1135,817,44,258,91,44,25.8,138.92,31.58,16.52
I Nakisuuyi,70,1124,1458,64,825,114,7,17.56,77.09,56.58,8.3
M Musonda,57,1124,1160,49,547,117,10,22.94,96.9,47.16,10.95
TA Boult,153,1123,1686,93,1198,110,43,12.08,66.61,71.06,9.07
GH Vihari,39,1123,2309,45,1695,130,3,24.96,48.64,73.41,5.76
J Liyanage,41,1121,1286,30,647,84,28,37.37,87.17,50.31,8.71
SN Khan,49,1117,1038,45,500,130,28,24.82,107.61,48.17,15.22
AB Barath,34,1116,2081,45,1544,145,9,24.8,53.63,74.2,7.4
Hammad Mirza,44,1115,1284,39,672,103,22,28.59,86.84,52.34,9.74
CM Gough,37,1115,1152,25,474,105,7,44.6,96.79,41.15,9.72
SN Thakur,84,1114,1233,69,695,113,35,16.14,90.35,56.37,12.0
Karan KC,94,1114,1001,67,505,66,73,16.63,111.29,50.45,13.89
I Barma,77,1110,1293,72,612,94,4,15.42,85.85,47.33,7.58
AG Cremer,82,1109,2603,79,1899,82,3,14.04,42.6,72.95,3.27
Sompal Kami,95,1103,1287,67,707,79,31,16.46,85.7,54.93,8.55
Yasir Shah,70,1101,2160,79,1593,118,13,13.94,50.97,73.75,6.06
J Mbabazi,83,1098,1437,69,784,115,2,15.91,76.41,54.56,8.14
L Bruce,43,1098,949,36,392,114,21,30.5,115.7,41.31,14.23
Mohammed Shami,140,1096,1396,111,896,109,40,9.87,78.51,64.18,10.67
Shamima Sultana,64,1095,1350,58,791,144,7,18.88,81.11,58.59,11.19
R Stokell,82,1094,1249,62,606,100,11,17.65,87.59,48.52,8.89
Usman Patel,56,1093,839,46,330,108,39,23.76,130.27,39.33,17.52
S Muniandy,84,1093,943,64,364,73,42,17.08,115.91,38.6,12.2
R Chopra,50,1092,1160,44,577,87,34,24.82,94.14,49.74,10.43
S Chandramohan,46,1090,913,46,413,98,48,23.7,119.39,45.24,15.99
L Winfield,55,1089,1501,48,936,135,9,22.69,72.55,62.36,9.59
TAM Siriwardana,48,1089,1187,48,625,87,36,22.69,91.74,52.65,10.36
SJ Myburgh,51,1088,1094,49,605,127,30,22.2,99.45,55.3,14.35
DM Nakrani,64,1088,849,45,354,66,67,24.18,128.15,41.7,15.67
B Tau,60,1084,1356,45,737,128,1,24.09,79.94,54.35,9.51
M Vohra,51,1083,829,48,358,104,43,22.56,130.64,43.18,17.73
RJ Peterson,64,1082,1310,53,731,119,10,20.42,82.6,55.8,9.85
JE Taylor,93,1080,1518,99,1059,131,27,10.91,71.15,69.76,10.41
G Wareham,73,1080,845,53,285,108,25,20.38,127.81,33.73,15.74
DG Brownlie,34,1078,2091,43,1581,143,4,25.07,51.55,75.61,7.03
RP Arnold,56,1075,1516,40,795,71,5,26.88,70.91,52.44,5.01
D Ganga,26,1074,2579,41,2033,138,1,26.2,41.64,78.83,5.39
A Mishra,84,1072,1604,68,1000,114,8,15.76,66.83,62.34,7.61
Khawar Ali,55,1072,1499,50,913,102,20,21.44,71.51,60.91,8.14
I Liyanage,41,1067,864,35,356,116,29,30.49,123.5,41.2,16.78
N Boochatham,91,1065,1452,90,845,122,1,11.83,73.35,58.2,8.47
MRJ Watt,91,1063,1202,63,589,86,24,16.87,88.44,49.0,9.15
B Sharki,38,1062,1547,37,918,104,8,28.7,68.65,59.34,7.24
CL Cairns,34,1061,1208,30,678,91,38,35.37,87.83,56.13,10.68
Imran Anwar,61,1056,846,61,398,64,71,17.31,124.82,47.04,15.96
Luqman Butt,34,1048,719,28,264,90,60,37.43,145.76,36.72,20.86
Khaled Mashud,51,1046,2364,56,1704,81,1,18.68,44.25,72.08,3.47
HH Streak,35,1045,1946,30,1350,96,10,34.83,53.7,69.37,5.45
DMW Rawlins,34,1045,712,29,273,72,68,36.03,146.77,38.34,19.66
Zubaidi Zulkifle,62,1043,740,58,328,103,53,17.98,140.95,44.32,21.08
DP Sibley,22,1042,3045,36,2476,114,1,28.94,34.22,81.31,3.78
L Mophakedi,60,1040,1346,61,734,98,0,17.05,77.27,54.53,7.28
CJ Jordan,114,1036,1066,75,551,80,39,13.81,97.19,51.69,11.16
A Kumble,69,1036,2525,62,1970,127,4,16.71,41.03,78.02,5.19
G Ishimwe,58,1033,1164,56,594,108,6,18.45,88.75,51.03,9.79
Imran Nazir,44,1026,942,41,536,128,34,25.02,108.92,56.9,17.2
AP Yadav,41,1024,966,39,408,105,19,26.26,106.0,42.24,12.84
NT Broom,46,1024,1283,42,658,91,11,24.38,79.81,51.29,7.95
SF Mire,43,1024,1223,47,722,98,28,21.79,83.73,59.04,10.3
IS Sodhi,86,1021,1723,75,1196,89,30,13.61,59.26,69.41,6.91
RH Priest,51,1016,1151,47,678,146,9,21.62,88.27,58.91,13.47
AL Phehlukwayo,80,1012,1161,56,654,93,37,18.07,87.17,56.33,11.2
DJ Willey,84,1010,1016,55,504,84,38,18.36,99.41,49.61,12.01
HJH Marshall,47,1010,1669,47,1045,85,2,21.49,60.52,62.61,5.21
FO Kibasu,46,1009,996,44,464,128,0,22.93,101.31,46.59,12.85
DR Flynn,36,1007,2296,50,1787,124,6,20.14,43.86,77.83,5.66
DT Christian,83,1003,901,57,352,67,34,17.6,111.32,39.07,11.21
IJR Zwilling,80,1003,1251,68,658,90,5,14.75,80.18,52.6,7.59
Q Abel,43,1003,916,40,439,132,11,25.08,109.5,47.93,15.61
J Baker,27,1001,769,25,350,90,51,40.04,130.17,45.51,18.34
SJ Baard,44,1001,1157,41,621,88,21,24.41,86.52,53.67,9.42
EJM Cowan,18,1001,2425,31,1888,125,2,32.29,41.28,77.86,5.24
V Saini,43,1000,785,35,240,89,23,28.57,127.39,30.57,14.27
Nain Abidi,61,999,1565,54,931,86,1,18.5,63.83,59.49,5.56
MA Wood,70,997,1319,60,892,126,26,16.62,75.59,67.63,11.52
MADD Surangika,59,997,1593,51,968,91,3,19.55,62.59,60.77,5.9
Rajin Saleh,39,997,2399,52,1806,99,3,19.17,41.56,75.28,4.25
RG Mukasa,46,993,804,42,356,112,31,23.64,123.51,44.28,17.79
IC Gaze,57,993,991,40,443,121,4,24.82,100.2,44.7,12.61
MJ Lumb,41,993,808,38,393,121,30,26.13,122.9,48.64,18.69
DEM Carter,46,992,1096,42,572,111,10,23.62,90.51,52.19,11.04
SJ Modani,37,991,1485,34,882,83,8,29.15,66.73,59.39,6.13
O Tuyisenge,68,988,981,61,480,91,27,16.2,100.71,48.93,12.03
SL Malinga,173,987,1485,127,1011,90,35,7.77,66.46,68.08,8.42
RC Belbashi,70,985,1045,49,516,100,16,20.1,94.26,49.38,11.1
HAM Shah,30,982,806,31,321,92,27,31.68,121.84,39.83,14.76
MJ Henry,80,982,1188,72,785,117,32,13.64,82.66,66.08,12.54
IK Gamantika,65,982,1033,61,462,71,25,16.1,95.06,44.72,9.29
KJ Garth,66,980,1391,43,765,81,4,22.79,70.45,55.0,6.11
Naseem Khushi,58,972,701,55,295,63,66,17.67,138.66,42.08,18.4
CN Ackermann,44,970,1016,40,453,81,16,24.25,95.47,44.59,9.55
Rumana Ahmed,75,969,1348,62,766,95,4,15.63,71.88,56.82,7.34
T Banton,49,969,737,44,303,96,39,22.02,131.48,41.11,18.32
DJM Short,38,968,908,34,393,98,21,28.47,106.61,43.28,13.11
O Manishimwe,61,968,1049,55,554,91,24,17.6,92.28,52.81,10.96
G Kirsten,15,965,1893,19,1400,129,4,50.79,50.98,73.96,7.03
Ritu Moni,91,964,1370,76,767,86,4,12.68,70.36,55.99,6.57
Kyshona A Knight,70,964,1701,61,1113,94,4,15.8,56.67,65.43,5.76
J Nkomo,56,963,1229,37,625,80,3,26.03,78.36,50.85,6.75
Mohammad Rafique,64,962,1491,65,1015,91,28,14.8,64.52,68.08,7.98
BP Nash,20,962,2175,30,1666,108,2,32.07,44.23,76.6,5.06
PA Jaques,15,959,1730,23,1205,108,3,41.7,55.43,69.65,6.42
RE van der Merwe,83,958,855,63,329,68,30,15.21,112.05,38.48,11.46
Mahmudul Hasan Joy,20,952,2208,36,1702,102,7,26.44,43.12,77.08,4.94
Sohail Tanvir,103,946,970,67,464,87,28,14.12,97.53,47.84,11.86
Q Joseph,51,946,1007,48,601,127,26,19.71,93.94,59.68,15.19
P Khadka,36,942,834,32,408,107,28,29.44,112.95,48.92,16.19
RJ Nicol,42,941,1177,44,678,88,24,21.39,79.95,57.6,9.52
MW Short,45,941,812,43,383,95,34,21.88,115.89,47.17,15.89
A Brindle,41,939,1366,35,781,85,1,26.83,68.74,57.17,6.3
J Mubarak,48,938,1388,45,867,84,14,20.84,67.58,62.46,7.06
N Hussain,21,934,2007,30,1520,107,2,31.13,46.54,75.73,5.43
Mosaddek Hossain,60,933,1173,47,643,77,23,19.85,79.54,54.82,8.53
AJ Hall,40,931,1651,39,1138,98,10,23.87,56.39,68.93,6.54
NA Greenwood,36,931,700,33,255,97,24,28.21,133.0,36.43,17.29
DAJ Bracewell,52,927,1598,57,1128,91,24,16.26,58.01,70.59,7.2
WD Parnell,82,927,1194,54,638,78,15,17.17,77.64,53.43,7.79
H Lakov,32,922,804,29,289,77,15,31.79,114.68,35.95,11.44
HD Rutherford,27,921,1499,39,1087,112,18,23.62,61.44,72.52,8.67
V Krishnamurthy,63,921,952,47,456,98,12,19.6,96.74,47.9,11.55
Mohammad Naim,40,921,1008,41,499,83,18,22.46,91.37,49.5,10.02
Taijul Islam,64,920,2315,90,1812,100,3,10.22,39.74,78.27,4.45
Aqib Iqbal,47,918,754,40,278,71,30,22.95,121.75,36.87,13.4
MB Kruger,51,918,1086,48,597,87,21,19.12,84.53,54.97,9.94
NE Bonner,23,915,2515,30,1979,95,3,30.5,36.38,78.69,3.9
I Sharma,139,915,2836,117,2322,98,3,7.82,32.26,81.88,3.56
AP Rajeevan,44,913,813,36,315,83,17,25.36,112.3,38.75,12.3
BA Pai,35,911,814,29,291,81,15,31.41,111.92,35.75,11.79
S Ravichandran,43,911,746,43,280,85,20,21.19,122.12,37.53,14.08
PR Surve,35,909,784,23,306,71,28,39.52,115.94,39.03,12.63
S Davizi,29,909,623,26,239,106,31,34.96,145.91,38.36,21.99
Zeeshan Khan,38,908,709,38,289,102,25,23.89,128.07,40.76,17.91
VS Solanki,36,905,1212,33,731,115,5,27.42,74.67,60.31,9.9
AA Alleyne,87,900,1230,64,718,98,3,14.06,73.17,58.37,8.21
E Dusingizimana,52,898,821,48,413,89,32,18.71,109.38,50.3,14.74
PW Borren,45,898,834,36,386,93,21,24.94,107.67,46.28,13.67
C Madande,50,896,917,40,440,78,19,22.4,97.71,47.98,10.58
AF Giles,37,895,1680,40,1181,99,4,22.38,53.27,70.3,6.13
DT Tiripano,49,894,1995,46,1520,87,14,19.43,44.81,76.19,5.06
W Mwatile,75,893,1085,65,586,77,15,13.74,82.3,54.01,8.48
MP Breetzke,28,892,933,26,438,76,24,34.31,95.61,46.95,10.72
TM Odoyo,41,888,1257,35,759,77,19,25.37,70.64,60.38,7.64
D Bishoo,63,888,2195,63,1696,89,5,14.1,40.46,77.27,4.28
LE Kaushalya,61,887,1027,55,523,80,18,16.13,86.37,50.93,9.54
CV Anto,42,886,588,36,245,56,66,24.61,150.68,41.67,20.75
GB Hogg,59,885,1142,40,569,56,10,22.12,77.5,49.82,5.78
Abdur Razzak,106,885,1211,72,737,73,23,12.29,73.08,60.86,7.93
Saeed Ajmal,119,885,1718,96,1194,77,7,9.22,51.51,69.5,4.89
JE Cameron,38,880,1115,32,647,92,17,27.5,78.92,58.03,9.78
Yasim Murtaza,59,879,737,52,276,63,38,16.9,119.27,37.45,13.7
A Lister,56,877,822,48,388,110,12,18.27,106.69,47.2,14.84
Razmal Shigiwal,32,875,619,29,208,74,36,30.17,141.36,33.6,17.77
N Wagner,58,875,1687,61,1338,96,36,14.34,51.87,79.31,7.82
CS Delport,38,873,688,35,257,80,33,24.94,126.89,37.35,16.42
MT Renshaw,22,872,1735,29,1264,90,7,30.07,50.26,72.85,5.59
K Nassoro,58,872,873,44,397,81,16,19.82,99.89,45.48,11.11
Muhammad Asim,31,868,642,25,277,87,39,34.72,135.2,43.15,19.63
N Vare,59,865,1335,47,849,97,1,18.4,64.79,63.6,7.34
MA Vermeulen,33,860,1534,34,1088,106,3,25.29,56.06,70.93,7.11
D Dhingra,43,860,1050,36,575,92,0,23.89,81.9,54.76,8.76
MG Vandort,17,857,1909,25,1444,98,4,34.28,44.89,75.64,5.34
JC Archer,91,856,966,68,570,77,36,12.59,88.61,59.01,11.7
SO Tikolo,46,856,1196,44,732,93,9,19.45,71.57,61.2,8.53
MWR Stokes,32,855,679,22,224,81,13,38.86,125.92,32.99,13.84
K Motlanka,37,854,817,33,373,87,17,25.88,104.53,45.65,12.73
LM Jongwe,72,854,881,54,450,83,19,15.81,96.94,51.08,11.58
Aamir Kaleem,57,853,871,51,448,91,21,16.73,97.93,51.44,12.86
H Ishimwe,66,851,859,53,399,89,6,16.06,99.07,46.45,11.06
P Baron,31,851,699,29,305,97,18,29.34,121.75,43.63,16.45
T Ruma,36,851,1030,30,557,80,13,28.37,82.62,54.08,9.03
NR Kumar,42,850,826,36,373,63,25,23.61,102.91,45.16,10.65
Shashank Singh,39,847,529,21,148,63,47,40.33,160.11,27.98,20.79
Ayesha Zafar,51,847,1214,46,726,103,1,18.41,69.77,59.8,8.57
CS Baugh,47,846,1492,48,1010,83,7,17.62,56.7,67.69,6.03
Umar Amin,47,844,1020,45,563,92,10,18.76,82.75,55.2,10.0
S Movva,44,844,1080,36,545,59,12,23.44,78.15,50.46,6.57
PL Mommsen,28,843,959,26,460,70,10,32.42,87.9,47.97,8.34
Y Daswani,63,842,1084,47,546,70,0,17.91,77.68,50.37,6.46
Faisal Iqbal,23,841,1738,31,1300,94,4,27.13,48.39,74.8,5.64
SHT Kandamby,34,839,1192,27,629,68,0,31.07,70.39,52.77,5.7
S Rana,62,839,1052,47,608,96,9,17.85,79.75,57.79,9.98
S Nampiina,65,838,934,52,465,84,8,16.12,89.72,49.79,9.85
Sami Aslam,17,836,2055,27,1585,87,4,30.96,40.68,77.13,4.43
Ahmad Ramdoni,60,836,945,43,482,61,29,19.44,88.47,51.01,9.52
SM Mayers,37,835,911,36,469,100,7,23.19,91.66,51.48,11.75
Rashid Khan,92,835,553,59,217,61,53,14.15,150.99,39.24,20.61
Mohammad Nawaz (3),64,834,921,45,457,63,24,18.53,90.55,49.62,9.45
Priyansh Arya,27,831,417,27,139,81,57,30.78,199.28,33.33,33.09
SM Warnapura,15,829,1424,23,997,100,2,36.04,58.22,70.01,7.16
DG Bedingham,15,828,1228,23,827,91,17,36.0,67.43,67.35,8.79
PA Chatterji,67,828,985,54,481,76,6,15.33,84.06,48.83,8.32
Saad Bin Zafar,58,827,848,38,399,70,20,21.76,97.52,47.05,10.61
MS Sinclair,29,826,1695,33,1262,93,4,25.03,48.73,74.45,5.72
BMAJ Mendis,60,823,927,46,438,63,18,17.89,88.78,47.25,8.74
D Myers,39,823,976,39,550,77,20,21.1,84.32,56.35,9.94
XM Marshall,46,822,1232,48,808,90,13,17.12,66.72,65.58,8.36
MN van Wyk,29,818,913,29,513,86,19,28.21,89.59,56.19,11.5
K Doriga,61,818,1200,54,772,64,21,15.15,68.17,64.33,7.08
P Molkenboer,51,818,1000,39,531,91,0,20.97,81.8,53.1,9.1
CR Pagydyala,31,816,961,25,457,78,2,32.64,84.91,47.55,8.32
Irfan Khan,52,814,648,35,239,64,35,23.26,125.62,36.88,15.28
Alok Kapali,50,813,1222,56,750,73,10,14.52,66.53,61.37,6.79
BCJ Cutting,48,812,541,38,204,54,56,21.37,150.09,37.71,20.33
LE Plunkett,69,808,984,51,562,80,16,15.84,82.11,57.11,9.76
Sohail Akhtar,40,808,656,32,277,79,32,25.25,123.17,42.23,16.92
R Trumpelmann,70,803,863,51,447,54,37,15.75,93.05,51.8,10.54
PM Weerakkody,50,803,1350,47,852,79,0,17.09,59.48,63.11,5.85
MNM Aslam,47,801,700,41,259,73,18,19.54,114.43,37.0,13.0
S Mtae,46,800,775,43,362,90,9,18.6,103.23,46.71,12.77
R Mutumbami,47,800,1119,47,723,82,20,17.02,71.49,64.61,9.12
AV Lazarus,36,799,694,29,271,64,29,27.55,115.13,39.05,13.4
CK Coventry,37,798,847,35,457,66,32,22.8,94.21,53.96,11.57
MS Bisla,39,798,702,37,339,93,23,21.57,113.68,48.29,16.52
AB Kaur,55,797,749,33,306,92,8,24.15,106.41,40.85,13.35
RN Patel,45,797,684,39,287,83,17,20.44,116.52,41.96,14.62
SR Magar,56,797,990,48,515,69,8,16.6,80.51,52.02,7.78
H Carlyon,40,796,698,39,336,80,30,20.41,114.04,48.14,15.76
KD Shah,50,796,828,43,378,61,18,18.51,96.14,45.65,9.54
LA Dunbar,30,795,667,25,324,67,44,31.8,119.19,48.58,16.64
AC Agar,50,794,1012,39,569,71,16,20.36,78.46,56.23,8.6
Selim Salau,32,793,716,33,311,74,18,24.03,110.75,43.44,12.85
A Steyn,32,792,1259,29,783,83,1,27.31,62.91,62.19,6.67
N Boje,26,791,1192,22,828,115,5,35.95,66.36,69.46,10.07
P Kumar,99,788,820,70,431,68,29,11.26,96.1,52.56,11.83
G Motie,52,788,901,41,554,82,27,19.22,87.46,61.49,12.1
Shahadat Hossain,62,788,1705,71,1322,99,8,11.1,46.22,77.54,6.28
SK Warne,52,788,1088,49,700,84,17,16.08,72.43,64.34,9.28
IO Okpe,67,788,724,51,292,33,31,15.45,108.84,40.33,8.84
JF Mooney,48,786,886,37,453,80,8,21.24,88.71,51.13,9.93
MA Butcher,11,785,1622,19,1254,112,0,41.32,48.4,77.31,6.91
N Wadhera,37,784,560,32,209,64,43,24.5,140.0,37.32,19.11
G Mckeon,27,782,561,24,227,68,37,32.58,139.39,40.46,18.72
RB Patel,36,781,756,30,322,92,8,26.03,103.31,42.59,13.23
KK Jennings,17,781,1838,31,1401,88,0,25.19,42.49,76.22,4.79
CJ Ferguson,37,781,936,26,444,74,0,30.04,83.44,47.44,7.91
A Bagai,28,779,1125,26,626,77,1,29.96,69.24,55.64,6.93
Faheem Nazir,22,775,529,20,197,91,23,38.75,146.5,37.24,21.55
Sandeep Goud,63,775,1051,51,609,42,33,15.2,73.74,57.94,7.14
NRD Compton,16,775,2150,27,1739,84,3,28.7,36.05,80.88,4.05
PM Seelaar,60,775,868,47,426,60,14,16.49,89.29,49.08,8.53
M Shahrukh Khan,53,775,524,34,184,49,52,22.79,147.9,35.11,19.27
J Gunasekar,20,774,704,17,253,74,3,45.53,109.94,35.94,10.94
CA Soper,62,772,1311,42,774,36,9,18.38,58.89,59.04,3.43
Shorna Akter,64,771,911,51,447,53,16,15.12,84.63,49.07,7.57
Sarfaraz Ali,42,771,550,37,283,66,57,20.84,140.18,51.45,22.36
RJ Harris,56,770,1116,46,748,75,13,16.74,69.0,67.03,7.89
KT Perkins,44,769,998,38,498,56,7,20.24,77.05,49.9,6.31
YSD Seneveratne,29,766,648,21,297,60,36,36.48,118.21,45.83,14.81
Ahmed Hassan,34,764,665,28,309,53,40,27.29,114.89,46.47,13.98
SA Okpe,61,763,743,49,336,48,25,15.57,102.69,45.22,9.83
T Manders,25,763,568,20,240,73,33,38.15,134.33,42.25,18.66
H Singh,36,759,564,31,186,77,20,24.48,134.57,32.98,17.2
JA Diergaardt,79,756,1012,62,583,73,5,12.19,74.7,57.61,7.71
SKS Gill,31,755,735,29,302,67,12,26.03,102.72,41.09,10.75
MG Bevan,25,755,1141,19,655,49,6,39.74,66.17,57.41,4.82
N Nipiko,30,754,683,25,274,49,28,30.16,110.4,40.12,11.27
JL Gunn,59,753,1470,43,1004,58,7,17.51,51.22,68.3,4.42
KAR Hodge,16,751,1524,28,1144,97,2,26.82,49.28,75.07,6.5
MA Jones,29,751,836,29,445,70,20,25.9,89.83,53.23,10.77
B Cooper,58,750,1058,51,660,78,10,14.71,70.89,62.38,8.32
FC Wilson,42,748,810,32,332,60,7,23.38,92.35,40.99,8.27
JO Adedeji,43,748,866,34,455,60,16,22.0,86.37,52.54,8.78
AJ Hosein,78,748,777,42,370,43,35,17.81,96.27,47.62,10.04
DD Ebrahim,35,745,1516,43,1027,63,0,17.33,49.14,67.74,4.16
AR Ramjani,40,745,564,31,200,61,26,24.03,132.09,35.46,15.43
C Karunaratne,58,745,875,45,448,49,19,16.56,85.14,51.2,7.77
LA Marsh,52,744,1359,43,967,89,5,17.3,54.75,71.16,6.92
Parvez Hossain Emon,35,744,596,34,293,61,47,21.88,124.83,49.16,18.12
JR Hazlewood,109,743,1498,60,1144,98,6,12.38,49.6,76.37,6.94
Walid Ghauri,25,743,611,24,248,71,23,30.96,121.6,40.59,15.38
TC Barker,34,743,595,34,245,80,18,21.85,124.87,41.18,16.47
Mohammad Ihsan,22,743,425,20,157,62,51,37.15,174.82,36.94,26.59
UT Yadav,118,743,1218,72,862,66,32,10.32,61.0,70.77,8.05
Aysha,40,743,647,39,263,87,6,19.05,114.84,40.65,14.37
R Rampaul,65,739,1146,58,806,74,25,12.74,64.49,70.33,8.64
Aayan Afzal Khan,48,737,975,39,554,64,15,18.9,75.59,56.82,8.1
BR Dunk,35,735,516,29,180,56,40,25.34,142.44,34.88,18.6
Bilal Tahir,49,732,517,35,197,45,50,20.91,141.59,38.1,18.38
Anwar Ali,61,732,637,41,279,52,32,17.85,114.91,43.8,13.19
A Raghuvanshi,27,731,515,24,164,75,25,30.46,141.94,31.84,19.42
Saif Hassan,33,731,878,37,555,66,33,19.76,83.26,63.21,11.28
SM Sharif,79,730,910,45,455,47,13,16.22,80.22,50.0,6.59
J Butler,33,730,640,27,271,70,19,27.04,114.06,42.34,13.91
JE Ronalds,34,729,859,28,381,48,0,26.04,84.87,44.35,5.59
NM Hauritz,44,727,1173,33,774,71,9,22.03,61.98,65.98,6.82
V Vijh,38,727,647,33,256,50,25,22.03,112.36,39.57,11.59
T Kohler-Cadmore,37,726,559,37,227,60,37,19.62,129.87,40.61,17.35
Azyan Farhath,32,726,866,27,408,53,11,26.89,83.83,47.11,7.39
LA Dawson,46,725,783,40,387,55,23,18.12,92.59,49.43,9.96
Puja Mahato,47,725,873,43,416,55,7,16.86,83.05,47.65,7.1
Khizer Ahmed,36,724,605,32,266,70,22,22.62,119.67,43.97,15.21
IDM Latin,32,722,566,29,219,60,31,24.9,127.56,38.69,16.08
I Kaia,34,722,986,35,601,75,9,20.63,73.23,60.95,8.52
Shaheryar Butt,33,717,566,28,248,60,37,25.61,126.68,43.82,17.14
NPAN Sakarini,32,717,863,23,434,68,3,31.17,83.08,50.29,8.23
R Nehonde,39,713,741,33,336,55,13,21.61,96.22,45.34,9.18
TB Robinson,30,713,531,27,205,65,26,26.41,134.27,38.61,17.14
Aritra Dutta,37,712,551,35,259,71,35,20.34,129.22,47.01,19.24
Fahima Khatun,82,712,973,53,489,51,1,13.43,73.18,50.26,5.34
R Andrew,34,712,768,30,366,76,5,23.73,92.71,47.66,10.55
V Shukla,35,708,644,30,267,50,28,23.6,109.94,41.46,12.11
Ravinderpal Singh,38,708,546,34,218,48,39,20.82,129.67,39.93,15.93
KA Jamieson,52,708,1049,40,673,62,17,17.7,67.49,64.16,7.53
Taskin Ahmed,91,708,1167,75,793,61,19,9.44,60.67,67.95,6.86
B Biza,35,708,931,36,522,71,3,19.67,76.05,56.07,7.95
CE Dean,53,707,984,43,525,59,1,16.44,71.85,53.35,6.1
MV Waldron,67,705,1144,57,689,64,0,12.37,61.63,60.23,5.59
Manan Ali,35,704,480,28,170,33,52,25.14,146.67,35.42,17.71
KD Petersen,14,704,1477,24,1135,86,0,29.33,47.66,76.84,5.82
ARS Silva,12,702,1712,20,1291,59,3,35.1,41.0,75.41,3.62
Yasir Khan,28,702,494,28,198,75,31,25.07,142.11,40.08,21.46
KS Leverock,25,701,461,21,182,61,41,33.38,152.06,39.48,22.13
SJ Benn,59,701,1074,58,767,82,17,12.09,65.27,71.42,9.22
R McLaren,60,700,972,36,543,62,7,19.44,72.02,55.86,7.1
SR Waugh,8,700,1127,11,799,101,2,63.64,62.11,70.9,9.14
Ainna Hamizah Hashim,65,699,1006,45,604,69,3,15.53,69.48,60.04,7.16
YS Samra,23,696,586,19,291,67,35,36.63,118.77,49.66,17.41
SJ Harmison,57,696,1144,56,816,86,9,12.43,60.84,71.33,8.3
H Hiri,48,696,1040,42,629,52,12,16.57,66.92,60.48,6.15
KNM Fernando,16,694,1179,21,811,80,6,33.05,58.86,68.79,7.29
V Balakrishnan,39,693,633,33,304,70,19,21.0,109.48,48.03,14.06
Sadaf Shamas,31,691,984,28,604,87,2,24.68,70.22,61.38,9.04
Abishek Porel,30,691,474,30,156,68,27,23.03,145.78,32.91,20.04
CAK Walton,49,691,598,47,274,57,33,14.7,115.55,45.82,15.05
SK Patel,22,690,887,20,490,70,6,34.5,77.79,55.24,8.57
K Awino,60,689,1039,50,597,57,0,13.78,66.31,57.46,5.49
J Goswami,63,688,1077,47,679,66,11,14.64,63.88,63.05,7.15
C Bosch,30,688,710,22,347,74,11,31.27,96.9,48.87,11.97
Saber Zakhil,31,687,426,30,180,38,59,22.9,161.27,42.25,22.77
RS Williams,54,687,1253,50,843,68,2,13.74,54.83,67.28,5.59
Kuldeep Yadav,102,685,1614,62,1168,57,4,11.05,42.44,72.37,3.78
B Bhandari,41,684,812,36,450,60,19,19.0,84.24,55.42,9.73
AJ Stewart,17,682,1103,19,718,76,1,35.89,61.83,65.1,6.98
T Bharaj,30,681,563,27,225,59,17,25.22,120.96,39.96,13.5
Rahmanullah Gurbaz,33,681,468,31,212,62,43,21.97,145.51,45.3,22.44
D Hemalatha,52,677,667,43,331,65,22,15.74,101.5,49.63,13.04
B Arora,39,676,704,33,346,63,17,20.48,96.02,49.15,11.36
TL Suman,39,676,575,30,241,55,26,22.53,117.57,41.91,14.09
Mohammad Nabi,45,676,467,37,168,54,36,18.27,144.75,35.97,19.27
L Yamamoto-Lake,38,675,527,34,237,68,25,19.85,128.08,44.97,17.65
SC Taylor,10,674,1328,9,971,80,1,74.89,50.75,73.12,6.1
Ali Naseer,41,673,606,32,278,52,29,21.03,111.06,45.87,13.37
C Chatphaisan,51,673,651,46,325,61,21,14.63,103.38,49.92,12.6
TMK Mawoyo,18,673,1820,26,1470,81,0,25.88,36.98,80.77,4.45
CT Dhururu,58,673,1076,47,663,64,1,14.32,62.55,61.62,6.04
AM Nayar,51,672,584,39,230,55,20,17.23,115.07,39.38,12.84
EL Lamb,24,672,828,25,476,85,0,26.88,81.16,57.49,10.27
EAJ Richardson,46,671,683,38,324,78,4,17.66,98.24,47.44,12.01
R Mazumder,28,671,586,22,234,76,9,30.5,114.51,39.93,14.51
DW Lawrence,14,671,1206,25,846,72,8,26.84,55.64,70.15,6.63
JN Mohammed,35,670,970,32,570,57,10,20.94,69.07,58.76,6.91
T Chanderpaul,13,670,1778,22,1412,62,6,30.45,37.68,79.42,3.82
PP Chawla,102,668,645,67,297,60,20,9.97,103.57,46.05,12.4
BA Carse,43,667,857,40,521,50,27,16.68,77.83,60.79,8.98
AM Tribe,23,666,664,20,311,52,21,33.3,100.3,46.84,10.99
MR Aguilleira,55,665,1019,46,595,50,5,14.46,65.26,58.39,5.4
P Alako,52,664,746,40,406,61,18,16.6,89.01,54.42,10.59
E Iloku,46,662,926,42,520,61,0,15.76,71.49,56.16,6.59
Anjar Tadarus,62,661,758,53,406,66,14,12.47,87.2,53.56,10.55
C Rububagumya,61,660,791,50,389,41,10,13.2,83.44,49.18,6.45
Shanzeen Shahzad,60,659,892,57,490,55,6,11.56,73.88,54.93,6.84
L Jack,54,659,750,41,353,60,0,16.07,87.87,47.07,8.0
TG McIntosh,15,657,1868,30,1495,69,7,21.9,35.17,80.03,4.07
TK Curran,48,657,669,30,326,58,18,21.9,98.21,48.73,11.36
Shamsur Rahman,23,657,1073,29,744,75,13,22.66,61.23,69.34,8.2
Wan Julia,59,656,925,59,520,54,0,11.12,70.92,56.22,5.84
KJ Stagno,24,656,370,24,136,41,56,27.33,177.3,36.76,26.22
V Suryavanshi,17,656,292,17,103,53,61,38.59,224.66,35.27,39.04
Maryam Omar,37,654,834,34,432,63,1,19.24,78.42,51.8,7.67
Adnan Akmal,24,653,1430,25,1073,76,0,26.12,45.66,75.03,5.31
S Jafta,63,652,899,43,558,76,5,15.16,72.53,62.07,9.01
Junaid Aziz,44,649,617,33,277,40,31,19.67,105.19,44.89,11.51
Aamer Jamal,35,648,814,27,517,65,23,24.0,79.61,63.51,10.81
Naman Dhir,29,648,387,22,115,62,33,29.45,167.44,29.72,24.55
S Prasanna,57,648,622,49,337,42,40,13.22,104.18,54.18,13.18
CNIM Joyce,33,647,983,34,619,69,3,19.03,65.82,62.97,7.32
Siow Tzin Yee,37,647,698,25,336,68,0,25.88,92.69,48.14,9.74
D Doyle-Calle,29,647,488,23,191,45,34,28.13,132.58,39.14,16.19
CMA Shillington,39,641,673,36,376,84,6,17.81,95.25,55.87,13.37
RP Singh,97,641,965,74,625,52,18,8.66,66.42,64.77,7.25
M McColl,50,641,660,40,292,65,5,16.02,97.12,44.24,10.61
Hamza Dar,26,640,429,16,149,40,38,40.0,149.18,34.73,18.18
V Langiatu,34,639,767,34,421,68,8,18.79,83.31,54.89,9.91
Yasir Ali,34,639,641,28,277,50,17,22.82,99.69,43.21,10.45
SW Ambris,21,639,850,24,493,71,4,26.62,75.18,58.0,8.82
TM Dowlin,18,639,1159,20,791,69,2,31.95,55.13,68.25,6.13
Adil Butt,20,635,379,19,165,68,38,33.42,167.55,43.54,27.97
JR Philippe,35,634,544,34,232,63,17,18.65,116.54,42.65,14.71
AB Agarkar,60,634,847,48,481,50,12,13.21,74.85,56.79,7.32
CN Greaves,47,633,655,31,315,53,15,20.42,96.64,48.09,10.38
Umar Adam,35,632,463,35,210,51,37,18.06,136.5,45.36,19.01
SC Cook,11,632,1402,19,1070,68,0,33.26,45.08,76.32,4.85
Muhammad Muneeb,27,632,512,27,231,77,18,23.41,123.44,45.12,18.55
B Ward,34,630,545,28,242,39,32,22.5,115.6,44.4,13.03
S Meghana,28,629,565,25,275,88,10,25.16,111.33,48.67,17.35
GF Linde,38,629,612,34,323,58,25,18.5,102.78,52.78,13.56
RM Dorji,37,628,585,35,262,45,26,17.94,107.35,44.79,12.14
GW Flower,21,627,942,17,557,54,2,36.88,66.56,59.13,5.94
Ayasha Rahman,38,627,856,39,504,60,11,16.08,73.25,58.88,8.29
OH Agbomadzie,34,626,646,32,302,47,14,19.56,96.9,46.75,9.44
Mohammad Saifuddin,41,626,648,22,300,50,16,28.45,96.6,46.3,10.19
Simi Singh,48,624,702,36,313,50,10,17.33,88.89,44.59,8.55
R Obuya,34,624,524,32,252,54,27,19.5,119.08,48.09,15.46
K Mishara,27,621,532,26,255,65,22,23.88,116.73,47.93,16.35
B George,27,620,484,26,210,41,34,23.85,128.1,43.39,15.5
CD Wallace,36,619,691,32,335,49,12,19.34,89.58,48.48,8.83
NRJ Croes,34,618,662,23,315,60,3,26.87,93.35,47.58,9.52
CB Wishart,20,618,991,23,690,75,7,26.87,62.36,69.63,8.27
ASS Fletcher,90,617,816,64,431,58,1,9.64,75.61,52.82,7.23
S Sriharsha,28,615,728,23,349,51,1,26.74,84.48,47.94,7.14
LV van Beek,54,613,723,35,370,38,16,17.51,84.79,51.18,7.47
M Muralitharan,103,613,769,81,473,60,17,7.57,79.71,61.51,10.01
WP Masakadza,66,613,1129,56,773,50,10,10.95,54.3,68.47,5.31
Zeeshan Kukikhel,22,611,418,23,172,69,26,26.57,146.17,41.15,22.73
S Singh,41,607,617,33,298,70,2,18.39,98.38,48.3,11.67
I Takahashi,42,607,447,34,183,47,32,17.85,135.79,40.94,17.67
SA Engelbrecht,21,607,712,18,371,49,15,33.72,85.25,52.11,8.99
MS Harris,14,607,1322,25,1020,73,0,24.28,45.92,77.16,5.52
JS Malhotra,29,606,586,23,276,41,29,26.35,103.41,47.1,11.95
J Mees,30,606,507,27,218,53,22,22.44,119.53,43.0,14.79
Sidra Nawaz,79,605,1056,62,654,50,2,9.76,57.29,61.93,4.92
PA Raikes,21,605,450,18,180,55,27,33.61,134.44,40.0,18.22
IMHC Joyce,35,604,784,31,431,69,0,19.48,77.04,54.97,8.8
NLKWR Dewi,29,604,583,19,243,61,0,31.79,103.6,41.68,10.46
Jahurul Islam,21,604,1244,27,934,62,7,22.37,48.55,75.08,5.55
Mohammad Sami,58,603,1289,47,952,48,13,12.83,46.78,73.86,4.73
Samjhana Khadka,45,602,574,44,276,82,0,13.68,104.88,48.08,14.29
LMM Tahuhu,89,601,626,60,308,56,12,10.02,96.01,49.2,10.86
SA Ahmad,30,601,561,28,243,55,13,21.46,107.13,43.32,12.12
T Mishra,27,601,784,24,408,48,8,25.04,76.66,52.04,7.14
A Dizija,27,601,516,25,248,56,24,24.04,116.47,48.06,15.5
OU Ranasinghe,64,600,899,53,500,52,0,11.32,66.74,55.62,5.78
S Horley,22,599,667,23,322,70,3,26.04,89.81,48.28,10.94
J Fraser-McGurk,30,598,353,29,165,68,37,20.62,169.41,46.74,29.75
MR Swart,25,598,536,24,206,51,15,24.92,111.57,38.43,12.31
Lakshit Gupta,28,597,562,24,258,48,25,24.88,106.23,45.91,12.99
S Sunday,38,597,644,35,348,73,6,17.06,92.7,54.04,12.27
D Abeyrathna,33,595,611,30,291,53,14,19.83,97.38,47.63,10.97
NY McLean,38,595,735,32,433,55,16,18.59,80.95,58.91,9.66
Ghulam Shabber,30,594,826,26,503,60,6,22.85,71.91,60.9,7.99
BR McDermott,32,593,642,27,313,39,19,21.96,92.37,48.75,9.03
Iram Javed,60,593,839,55,517,63,11,10.78,70.68,61.62,8.82
KTGD Prasad,33,593,982,41,701,63,11,14.46,60.39,71.38,7.54
RL Powell,31,593,650,24,370,63,14,24.71,91.23,56.92,11.85
NK Patel,43,592,790,32,427,43,10,18.5,74.94,54.05,6.71
D Heyliger,53,592,453,31,189,42,34,19.1,130.68,41.72,16.78
Musaddiq Ahmed,14,591,303,14,123,65,41,42.21,195.05,40.59,34.98
KMA Paul,41,590,602,33,335,52,26,17.88,98.01,55.65,12.96
Khalid Latif,24,590,626,20,305,49,15,29.5,94.25,48.72,10.22
D Pretorius,39,590,577,34,310,54,24,17.35,102.25,53.73,13.52
BYA Mendis,44,589,727,42,429,81,4,14.02,81.02,59.01,11.69
MD Craig,15,589,1083,15,790,66,10,39.27,54.39,72.95,7.02
Saqlain Arshad,35,589,464,33,213,73,17,17.85,126.94,45.91,19.4
NJ Pius,40,587,714,35,383,59,1,16.77,82.21,53.64,8.4
F Damiao Couana,18,587,429,16,178,62,21,36.69,136.83,41.49,19.35
M Uwase,47,586,696,41,377,67,1,14.29,84.2,54.17,9.77
MW Machan,19,586,625,16,306,60,6,36.62,93.76,48.96,10.56
Priyada Murali,46,586,861,44,525,59,6,13.32,68.06,60.98,7.55
C Roberts,23,586,560,19,179,46,4,30.84,104.64,31.96,8.93
AP Devcich,25,586,539,25,258,68,14,23.44,108.72,47.87,15.21
Shamim Hossain,39,585,498,31,207,49,22,18.87,117.47,41.57,14.26
J Overton,34,585,550,27,289,63,20,21.67,106.36,52.55,15.09
F Overdijk,61,583,913,47,515,41,0,12.4,63.86,56.41,4.49
P Siaka,43,583,649,40,312,55,4,14.58,89.83,48.07,9.09
N Choden,34,581,817,35,475,58,2,16.6,71.11,58.14,7.34
AM Blignaut,27,581,703,30,437,70,13,19.37,82.65,62.16,11.81
M Yanagida,38,581,717,34,374,49,3,17.09,81.03,52.16,7.25
G Matome,49,579,807,33,464,54,0,17.55,71.75,57.5,6.69
K Waiswa,47,579,571,36,285,55,14,16.08,101.4,49.91,12.08
LR Down,40,579,891,35,532,49,6,16.54,64.98,59.71,6.17
D Visser,17,578,384,14,157,56,32,41.29,150.52,40.89,22.92
LG Pretorius,19,578,557,20,277,63,14,28.9,103.77,49.73,13.82
Saim Hussain,16,577,389,17,140,52,25,33.94,148.33,35.99,19.79
LC Sthalekar,20,576,1127,21,790,52,0,27.43,51.11,70.1,4.61
C Tear,26,576,721,23,427,60,8,25.04,79.89,59.22,9.43
V Ravindran,19,575,395,19,160,66,23,30.26,145.57,40.51,22.53
L Barnett,14,575,377,8,131,82,10,71.88,152.52,34.75,24.4
GP Thorpe,10,574,1227,14,914,69,1,41.0,46.78,74.49,5.7
Ahmed Aqeel,30,574,477,17,142,29,19,33.76,120.34,29.77,10.06
M Corazon,25,574,483,20,226,79,9,28.7,118.84,46.79,18.22
A Mansale,26,572,489,23,188,37,20,24.87,116.97,38.45,11.66
A Ashokan,22,572,498,19,182,28,22,30.11,114.86,36.55,10.04
LE Bosman,24,571,491,24,262,59,27,23.79,116.29,53.36,17.52
Waji Ul Hassan,28,571,470,23,160,40,22,24.83,121.49,34.04,13.19
S Pandey,59,569,779,35,440,61,3,16.26,73.04,56.48,8.22
AN Kelly,58,569,793,47,425,47,2,12.11,71.75,53.59,6.18
T Nightingale,30,568,450,28,171,52,19,20.29,126.22,38.0,15.78
AAP Atkinson,25,567,674,29,415,63,15,19.55,84.12,61.57,11.57
Hamza Khan,25,566,544,21,231,42,20,26.95,104.04,42.46,11.4
PVD Chameera,94,565,1028,68,702,47,7,8.31,54.96,68.29,5.25
DJ Hawoe,70,565,458,53,192,33,31,10.66,123.36,41.92,13.97
S Lamichhane,68,564,638,44,308,43,11,12.82,88.4,48.28,8.46
A Ndiraya,31,564,764,27,406,52,0,20.89,73.82,53.14,6.81
AS Samra,23,564,407,17,160,44,28,33.18,138.57,39.31,17.69
Sohag Gazi,31,564,793,31,504,53,16,18.19,71.12,63.56,8.7
M Syahadat Ramli,38,563,526,25,211,38,20,22.52,107.03,40.11,11.03
TP Visee,33,563,401,30,193,79,19,18.77,140.4,48.13,24.44
AJ Turner,41,561,458,29,160,29,26,19.34,122.49,34.93,12.01
JL Carter,26,560,758,21,450,48,10,26.67,73.88,59.37,7.65
Shahbaz Ahmed,40,560,468,31,164,30,25,18.06,119.66,35.04,11.75
SO Ngoche,55,560,498,35,209,44,19,16.0,112.45,41.97,12.65
TS Fray,35,559,614,32,287,45,8,17.47,91.04,46.74,8.63
EL Bartram,29,556,494,24,220,63,9,23.17,112.55,44.53,14.57
T Perera,31,555,535,27,265,54,16,20.56,103.74,49.53,13.08
Jaspal Singh,36,554,495,27,239,43,26,20.52,111.92,48.28,13.94
SR Bhudia,35,554,455,26,171,49,17,21.31,121.76,37.58,14.51
JM Kerr,63,554,494,47,204,58,10,11.79,112.15,41.3,13.77
K Fraser,39,553,611,29,325,64,7,19.07,90.51,53.19,11.62
GD Arta,52,552,621,40,334,32,29,13.8,88.89,53.78,9.82
Vinu Kumar,40,552,751,34,383,42,0,16.24,73.5,51.0,5.59
L Louwrens,25,552,921,23,613,63,2,24.0,59.93,66.56,7.06
M Podosky,32,551,496,29,254,45,28,19.0,111.09,51.21,14.72
Imal Zuwak,28,550,512,27,231,52,13,20.37,107.42,45.12,12.7
GK Diviya,42,548,877,44,510,40,0,12.45,62.49,58.15,4.56
JWM Dalrymple,29,547,729,27,381,38,3,20.26,75.03,52.26,5.62
Erika Oda,30,546,591,27,296,70,1,20.22,92.39,50.08,12.01
S Jora,37,546,471,32,192,32,24,17.06,115.92,40.76,11.89
Muhammad Amir,44,545,521,37,219,51,13,14.73,104.61,42.03,12.28
Tayyab Tahir,25,545,433,19,160,55,15,28.68,125.87,36.95,16.17
Abdur Rehman,47,545,1177,46,896,57,10,11.85,46.3,76.13,5.69
S Jimmy,37,545,679,34,376,53,5,16.03,80.27,55.38,8.54
AR Naidoo,26,544,527,20,234,44,15,27.2,103.23,44.4,11.2
SJ McGlashan,30,543,575,24,281,48,10,22.62,94.43,48.87,10.09
AK Sah,27,540,551,25,313,53,24,21.6,98.0,56.81,13.97
DS Bajwa,27,540,514,23,260,54,14,23.48,105.06,50.58,13.23
AR Nurse,43,539,525,27,235,47,15,19.96,102.67,44.76,11.81
IA De Silva,24,539,502,23,254,52,22,23.43,107.37,50.6,14.74
Rinitha Rajith,48,539,592,37,303,62,7,14.57,91.05,51.18,11.66
Mahirah Izzati Ismail,54,539,797,47,422,38,0,11.47,67.63,52.95,4.77
HM Omary,43,539,615,31,276,47,4,17.39,87.64,44.88,8.29
AJ Mosca,20,539,414,16,142,40,21,33.69,130.19,34.3,14.73
Raghav Dhawan,20,539,499,18,207,41,15,29.94,108.02,41.48,11.22
Dilara Akter,35,539,490,33,256,74,8,16.33,110.0,52.24,16.73
D Kansonkho,35,538,585,29,288,46,12,18.55,91.97,49.23,9.91
S Dharnidharka,54,537,721,37,394,48,5,14.51,74.48,54.65,7.35
Mahedi Hasan,54,537,596,41,296,40,16,13.1,90.1,49.66,9.4
Dylan Steyn,19,535,399,14,144,64,8,38.21,134.09,36.09,18.05
KC D'Souza,24,535,339,17,122,32,37,31.47,157.82,35.99,20.35
Salma Khatun,53,534,794,37,436,40,1,14.43,67.25,54.91,5.16
Zon Lin,27,533,578,22,287,52,5,24.23,92.21,49.65,9.86
Zakir Hasan,17,533,1135,28,856,63,5,19.04,46.96,75.42,5.99
G Stewart,21,532,332,19,141,35,44,28.0,160.24,42.47,23.8
Aman Desai,33,531,455,30,192,49,15,17.7,116.7,42.2,14.07
GC Bhogle,32,531,634,23,338,53,5,23.09,83.75,53.31,9.15
DN Wellalage,36,531,640,28,339,44,12,18.96,82.97,52.97,8.75
BJ McCarthy,58,530,656,44,366,39,19,12.05,80.79,55.79,8.84
Harmeet Singh,41,530,424,29,180,33,30,18.28,125.0,42.45,14.86
Zeefa Jilani,42,530,648,36,372,59,9,14.72,81.79,57.41,10.49
Muhammad Naeem,28,529,368,27,165,43,36,19.59,143.75,44.84,21.47
L Steenkamp,18,528,510,18,233,49,12,29.33,103.53,45.69,11.96
Azhar Mahmood,32,528,471,25,207,50,17,21.12,112.1,43.95,14.23
M Coetzee,29,528,406,27,169,71,12,19.56,130.05,41.63,20.44
M Shumba,35,527,709,29,425,44,13,18.17,74.33,59.94,8.04
MA Ouma,37,527,912,33,621,58,2,15.97,57.79,68.09,6.58
MK Lomror,35,527,373,30,120,33,30,17.57,141.29,32.17,16.89
T Munyonga,43,527,563,33,258,38,11,15.97,93.61,45.83,8.7
MD Stoneman,11,526,1188,19,937,66,1,27.68,44.28,78.87,5.64
Tenjin Rabgey,35,526,600,33,315,44,14,15.94,87.67,52.5,9.67
JJ Bumrah,104,525,1105,72,847,56,13,7.29,47.51,76.65,6.24
BJ Curran,10,525,872,14,581,58,1,37.5,60.21,66.63,6.77
Gurkeerat Singh,34,524,435,29,163,57,11,18.07,120.46,37.47,15.63
T Jamtsho,39,524,458,36,215,45,26,14.56,114.41,46.94,15.5
M Gogev,18,523,343,18,146,42,35,29.06,152.48,42.57,22.45
Abbas Ghani,21,522,340,20,129,51,26,26.1,153.53,37.94,22.65
A Dananjaya,50,521,771,37,459,49,3,14.08,67.57,59.53,6.74
SSM Stanislaus,29,521,501,28,225,37,20,18.61,103.99,44.91,11.38
RMAM Avery,29,519,744,23,383,30,0,22.57,69.76,51.48,4.03
Asmavia Iqbal,54,519,723,43,414,39,12,12.07,71.78,57.26,7.05
E Beukes,32,517,413,20,167,32,33,25.85,125.18,40.44,15.74
WAE Burton,27,515,357,23,167,54,31,22.39,144.26,46.78,23.81
DC Smith,30,514,441,28,191,47,18,18.36,116.55,43.31,14.74
M Manhas,38,514,470,24,181,43,10,21.42,109.36,38.51,11.28
B Bezuidenhout,36,513,594,33,308,56,2,15.55,86.36,51.85,9.76
Arjun Vinod,25,513,466,20,203,45,13,25.65,110.09,43.56,12.45
MJ Richardson,24,513,495,19,200,47,5,27.0,103.64,40.4,10.51
Fiza,29,512,583,24,279,54,0,21.33,87.82,47.86,9.26
JM Fields,16,512,804,15,504,57,0,34.13,63.68,62.69,7.09
FA Allen,47,510,442,39,224,39,29,13.08,115.38,50.68,15.38
M Taylor,28,508,535,28,303,47,23,18.14,94.95,56.64,13.08
L Tshuma,50,506,690,41,428,58,5,12.34,73.33,62.03,9.13
Suraj Kumar,28,506,612,21,318,35,15,24.1,82.68,51.96,8.17
Janak Prakash,36,506,408,27,143,31,20,18.74,124.02,35.05,12.5
AJ Redmond,19,505,874,25,632,72,4,20.2,57.78,72.31,8.7
PC Valthaty,23,505,418,22,215,61,20,22.95,120.81,51.44,19.38
OJ Hairs,28,504,304,25,121,47,33,20.16,165.79,39.8,26.32
NJ Carey,33,503,435,16,130,49,2,31.44,115.63,29.89,11.72
C Connolly,22,503,384,18,165,40,29,27.94,130.99,42.97,17.97
GR Adair,21,503,361,22,169,48,28,22.86,139.34,46.81,21.05
IM Vaghela,38,501,607,30,310,40,7,16.7,82.54,51.07,7.74
W Niyitanga,41,501,607,38,331,28,19,13.18,82.54,54.53,7.74
S Gajnabi,57,501,782,49,440,37,4,10.22,64.07,56.27,5.24
J Rasu,29,500,456,25,191,36,16,20.0,109.65,41.89,11.4
Ahmed Raza,52,499,763,42,463,31,13,11.88,65.4,60.68,5.77
I Udana,45,498,425,32,195,35,24,15.56,117.18,45.88,13.88
MJ Leach,36,498,1334,37,1105,64,2,13.46,37.33,82.83,4.95
A Mundra,19,496,307,19,127,50,30,26.11,161.56,41.37,26.06
J Gumbie,19,495,763,20,499,58,1,24.75,64.88,65.4,7.73
TB de Bruyn,15,494,1028,25,808,72,3,19.76,48.05,78.6,7.3
OF Smith,40,493,341,25,141,33,35,19.72,144.57,41.35,19.94
AM Hardie,29,493,456,22,196,47,11,22.41,108.11,42.98,12.72
PM Nevill,19,493,1162,22,909,53,3,22.41,42.43,78.23,4.82
V Ganesan,32,492,468,23,187,51,1,21.39,105.13,39.96,11.11
RA Sealy,28,492,391,28,163,36,24,17.57,125.83,41.69,15.35
M Ntini,80,492,1021,54,797,59,8,9.11,48.19,78.06,6.56
B Niaz,24,490,397,20,176,41,26,24.5,123.43,44.33,16.88
MPGT Ketiyage,20,489,390,18,178,33,30,27.17,125.38,45.64,16.15
D Ferreira,27,488,319,22,124,35,33,22.18,152.98,38.87,21.32
Natalia Pervaiz,38,488,593,31,303,48,4,15.74,82.29,51.1,8.77
C Uwase,52,487,616,40,334,48,3,12.18,79.06,54.22,8.28
Talha Khan,26,486,470,22,209,39,11,22.09,103.4,44.47,10.64
R Bakum,32,486,446,29,214,36,20,16.76,108.97,47.98,12.56
KDK Vithanage,19,485,608,22,390,62,9,22.05,79.77,64.14,11.68
I Niyomugabo,24,485,488,19,214,48,7,25.53,99.39,43.85,11.27
OGL Bascome,28,485,358,26,165,35,33,18.65,135.47,46.09,18.99
MO Kitunda,39,485,511,36,262,40,15,13.47,94.91,51.27,10.76
Naseem Shah,66,484,809,50,592,38,27,9.68,59.83,73.18,8.03
M Gorases,54,484,724,45,412,36,0,10.76,66.85,56.91,4.97
Ahsan Ali,21,484,377,19,139,54,13,25.47,128.38,36.87,17.77
ND Laegsgaard,25,484,325,21,133,41,29,23.05,148.92,40.92,21.54
HM Rowe,51,484,630,38,322,41,2,12.74,76.83,51.11,6.83
NM Coulter-Nile,51,484,454,36,216,37,20,13.44,106.61,47.58,12.56
J Mosca,23,483,341,18,129,54,16,26.83,141.64,37.83,20.53
L Piety,23,480,419,17,209,61,13,28.24,114.56,49.88,17.66
Aminata Kamara,32,480,524,29,249,45,0,16.55,91.6,47.52,8.59
Shafina Mahesh,44,480,728,38,418,36,3,12.63,65.93,57.42,5.36
JS Patel,36,479,854,37,607,50,5,12.95,56.09,71.08,6.44
SJ Erwee,10,479,1107,18,874,57,0,26.61,43.27,78.95,5.15
A Limdawala,30,479,532,29,282,40,13,16.52,90.04,53.01,9.96
A Ikuzwe,46,479,615,34,313,36,2,14.09,77.89,50.89,6.18
D Wangmo,28,478,647,23,348,32,2,20.78,73.88,53.79,5.26
Amjad Javed,26,478,474,22,260,39,24,21.73,100.84,54.85,13.29
CR Seneviratna,34,478,662,30,345,34,0,15.93,72.21,52.11,5.14
JL Pattinson,25,478,1065,20,824,49,7,23.9,44.88,77.37,5.26
Gull Feroza,28,477,508,25,257,63,0,19.08,93.9,50.59,12.4
DT Johnston,40,477,557,27,293,32,13,17.67,85.64,52.6,8.08
M Campopiano,22,477,400,20,156,39,14,23.85,119.25,39.0,13.25
Sher Sahak,29,476,356,28,143,29,27,17.0,133.71,40.17,15.73
Naved-ul-Hasan,44,476,545,28,288,34,15,17.0,87.34,52.84,8.99
RTM Mendis,21,475,1000,30,732,44,4,15.83,47.5,73.2,4.8
SMA Priyanjan,23,474,584,18,310,48,5,26.33,81.16,53.08,9.08
Ehsan Khan,64,473,565,39,286,29,15,12.13,83.72,50.62,7.79
Habib Khan,19,473,370,19,165,39,25,24.89,127.84,44.59,17.3
RR Seth,41,473,685,40,392,41,3,11.82,69.05,57.23,6.42
L Lamin,36,473,501,25,255,30,20,18.92,94.41,50.9,9.98
US Hathinjar,28,472,415,25,201,41,24,18.88,113.73,48.43,15.66
Ashfaq Ahmed,25,471,493,25,275,54,13,18.84,95.54,55.78,13.59
TI Gajanayake,28,471,623,20,351,58,1,23.55,75.6,56.34,9.47
JN Gillespie,30,471,1254,23,1005,54,5,20.48,37.56,80.14,4.7
IDA Damarell,26,471,416,22,178,53,8,21.41,113.22,42.79,14.66
R Ngarava,65,471,629,41,403,50,14,11.49,74.88,64.07,10.17
Sahil Chauhan,20,471,254,16,95,25,43,29.44,185.43,37.4,26.77
SA Jumbe,46,470,449,37,234,34,23,12.7,104.68,52.12,12.69
Steven Ryan Taylor,20,470,514,19,284,50,13,24.74,91.44,55.25,12.26
A Ferguson,24,469,500,17,234,53,2,27.59,93.8,46.8,11.0
J Bangura,35,468,596,34,309,36,5,13.76,78.52,51.85,6.88
E Kamara,29,468,570,25,286,44,0,18.72,82.11,50.18,7.72
M Theekshana,74,467,911,49,606,31,5,9.53,51.26,66.52,3.95
PS Athavale,24,467,457,24,227,53,10,19.46,102.19,49.67,13.79
MA Carberry,13,466,1022,18,811,69,1,25.89,45.6,79.35,6.85
SP Krishnamurthi,21,466,413,16,177,27,24,29.12,112.83,42.86,12.35
Ashutosh Sharma,22,465,280,18,85,31,32,25.83,166.07,30.36,22.5
A Zampa,90,464,693,58,407,39,2,8.0,66.96,58.73,5.92
RW Price,56,463,922,51,672,48,5,9.08,50.22,72.89,5.75
PE Mendonca,29,462,495,26,209,45,0,17.77,93.33,42.22,9.09
Umer Imtiaz,31,462,402,30,205,37,25,15.4,114.93,51.0,15.42
S Gooch,16,461,380,14,155,43,13,32.93,121.32,40.79,14.74
BB Chari,24,461,1072,32,825,42,8,14.41,43.0,76.96,4.66
RL Blake,7,461,307,4,98,70,0,115.25,150.16,31.92,22.8
P Rathnayake,14,460,381,13,131,44,9,35.38,120.73,34.38,13.91
P Maya,57,457,654,44,380,42,1,10.39,69.88,58.1,6.57
TR Ambrose,16,457,997,19,777,55,4,24.05,45.84,77.93,5.92
AM Kamara,34,457,595,25,312,42,0,18.28,76.81,52.44,7.06
UDU Chandana,23,456,706,21,445,43,4,21.71,64.59,63.03,6.66
S Khiaoto,41,455,565,34,293,38,3,13.38,80.53,51.86,7.26
AZ Lees,10,453,1052,18,837,59,1,25.17,43.06,79.56,5.7
BJ Webster,8,452,733,11,484,51,1,41.09,61.66,66.03,7.09
Saud Islam,19,452,426,18,188,43,9,25.11,106.1,44.13,12.21
SA Wijeratne,22,452,483,19,242,54,3,23.79,93.58,50.1,11.8
KP Navgire,34,452,342,34,171,49,24,13.29,132.16,50.0,21.35
P Mishra,36,451,387,31,201,27,35,14.55,116.54,51.94,16.02
M Akayezu,62,451,392,56,184,28,25,8.05,115.05,46.94,13.52
PL Harris,32,450,1328,41,1099,47,3,10.98,33.89,82.76,3.77
CD Cumming,15,450,1210,19,976,59,2,23.68,37.19,80.66,5.04
Nazimuddin,21,450,715,26,504,48,14,17.31,62.94,70.49,8.67
SA Abbott,38,449,469,29,249,37,16,15.48,95.74,53.09,11.3
KM Dabengwa,27,449,739,24,468,32,9,18.71,60.76,63.33,5.55
Chaya Mughal,43,448,564,31,262,36,1,14.45,79.43,46.45,6.56
HNK Jensen,51,448,591,42,321,47,1,10.67,75.8,54.31,8.12
AD Mascarenhas,36,447,435,27,190,25,19,16.56,102.76,43.68,10.11
R Gunasekera,20,446,625,21,378,41,7,21.24,71.36,60.48,7.68
Ilenia Sims,22,446,492,19,197,34,1,23.47,90.65,40.04,7.11
CT Bancroft,10,446,1042,15,838,62,1,29.73,42.8,80.42,6.05
P Useni,46,445,310,32,127,22,31,13.91,143.55,40.97,17.1
P Mapotsane,31,445,544,28,303,44,4,15.89,81.8,55.7,8.82
D Gumyusenge,30,445,440,28,223,36,18,15.89,101.14,50.68,12.27
AR Cusack,39,444,546,23,297,39,7,19.3,81.32,54.4,8.42
IKEG Artawan,61,443,472,40,246,40,13,11.08,93.86,52.12,11.23
Mohammad Ahnaff,19,443,389,16,171,34,20,27.69,113.88,43.96,13.88
T Thushara,38,443,562,31,322,41,7,14.29,78.83,57.3,8.54
JM Davison,18,443,391,16,204,50,15,27.69,113.3,52.17,16.62
Shoaib Akhtar,57,443,727,41,536,40,20,10.8,60.94,73.73,8.25
Hannan Sarkar,17,442,958,20,716,42,2,22.1,46.14,74.74,4.59
A Mhatre,13,441,240,12,79,51,23,36.75,183.75,32.92,30.83
Mohammad Naveed,46,440,396,33,211,39,23,13.33,111.11,53.28,15.66
H Hameed,10,439,1371,19,1131,50,2,23.11,32.02,82.49,3.79
CM McBride,23,438,592,21,362,54,3,20.86,73.99,61.15,9.63
JJ Atkinson,28,438,452,24,237,43,13,18.25,96.9,52.43,12.39
Shahid Wasif,31,438,490,21,245,34,12,20.86,89.39,50.0,9.39
RJ Sidebottom,35,438,1066,29,834,49,0,15.1,41.09,78.24,4.6
Arun Yadav,14,438,288,11,106,45,19,39.82,152.08,36.81,22.22
JT Smuts,24,437,465,23,237,47,11,19.0,93.98,50.97,12.47
S Mosweu,26,437,454,22,250,67,0,19.86,96.26,55.07,14.76
Aryan Lakra,24,437,726,23,469,38,6,19.0,60.19,64.6,6.06
S Randiv,31,437,872,32,620,45,1,13.66,50.11,71.1,5.28
Maaz Sadaqat,18,437,272,16,112,42,26,27.31,160.66,41.18,25.0
Ali Masood,24,436,438,22,210,42,9,19.82,99.54,47.95,11.64
Bilal Masud,18,434,342,13,121,32,16,33.38,126.9,35.38,14.04
S Muthusamy,16,434,859,14,619,38,5,31.0,50.52,72.06,5.01
L Canessane,34,434,377,29,151,37,13,14.97,115.12,40.05,13.26
Aslam Khan,26,433,277,23,142,45,30,18.83,156.32,51.26,27.08
H Karunaratne,30,433,770,23,497,43,1,18.83,56.23,64.55,5.71
MDN Hansika,34,433,843,32,586,47,1,13.53,51.36,69.51,5.69
C Magaia,39,433,517,31,288,48,5,13.97,83.75,55.71,10.25
G Burrows,16,432,367,14,138,36,10,30.86,117.71,37.6,12.53
MTMMJ Ave,16,432,395,12,178,37,16,36.0,109.37,45.06,13.42
VD Adewoye,41,431,355,34,161,35,19,12.68,121.41,45.35,15.21
S Wickramasekara,22,431,313,21,121,32,22,20.52,137.7,38.66,17.25
SACA King,37,431,554,34,309,39,4,12.68,77.8,55.78,7.76
KADA Kanchana,55,431,639,41,362,34,2,10.51,67.45,56.65,5.63
SS Weerakkody,54,430,649,40,377,41,2,10.75,66.26,58.09,6.63
B Rawal,41,430,667,30,403,42,0,14.33,64.47,60.42,6.3
ST Finn,62,429,1144,45,921,48,3,9.53,37.5,80.51,4.46
E Wachira,35,429,588,34,311,34,0,12.62,72.96,52.89,5.78
K Oala,23,428,382,20,210,53,16,21.4,112.04,54.97,18.06
V Ooko,38,428,538,33,287,47,1,12.97,79.55,53.35,8.92
Faisal Mubashir,20,428,421,11,153,33,6,38.91,101.66,36.34,9.26
PV Vuniwaqa,11,427,264,10,117,34,33,42.7,161.74,44.32,25.38
Yasir Ali Chowdhury,21,426,632,22,429,45,9,19.36,67.41,67.88,8.54
S Ismail,74,426,721,53,459,37,2,8.04,59.08,63.66,5.41
KC Ramamoorthy,26,424,391,25,192,37,17,16.96,108.44,49.1,13.81
S Periyalwar,31,424,427,20,184,46,3,21.2,99.3,43.09,11.48
S Thakor,41,423,308,32,128,41,21,13.22,137.34,41.56,20.13
A Nel,42,423,758,38,559,51,8,11.13,55.8,73.75,7.78
CMW Read,22,423,777,23,540,40,4,18.39,54.44,69.5,5.66
SA Asnodkar,19,423,339,19,149,56,10,22.26,124.78,43.95,19.47
N Navaika,31,422,622,26,352,36,0,16.23,67.85,56.59,5.79
Wasim Ali,28,422,416,22,198,32,16,19.18,101.44,47.6,11.54
A Kolan,25,422,618,24,330,30,0,17.58,68.28,53.4,4.85
GSNFG Jayasuriya,25,422,467,24,228,33,10,17.58,90.36,48.82,9.21
LR Johnson,12,422,893,19,697,57,2,22.21,47.26,78.05,6.61
Sohail Khan,38,422,529,32,346,43,17,13.19,79.77,65.41,11.34
MH Yardy,31,422,544,17,269,30,2,24.82,77.57,49.45,5.88
Sameer Rizvi,17,421,286,13,103,30,26,32.38,147.2,36.01,19.58
S Nadigotla,27,421,366,28,144,36,13,15.04,115.03,39.34,13.39
A Kirschbaum,29,420,424,24,186,32,6,17.5,99.06,43.87,8.96
NP Kenjige,48,420,603,29,331,26,5,14.48,69.65,54.89,5.14
KS Bharat,15,420,580,18,359,31,14,23.33,72.41,61.9,7.76
T Shadrack,47,419,696,35,411,17,0,11.97,60.2,59.05,2.44
A Mokgotlhe,39,419,421,29,215,46,6,14.45,99.52,51.07,12.35
N Mugabe,18,418,399,17,188,37,13,24.59,104.76,47.12,12.53
GA Elwiss,24,417,858,17,599,41,0,24.53,48.6,69.81,4.78
A King,35,417,531,23,334,35,18,18.13,78.53,62.9,9.98
S Ivetic,14,417,423,12,200,30,13,34.75,98.58,47.28,10.17
SM Kavanagh,45,416,570,39,319,36,2,10.67,72.98,55.96,6.67
VB Chikkannaiah,20,416,413,20,194,30,12,20.8,100.73,46.97,10.17
NR Welch,14,416,810,20,605,44,6,20.8,51.36,74.69,6.17
JJ Huo,21,415,345,15,155,40,14,27.67,120.29,44.93,15.65
IG Holland,17,415,527,16,263,31,3,25.94,78.75,49.91,6.45
Namgay Thinley,37,414,395,29,194,29,20,14.28,104.81,49.11,12.41
R Rohan,27,414,418,27,213,43,12,15.33,99.04,50.96,13.16
Imran Ali Butt,19,413,417,19,198,38,11,21.74,99.04,47.48,11.75
Khushi Sharma,41,413,522,34,240,28,1,12.15,79.12,45.98,5.56
A Shrubsole,55,413,649,40,434,43,7,10.32,63.64,66.87,7.7
S Thanikaithasan,25,413,334,20,129,29,15,20.65,123.65,38.62,13.17
Sanjida Islam,36,413,617,35,380,37,6,11.8,66.94,61.59,6.97
S Molineux,36,413,531,30,304,44,5,13.77,77.78,57.25,9.23
Shakeel Ahmed,42,412,547,28,317,25,15,14.71,75.32,57.95,7.31
HJ Manenti,21,412,363,19,143,35,11,21.68,113.5,39.39,12.67
D la Cock,20,411,550,18,358,46,11,22.83,74.73,65.09,10.36
Khalid Kail,23,411,423,17,201,36,12,24.18,97.16,47.52,11.35
L Winfield-Hill,19,410,638,18,426,51,4,22.78,64.26,66.77,8.62
OE Robinson,20,410,735,28,534,50,2,14.64,55.78,72.65,7.07
L Cardoso,27,410,466,22,239,40,2,18.64,87.98,51.29,9.01
SR Thompson,34,409,490,27,272,34,9,15.15,83.47,55.51,8.78
J Barker,26,409,426,17,155,29,2,24.06,96.01,36.38,7.28
R Vinay Kumar,56,409,448,36,220,28,11,11.36,91.29,49.11,8.71
BAW Mendis,61,409,739,40,516,42,3,10.22,55.35,69.82,6.09
M Mwatile,47,408,504,35,271,36,4,11.66,80.95,53.77,7.94
TK Musakanda,21,408,505,23,296,41,6,17.74,80.79,58.61,9.31
W Miyauchi,25,408,401,20,156,36,3,20.4,101.75,38.9,9.73
D Parashar,34,408,509,18,252,22,12,22.67,80.16,49.51,6.68
Diana Baig,71,408,554,48,298,32,5,8.5,73.65,53.79,6.68
W Hornero-Garcia,21,407,429,21,213,43,0,19.38,94.87,49.65,10.02
RD Shah,14,407,636,14,428,49,2,29.07,63.99,67.3,8.02
LR Shukla,33,405,350,29,144,33,16,13.97,115.71,41.14,14.0
Zubair Ali,11,405,327,11,127,34,15,36.82,123.85,38.84,14.98
H Hotchandani,35,405,624,28,358,33,0,14.46,64.9,57.37,5.29
R Hekure,37,405,525,32,283,34,6,12.66,77.14,53.9,7.62
SM Ervine,19,404,469,14,259,38,9,28.86,86.14,55.22,10.02
HP Tillakaratne,15,402,728,14,475,37,0,28.71,55.22,65.25,5.08
D Norotam,14,402,287,15,118,39,17,26.8,140.07,41.11,19.51
Ayesha Naseem,30,402,325,23,121,22,20,17.48,123.69,37.23,12.92
Rishad Hossain,51,401,309,40,147,26,29,10.02,129.77,47.57,17.8
VS Padhaal,25,401,385,22,166,36,8,18.23,104.16,43.12,11.43
AL Menaria,23,401,356,22,140,24,18,18.23,112.64,39.33,11.8
A Merritt,19,400,348,15,133,43,4,26.67,114.94,38.22,13.51
Khaled Mahmud,30,400,668,32,439,34,3,12.5,59.88,65.72,5.54
S Desungnoen,39,399,485,32,271,35,11,12.47,82.27,55.88,9.48
S Forbes,26,398,678,21,442,41,0,18.95,58.7,65.19,6.05
S Solman,28,398,455,18,213,32,3,22.11,87.47,46.81,7.69
MDT Kamini,10,398,708,9,503,50,5,44.22,56.21,71.05,7.77
Ahmed Faiz Mohammad Noor,18,397,343,17,127,38,9,23.35,115.74,37.03,13.7
Rubel Hossain,78,397,862,52,662,46,6,7.63,46.06,76.8,6.03
Ibrahim Rahimi,20,397,240,18,107,18,37,22.06,165.42,44.58,22.92
AR White,30,396,578,29,321,30,2,13.66,68.51,55.54,5.54
JK Vifah,28,396,361,26,172,39,9,15.23,109.7,47.65,13.3
D Suzuki,40,396,384,27,168,39,6,14.67,103.12,43.75,11.72
K Kunwar,46,396,525,34,280,36,2,11.65,75.43,53.33,7.24
RA Reifer,15,395,877,20,648,40,4,19.75,45.04,73.89,5.02
MR Meshram,22,395,664,19,426,40,4,20.79,59.49,64.16,6.63
S van Zyl,11,395,778,15,589,59,0,26.33,50.77,75.71,7.58
B Muzarabani,70,394,712,57,521,44,10,6.91,55.34,73.17,7.58
Mohammad Wasim,54,394,388,36,215,31,20,10.94,101.55,55.41,13.14
P Pushparajan,12,393,237,13,80,31,23,30.23,165.82,33.76,22.78
GJ Hopkins,28,393,659,29,424,32,7,13.55,59.64,64.34,5.92
PS Masvaure,10,391,1054,17,842,45,1,23.0,37.1,79.89,4.36
I Dulani,15,391,470,13,246,51,0,30.08,83.19,52.34,10.85
S Sohal,22,391,321,20,151,35,19,19.55,121.81,47.04,16.82
NV Knight,13,390,534,12,292,31,2,32.5,73.03,54.68,6.18
PA de Silva,13,390,474,13,250,34,7,30.0,82.28,52.74,8.65
Nauman Ali,20,390,817,25,637,42,10,15.6,47.74,77.97,6.36
ZM Tribe,25,390,374,21,154,34,7,18.57,104.28,41.18,10.96
TS Kamunhukamwe,24,390,410,25,237,40,15,15.6,95.12,57.8,13.41
Usman Khalid,26,389,343,18,137,30,15,21.61,113.41,39.94,13.12
BM Scholtz,62,387,558,33,314,31,4,11.73,69.35,56.27,6.27
R Pathan,12,387,245,8,85,41,17,48.38,157.96,34.69,23.67
HS Gericke,16,387,238,17,71,32,17,22.76,162.61,29.83,20.59
Imran Tahir,69,387,568,45,387,50,4,8.6,68.13,68.13,9.51
RP Yadav,48,386,350,33,125,29,11,11.7,110.29,35.71,11.43
DO Obuya,30,386,692,26,441,33,3,14.85,55.78,63.73,5.2
SP Gomes,12,386,284,9,90,37,10,42.89,135.92,31.69,16.55
BW Hilfenhaus,34,386,734,31,552,51,5,12.45,52.59,75.2,7.63
V Abuga,28,385,435,23,238,48,2,16.74,88.51,54.71,11.49
Jasdeep Singh,39,384,520,34,293,21,14,11.29,73.85,56.35,6.73
J Sumerauer,29,383,290,19,102,28,14,20.16,132.07,35.17,14.48
S Nitschke,11,383,803,13,618,53,2,29.46,47.7,76.96,6.85
M Simpson-Parker,19,383,315,15,128,29,14,25.53,121.59,40.63,13.65
Hazratullah,12,382,250,12,103,45,18,31.83,152.8,41.2,25.2
Farhad Reza,33,381,584,25,379,37,8,15.24,65.24,64.9,7.71
BS Fulmali,20,381,278,13,108,36,18,29.31,137.05,38.85,19.42
Iqbal Hossain,14,381,227,14,112,33,30,27.21,167.84,49.34,27.75
FDW McCreath,17,380,483,17,250,32,5,22.35,78.67,51.76,7.66
Gaurav Tiwari,22,380,387,18,183,34,10,21.11,98.19,47.29,11.37
I Chathurani,13,380,393,8,141,30,0,47.5,96.69,35.88,7.63
M Syrioti,24,380,556,19,307,32,0,20.0,68.35,55.22,5.76
T Zangmo,32,379,575,28,327,25,2,13.54,65.91,56.87,4.7
D Ajekun,32,379,511,31,283,32,2,12.23,74.17,55.38,6.65
J Coetzee,22,378,349,16,138,24,14,23.62,108.31,39.54,10.89
A van der Merwe,25,377,454,22,252,38,3,17.14,83.04,55.51,9.03
ES Szwarczynski,19,377,577,15,354,38,1,25.13,65.34,61.35,6.76
TC Bruce,23,377,317,18,104,27,12,20.94,118.93,32.81,12.3
AK Mohan,22,377,423,22,226,24,15,17.14,89.13,53.43,9.22
Kuldeep,13,377,228,11,89,35,23,34.27,165.35,39.04,25.44
Hisham Sheikh,23,375,410,19,150,20,3,19.74,91.46,36.59,5.61
Shahzaib Jamil,19,375,276,16,103,19,26,23.44,135.87,37.32,16.3
DB Ravi Teja,25,375,317,20,116,35,9,18.75,118.3,36.59,13.88
Marina Iqbal,26,375,605,21,379,35,2,17.86,61.98,62.64,6.12
JW Hastings,27,374,406,17,225,38,11,22.0,92.12,55.42,12.07
T Tshose,35,374,333,30,155,20,19,12.47,112.31,46.55,11.71
Adnan Idrees,29,374,281,28,142,48,15,13.36,133.1,50.53,22.42
Kashif Daud,26,372,374,15,188,23,19,24.8,99.47,50.27,11.23
H Doriga,24,372,369,21,217,47,12,17.71,100.81,58.81,15.99
AA Onikoyi,26,372,423,24,218,26,12,15.5,87.94,51.54,8.98
M Chadha,13,371,313,9,124,33,14,41.22,118.53,39.62,15.02
R Lutaaya,24,371,290,24,122,42,9,15.46,127.93,42.07,17.59
AS Hansra,21,371,600,18,380,24,9,20.61,61.83,63.33,5.5
Nahida Akter,70,370,721,47,482,32,0,7.87,51.32,66.85,4.44
DR Tuffey,28,370,511,23,329,34,9,16.09,72.41,64.38,8.41
M Louis,10,369,897,20,710,40,4,18.45,41.14,79.15,4.91
P Sharma,25,369,344,23,163,41,7,16.04,107.27,47.38,13.95
MD Dai,16,369,470,15,248,29,5,24.6,78.51,52.77,7.23
AI Chudasama,29,369,441,21,207,30,2,17.57,83.67,46.94,7.26
PK Matautaava,19,368,288,17,127,27,19,21.65,127.78,44.1,15.97
PJ Forrest,14,368,561,13,341,34,4,28.31,65.6,60.78,6.77
S Pradhan,26,367,409,24,212,41,4,15.29,89.73,51.83,11.0
Tanzim Hasan Sakib,31,367,414,20,218,24,15,18.35,88.65,52.66,9.42
DL Chahar,29,367,310,15,148,26,20,24.47,118.39,47.74,14.84
Shafiul Islam,50,366,711,44,542,45,6,8.32,51.48,76.23,7.17
B Masaba,34,366,367,24,169,37,6,15.25,99.73,46.05,11.72
Raza Iqbal,26,366,319,21,142,42,8,17.43,114.73,44.51,15.67
Zahir Mohammed,28,365,265,27,117,29,22,13.52,137.74,44.15,19.25
P Negi,35,365,289,26,112,27,16,14.04,126.3,38.75,14.88
Pyae Phyo Wai,28,365,459,30,235,22,6,12.17,79.52,51.2,6.1
Khawaja Nafay,24,365,277,22,103,27,18,16.59,131.77,37.18,16.25
HJ Thomas,32,364,545,31,333,37,2,11.74,66.79,61.1,7.16
C Brits,10,364,479,11,266,26,1,33.09,75.99,55.53,5.64
D Mongia,19,363,581,17,348,28,4,21.35,62.48,59.9,5.51
Mushfiqur Rahman,18,363,880,17,664,37,0,21.35,41.25,75.45,4.2
Zubayr Hamza,9,363,817,17,642,47,3,21.35,44.43,78.58,6.12
KM Myat,23,363,498,21,273,32,0,17.29,72.89,54.82,6.43
DBL Powell,39,362,812,42,613,39,5,8.62,44.58,75.49,5.42
KM Jarvis,49,362,746,41,548,32,6,8.83,48.53,73.46,5.09
DA Blignaut,25,362,393,20,193,18,15,18.1,92.11,49.11,8.4
Lata Mondal,37,362,661,32,409,24,0,11.31,54.77,61.88,3.63
DM Gondaria,20,362,318,19,127,37,5,19.05,113.84,39.94,13.21
SG Mangela,16,361,310,14,106,32,4,25.79,116.45,34.19,11.61
A Shreshta,20,361,361,17,165,34,5,21.24,100.0,45.71,10.8
SMSM Senanayake,49,361,409,32,211,35,7,11.28,88.26,51.59,10.27
AJ Bichel,18,361,423,15,234,35,8,24.07,85.34,55.32,10.17
Shahreeennawab,31,360,535,24,296,38,0,15.0,67.29,55.33,7.1
KV Sharma,41,360,323,26,136,20,17,13.85,111.46,42.11,11.46
G Kansonkho,29,360,410,25,215,36,3,14.4,87.8,52.44,9.51
D Khanal,15,360,511,15,306,28,7,24.0,70.45,59.88,6.85
SS Pathirana,19,359,407,18,219,36,5,19.94,88.21,53.81,10.07
NM Odhiambo,31,359,338,25,146,25,12,14.36,106.21,43.2,10.95
S Hook,23,359,352,19,174,28,15,18.89,101.99,49.43,12.22
L Agatha,30,359,479,25,271,32,2,14.36,74.95,56.58,7.1
J Bulele,13,359,373,11,193,43,1,32.64,96.25,51.74,11.8
AM Zepeda,15,358,394,11,200,44,0,32.55,90.86,50.76,11.17
H Patel,20,358,382,19,200,36,7,18.84,93.72,52.36,11.26
Shah Abrar Hussain,20,358,345,16,163,21,19,22.38,103.77,47.25,11.59
A McAuley,20,358,384,20,166,33,2,17.9,93.23,43.23,9.11
Isa Zaroo,19,358,282,18,127,42,11,19.89,126.95,45.04,18.79
HV Patel,54,357,295,36,124,27,18,9.92,121.02,42.03,15.25
J Glasgow,24,357,453,22,260,40,2,16.23,78.81,57.4,9.27
A Donovan,13,357,221,8,67,25,22,44.62,161.54,30.32,21.27
M Bibi,46,357,420,37,184,17,4,9.65,85.0,43.81,5.0
S Chattergoon,11,357,566,12,404,51,3,29.75,63.07,71.38,9.54
E Sebareme,40,356,366,34,174,22,11,10.47,97.27,47.54,9.02
FH Edwards,60,356,1087,47,879,38,1,7.57,32.75,80.86,3.59
P Silas,29,356,342,22,135,27,4,16.18,104.09,39.47,9.06
Surya Anand,21,355,335,13,112,12,13,27.31,105.97,33.43,7.46
AC Douglas,19,355,264,18,125,32,21,19.72,134.47,47.35,20.08
GH Worker,12,355,442,11,238,29,8,32.27,80.32,53.85,8.37
S Kananji,26,355,380,23,192,43,0,15.43,93.42,50.53,11.32
S Austin,23,354,344,23,138,28,5,15.39,102.91,40.12,9.59
N Joshi,19,354,325,19,124,37,1,18.63,108.92,38.15,11.69
LF Muller,16,353,294,14,131,40,8,25.21,120.07,44.56,16.33
Z James,39,353,649,32,450,32,3,11.03,54.39,69.34,5.39
Manan Bashir,13,352,150,10,57,16,41,35.2,234.67,38.0,38.0
L Gregory,20,351,300,16,119,29,11,21.94,117.0,39.67,13.33
T Parima,16,350,257,15,116,30,20,23.33,136.19,45.14,19.46
CK Jasmat,22,350,320,18,141,25,17,19.44,109.38,44.06,13.12
S Sreesanth,59,350,674,41,506,46,4,8.54,51.93,75.07,7.42
Shuvagata Hom,15,349,558,16,361,41,1,21.81,62.54,64.7,7.53
J Singye,22,349,472,22,230,16,5,15.86,73.94,48.73,4.45
Nafees Iqbal,15,349,782,22,595,43,0,15.86,44.63,76.09,5.5
M Spoors,13,349,368,11,204,39,8,31.73,94.84,55.43,12.77
J Weatherald,10,349,406,14,252,47,8,24.93,85.96,62.07,13.55
Sameer Minhas,11,349,224,9,76,41,13,38.78,155.8,33.93,24.11
Sazib Bhuiyan,23,349,262,20,114,40,13,17.45,133.21,43.51,20.23
Fayyaz Butt,38,348,423,20,210,28,7,17.4,82.27,49.65,8.27
Hassan Khan,31,348,255,20,81,22,16,17.4,136.47,31.76,14.9
Mukhtar Ghulami,23,348,304,22,142,31,16,15.82,114.47,46.71,15.46
O Olaleye,23,347,354,18,174,29,8,19.28,98.02,49.15,10.45
Ikramullah Khan,26,347,299,20,123,31,12,17.35,116.05,41.14,14.38
L Keny,39,347,591,30,350,22,0,11.57,58.71,59.22,3.72
FL Mackay,25,347,423,18,214,36,2,19.28,82.03,50.59,8.98
ZB Lion-Cachet,22,346,417,22,199,25,5,15.73,82.97,47.72,7.19
SM Davies,13,346,313,13,147,48,0,26.62,110.54,46.96,15.34
SS McKechnie,29,346,413,21,192,24,3,16.48,83.78,46.49,6.54
CRD Fernando,56,346,570,35,392,40,2,9.89,60.7,68.77,7.37
K Hinds,26,346,339,28,191,24,20,12.36,102.06,56.34,12.98
JA Warrican,22,345,618,27,454,31,8,12.78,55.83,73.46,6.31
Haris Rauf,71,345,383,45,234,21,23,7.67,90.08,61.1,11.49
V Sukumaran,18,345,429,18,261,31,13,19.17,80.42,60.84,10.26
Rashid Latif,18,345,454,16,254,24,6,21.56,75.99,55.95,6.61
Sheikh Rasik,10,344,201,9,69,19,28,38.22,171.14,34.33,23.38
Manjural Islam Rana,14,344,630,11,431,33,0,31.27,54.6,68.41,5.24
T Kaitano,15,343,895,17,723,39,2,20.18,38.32,80.78,4.58
AA Jangoo,12,343,348,10,167,25,13,34.3,98.56,47.99,10.92
A Chandel,31,343,516,22,280,20,0,15.59,66.47,54.26,3.88
SK Awiah,25,343,435,22,234,28,5,15.59,78.85,53.79,7.59
GP Meade,29,343,338,21,148,24,9,16.33,101.48,43.79,9.76
Haseebullah Khan,23,343,299,21,129,33,11,16.33,114.72,43.14,14.72
A Dutt,53,343,474,38,274,18,12,9.03,72.36,57.81,6.33
R Bhatia,47,342,284,29,104,24,13,11.79,120.42,36.62,13.03
Najjam Shahzad,22,342,264,20,115,27,19,17.1,129.55,43.56,17.42
S Tippoch,45,341,577,35,355,25,1,9.74,59.1,61.53,4.51
M Castineiras,15,341,322,12,160,45,1,28.42,105.9,49.69,14.29
Mohammad Rizlan,23,341,294,20,138,21,21,17.05,115.99,46.94,14.29
CFK van Wyk,9,341,694,17,517,41,0,20.06,49.14,74.5,5.91
AC Botha,23,340,486,18,301,38,2,18.89,69.96,61.93,8.23
S Kolcharam,24,340,311,17,136,40,0,20.0,109.32,43.73,12.86
Abbas Afridi,37,340,240,23,118,27,26,14.78,141.67,49.17,22.08
A Mukund,9,339,722,16,532,33,1,21.19,46.95,73.68,4.71
NN Odhiambo,36,339,437,31,261,38,3,10.94,77.57,59.73,9.38
AP Tare,27,339,273,24,129,40,11,14.12,124.18,47.25,18.68
Moin Khan,17,338,472,13,270,27,4,26.0,71.61,57.2,6.57
S Joseph,17,338,367,21,232,35,16,16.1,92.1,63.22,13.9
A Patmore,24,338,372,21,169,35,0,16.1,90.86,45.43,9.41
GK Ghalley,30,338,357,29,197,23,15,11.66,94.68,55.18,10.64
Meghna Rajan,7,338,299,3,90,26,0,112.67,113.04,30.1,8.7
B Shanti,35,337,467,25,259,33,1,13.48,72.16,55.46,7.28
Arslan Amjad,23,337,302,20,139,25,16,16.85,111.59,46.03,13.58
Mohammed Siraj,84,337,729,56,540,30,6,6.02,46.23,74.07,4.94
Rizwan Cheema,29,337,292,27,157,34,18,12.48,115.41,53.77,17.81
Harpreet Singh,14,337,344,13,154,32,7,25.92,97.97,44.77,11.34
ML Udawatte,17,337,497,20,302,34,3,16.85,67.81,60.76,7.44
Haroon Arshad,24,336,252,19,78,26,9,17.68,133.33,30.95,13.89
SD Robson,7,336,755,11,594,42,1,30.55,44.5,78.68,5.7
Mustafizur Rahman,109,336,659,58,473,25,11,5.79,50.99,71.78,5.46
MJ Hay,18,336,342,16,177,27,13,21.0,98.25,51.75,11.7
T Bhatia,40,335,539,33,331,34,0,10.15,62.15,61.41,6.31
Pooja Ganesh,26,335,371,20,156,27,1,16.75,90.3,42.05,7.55
Zain Ul Abidin,31,335,284,23,113,18,17,14.57,117.96,39.79,12.32
Adnan Mufti,16,335,405,11,185,27,1,30.45,82.72,45.68,6.91
K Irakoze,40,335,315,37,144,20,17,9.05,106.35,45.71,11.75
A Randhawa,26,335,384,21,173,22,7,15.95,87.24,45.05,7.55
JA McCollum,11,334,639,16,480,47,1,20.88,52.27,75.12,7.51
DE Bernard,15,333,575,13,371,26,3,25.62,57.91,64.52,5.04
IDR Bradshaw,28,333,694,21,474,26,4,15.86,47.98,68.3,4.32
R Dianish,19,333,290,17,144,34,12,19.59,114.83,49.66,15.86
SP Patil,20,332,493,19,293,29,4,17.47,67.34,59.43,6.69
M Rathnayake,30,332,425,26,252,40,4,12.77,78.12,59.29,10.35
V Mbazo,33,332,378,31,192,22,6,10.71,87.83,50.79,7.41
A Flower,7,332,459,9,254,30,1,36.89,72.33,55.34,6.75
Muhammad Umar,21,331,281,15,119,12,22,22.07,117.79,42.35,12.1
MM Baig,25,331,257,18,94,17,20,18.39,128.79,36.58,14.4
OB Nightingale,19,329,303,14,97,21,3,23.5,108.58,32.01,7.92
PA Nixon,19,328,369,15,176,23,8,21.87,88.89,47.7,8.4
S Vesawkar,19,328,403,12,204,25,7,27.33,81.39,50.62,7.94
KL Cross,41,328,516,29,326,34,1,11.31,63.57,63.18,6.78
Mehran Khan,36,328,315,31,145,17,18,10.58,104.13,46.03,11.11
NO Miller,32,327,459,20,264,25,4,16.35,71.24,57.52,6.32
MH Richardson,6,327,972,10,808,43,0,32.7,33.64,83.13,4.42
JP Kaltapau,19,326,345,16,154,23,5,20.38,94.49,44.64,8.12
DLS van Bunge,18,326,542,18,368,28,7,18.11,60.15,67.9,6.46
DK Mathias,14,325,319,11,147,21,15,29.55,101.88,46.08,11.29
Muhammad Haziq Aiman,16,325,205,15,92,27,23,21.67,158.54,44.88,24.39
MO Odumbe,10,324,355,8,169,31,2,40.5,91.27,47.61,9.3
A Lyth,9,324,565,14,433,44,5,23.14,57.35,76.64,8.67
BG Rogers,10,323,473,13,302,41,1,24.85,68.29,63.85,8.88
K Joshi,42,323,441,33,260,25,9,9.79,73.24,58.96,7.71
DA Gunawardene,16,322,567,16,377,30,1,20.12,56.79,66.49,5.47
A Gbla,29,322,300,24,139,21,13,13.42,107.33,46.33,11.33
MW Forde,25,322,241,18,116,24,23,17.89,133.61,48.13,19.5
PRCS Kumarihami,27,322,789,26,568,29,0,12.38,40.81,71.99,3.68
G Ngegba,20,322,314,15,137,32,3,21.47,102.55,43.63,11.15
NH Berejo,10,321,335,7,123,23,1,45.86,95.82,36.72,7.16
TL Best,27,321,478,23,327,40,6,13.96,67.15,68.41,9.62
SV Carlisle,11,321,786,17,605,32,2,18.88,40.84,76.97,4.33
CE McConchie,22,320,297,16,121,27,6,20.0,107.74,40.74,11.11
DC Thomas,27,320,511,28,320,26,4,11.43,62.62,62.62,5.87
DO Leicher,23,320,387,14,196,15,9,22.86,82.69,50.65,6.2
RE Levi,19,319,240,17,115,30,19,18.76,132.92,47.92,20.42
HER Tyler,26,319,251,25,122,30,17,12.76,127.09,48.61,18.73
DM Bess,13,319,710,13,548,39,2,24.54,44.93,77.18,5.77
HR Walsh,28,319,399,19,218,27,6,16.79,79.95,54.64,8.27
Anuj Rawat,21,318,267,14,114,26,14,22.71,119.1,42.7,14.98
A Doddaballapur,25,318,433,17,217,20,2,18.71,73.44,50.12,5.08
E Claridge,18,318,300,17,133,39,2,18.71,106.0,44.33,13.67
Amarpal Kaur,19,318,407,18,156,13,0,17.67,78.13,38.33,3.19
MJ Owen,21,318,203,19,81,14,28,16.74,156.65,39.9,20.69
SR Clark,32,317,442,25,288,28,7,12.68,71.72,65.16,7.92
LA Pomersbach,17,317,253,12,103,26,14,26.42,125.3,40.71,15.81
Tanwir Afzal,25,317,308,22,166,19,19,14.41,102.92,53.9,12.34
E Niyomugabo,35,317,324,33,150,18,11,9.61,97.84,46.3,8.95
A Raza,18,316,203,20,94,36,18,15.8,155.67,46.31,26.6
C Bull,27,316,395,26,224,40,0,12.15,80.0,56.71,10.13
RD Jacobs,18,315,605,16,405,26,4,19.69,52.07,66.94,4.96
Aniket Verma,20,315,196,15,72,18,25,21.0,160.71,36.73,21.94
JA Fitzgerald,30,315,225,18,82,14,20,17.5,140.0,36.44,15.11
A Augastin,13,315,262,11,110,35,8,28.64,120.23,41.98,16.41
WCF Smeed,10,315,234,10,93,36,11,31.5,134.62,39.74,20.09
W Boshoff,20,314,335,17,145,17,7,18.47,93.73,43.28,7.16
Ramandeep Singh,27,314,211,16,68,18,20,19.62,148.82,32.23,18.01
K Birkenstock,18,313,470,18,303,34,4,17.39,66.6,64.47,8.09
AN Davidson-Richards,13,313,441,8,238,28,1,39.12,70.98,53.97,6.58
Abhijeet Ahuja,16,313,322,17,145,25,7,18.41,97.2,45.03,9.94
E Van Zyl,42,312,433,35,246,19,8,8.91,72.06,56.81,6.24
K Vijayaraghavan,32,311,520,24,296,19,0,12.96,59.81,56.92,3.65
O Kgeresi,40,311,507,32,299,17,0,9.72,61.34,58.97,3.35
LN Oluoch,35,311,290,24,127,23,10,12.96,107.24,43.79,11.38
NG Collins,15,311,339,14,176,29,4,22.21,91.74,51.92,9.73
Khurram Khan,12,310,384,12,201,32,2,25.83,80.73,52.34,8.85
SE Bond,45,310,576,28,403,24,7,11.07,53.82,69.97,5.38
Amar Naeem,21,310,261,17,130,23,20,18.24,118.77,49.81,16.48
Shiraz Khan,28,308,327,17,140,13,14,18.12,94.19,42.81,8.26
Mohamed Rishwan,24,308,366,24,206,25,12,12.83,84.15,56.28,10.11
S Sehrawat,26,307,298,26,145,31,9,11.81,103.02,48.66,13.42
Hamza Tariq,23,306,280,16,132,27,12,19.12,109.29,47.14,13.93
G Candiru,15,306,350,15,162,22,2,20.4,87.43,46.29,6.86
R Kanoh,39,306,362,28,198,35,3,10.93,84.53,54.7,10.5
A Nortje,53,306,777,45,618,37,1,6.8,39.38,79.54,4.89
O Mondlane,32,306,463,33,291,35,0,9.27,66.09,62.85,7.56
F Banunaek,38,306,360,24,176,22,6,12.75,85.0,48.89,7.78
Lalit Yadav,21,305,290,15,116,27,7,20.33,105.17,40.0,11.72
D Wulandari,17,305,347,12,160,26,0,25.42,87.9,46.11,7.49
C Piparo,10,305,240,7,75,33,1,43.57,127.08,31.25,14.17
DB Das,22,304,261,12,117,23,16,25.33,116.48,44.83,14.94
DM Richards,11,304,417,13,284,41,6,23.38,72.9,68.11,11.27
S Fouché,13,304,437,12,245,27,2,25.33,69.57,56.06,6.64
S Vijay Unni,37,303,358,19,163,22,5,15.95,84.64,45.53,7.54
T Musekiwa,31,303,218,18,78,24,12,16.83,138.99,35.78,16.51
AE Paraam,10,302,205,6,65,29,13,50.33,147.32,31.71,20.49
AF Milne,48,302,327,31,155,14,12,9.74,92.35,47.4,7.95
Shoriful Islam,49,302,365,41,230,27,12,7.37,82.74,63.01,10.68
LL Dimba,18,301,358,15,197,40,0,20.07,84.08,55.03,11.17
Mehrab Hossain jnr,17,301,642,20,461,33,0,15.05,46.88,71.81,5.14
Amjad Sher,29,301,247,25,103,19,13,12.04,121.86,41.7,12.96
UBT Chand,20,300,300,20,155,32,9,15.0,100.0,51.67,13.67
Mazharul Islam,18,300,335,14,177,38,1,21.43,89.55,52.84,11.64
G Toka,23,299,510,22,336,24,3,13.59,58.63,65.88,5.29
Imran Ameer,19,299,267,12,99,30,5,24.92,111.99,37.08,13.11
DP Vaidya,22,299,369,17,186,31,1,17.59,81.03,50.41,8.67
Shantanu Kaveri,24,298,368,22,180,17,1,13.55,80.98,48.91,4.89
JH Davey,30,298,384,19,223,25,5,15.68,77.6,58.07,7.81
HA Jackson,23,298,356,21,187,22,4,14.19,83.71,52.53,7.3
JJ Tucker,16,297,412,15,262,37,3,19.8,72.09,63.59,9.71
Muhammad Shahdad,7,297,383,7,215,19,11,42.43,77.55,56.14,7.83
DE Budge,20,297,365,13,174,19,4,22.85,81.37,47.67,6.3
MS Maker,12,296,217,5,71,20,13,59.2,136.41,32.72,15.21
MLN Sissako,24,296,467,25,312,38,0,11.84,63.38,66.81,8.14
Amna Tariq,45,296,588,43,373,16,0,6.88,50.34,63.44,2.72
A Mohammed,55,296,661,32,469,26,0,9.25,44.78,70.95,3.93
JM Clarke,12,295,215,10,77,25,13,29.5,137.21,35.81,17.67
AM Kimote,39,295,304,24,142,24,6,12.29,97.04,46.71,9.87
NF Kelly,13,295,354,12,214,40,4,24.58,83.33,60.45,12.43
JNT Seales,39,295,665,35,522,21,13,8.43,44.36,78.5,5.11
Adri van der Merwe,16,295,355,10,170,24,0,29.5,83.1,47.89,6.76
Y Saranonnakkun,39,294,349,38,195,23,10,7.74,84.24,55.87,9.46
RR Watson,16,294,382,12,244,40,2,24.5,76.96,63.87,10.99
TL Chatara,64,293,610,40,442,31,3,7.32,48.03,72.46,5.57
E Sandy,27,293,367,29,202,32,0,10.1,79.84,55.04,8.72
SP Goswami,21,293,295,20,131,32,3,14.65,99.32,44.41,11.86
Mirza Ahsan,18,293,197,17,73,22,14,17.24,148.73,37.06,18.27
Mohammad Boota,20,293,339,13,182,21,10,22.54,86.43,53.69,9.14
A Makri,25,292,426,22,245,29,0,13.27,68.54,57.51,6.81
Rabeya Khan,49,292,434,32,258,26,2,9.12,67.28,59.45,6.45
A Manohar,20,292,235,19,91,23,14,15.37,124.26,38.72,15.74
Mirza Baig,14,292,231,14,108,34,12,20.86,126.41,46.75,19.91
Thuya Aung,29,291,496,28,309,20,5,10.39,58.67,62.3,5.04
J Yadav,12,291,618,11,460,32,2,26.45,47.09,74.43,5.5
Omar Rassol,20,291,247,15,128,23,18,19.4,117.81,51.82,16.6
Amjad Ali,15,291,427,14,276,39,0,20.79,68.15,64.64,9.13
DR Patankar,22,291,278,20,131,30,6,14.55,104.68,47.12,12.95
KK Lin Thu,29,291,407,26,233,25,3,11.19,71.5,57.25,6.88
LV Boas,30,290,324,28,177,33,0,10.36,89.51,54.63,10.19
C Brennan,22,289,251,14,98,18,13,20.64,115.14,39.04,12.35
CPPM Sadun,18,289,312,15,141,24,3,19.27,92.63,45.19,8.65
S Veerapathiran,30,289,237,22,101,19,16,13.14,121.94,42.62,14.77
Zawar Farid,21,289,260,17,132,26,12,17.0,111.15,50.77,14.62
AR Odedara,18,288,527,17,371,28,6,16.94,54.65,70.4,6.45
Sahir Naqash,22,288,211,12,62,18,11,24.0,136.49,29.38,13.74
T Suri,14,288,300,13,149,33,3,22.15,96.0,49.67,12.0
A Kheterpal,16,288,234,11,94,33,7,26.18,123.08,40.17,17.09
DL Hemp,12,288,421,10,276,34,4,28.8,68.41,65.56,9.03
J Broad,9,288,241,7,70,26,3,41.14,119.5,29.05,12.03
S Niyomuhoza,24,287,361,20,193,30,2,14.35,79.5,53.46,8.86
Tushar Imran,23,287,566,23,402,32,1,12.48,50.71,71.02,5.83
CJ Bowes,17,286,275,17,136,42,2,16.82,104.0,49.45,16.0
LH Rodrigues,16,286,286,15,141,27,6,19.07,100.0,49.3,11.54
D Nanayakkara,27,286,264,24,126,44,1,11.92,108.33,47.73,17.05
S Dhaniram,13,286,317,14,148,23,4,20.43,90.22,46.69,8.52
YS Chauhan,9,286,204,7,79,26,14,40.86,140.2,38.73,19.61
BJ Jacobs,15,285,203,11,73,15,18,25.91,140.39,35.96,16.26
Y Nagar,20,285,259,15,101,20,9,19.0,110.04,39.0,11.2
Waqas Barkat,29,284,335,27,153,22,0,10.52,84.78,45.67,6.57
G Coetzee,32,283,292,28,151,23,12,10.11,96.92,51.71,11.99
J Campbell,16,283,272,13,133,19,12,21.77,104.04,48.9,11.4
PS Punia,14,282,496,13,332,32,1,21.69,56.85,66.94,6.65
SF Tiai,19,282,243,16,119,23,15,17.62,116.05,48.97,15.64
T van der Gugten,21,282,286,18,141,13,13,15.67,98.6,49.3,9.09
L Ngidi,69,282,557,38,420,27,8,7.42,50.63,75.4,6.28
S Sajana,29,282,208,18,87,39,8,15.67,135.58,41.83,22.6
T Duffin,10,282,609,11,445,32,0,25.64,46.31,73.07,5.25
Rizpha Bano,24,281,334,19,184,39,0,14.79,84.13,55.09,11.68
N Gwanzura,34,281,363,30,200,23,4,9.37,77.41,55.1,7.44
TT Soe,30,281,387,28,214,26,0,10.04,72.61,55.3,6.72
Shahzaib Hasan,17,280,295,17,168,33,7,16.47,94.92,56.95,13.56
A Reddy,40,280,326,35,147,26,1,8.0,85.89,45.09,8.28
B Chipli,21,280,251,16,104,28,7,17.5,111.55,41.43,13.94
MD Botha,19,280,357,14,175,22,0,20.0,78.43,49.02,6.16
C Munoz-Mills,24,280,216,11,85,23,12,25.45,129.63,39.35,16.2
A Ashish Reddy,23,280,193,15,58,16,15,18.67,145.08,30.05,16.06
Divyendra Singh,18,279,277,17,121,29,4,16.41,100.72,43.68,11.91
P Mustard,11,279,274,11,143,30,9,25.36,101.82,52.19,14.23
Fanyan Mughal,23,279,257,22,131,23,14,12.68,108.56,50.97,14.4
HB Dickson,13,278,197,11,71,29,11,25.27,141.12,36.04,20.3
M Pascal,14,277,286,13,138,34,0,21.31,96.85,48.25,11.89
S Uwera,26,277,431,23,256,18,0,12.04,64.27,59.4,4.18
BMSM Kumari,52,276,515,37,337,28,0,7.46,53.59,65.44,5.44
CT Mutombodzi,22,276,386,22,228,24,4,12.55,71.5,59.07,7.25
Rehan Ahmed,21,276,356,22,222,31,6,12.55,77.53,62.36,10.39
Najiha Alvi,17,276,354,14,167,19,1,19.71,77.97,47.18,5.65
PJ Ingram,12,276,424,11,286,38,1,25.09,65.09,67.45,9.2
T Maruma,28,276,495,26,351,21,8,10.62,55.76,70.91,5.86
Idrees Ul Haque,15,275,219,15,113,34,10,18.33,125.57,51.6,20.09
Ilyas Ataullah,15,275,199,12,97,29,16,22.92,138.19,48.74,22.61
GA Lamb,19,275,555,14,347,11,1,19.64,49.55,62.52,2.16
Ali Nayyer,20,275,213,14,70,15,13,19.64,129.11,32.86,13.15
P Marange,35,275,322,24,173,29,4,11.46,85.4,53.73,10.25
IS Billcliff,12,274,424,10,270,25,5,27.4,64.62,63.68,7.08
A Chopra,10,274,741,13,602,34,0,21.08,36.98,81.24,4.59
P Cuinica,26,274,413,22,251,27,0,12.45,66.34,60.77,6.54
PK Garg,19,273,241,19,86,16,9,14.37,113.28,35.68,10.37
SR Harmer,13,273,738,16,574,23,1,17.06,36.99,77.78,3.25
Md Ariyan,11,272,197,9,82,20,18,30.22,138.07,41.62,19.29
BBJL Perera,12,272,249,11,113,27,8,24.73,109.24,45.38,14.06
A Saud,15,272,461,13,330,27,8,20.92,59.0,71.58,7.59
Mehboob Ali,11,271,135,11,59,28,22,24.64,200.74,43.7,37.04
JL Ontong,17,271,303,17,172,21,11,15.94,89.44,56.77,10.56
J van Heerden,9,271,225,7,87,36,2,38.71,120.44,38.67,16.89
T Panyangara,48,271,592,41,451,31,3,6.61,45.78,76.18,5.74
A Kano,29,271,379,27,191,20,0,10.04,71.5,50.4,5.28
Rizwan Butt,42,270,228,30,92,7,20,9.0,118.42,40.35,11.84
Irfan Hafejee,16,270,323,15,177,28,4,18.0,83.59,54.8,9.91
Muhammad Zohaib,13,270,263,12,121,27,6,22.5,102.66,46.01,12.55
RR Sharan,15,270,271,15,154,20,16,18.0,99.63,56.83,13.28
T Rossi,21,270,239,16,109,15,13,16.88,112.97,45.61,11.72
EL Watson,33,270,429,27,250,20,1,10.0,62.94,58.28,4.9
R Sathish,24,270,231,16,87,22,6,16.88,116.88,37.66,12.12
Noman Amjad,29,269,264,24,103,14,7,11.21,101.89,39.02,7.95
ABY Smith,16,269,390,16,195,13,0,16.81,68.97,50.0,3.33
Anoop Orsu,22,269,223,16,99,20,13,16.81,120.63,44.39,14.8
J Ramanandi,21,268,279,18,127,19,9,14.89,96.06,45.52,10.04
CAK Rajitha,38,268,775,30,627,28,1,8.93,34.58,80.9,3.74
MJ Hoggard,33,268,1141,39,974,28,0,6.87,23.49,85.36,2.45
P Aho,34,268,237,17,92,19,6,15.76,113.08,38.82,10.55
JV Chand,10,268,252,10,96,23,6,26.8,106.35,38.1,11.51
S Chinawa,27,268,392,23,237,25,1,11.65,68.37,60.46,6.63
DR Sams,27,268,174,18,61,21,15,14.89,154.02,35.06,20.69
Nasum Ahmed,30,268,298,20,164,26,9,13.4,89.93,55.03,11.74
C De Freitas,6,267,145,6,41,27,12,44.5,184.14,28.28,26.9
R Abdulkareem,30,267,311,21,167,19,9,12.71,85.85,53.7,9.0
KS Ahuja,21,266,214,19,77,28,6,14.0,124.3,35.98,15.89
Saleem Elahi,9,266,530,10,368,24,0,26.6,50.19,69.43,4.53
K Zondo,10,266,547,10,384,20,6,26.6,48.63,70.2,4.75
S Shillingford,16,266,628,20,521,30,9,13.3,42.36,82.96,6.21
HN Ya France,25,266,311,14,173,22,9,19.0,85.53,55.63,9.97
RG Aga,16,266,254,15,107,29,2,17.73,104.72,42.13,12.2
Rafiullah,22,265,151,20,64,13,26,13.25,175.5,42.38,25.83
BI Dilruksha,13,265,248,13,118,26,9,20.38,106.85,47.58,14.11
A Argyropoulou,24,265,406,23,238,24,0,11.52,65.27,58.62,5.91
N Shangase,23,265,380,21,224,24,3,12.62,69.74,58.95,7.11
R Baaleri,18,265,315,17,153,19,2,15.59,84.13,48.57,6.67
NJ Browne,17,265,309,13,149,25,3,20.38,85.76,48.22,9.06
Suman Ghimire,10,265,218,7,87,29,5,37.86,121.56,39.91,15.6
AUKDS Kalugala,16,265,218,16,114,29,11,16.56,121.56,52.29,18.35
Fayaz Khan,17,265,156,14,61,16,23,18.93,169.87,39.1,25.0
MJG Rippon,11,264,293,11,140,20,6,24.0,90.1,47.78,8.87
NGRP Jayasuriya,21,264,777,31,633,28,0,8.52,33.98,81.47,3.6
Hamid Mahmood,14,264,250,9,98,22,6,29.33,105.6,39.2,11.2
Aamer Yamin,20,263,217,13,105,17,17,20.23,121.2,48.39,15.67
F Samanyika,23,263,478,23,309,21,0,11.43,55.02,64.64,4.39
AN Lascu,9,263,185,7,85,37,10,37.57,142.16,45.95,25.41
A Turay,16,263,250,16,127,29,5,16.44,105.2,50.8,13.6
Osama Mahmood,12,263,225,10,96,25,7,26.3,116.89,42.67,14.22
A Turkmen,15,262,197,11,77,24,12,23.82,132.99,39.09,18.27
M Smit,11,262,269,8,119,29,1,32.75,97.4,44.24,11.15
R Tari,26,262,254,19,102,11,9,13.79,103.15,40.16,7.87
Abdul-Shakoor Rahimzei,18,262,238,14,108,21,7,18.71,110.08,45.38,11.76
SC Getkate,23,261,230,22,84,11,14,11.86,113.48,36.52,10.87
B Zuiderent,20,261,453,18,295,21,3,14.5,57.62,65.12,5.3
L Phiri,25,261,406,20,235,19,0,13.05,64.29,57.88,4.68
SF Daley,28,261,412,24,249,21,2,10.88,63.35,60.44,5.58
Muslim Yar,22,261,214,17,93,16,15,15.35,121.96,43.46,14.49
Atharva Taide,10,260,177,9,63,30,8,28.89,146.89,35.59,21.47
A Venkatesh,15,260,241,11,88,24,2,23.64,107.88,36.51,10.79
T Putthawong,35,260,455,22,277,17,0,11.82,57.14,60.88,3.74
KH Abe,21,260,215,17,92,16,13,15.29,120.93,42.79,13.49
C Hartmann,19,259,259,14,110,16,9,18.5,100.0,42.47,9.65
IJ Harvey,17,259,282,12,144,31,2,21.58,91.84,51.06,11.7
Ayesha Hasan,17,259,343,22,175,19,0,11.77,75.51,51.02,5.54
Z Bimenyimana,44,258,212,32,109,15,15,8.06,121.7,51.42,14.15
Amoluk Singh,12,258,240,11,124,36,5,23.45,107.5,51.67,17.08
Sufyan Mehmood,22,258,360,16,183,14,6,16.12,71.67,50.83,5.56
SY Nihute,17,258,292,15,125,14,4,17.2,88.36,42.81,6.16
LB Ferbrache,19,258,286,13,110,12,4,19.85,90.21,38.46,5.59
AN Kervezee,15,258,349,18,196,23,1,14.33,73.93,56.16,6.88
RA Herman,14,258,220,12,93,21,10,21.5,117.27,42.27,14.09
Azhar Andani,11,258,242,10,105,30,1,25.8,106.61,43.39,12.81
Lucas Rossi,17,258,265,16,130,24,4,16.12,97.36,49.06,10.57
K Shrestha,31,257,343,24,198,25,0,10.71,74.93,57.73,7.29
Sheraz Sheikh,24,257,265,18,147,12,18,14.28,96.98,55.47,11.32
A Natubhai Ahir,20,257,273,20,151,17,12,12.85,94.14,55.31,10.62
KO Otieno,19,257,581,20,439,29,4,12.85,44.23,75.56,5.68
Ali Nadeem,9,257,239,6,122,22,10,42.83,107.53,51.05,13.39
FG Kemp,20,256,203,13,81,24,8,19.69,126.11,39.9,15.76
JF Smith,12,256,248,8,118,23,8,32.0,103.23,47.58,12.5
RRS Cornwall,9,256,424,13,304,35,4,19.69,60.38,71.7,9.2
A Suwanchonrathi,25,256,345,24,195,26,0,10.67,74.2,56.52,7.54
Ritik Tomar,21,255,222,17,96,21,9,15.0,114.86,43.24,13.51
Mudassar Bukhari,30,255,303,24,144,13,7,10.62,84.16,47.52,6.6
AA Patil,24,255,240,15,91,26,1,17.0,106.25,37.92,11.25
D Foxcroft,10,255,267,9,120,11,12,28.33,95.51,44.94,8.61
C Pyle,14,255,213,12,91,25,9,21.25,119.72,42.72,15.96
Kashif Siddique,11,254,184,12,83,39,6,21.17,138.04,45.11,24.46
CMG Atkins,6,254,604,8,463,30,0,31.75,42.05,76.66,4.97
D Cleaver,12,254,202,11,79,25,8,23.09,125.74,39.11,16.34
M Kasselman,17,254,252,13,122,20,9,19.54,100.79,48.41,11.51
NMS Param,12,254,201,9,63,21,7,28.22,126.37,31.34,13.93
TT Aung,23,254,394,20,238,27,0,12.7,64.47,60.41,6.85
Khurram Nawaz,18,253,239,12,102,17,11,21.08,105.86,42.68,11.72
Khizar Hayat,29,253,261,19,90,15,5,13.32,96.93,34.48,7.66
Yasin Patel,29,253,287,17,121,10,8,14.88,88.15,42.16,6.27
Sayed Monib,24,253,139,15,43,14,22,16.87,182.01,30.94,25.9
Javed Hina,20,252,306,14,159,28,0,18.0,82.35,51.96,9.15
AM Peterson,26,251,297,21,153,22,3,11.95,84.51,51.52,8.42
Omair Yousuf,13,251,199,12,71,23,8,20.92,126.13,35.68,15.58
ST Gabriel,64,251,718,59,603,29,6,4.25,34.96,83.98,4.87
Yasir Arafat,18,250,379,12,244,24,5,20.83,65.96,64.38,7.65
C Overton,13,250,491,15,364,27,2,16.67,50.92,74.13,5.91
FA Cossa,15,250,222,10,119,24,13,25.0,112.61,53.6,16.67
A Parima,15,250,217,14,107,25,11,17.86,115.21,49.31,16.59
I Ranaweera,66,250,623,28,445,21,0,8.93,40.13,71.43,3.37
K Gowtham,28,249,151,19,51,15,17,13.11,164.9,33.77,21.19
HMCM Bandara,20,249,400,14,261,17,6,17.79,62.25,65.25,5.75
AB Sharma,10,249,207,10,91,37,2,24.9,120.29,43.96,18.84
Aminuddin Ramly,19,249,167,15,55,11,19,16.6,149.1,32.93,17.96
SH Venugopal,13,249,231,11,81,14,7,22.64,107.79,35.06,9.09
DA Marillier,10,249,350,10,200,23,2,24.9,71.14,57.14,7.14
B Kohler-Cadmore,7,249,127,6,42,29,14,41.5,196.06,33.07,33.86
Kanchan Rana,14,249,261,13,107,19,0,19.15,95.4,41.0,7.28
M Raikes,7,248,161,6,50,25,10,41.33,154.04,31.06,21.74
Muhammad Siddiqui,11,248,208,12,103,24,12,20.67,119.23,49.52,17.31
F Tunnicliffe,18,247,304,14,161,27,1,17.64,81.25,52.96,9.21
PA van Meekeren,46,247,277,31,150,17,9,7.97,89.17,54.15,9.39
D Muhumuza,18,247,248,11,115,19,9,22.45,99.6,46.37,11.29
SN Shihepo,48,247,335,30,176,19,0,8.23,73.73,52.54,5.67
Taranjit Singh,14,247,114,11,30,18,21,22.45,216.67,26.32,34.21
Harshit Rana,22,247,232,19,120,20,11,13.0,106.47,51.72,13.36
Festus Benn,20,246,317,14,176,24,2,17.57,77.6,55.52,8.2
Abhishek Ahuja,12,246,216,12,93,19,10,20.5,113.89,43.06,13.43
Tapash Baisya,20,246,358,18,236,28,2,13.67,68.72,65.92,8.38
Hasan Mahmud,35,245,529,22,411,21,8,11.14,46.31,77.69,5.48
C Mahamalage,25,245,386,18,223,19,0,13.61,63.47,57.77,4.92
F Mutizwa,14,245,372,12,220,17,3,20.42,65.86,59.14,5.38
Kainat Imtiaz,26,245,416,23,256,19,0,10.65,58.89,61.54,4.57
MD Bell,5,245,510,8,401,42,0,30.62,48.04,78.63,8.24
SC van Schalkwyk,21,245,321,14,179,20,6,17.5,76.32,55.76,8.1
ST Doheny,13,245,414,14,281,22,3,17.5,59.18,67.87,6.04
Harpreet Brar,26,244,203,13,82,19,10,18.77,120.2,40.39,14.29
Awais Ahmed,16,244,219,14,103,25,9,17.43,111.42,47.03,15.53
MS Panesar,51,244,818,48,685,25,1,5.08,29.83,83.74,3.18
KDU Prabodhani,57,244,592,35,430,20,0,6.97,41.22,72.64,3.38
JAD Lawrenson,10,244,291,9,130,18,2,27.11,83.85,44.67,6.87
KS Gautam,18,244,253,14,126,20,9,17.43,96.44,49.8,11.46
BN Toube,15,244,240,15,134,35,4,16.27,101.67,55.83,16.25
S Foster,18,243,262,14,113,19,0,17.36,92.75,43.13,7.25
AIV Benatar,11,243,296,7,144,20,0,34.71,82.09,48.65,6.76
S Laomi,43,243,404,30,238,16,0,8.1,60.15,58.91,3.96
P Mujaji,25,243,340,21,193,23,2,11.57,71.47,56.76,7.35
Amir Zaib,16,243,192,13,69,21,7,18.69,126.56,35.94,14.58
M Veringmeier,11,242,217,10,74,24,4,24.2,111.52,34.1,12.9
Avishka Iroshan,11,241,212,9,92,23,8,26.78,113.68,43.4,14.62
NFI McCallum,14,241,374,12,251,23,5,20.08,64.44,67.11,7.49
Aaftab Alam Khan,21,241,194,14,77,20,9,17.21,124.23,39.69,14.95
JC Tredwell,32,240,349,17,211,19,5,14.12,68.77,60.46,6.88
Danish Kaneria,35,240,471,32,359,29,2,7.5,50.96,76.22,6.58
A Aitken-Drummond,24,240,312,21,180,28,2,11.43,76.92,57.69,9.62
B Evans,29,239,265,26,143,14,9,9.19,90.19,53.96,8.68
KA Hope,11,239,442,14,331,34,0,17.07,54.07,74.89,7.69
Mohammad Shahzad (2),17,238,242,14,129,24,7,17.0,98.35,53.31,12.81
JDF Vandersay,27,238,382,18,237,20,3,13.22,62.3,62.04,6.02
BL Morgan,6,238,785,7,653,23,0,34.0,30.32,83.18,2.93
ASF Sirah,17,238,188,12,74,25,8,19.83,126.6,39.36,17.55
Musa Ahmed,13,238,371,13,234,20,3,18.31,64.15,63.07,6.2
CA Young,48,238,296,26,168,17,8,9.15,80.41,56.76,8.45
FY Fazal,12,238,234,9,103,29,2,26.44,101.71,44.02,13.25
G Wetherall,17,238,221,12,112,28,5,19.83,107.69,50.68,14.93
MD Mishra,17,237,208,15,97,24,8,15.8,113.94,46.63,15.38
JD Unadkat,31,237,258,17,136,18,8,13.94,91.86,52.71,10.08
O Batisani,15,237,317,14,190,29,0,16.93,74.76,59.94,9.15
Mohamed Arief,14,237,193,11,72,26,5,21.55,122.8,37.31,16.06
H Kaushik,17,236,212,13,99,6,18,18.15,111.32,46.7,11.32
JP Bray,12,236,384,11,253,25,2,21.45,61.46,65.89,7.03
AD Poynter,15,236,263,14,142,20,9,16.86,89.73,53.99,11.03
RR Powar,25,236,322,17,178,20,3,13.88,73.29,55.28,7.14
D Saxena,8,236,257,14,122,25,0,16.86,91.83,47.47,9.73
EN Lynch,42,236,362,28,228,26,0,8.43,65.19,62.98,7.18
S Choden,29,236,408,24,230,11,0,9.83,57.84,56.37,2.7
CE Coulter Reilly,18,235,356,14,210,23,0,16.79,66.01,58.99,6.46
Sajid Khan,17,235,422,22,302,24,6,10.68,55.69,71.56,7.11
R Sakurano-Thomas,24,235,250,19,101,11,2,12.37,94.0,40.4,5.2
Y Jalloh,16,234,269,15,126,19,1,15.6,86.99,46.84,7.43
DF Watts,13,234,325,13,198,25,3,18.0,72.0,60.92,8.62
A Perera,23,234,334,20,175,16,0,11.7,70.06,52.4,4.79
F Suluoto,21,234,233,16,120,15,12,14.62,100.43,51.5,11.59
Esam Rahman,8,234,177,8,72,21,10,29.25,132.2,40.68,17.51
Saqib Zulfiqar,17,234,292,12,157,16,6,19.5,80.14,53.77,7.53
SK Rana,23,234,334,20,189,20,1,11.7,70.06,56.59,6.29
K Reyneke,11,233,155,3,50,18,14,77.67,150.32,32.26,20.65
J Miyaji,27,233,218,21,88,5,14,11.1,106.88,40.37,8.72
RMS Eranga,28,233,540,19,432,31,0,12.26,43.15,80.0,5.74
LM Kasperek,40,233,358,29,204,18,0,8.03,65.08,56.98,5.03
AD Nath,16,233,243,13,108,14,10,17.92,95.88,44.44,9.88
I Chuma,32,232,353,25,200,20,0,9.28,65.72,56.66,5.67
AJ Tye,35,232,201,20,95,16,11,11.6,115.42,47.26,13.43
NKF Rada Rani,16,232,282,11,126,12,0,21.09,82.27,44.68,4.26
P Murungi,23,231,197,17,92,21,8,13.59,117.26,46.7,14.72
BAD Manenti,11,231,160,10,57,20,12,23.1,144.38,35.62,20.0
BM Pecic,10,231,198,10,87,14,14,23.1,116.67,43.94,14.14
Shahil Momin,15,231,251,11,99,14,1,21.0,92.03,39.44,5.98
Mohamed Azzam,30,231,316,24,161,13,2,9.62,73.1,50.95,4.75
Faisal Raza,16,231,198,13,77,14,10,17.77,116.67,38.89,12.12
LH Ferguson,51,231,334,28,191,13,7,8.25,69.16,57.19,5.99
A Dirannehelage,12,231,335,8,185,28,0,28.88,68.96,55.22,8.36
EMDY Munaweera,15,230,193,15,96,27,7,15.33,119.17,49.74,17.62
AB McDonald,13,230,317,10,197,20,4,23.0,72.56,62.15,7.57
Khadija Khalil,40,230,371,31,205,11,0,7.42,61.99,55.26,2.96
IY Mckeon,10,230,207,11,110,28,7,20.91,111.11,53.14,16.91
R Escobar,15,230,300,11,137,11,2,20.91,76.67,45.67,4.33
Zulfiqar Babar,27,229,291,14,182,20,7,16.36,78.69,62.54,9.28
E Solomon,8,229,209,7,75,24,0,32.71,109.57,35.89,11.48
EA Osborne,26,229,321,14,181,21,2,16.36,71.34,56.39,7.17
B Mavuta,21,229,355,18,239,24,4,12.72,64.51,67.32,7.89
Mohammed Qasim,10,229,297,10,171,21,4,22.9,77.1,57.58,8.42
Saeed Ahmed,14,228,167,13,62,13,14,17.54,136.53,37.13,16.17
Nayeem Hasan,12,227,561,16,419,20,0,14.19,40.46,74.69,3.57
Z Kamara,30,227,274,22,147,21,0,10.32,82.85,53.65,7.66
F Utagushimaninde,10,227,201,9,97,31,1,25.22,112.94,48.26,15.92
CJ McKay,35,227,389,24,249,17,3,9.46,58.35,64.01,5.14
Devender Singh,18,227,219,13,97,17,7,17.46,103.65,44.29,10.96
D Njoroge,13,227,244,8,112,23,0,28.38,93.03,45.9,9.43
SW Poynter,22,226,242,17,115,19,4,13.29,93.39,47.52,9.5
B Ito-Davis,18,226,202,15,67,13,5,15.07,111.88,33.17,8.91
AM Samad,10,226,369,8,241,23,1,28.25,61.25,65.31,6.5
N Caruana,11,226,340,10,156,6,0,22.6,66.47,45.88,1.76
Saad Nasim,13,226,240,11,106,18,5,20.55,94.17,44.17,9.58
A Aikenhead,17,226,261,14,128,22,0,16.14,86.59,49.04,8.43
S Gill,14,226,187,7,64,12,8,32.29,120.86,34.22,10.7
Zeeshan Ashraf,14,226,180,14,76,26,7,16.14,125.56,42.22,18.33
BJ Dwarshuis,20,226,231,13,102,13,9,17.38,97.84,44.16,9.52
AY Patel,23,226,589,21,474,22,5,10.76,38.37,80.48,4.58
MA Baig,13,226,256,7,119,19,3,32.29,88.28,46.48,8.59
Shamyl Hussain,11,225,176,11,72,16,13,20.45,127.84,40.91,16.48
J Kila,20,225,290,17,171,18,7,13.24,77.59,58.97,8.62
Shubham Ranjane,7,225,194,4,73,15,9,56.25,115.98,37.63,12.37
KNA Bandara,9,225,296,9,142,13,4,25.0,76.01,47.97,5.74
Rony Talukdar,10,224,174,10,73,24,7,22.4,128.74,41.95,17.82
Mahmud Jasat,17,224,307,15,163,14,2,14.93,72.96,53.09,5.21
P Sabu,14,224,244,15,119,21,0,14.93,91.8,48.77,8.61
C White,6,224,370,5,256,24,3,44.8,60.54,69.19,7.3
Kaleemullah,46,224,237,28,124,11,13,8.0,94.51,52.32,10.13
Shariz Ahmad,24,224,344,19,193,16,0,11.79,65.12,56.1,4.65
G Thakur,11,224,185,9,83,24,6,24.89,121.08,44.86,16.22
UWMBCA Welegedara,22,224,435,24,339,31,4,9.33,51.49,77.93,8.05
SKDT Madusanka,13,224,249,10,142,30,2,22.4,89.96,57.03,12.85
R Sharma,28,224,181,15,82,16,12,14.93,123.76,45.3,15.47
SJ Elliott,4,223,633,3,492,17,0,74.33,35.23,77.73,2.69
R Dhawan,25,223,202,11,92,19,7,20.27,110.4,45.54,12.87
Hammad Azam,23,223,276,18,136,16,4,12.39,80.8,49.28,7.25
K Arua,17,223,297,12,155,17,0,18.58,75.08,52.19,5.72
Akhil Anil,20,222,192,15,84,17,10,14.8,115.62,43.75,14.06
H Iwasaki,24,222,238,23,120,21,3,9.65,93.28,50.42,10.08
UCKA Dona,24,222,375,17,230,15,1,13.06,59.2,61.33,4.27
A Kontopirakis,15,222,238,13,122,18,5,17.08,93.28,51.26,9.66
CN Onwuzulike,18,222,219,17,104,17,8,13.06,101.37,47.49,11.42
H Deshan,11,222,166,11,68,27,5,20.18,133.73,40.96,19.28
MJ McClenaghan,42,221,233,21,131,17,12,10.52,94.85,56.22,12.45
ZP Ikiua,13,221,263,13,149,27,1,17.0,84.03,56.65,10.65
Delawar Khan,20,221,165,16,68,13,13,13.81,133.94,41.21,15.76
DG Blampied,23,221,238,15,89,12,1,14.73,92.86,37.39,5.46
MPP San,27,220,353,24,214,18,0,9.17,62.32,60.62,5.1
Junaid Khan,57,220,465,38,346,20,4,5.79,47.31,74.41,5.16
RM Haq,22,220,400,16,256,19,1,13.75,55.0,64.0,5.0
V Zimonjic,22,220,199,15,79,22,3,14.67,110.55,39.7,12.56
AWJ Auguste,12,220,200,10,103,16,13,22.0,110.0,51.5,14.5
MK Amusa,14,219,337,15,207,20,0,14.6,64.99,61.42,5.93
C de Lange,35,219,401,26,267,20,0,8.42,54.61,66.58,4.99
DR Chumney,11,219,327,10,208,19,6,21.9,66.97,63.61,7.65
Asim Kamal,3,219,453,4,356,35,1,54.75,48.34,78.59,7.95
E Mathew,22,219,236,19,106,11,6,11.53,92.8,44.92,7.2
Aziz Mohammad,11,219,158,11,81,20,15,19.91,138.61,51.27,22.15
K Gore,15,218,277,13,154,17,4,16.77,78.7,55.6,7.58
K Goel,16,218,231,14,122,17,9,15.57,94.37,52.81,11.26
Saeed Anwar,5,218,303,5,176,19,1,43.6,71.95,58.09,6.6
DK Anefie,21,218,187,16,79,9,11,13.62,116.58,42.25,10.7
AA Navicha,14,218,225,11,115,12,10,19.82,96.89,51.11,9.78
AA Jhunjhunwala,15,217,210,14,89,19,5,15.5,103.33,42.38,11.43
Khalid Ahmadi,19,217,121,11,43,16,17,19.73,179.34,35.54,27.27
Nasrulla Rana,33,217,201,21,88,13,10,10.33,107.96,43.78,11.44
RS Glen,18,217,210,16,101,22,2,13.56,103.33,48.1,11.43
CO Browne,10,217,261,9,143,19,6,24.11,83.14,54.79,9.58
M Kartik,23,217,249,14,112,16,2,15.5,87.15,44.98,7.23
Waqas Khan,18,216,289,12,144,9,5,18.0,74.74,49.83,4.84
JM Cox,12,216,209,12,94,18,7,18.0,103.35,44.98,11.96
Ali Saleem,12,216,178,12,77,14,11,18.0,121.35,43.26,14.04
M Klinger,7,216,189,7,68,21,2,30.86,114.29,35.98,12.17
ARA Chambers,13,216,231,12,107,25,1,18.0,93.51,46.32,11.26
SW Masakadza,18,215,372,19,272,20,6,11.32,57.8,73.12,6.99
AR Bisht,11,215,246,11,117,14,5,19.55,87.4,47.56,7.72
Lokesh Bam,18,215,150,14,71,17,15,15.36,143.33,47.33,21.33
D Forrester,11,215,154,6,61,11,15,35.83,139.61,39.61,16.88
Atif Rasheed,15,215,180,15,78,12,10,14.33,119.44,43.33,12.22
D Sabir,21,215,189,15,67,18,4,14.33,113.76,35.45,11.64
B Etim,20,215,309,17,188,22,1,12.65,69.58,60.84,7.44
KTK Rodrigo,12,214,231,12,112,22,3,17.83,92.64,48.48,10.82
LOB Cann,10,214,172,10,89,23,10,21.4,124.42,51.74,19.19
Adam Senn,10,214,155,6,35,14,9,35.67,138.06,22.58,14.84
C Uwamahoro,18,214,252,15,139,23,0,14.27,84.92,55.16,9.13
HV Mandhyan,17,214,221,15,105,15,7,14.27,96.83,47.51,9.95
DL Piedt,11,214,619,14,506,20,3,15.29,34.57,81.74,3.72
CJO Smith,14,214,290,14,172,29,0,15.29,73.79,59.31,10.0
K Nestor,25,213,229,20,122,19,7,10.65,93.01,53.28,11.35
Saad Baig,12,213,169,12,72,34,1,17.75,126.04,42.6,20.71
N Khanna,20,213,161,12,59,24,4,17.75,132.3,36.65,17.39
IE O'Brien,20,213,545,27,449,28,1,7.89,39.08,82.39,5.32
PZ Kamunya,32,213,300,27,173,21,0,7.89,71.0,57.67,7.0
RMMP Rathnayake,5,212,355,7,257,25,3,30.29,59.72,72.39,7.89
Iftikhar Anjum,29,212,364,17,229,14,3,12.47,58.24,62.91,4.67
Abhishek Anand,12,212,179,11,93,18,13,19.27,118.44,51.96,17.32
S Cotter,13,212,210,14,101,24,3,15.14,100.95,48.1,12.86
Muhammad Fahad,4,211,89,4,27,21,17,52.75,237.08,30.34,42.7
NG Smith,17,211,382,14,253,17,3,15.07,55.24,66.23,5.24
Khalid Zahid,19,211,149,16,49,15,10,13.19,141.61,32.89,16.78
RO Hinds,8,211,595,13,488,24,2,16.23,35.46,82.02,4.37
ZXM Vukusic,8,210,161,8,61,14,12,26.25,130.43,37.89,16.15
D Hazell,25,210,314,19,178,13,3,11.05,66.88,56.69,5.1
J Pandey,12,210,252,9,126,21,0,23.33,83.33,50.0,8.33
CJ Delany,9,210,193,7,86,22,1,30.0,108.81,44.56,11.92
M Bhanuka,11,210,277,12,162,21,2,17.5,75.81,58.48,8.3
WL Madsen,9,210,174,8,63,20,5,26.25,120.69,36.21,14.37
CN Kakuru,24,209,208,17,96,19,2,12.29,100.48,46.15,10.1
BJ Rohrer,9,209,155,8,56,21,6,26.12,134.84,36.13,17.42
P Maziya,22,209,363,19,218,14,0,11.0,57.58,60.06,3.86
O Kamchomphu,58,208,292,42,162,11,4,4.95,71.23,55.48,5.14
J Tuffin,16,208,212,11,84,12,4,18.91,98.11,39.62,7.55
SL Quintyne,20,208,305,15,185,21,1,13.87,68.2,60.66,7.21
Amir Butt,8,208,159,8,69,9,14,26.0,130.82,43.4,14.47
KN Chaddha,9,207,196,10,84,21,5,20.7,105.61,42.86,13.27
KJ Abbott,32,207,492,25,375,18,2,8.28,42.07,76.22,4.07
AS Gorad,17,207,379,16,234,16,0,12.94,54.62,61.74,4.22
WS Jayantha,9,206,313,9,201,24,1,22.89,65.81,64.22,7.99
Kamran Khan,13,206,142,13,74,25,10,15.85,145.07,52.11,24.65
SV Shetty,15,206,235,13,123,19,3,15.85,87.66,52.34,9.36
TN de Grooth,17,206,277,13,158,19,1,15.85,74.37,57.04,7.22
SL Verma,5,206,134,4,50,7,16,51.5,153.73,37.31,17.16
A Mithun,13,205,330,13,231,22,5,15.77,62.12,70.0,8.18
HS Modi,13,205,448,10,300,15,0,20.5,45.76,66.96,3.35
PADLR Sandakan,36,204,452,26,339,25,0,7.85,45.13,75.0,5.53
LJ Poulton,10,204,293,10,175,24,0,20.4,69.62,59.73,8.19
J Little,37,204,228,18,122,21,5,11.33,89.47,53.51,11.4
M van Jaarsveld,7,204,389,9,289,29,0,22.67,52.44,74.29,7.46
Kamran Ahmadzai,9,203,114,7,41,14,14,29.0,178.07,35.96,24.56
CBRLS Kumara,51,203,603,40,511,31,1,5.08,33.67,84.74,5.31
KSA McKenzie,6,203,347,12,274,30,2,16.92,58.5,78.96,9.22
WJ Cope,24,203,198,18,100,28,0,11.28,102.53,50.51,14.14
Mariamma Hyder,34,203,348,24,230,20,1,8.46,58.33,66.09,6.03
Chaudhary Akram,9,203,197,7,90,20,3,29.0,103.05,45.69,11.68
CZ Harris,18,203,388,14,254,15,0,14.5,52.32,65.46,3.87
GR Russ,19,203,239,11,116,18,2,18.45,84.94,48.54,8.37
M Yunusu Issa,26,203,169,17,72,14,9,11.94,120.12,42.6,13.61
AB Kamara,16,203,206,14,82,7,8,14.5,98.54,39.81,7.28
Zeshan Arif,16,202,166,11,78,16,11,18.36,121.69,46.99,16.27
PE Kulume,29,202,257,20,142,24,0,10.1,78.6,55.25,9.34
S Glenn,26,202,195,9,79,20,0,22.44,103.59,40.51,10.26
Arafat Minhas,15,202,140,11,52,20,9,18.36,144.29,37.14,20.71
Rubya Haider,13,202,328,12,218,27,0,16.83,61.59,66.46,8.23
Qamar Mushtaque,23,201,212,13,95,13,6,15.46,94.81,44.81,8.96
M Klaas,52,201,457,35,320,18,0,5.74,43.98,70.02,3.94
EF Beard,14,201,174,11,80,20,5,18.27,115.52,45.98,14.37
D Panda,12,201,171,9,58,12,5,22.33,117.54,33.92,9.94
Wahidullah Sahak,14,200,177,12,81,18,7,16.67,112.99,45.76,14.12
Ali Farasat,17,200,168,15,74,10,12,13.33,119.05,44.05,13.1
C Esterhuizen,5,200,137,4,58,16,13,50.0,145.99,42.34,21.17
S Maduranga,14,200,232,10,126,20,5,20.0,86.21,54.31,10.78
S Kato,20,200,276,18,150,19,0,11.11,72.46,54.35,6.88
AA Senn,12,200,232,12,103,14,1,16.67,86.21,44.4,6.47
Bilawal Bhatti,16,200,259,12,168,22,5,16.67,77.22,64.86,10.42
SJ Coyte,18,200,284,11,162,19,1,18.18,70.42,57.04,7.04
Musa Shaheen,17,200,200,16,88,10,8,12.5,100.0,44.0,9.0
BDH Stevens,13,200,207,12,97,19,3,16.67,96.62,46.86,10.63
Raza-ur-Rehman,8,199,239,6,136,27,0,33.17,83.26,56.9,11.3
RWT Key,10,199,515,13,396,21,0,15.31,38.64,76.89,4.08
H Goto,24,199,361,22,222,11,0,9.05,55.12,61.5,3.05
Luis Hermida,14,199,270,9,128,11,0,22.11,73.7,47.41,4.07
Vinay Ravi,26,199,196,19,93,14,6,10.47,101.53,47.45,10.2
AJ Burger,6,199,198,6,107,25,3,33.17,100.51,54.04,14.14
R Slater,26,199,235,18,109,18,0,11.06,84.68,46.38,7.66
Yasser Nazir,13,198,174,11,83,21,8,18.0,113.79,47.7,16.67
DC Stovell,15,198,192,10,78,13,3,19.8,103.12,40.62,8.33
A Khaka,63,197,398,30,268,17,0,6.57,49.5,67.34,4.27
S Ramakrishnan,7,197,156,7,52,22,4,28.14,126.28,33.33,16.67
E Vukusic,4,197,161,3,43,21,0,65.67,122.36,26.71,13.04
NW Bracken,39,197,306,20,189,12,3,9.85,64.38,61.76,4.9
Waheed Ahmed,18,197,235,13,139,14,11,15.15,83.83,59.15,10.64
A Mesarovic,7,197,170,4,71,28,1,49.25,115.88,41.76,17.06
I Asif,13,197,200,11,99,20,5,17.91,98.5,49.5,12.5
A Hartley,14,197,226,6,103,17,0,32.83,87.17,45.58,7.52
TW Hartley,6,197,293,10,206,24,6,19.7,67.24,70.31,10.24
R Coker,25,197,316,22,189,14,2,8.95,62.34,59.81,5.06
GD McGrath,34,196,424,20,314,15,1,9.8,46.23,74.06,3.77
Samiullah Rahmani,11,196,134,8,61,16,14,24.5,146.27,45.52,22.39
Paing Danu,17,196,228,16,131,15,9,12.25,85.96,57.46,10.53
G Venkateswaran,14,196,177,11,77,15,7,17.82,110.73,43.5,12.43
Jitin Singh,15,196,180,16,81,26,1,12.25,108.89,45.0,15.0
SB Dubey,14,195,114,8,33,16,12,24.38,171.05,28.95,24.56
JK Kamande,24,195,397,23,271,15,1,8.48,49.12,68.26,4.03
AS Raut,16,194,167,11,62,13,7,17.64,116.17,37.13,11.98
Ameer Saiyed,13,194,213,12,104,16,2,16.17,91.08,48.83,8.45
TJ Murtagh,26,194,230,14,122,20,2,13.86,84.35,53.04,9.57
DA Mehta,13,194,194,12,100,26,2,16.17,100.0,51.55,14.43
C Miles,11,194,188,11,80,22,0,17.64,103.19,42.55,11.7
AD Dore,13,194,181,11,89,20,4,17.64,107.18,49.17,13.26
Kazim Somani,16,194,233,8,108,15,2,24.25,83.26,46.35,7.3
Zain Ahmad,16,194,180,16,87,24,3,12.12,107.78,48.33,15.0
Usman Najeeb,20,194,147,14,62,9,13,13.86,131.97,42.18,14.97
Jordan O'Brien,16,194,173,16,73,20,3,12.12,112.14,42.2,13.29
T Westley,5,193,453,8,377,33,0,24.12,42.6,83.22,7.28
MVT Fernando,31,193,679,24,582,19,1,8.04,28.42,85.71,2.95
ME Bessala,23,193,267,19,167,25,1,10.16,72.28,62.55,9.74
Mukhtar Ahmed,7,193,137,7,52,23,5,27.57,140.88,37.96,20.44
N Knights,13,193,139,12,69,16,13,16.08,138.85,49.64,20.86
S Dhadwal,22,192,360,22,226,12,1,8.73,53.33,62.78,3.61
YV Takawale,10,192,178,8,95,26,3,24.0,107.87,53.37,16.29
GM Hamilton,14,192,317,14,193,15,1,13.71,60.57,60.88,5.05
Abdul Shakoor,14,192,245,12,117,14,2,16.0,78.37,47.76,6.53
N Tanner,17,192,234,15,112,6,5,12.8,82.05,47.86,4.7
GB Brent,18,192,298,11,174,13,3,17.45,64.43,58.39,5.37
A Mare,23,192,277,15,143,14,1,12.8,69.31,51.62,5.42
Mohammad Aadil Alam,15,192,171,13,82,14,10,14.77,112.28,47.95,14.04
U Aryaman Sunil,21,191,152,16,65,11,12,11.94,125.66,42.76,15.13
Zeerak Chughtai,16,191,204,12,94,14,5,15.92,93.63,46.08,9.31
A Halbhavi,16,191,180,16,91,25,3,11.94,106.11,50.56,15.56
AJ Doolan,4,191,455,8,361,26,1,23.88,41.98,79.34,5.93
S Stephen,18,191,208,14,105,23,1,13.64,91.83,50.48,11.54
Praveen Santhanakrishnan,16,191,209,15,114,22,4,12.73,91.39,54.55,12.44
Ziaur Rahman,20,191,203,18,116,13,11,10.61,94.09,57.14,11.82
F Eseigbe,25,191,405,22,269,12,0,8.68,47.16,66.42,2.96
S Burdekin,14,191,180,13,95,16,8,14.69,106.11,52.78,13.33
L Embuldeniya,16,191,583,25,493,17,6,7.64,32.76,84.56,3.95
Shafiq Sharif,12,190,157,11,70,24,4,17.27,121.02,44.59,17.83
NK Tiwari,13,190,214,12,113,15,5,15.83,88.79,52.8,9.35
XSD Smith,14,190,178,10,66,7,8,19.0,106.74,37.08,8.43
Juairiya Ferdous,12,190,176,11,86,19,7,17.27,107.95,48.86,14.77
C Zhuwao,12,190,172,12,103,23,10,15.83,110.47,59.88,19.19
Ismail Ali,15,189,169,13,79,10,11,14.54,111.83,46.75,12.43
D Devnarain,17,189,345,14,235,21,0,13.5,54.78,68.12,6.09
A McGrath,12,189,405,10,282,15,0,18.9,46.67,69.63,3.7
BMA Mbida,22,189,263,24,164,22,1,7.88,71.86,62.36,8.75
KK Donovan,13,189,218,14,102,18,1,13.5,86.7,46.79,8.72
Umar Nawaz,9,189,188,9,104,16,9,21.0,100.53,55.32,13.3
TE Tsiga,8,189,516,14,418,24,0,13.5,36.63,81.01,4.65
ZGF Foulkes,21,188,219,11,133,18,5,17.09,85.84,60.73,10.5
BC Fortuin,25,188,205,18,94,17,3,10.44,91.71,45.85,9.76
JA Clarkson,14,188,169,12,76,13,7,15.67,111.24,44.97,11.83
Tanvir Ahmed (1),6,188,283,7,197,27,2,26.86,66.43,69.61,10.25
Akash Deep,15,188,317,16,244,22,8,11.75,59.31,76.97,9.46
Gurpratap Singh,10,187,133,10,63,10,15,18.7,140.6,47.37,18.8
ZL Win,26,187,243,21,130,18,0,8.9,76.95,53.5,7.41
H Lin Aung,28,187,301,29,197,9,10,6.45,62.13,65.45,6.31
Bipul Sharma,17,187,123,6,33,11,9,31.17,152.03,26.83,16.26
F Kuenburg,6,187,159,3,60,24,0,62.33,117.61,37.74,15.09
SN Netravalkar,41,187,287,22,175,14,3,8.5,65.16,60.98,5.92
SC Selman,39,187,384,21,238,8,0,8.9,48.7,61.98,2.08
Ibrahim Hassan,28,187,244,20,120,9,5,9.35,76.64,49.18,5.74
N Nuntarach,29,187,300,26,164,10,1,7.19,62.33,54.67,3.67
R Clarke,11,187,423,12,308,14,1,15.58,44.21,72.81,3.55
Vaishnave Mahesh,38,186,306,28,185,12,0,6.64,60.78,60.46,3.92
S Sadarangani,22,186,274,12,144,13,0,15.5,67.88,52.55,4.74
A Manepalli,10,186,172,9,71,18,3,20.67,108.14,41.28,12.21
K Klein,22,186,257,15,134,11,2,12.4,72.37,52.14,5.06
K Tesarikova,12,186,209,10,101,22,0,18.6,89.0,48.33,10.53
Y Choden,24,185,321,21,208,16,0,8.81,57.63,64.8,4.98
Jahanara Alam,50,185,369,34,246,12,1,5.44,50.14,66.67,3.52
AA Jasani,6,185,152,5,63,15,6,37.0,121.71,41.45,13.82
TSS Mackintosh,10,185,215,8,102,18,1,23.12,86.05,47.44,8.84
KL Rolton,8,184,388,11,289,21,1,16.73,47.42,74.48,5.67
Haseeb Ghafoor,9,184,170,5,75,10,10,36.8,108.24,44.12,11.76
Ainool Hafizs,29,184,192,25,81,12,4,7.36,95.83,42.19,8.33
H Lin Oo,23,184,223,15,116,18,1,12.27,82.51,52.02,8.52
RML Taylor,14,184,178,10,77,14,5,18.4,103.37,43.26,10.67
AA Rahayu,20,184,204,14,103,12,6,13.14,90.2,50.49,8.82
R Rodrigo,19,184,254,19,139,19,0,9.68,72.44,54.72,7.48
D Unhale,8,184,265,8,163,19,0,23.0,69.43,61.51,7.17
Eman Asim,9,183,226,8,123,17,1,22.88,80.97,54.42,7.96
ZT Kyaw,22,183,244,16,136,16,0,11.44,75.0,55.74,6.56
IH Romaine,13,183,361,11,255,20,1,16.64,50.69,70.64,5.82
SL Gomez,36,183,266,32,136,11,0,5.72,68.8,51.13,4.14
A Vaidya,12,183,204,11,107,21,0,16.64,89.71,52.45,10.29
S Georgota,21,183,315,17,181,9,0,10.76,58.1,57.46,2.86
Adeeb Usmani,6,183,206,6,106,12,8,30.5,88.83,51.46,9.71
V Vasquez,9,183,195,9,94,18,0,20.33,93.85,48.21,9.23
SC Kuggeleijn,11,182,165,10,92,17,10,18.2,110.3,55.76,16.36
KP Meiyappan,24,182,356,19,236,13,0,9.58,51.12,66.29,3.65
K Ramharack,45,182,418,24,301,13,0,7.58,43.54,72.01,3.11
A Reyes,17,182,204,14,97,17,2,13.0,89.22,47.55,9.31
SZ Vayani,25,182,195,16,98,15,4,11.38,93.33,50.26,9.74
MC Sorensen,15,182,210,10,105,12,5,18.2,86.67,50.0,8.1
Rameesha Shahid,15,182,197,9,91,17,0,20.22,92.39,46.19,8.63
F Conteh,20,181,338,18,214,12,0,10.06,53.55,63.31,3.55
TD Astle,10,181,344,10,243,18,2,18.1,52.62,70.64,5.81
DR Gibson,16,181,142,12,54,26,2,15.08,127.46,38.03,19.72
A Yon,12,181,159,11,72,16,7,16.45,113.84,45.28,14.47
AL Mundundo,24,180,382,21,250,11,0,8.57,47.12,65.45,2.88
S Verma,22,180,274,16,156,15,1,11.25,65.69,56.93,5.84
H Jangariya,8,180,142,7,64,20,8,25.71,126.76,45.07,19.72
J Jarvis,20,180,204,15,102,11,5,12.0,88.24,50.0,7.84
M Dlamini,20,180,342,21,246,22,0,8.57,52.63,71.93,6.43
Anwar Arudin,19,180,177,18,92,21,5,10.0,101.69,51.98,14.69
S Gopal,22,180,169,13,67,19,2,13.85,106.51,39.64,12.43
I van Zyl,33,180,326,21,185,5,0,8.57,55.21,56.75,1.53
J Vijay,8,180,133,8,61,26,4,22.5,135.34,45.86,22.56
GT Taylor,17,180,228,15,138,18,6,12.0,78.95,60.53,10.53
JA Richardson,22,180,209,15,103,14,3,12.0,86.12,49.28,8.13
MP Ainsworth,11,179,224,8,105,10,3,22.38,79.91,46.88,5.8
AM Ellis,17,179,205,13,87,11,3,13.77,87.32,42.44,6.83
P Sarraf,24,179,234,21,152,20,6,8.52,76.5,64.96,11.11
Jakir Patel,10,179,158,9,64,14,8,19.89,113.29,40.51,13.92
N Chejay,15,179,234,12,120,14,2,14.92,76.5,51.28,6.84
B Fitchet,14,179,176,14,99,21,5,12.79,101.7,56.25,14.77
AR Valdez,15,178,263,10,149,14,1,17.8,67.68,56.65,5.7
AR Adams,14,178,163,11,82,12,10,16.18,109.2,50.31,13.5
D Tucker,18,178,347,12,233,17,0,14.83,51.3,67.15,4.9
H Rathod,12,178,147,6,58,15,5,29.67,121.09,39.46,13.61
Sidhant Singh,9,178,135,7,44,15,6,25.43,131.85,32.59,15.56
E Rukiriza,40,178,239,30,137,10,4,5.93,74.48,57.32,5.86
T Smith,15,177,218,16,103,13,0,11.06,81.19,47.25,5.96
Sachin Mandy,16,177,169,15,89,11,11,11.8,104.73,52.66,13.02
N Pradeep,51,177,455,40,375,23,1,4.42,38.9,82.42,5.27
Usman Limbada,7,176,229,6,126,18,1,29.33,76.86,55.02,8.3
J Martins,9,176,151,9,64,12,8,19.56,116.56,42.38,13.25
D Johnson,18,176,160,14,72,15,5,12.57,110.0,45.0,12.5
Abul Hasan,6,176,294,5,206,18,5,35.2,59.86,70.07,7.82
NB Mahwire,13,176,421,13,334,22,2,13.54,41.81,79.33,5.7
DP Hyatt,14,176,242,12,161,12,10,14.67,72.73,66.53,9.09
RS Kaluwitharana,8,176,236,5,145,22,1,35.2,74.58,61.44,9.75
Choudry Share Ali,6,176,100,5,33,15,11,35.2,176.0,33.0,26.0
AAP Rivero,19,176,195,14,91,8,4,12.57,90.26,46.67,6.15
S Juma,15,176,176,10,84,23,0,17.6,100.0,47.73,13.07
BKB Corbin,14,175,144,12,85,18,11,14.58,121.53,59.03,20.14
R Gaznavi,15,175,212,15,110,15,2,11.67,82.55,51.89,8.02
K Winda Prastini,8,175,236,7,125,14,0,25.0,74.15,52.97,5.93
Arshdeep Singh,49,175,183,25,105,17,6,7.0,95.63,57.38,12.57
AS Wikman,9,175,142,7,52,22,0,25.0,123.24,36.62,15.49
R Immadi,18,175,233,11,107,10,0,15.91,75.11,45.92,4.29
KS Lokuarachchi,14,175,228,12,112,8,3,14.58,76.75,49.12,4.82
Muhammad Kashif,9,175,145,8,61,9,12,21.88,120.69,42.07,14.48
JR Barry,12,175,255,7,137,14,0,25.0,68.63,53.73,5.49
F Sisifo,16,174,290,13,183,14,1,13.38,60.0,63.1,5.17
CAJ Meschede,4,174,113,4,40,9,13,43.5,153.98,35.4,19.47
CB Mpofu,53,174,443,32,349,9,6,5.44,39.28,78.78,3.39
T Sandeep,10,174,177,7,85,23,1,24.86,98.31,48.02,13.56
S Houghton,14,174,234,14,134,12,5,12.43,74.36,57.26,7.26
PSR Gurusinghe,28,174,336,27,214,9,0,6.44,51.79,63.69,2.68
WB Rankin,35,174,341,14,236,12,3,12.43,51.03,69.21,4.4
A Sokovagone,6,174,129,7,53,10,12,24.86,134.88,41.09,17.05
Rahat Ali,32,174,446,23,364,22,3,7.57,39.01,81.61,5.61
STRA de Silva,12,173,202,9,101,13,1,19.22,85.64,50.0,6.93
G Kodali,28,173,242,22,118,11,0,7.86,71.49,48.76,4.55
F Malefula,14,173,187,12,91,14,1,14.42,92.51,48.66,8.02
P Suanchuai,20,173,269,19,161,12,3,9.11,64.31,59.85,5.58
C Bah,21,173,165,18,74,12,6,9.61,104.85,44.85,10.91
Hassan Rasheed,15,173,201,16,94,9,6,10.81,86.07,46.77,7.46
MK Thakur,15,173,144,12,57,10,9,14.42,120.14,39.58,13.19
Basir Ahamad,9,172,184,8,87,15,4,21.5,93.48,47.28,10.33
BA Parchment,9,172,364,11,282,19,2,15.64,47.25,77.47,5.77
M Mwangi,18,172,248,13,146,14,1,13.23,69.35,58.87,6.05
Natim Hassam,8,171,159,4,61,13,5,42.75,107.55,38.36,11.32
Najibullah Zadran,7,171,126,6,46,11,9,28.5,135.71,36.51,15.87
Muhammad Yasin,11,171,153,11,69,16,6,15.55,111.76,45.1,14.38
C Muthoni,16,171,244,17,151,20,0,10.06,70.08,61.89,8.2
Aslam Mohammad,9,171,142,10,73,11,12,17.1,120.42,51.41,16.2
ML Schutt,41,171,261,26,149,18,0,6.58,65.52,57.09,6.9
G Gune,12,171,178,12,80,13,3,14.25,96.07,44.94,8.99
D Jansen,8,171,159,8,65,12,5,21.38,107.55,40.88,10.69
W Moutswi,21,171,252,15,139,7,0,11.4,67.86,55.16,2.78
KB Patil,15,170,195,14,104,11,4,12.14,87.18,53.33,7.69
SM Solia,6,170,133,7,42,10,9,24.29,127.82,31.58,14.29
XJ Doherty,30,170,360,10,260,14,1,17.0,47.22,72.22,4.17
Abdul Wahid,10,170,131,6,44,13,8,28.33,129.77,33.59,16.03
Omid Mailk Khel,9,170,156,9,58,15,4,18.89,108.97,37.18,12.18
F Nsubuga,21,170,158,12,76,9,10,14.17,107.59,48.1,12.03
A Canning,33,170,264,28,155,12,2,6.07,64.39,58.71,5.3
Ada Bhasin,26,170,297,22,192,12,2,7.73,57.24,64.65,4.71
Abrar Ahmed,35,170,225,21,156,23,5,8.1,75.56,69.33,12.44
DH Yagnik,17,170,137,9,55,23,2,18.89,124.09,40.15,18.25
HS Baidwan,17,169,220,12,112,14,1,14.08,76.82,50.91,6.82
Shariq Munir,9,169,116,9,45,15,8,18.78,145.69,38.79,19.83
PJ Ongondo,30,169,263,23,167,10,5,7.35,64.26,63.5,5.7
RA Young,5,169,419,7,330,19,1,24.14,40.33,78.76,4.77
H Davids,11,169,158,11,74,18,4,15.36,106.96,46.84,13.92
F Achelam,22,169,160,14,83,9,10,12.07,105.62,51.88,11.88
Umar Siddiq,7,169,150,6,69,13,8,28.17,112.67,46.0,14.0
I Toua,28,169,242,23,139,17,0,7.35,69.83,57.44,7.02
TS Chisoro,18,169,253,16,158,14,4,10.56,66.8,62.45,7.11
TA Imlach,6,169,476,11,380,15,2,15.36,35.5,79.83,3.57
CM Gautam,13,169,150,9,75,17,6,18.78,112.67,50.0,15.33
C Tommy,13,169,189,13,84,10,4,13.0,89.42,44.44,7.41
H Niaz,10,168,117,10,54,17,8,16.8,143.59,46.15,21.37
TP Kanwar,17,168,160,12,69,20,2,14.0,105.0,43.12,13.75
TB Pawde,12,168,176,10,91,23,0,16.8,95.45,51.7,13.07
Awais Ahmad,14,168,135,14,72,14,10,12.0,124.44,53.33,17.78
J Alegra,11,168,193,11,94,9,4,15.27,87.05,48.7,6.74
L Bull,24,168,256,14,137,11,0,12.0,65.62,53.52,4.3
Saad Khan,11,168,157,10,76,15,6,16.8,107.01,48.41,13.38
C Potgieter,9,168,123,8,52,10,13,21.0,136.59,42.28,18.7
SS Connell,50,167,295,21,190,14,2,7.95,56.61,64.41,5.42
NA Rock,18,167,172,17,77,13,3,9.82,97.09,44.77,9.3
Tamoor Sajjad,6,167,140,6,50,11,7,27.83,119.29,35.71,12.86
Kaushal Kumar,10,167,171,8,92,20,4,20.88,97.66,53.8,14.04
VV Morea,11,167,251,13,158,16,1,12.85,66.53,62.95,6.77
M Ariokot,25,167,236,13,134,14,0,12.85,70.76,56.78,5.93
KT Kasuza,5,167,545,8,458,14,2,20.88,30.64,84.04,2.94
Gurdeep Singh,9,167,176,8,89,18,3,20.88,94.89,50.57,11.93
Usama Mir,30,166,121,23,56,10,13,7.22,137.19,46.28,19.01
SH Mohamedi,23,166,213,18,125,18,0,9.22,77.93,58.69,8.45
Ruchitha Venkatesh,28,166,286,17,160,6,1,9.76,58.04,55.94,2.45
ED Silva,7,166,89,7,34,10,15,23.71,186.52,38.2,28.09
SI Mahmood,21,166,262,19,174,18,1,8.74,63.36,66.41,7.25
IG Sharp,12,166,155,7,60,18,1,23.71,107.1,38.71,12.26
Nashra Sandhu,68,166,493,34,366,9,1,4.88,33.67,74.24,2.03
HJ Jordaan,8,166,210,8,101,10,4,20.75,79.05,48.1,6.67
MM Patel,46,165,284,24,194,19,2,6.88,58.1,68.31,7.39
K Weeraratne,9,165,174,6,70,10,3,27.5,94.83,40.23,7.47
NN Saidi,23,165,271,16,148,7,0,10.31,60.89,54.61,2.58
C Carmichael,4,164,295,6,202,18,1,27.33,55.59,68.47,6.44
M Vandrasi,8,164,156,6,62,17,1,27.33,105.13,39.74,11.54
NT Ellis,28,164,200,18,113,9,8,9.11,82.0,56.5,8.5
C Dickson,13,164,197,11,91,10,3,14.91,83.25,46.19,6.6
T Luka,21,164,296,19,191,11,0,8.63,55.41,64.53,3.72
PC McGeown,15,164,248,12,151,14,0,13.67,66.13,60.89,5.65
GM Strydom,11,164,219,10,134,12,7,16.4,74.89,61.19,8.68
PA Reddy,10,164,160,10,65,15,2,16.4,102.5,40.62,10.62
G Obukor,10,164,206,10,107,13,0,16.4,79.61,51.94,6.31
V Permaul,13,164,316,13,238,19,2,12.62,51.9,75.32,6.65
C Carter,12,164,232,11,140,19,0,14.91,70.69,60.34,8.19
J Maguire,33,164,211,20,97,6,2,8.2,77.73,45.97,3.79
BS Stephenson,11,164,140,9,65,11,9,18.22,117.14,46.43,14.29
Kulwinderjeet Singh,8,163,110,6,51,18,9,27.17,148.18,46.36,24.55
S Vashisht,19,163,168,13,77,13,5,12.54,97.02,45.83,10.71
CT Tremlett,21,163,388,19,305,14,2,8.58,42.01,78.61,4.12
AL Hodgkinson,6,163,229,6,133,15,0,27.17,71.18,58.08,6.55
Saghar Manzoor,14,163,184,13,107,17,6,12.54,88.59,58.15,12.5
S Konstas,5,163,289,10,215,20,2,16.3,56.4,74.39,7.61
L Klusener,8,163,152,3,66,9,8,54.33,107.24,43.42,11.18
Zulqarnain Haider,10,162,302,9,215,19,0,18.0,53.64,71.19,6.29
Khaibar Deldar,12,162,138,12,75,17,7,13.5,117.39,54.35,17.39
HG Kuhn,10,162,339,12,265,21,2,13.5,47.79,78.17,6.78
MA Abbas,6,162,203,6,103,8,4,27.0,79.8,50.74,5.91
JS Kundi,19,162,170,15,79,10,6,10.8,95.29,46.47,9.41
I Waqavakatoga,14,162,243,13,152,19,1,12.46,66.67,62.55,8.23
N Jagadeesan,10,162,147,9,65,21,2,18.0,110.2,44.22,15.65
DP Michael,5,162,134,4,46,12,7,40.5,120.9,34.33,14.18
Mujibur Ali,11,162,263,11,157,15,0,14.73,61.6,59.7,5.7
Rohit Kumar,12,161,134,11,70,20,6,14.64,120.15,52.24,19.4
R Poddar,14,161,189,10,92,14,1,16.1,85.19,48.68,7.94
AS Withanage,8,161,170,7,92,25,0,23.0,94.71,54.12,14.71
A Shahi,13,161,91,11,35,9,14,14.64,176.92,38.46,25.27
MR Gillespie,20,161,218,15,142,16,4,10.73,73.85,65.14,9.17
LA Burns,14,161,140,11,47,15,2,14.64,115.0,33.57,12.14
Waqas Ahmad,12,161,100,8,37,10,12,20.12,161.0,37.0,22.0
PP Ojha,51,161,655,22,541,10,1,7.32,24.58,82.6,1.68
GEF Barnett,7,161,227,7,143,19,0,23.0,70.93,63.0,8.37
JB Nero,13,161,240,12,150,18,1,13.42,67.08,62.5,7.92
E Thelander,12,160,217,9,110,9,0,17.78,73.73,50.69,4.15
M Turay,22,160,260,21,158,12,0,7.62,61.54,60.77,4.62
OJ Phillips,2,160,312,4,216,16,0,40.0,51.28,69.23,5.13
S Khurana,13,160,158,9,56,15,0,17.78,101.27,35.44,9.49
A Nehra,55,160,283,34,192,13,5,4.71,56.54,67.84,6.36
Danish Aziz,12,160,146,10,65,10,8,16.0,109.59,44.52,12.33
FRJ Coleman,8,160,214,7,126,18,1,22.86,74.77,58.88,8.88
Syed Haider,12,160,147,9,58,10,6,17.78,108.84,39.46,10.88
Kaleem Sana,26,159,184,12,109,8,10,13.25,86.41,59.24,9.78
K Mirpuri,16,159,148,4,43,10,4,39.75,107.43,29.05,9.46
Jaskaran Singh,16,159,137,11,65,10,9,14.45,116.06,47.45,13.87
MM Sharma,41,159,209,21,123,14,4,7.57,76.08,58.85,8.61
K Sinclair,9,159,365,10,270,14,1,15.9,43.56,73.97,4.11
Akshay Homraj,8,159,223,8,130,9,4,19.88,71.3,58.3,5.83
K Dema,24,159,314,19,206,12,0,8.37,50.64,65.61,3.82
Bilal Muhammad,13,159,83,8,22,7,12,19.88,191.57,26.51,22.89
Yves Cyusa,15,158,184,11,100,14,4,14.36,85.87,54.35,9.78
Mohammad Asif,35,158,469,33,386,19,0,4.79,33.69,82.3,4.05
Qasim Akram,10,158,121,9,49,16,5,17.56,130.58,40.5,17.36
Rizwan Mahmood,11,158,131,10,47,10,6,15.8,120.61,35.88,12.21
R Nath,11,158,177,10,93,12,6,15.8,89.27,52.54,10.17
S Koppolu,13,157,149,11,70,15,4,14.27,105.37,46.98,12.75
Raja Shoaib,9,157,175,5,86,15,2,31.4,89.71,49.14,9.71
Nur Dania Syuhada,25,157,268,20,157,10,0,7.85,58.58,58.58,3.73
KA Blackwell,3,157,517,6,442,25,0,26.17,30.37,85.49,4.84
RK Kleinveldt,13,157,195,11,131,11,10,14.27,80.51,67.18,10.77
Hamid Safi,13,157,92,8,40,6,16,19.62,170.65,43.48,23.91
D Mohammed,4,157,217,4,154,21,4,39.25,72.35,70.97,11.52
NC Dodd,12,157,301,12,211,17,1,13.08,52.16,70.1,5.98
N Sibanda,26,157,353,19,249,11,0,8.26,44.48,70.54,3.12
JM Vujinovich,13,157,242,13,126,10,1,12.08,64.88,52.07,4.55
MD Choudhary,8,156,107,5,42,9,12,31.2,145.79,39.25,19.63
Nur Arianna Natsya,33,156,277,24,157,6,0,6.5,56.32,56.68,2.17
SRH Curtis,9,156,229,7,125,11,0,22.29,68.12,54.59,4.8
PJ Malan,3,156,530,6,429,11,0,26.0,29.43,80.94,2.08
FL Reifer,9,156,333,12,230,12,2,13.0,46.85,69.07,4.2
V Igbinedion,10,156,215,9,137,20,1,17.33,72.56,63.72,9.77
L Balaji,26,155,207,17,124,11,5,9.12,74.88,59.9,7.73
Saad Masood,7,155,110,6,44,21,4,25.83,140.91,40.0,22.73
K McGill,20,155,193,14,84,11,0,11.07,80.31,43.52,5.7
S MacMahon,21,155,179,18,89,15,0,8.61,86.59,49.72,8.38
Amandeep Singh,13,154,124,8,52,14,4,19.25,124.19,41.94,14.52
A Phillip,8,154,448,8,366,16,2,19.25,34.38,81.7,4.02
D Ravu,22,154,225,14,141,13,4,11.0,68.44,62.67,7.56
V Nigam,9,154,86,6,28,18,8,25.67,179.07,32.56,30.23
AC Sabino,16,154,182,11,104,15,3,14.0,84.62,57.14,9.89
SK Atai,23,154,232,16,132,11,1,9.62,66.38,56.9,5.17
CAH Stevenson,19,154,230,14,129,12,1,11.0,66.96,56.09,5.65
Hadisullah Tarakhel,5,154,84,4,34,16,11,38.5,183.33,40.48,32.14
Zahoor Khan,46,154,280,24,191,11,4,6.42,55.0,68.21,5.36
EAS Ferrary,10,154,175,9,79,14,0,17.11,88.0,45.14,8.0
GK Berg,12,153,123,7,45,11,6,21.86,124.39,36.59,13.82
Virk Ali,8,153,170,8,83,10,4,19.12,90.0,48.82,8.24
A Rawat,2,153,185,1,110,20,2,153.0,82.7,59.46,11.89
A Kainessie,11,153,159,11,80,16,2,13.91,96.23,50.31,11.32
Kartik Sharma,7,153,120,5,51,11,9,30.6,127.5,42.5,16.67
A Bierwisch,17,153,283,14,165,4,0,10.93,54.06,58.3,1.41
JJ van der Wath,15,153,125,11,57,7,10,13.91,122.4,45.6,13.6
NS Prasad,7,153,128,5,46,19,2,30.6,119.53,35.94,16.41
A Stocks,14,153,269,14,151,5,1,10.93,56.88,56.13,2.23
L Little,24,153,164,19,81,13,3,8.05,93.29,49.39,9.76
OAC Banks,5,153,356,6,270,15,2,25.5,42.98,75.84,4.78
R Malhotra,9,152,237,6,131,7,0,25.33,64.14,55.27,2.95
IE Mulhovo,22,152,377,23,274,10,0,6.61,40.32,72.68,2.65
M Gill,8,152,207,6,113,15,1,25.33,73.43,54.59,7.73
S Crowie,8,152,195,7,101,15,1,21.71,77.95,51.79,8.21
KJ Ferrary,8,152,147,6,59,13,3,25.33,103.4,40.14,10.88
Naeem Gull,10,152,179,12,105,21,2,12.67,84.92,58.66,12.85
MBA Lamplough,21,151,207,17,103,8,0,8.88,72.95,49.76,3.86
Yasar Haroon,15,151,205,14,115,13,2,10.79,73.66,56.1,7.32
Ghulam Abbas Butt,13,151,127,13,69,18,5,11.62,118.9,54.33,18.11
S Lundell,8,151,157,5,75,18,0,30.2,96.18,47.77,11.46
Waseem Yaqoob,12,151,201,13,121,13,4,11.62,75.12,60.2,8.46
Umaid Asif,16,151,94,9,38,11,11,16.78,160.64,40.43,23.4
Khin Aye,27,151,321,22,217,7,3,6.86,47.04,67.6,3.12
MJ Potts,16,150,289,12,206,16,2,12.5,51.9,71.28,6.23
ID Blackwell,19,150,227,17,141,17,1,8.82,66.08,62.11,7.93
A Otwani,12,150,149,13,75,19,2,11.54,100.67,50.34,14.09
AL Watkins,5,150,116,4,49,19,2,37.5,129.31,42.24,18.1
Adnan Ilyas,8,150,146,8,61,11,3,18.75,102.74,41.78,9.59
Jahandad Khan,16,150,107,11,39,9,10,13.64,140.19,36.45,17.76
TKP Rajapaksha,13,150,200,13,118,17,1,11.54,75.0,59.0,9.0
AA Mulla,8,150,155,8,91,21,4,18.75,96.77,58.71,16.13
N Dutta,12,150,170,8,81,7,7,18.75,88.24,47.65,8.24
Aamir Lal,9,149,127,8,54,7,9,18.62,117.32,42.52,12.6
Bakhtiar Tahiri,6,149,141,6,72,13,6,24.83,105.67,51.06,13.48
JF Kloppenburg,4,149,232,4,142,9,4,37.25,64.22,61.21,5.6
J Jemison,20,149,216,17,119,10,1,8.76,68.98,55.09,5.09
KV Jain,10,149,398,11,310,18,0,13.55,37.44,77.89,4.52
N Pathan,8,149,128,6,54,10,7,24.83,116.41,42.19,13.28
Aina Najwa,29,149,261,17,144,3,0,8.76,57.09,55.17,1.15
Muhammed Manga,8,149,187,9,102,8,4,16.56,79.68,54.55,6.42
S Ashwathnarayana,7,148,103,4,40,9,9,37.0,143.69,38.83,17.48
Ali Rahmon,7,148,123,6,56,17,3,24.67,120.33,45.53,16.26
Mansoor Safi,8,148,73,8,25,11,12,18.5,202.74,34.25,31.51
Amar Sharma,14,148,178,11,76,6,2,13.45,83.15,42.7,4.49
MO Jones,17,148,177,11,92,5,7,13.45,83.62,51.98,6.78
Shawaal Zulfiqar,13,148,206,13,131,22,0,11.38,71.84,63.59,10.68
M Machado,11,148,125,10,54,13,5,14.8,118.4,43.2,14.4
CM Greechan,15,148,214,11,98,4,0,13.45,69.16,45.79,1.87
Muhammad Nadir,28,148,197,19,114,10,5,7.79,75.13,57.87,7.61
A Dhabe,11,147,146,5,65,8,6,29.4,100.68,44.52,9.59
M Choamba,18,147,207,15,116,7,3,9.8,71.01,56.04,4.83
Maaz Khan,16,147,145,15,73,10,8,9.8,101.38,50.34,12.41
R Dhar,5,147,227,5,158,22,0,29.4,64.76,69.6,9.69
Kalhan Challu,8,147,108,4,19,10,3,36.75,136.11,17.59,12.04
Rasheed Ali Mamadkhel,11,147,120,11,52,10,8,13.36,122.5,43.33,15.0
TK Joseph,23,147,164,18,86,7,5,8.17,89.63,52.44,7.32
Qanita Jalil,29,147,201,27,111,15,0,5.44,73.13,55.22,7.46
Muhammad Younis,11,147,139,11,68,15,5,13.36,105.76,48.92,14.39
TR Gripper,5,147,359,8,281,18,0,18.38,40.95,78.27,5.01
Shivam Sharma,10,147,173,9,86,9,5,16.33,84.97,49.71,8.09
C Murray,33,147,248,21,152,12,0,7.0,59.27,61.29,4.84
DM Kimmince,12,147,160,6,63,8,2,24.5,91.88,39.38,6.25
RD Chahar,24,147,154,18,84,14,5,8.17,95.45,54.55,12.34
J Chialoufas,10,147,143,8,68,11,4,18.38,102.8,47.55,10.49
M Stanikzai,11,146,111,10,45,12,6,14.6,131.53,40.54,16.22
Usman Arif,10,146,80,10,33,6,15,14.6,182.5,41.25,26.25
B Murekatete,32,146,205,20,113,14,0,7.3,71.22,55.12,6.83
S Vaia,11,146,230,10,137,12,0,14.6,63.48,59.57,5.22
D Wheatley,21,146,180,16,100,10,4,9.12,81.11,55.56,7.78
O Bascome,11,146,144,11,77,11,8,13.27,101.39,53.47,13.19
T Kolcunova,12,146,220,13,128,12,0,11.23,66.36,58.18,5.45
KM Molapo,20,145,290,19,187,7,0,7.63,50.0,64.48,2.41
D Ruynekova,14,145,205,13,112,12,0,11.15,70.73,54.63,5.85
J Neill,2,145,242,4,188,24,2,36.25,59.92,77.69,10.74
BF Mailata,9,145,153,9,83,9,9,16.11,94.77,54.25,11.76
S Vidyut,8,145,109,8,49,21,3,18.12,133.03,44.95,22.02
Sachin Baby,11,144,118,10,44,11,5,14.4,122.03,37.29,13.56
Rameen Shamim,15,144,212,9,119,13,0,16.0,67.92,56.13,6.13
C Chukwuonye,21,144,177,15,100,13,1,9.6,81.36,56.5,7.91
DDP D'Silva,11,144,227,7,136,13,0,20.57,63.44,59.91,5.73
KR Patterson,2,144,274,1,198,17,1,144.0,52.55,72.26,6.57
Lucky Ali,14,144,175,10,88,11,0,14.4,82.29,50.29,6.29
LL Htun,21,144,252,19,162,12,0,7.58,57.14,64.29,4.76
G Dempsey,19,144,214,9,112,9,0,16.0,67.29,52.34,4.21
BF Smith,8,143,119,7,54,23,0,20.43,120.17,45.38,19.33
G Manan,12,143,88,12,40,15,10,11.92,162.5,45.45,28.41
Maidul Islam,8,143,149,8,71,13,4,17.88,95.97,47.65,11.41
MS Kasprowicz,17,143,288,14,206,13,0,10.21,49.65,71.53,4.51
CE Jacob,14,143,222,14,121,10,0,10.21,64.41,54.5,4.5
W Wotu,14,143,136,11,71,5,11,13.0,105.15,52.21,11.76
Mohameed Taiwo,28,143,194,20,111,8,3,7.15,73.71,57.22,5.67
JD Allan,14,142,165,15,87,13,2,9.47,86.06,52.73,9.09
MB Loye,7,142,184,6,129,19,5,23.67,77.17,70.11,13.04
JM Watkin,12,142,113,10,60,21,4,14.2,125.66,53.1,22.12
Apsari Begam,15,142,216,11,129,13,0,12.91,65.74,59.72,6.02
HJW Gardiner,7,142,213,7,132,16,0,20.29,66.67,61.97,7.51
S Grover,16,142,131,13,59,13,4,10.92,108.4,45.04,12.98
Salvin Stanly,17,142,157,15,73,13,3,9.47,90.45,46.5,10.19
MG Neser,9,142,286,11,220,19,1,12.91,49.65,76.92,6.99
KV Morea,25,142,180,13,99,10,4,10.92,78.89,55.0,7.78
NA Saini,14,142,172,6,99,15,3,23.67,82.56,57.56,10.47
JAH Marshall,13,142,325,15,251,19,0,9.47,43.69,77.23,5.85
Ariful Haque,9,142,217,8,134,12,2,17.75,65.44,61.75,6.45
L Denny,11,141,144,9,55,10,1,15.67,97.92,38.19,7.64
T Dissanayake,6,141,116,5,40,14,2,28.2,121.55,34.48,13.79
T Wangchuk,28,141,195,27,101,8,3,5.22,72.31,51.79,5.64
Arshad Khan,13,141,106,6,42,7,9,23.5,133.02,39.62,15.09
Viktoria Frey,15,141,180,15,75,11,0,9.4,78.33,41.67,6.11
L Ostergaard,12,141,236,11,129,7,0,12.82,59.75,54.66,2.97
Rohail Nazir,9,141,111,9,42,17,4,15.67,127.03,37.84,18.92
KJJ van Noortwijk,3,141,138,2,64,12,3,70.5,102.17,46.38,10.87
A Mutreja,8,141,106,7,40,9,8,20.14,133.02,37.74,16.04
R Klein,16,140,155,12,65,8,3,11.67,90.32,41.94,7.1
LM Gabriel,12,140,155,12,88,16,2,11.67,90.32,56.77,11.61
N Saini,10,140,141,11,65,16,0,12.73,99.29,46.1,11.35
TS Hasabnis,6,140,178,3,95,16,0,46.67,78.65,53.37,8.99
R Chandrika,5,140,448,10,369,11,0,14.0,31.25,82.37,2.46
Sulaiman Ali,11,139,132,10,64,12,4,13.9,105.3,48.48,12.12
C Wright,23,139,178,15,90,5,3,9.27,78.09,50.56,4.49
U Bhatti,10,139,143,8,73,11,3,17.38,97.2,51.05,9.79
Kamran Khan (2),7,139,127,7,69,14,7,19.86,109.45,54.33,16.54
Baseer Khan,13,139,114,9,40,8,7,15.44,121.93,35.09,13.16
Sahel Zadran,19,139,108,14,48,13,6,9.93,128.7,44.44,17.59
G Chohan,14,139,137,12,68,13,3,11.58,101.46,49.64,11.68
Sameera Khan,19,139,174,9,90,10,0,15.44,79.89,51.72,5.75
EH Hutchinson,7,139,133,5,70,10,7,27.8,104.51,52.63,12.78
AL Seddon,10,139,144,8,67,15,0,17.38,96.53,46.53,10.42
L Leisner,14,139,182,14,94,11,1,9.93,76.37,51.65,6.59
Anmolpreet Singh,9,139,115,9,53,19,3,15.44,120.87,46.09,19.13
G Shukla,10,139,143,9,62,15,0,15.44,97.2,43.36,10.49
Wahidullah Usmani,6,138,137,7,67,14,2,19.71,100.73,48.91,11.68
VE Tembo,14,138,131,12,70,12,6,11.5,105.34,53.44,13.74
MSN Ekani,17,138,307,16,220,11,0,8.62,44.95,71.66,3.58
Tuba Hassan,20,138,153,12,76,13,1,11.5,90.2,49.67,9.15
D Gough,14,138,215,8,130,12,1,17.25,64.19,60.47,6.05
P Manning,13,138,203,11,114,10,1,12.55,67.98,56.16,5.42
ARI Umeed,4,138,139,3,80,18,3,46.0,99.28,57.55,15.11
S Krisheta,10,138,164,12,72,7,0,11.5,84.15,43.9,4.27
GI Hume,15,138,263,10,188,12,4,13.8,52.47,71.48,6.08
RSM Lili'i,7,137,140,4,67,17,0,34.25,97.86,47.86,12.14
N Senamontree,30,137,223,17,108,3,0,8.06,61.43,48.43,1.35
Anique Uddin,12,137,172,11,76,8,1,12.45,79.65,44.19,5.23
S Wetoto,11,137,117,7,58,17,5,19.57,117.09,49.57,18.8
Yusuf Ebrahim,15,137,196,15,105,8,0,9.13,69.9,53.57,4.08
A Davidson Soler,8,137,115,5,36,11,1,27.4,119.13,31.3,10.43
K Peddrick,20,137,185,15,103,15,0,9.13,74.05,55.68,8.11
SM Sharma,11,136,142,7,72,7,5,19.43,95.77,50.7,8.45
T Whiteman,7,136,115,6,50,14,4,22.67,118.26,43.48,15.65
YP Dayal,13,136,158,10,66,4,3,13.6,86.08,41.77,4.43
A Savvani,17,136,267,14,158,6,0,9.71,50.94,59.18,2.25
TS Erichsen,11,136,193,9,111,12,0,15.11,70.47,57.51,6.22
Waqar Zalmai,16,136,102,7,42,9,9,19.43,133.33,41.18,17.65
SR Patil,24,136,115,10,54,20,2,13.6,118.26,46.96,19.13
J Dzulfikar,16,136,172,12,100,14,2,11.33,79.07,58.14,9.3
S Anirudha,12,136,113,8,45,9,7,17.0,120.35,39.82,14.16
S Conteh,17,136,197,16,109,9,1,8.5,69.04,55.33,5.08
N Mlaba,36,135,213,27,143,15,2,5.0,63.38,67.14,7.98
RN Lewis,10,135,139,10,68,2,8,13.5,97.12,48.92,7.19
Zada Sher,7,135,93,7,32,10,7,19.29,145.16,34.41,18.28
RJ Hatchman,13,135,94,11,39,9,8,12.27,143.62,41.49,18.09
SB Wagh,9,135,164,11,77,10,1,12.27,82.32,46.95,6.71
S Kharvi,14,135,151,13,86,8,7,10.38,89.4,56.95,9.93
M Beitaki,11,135,134,11,68,10,6,12.27,100.75,50.75,11.94
HDPK Dharmasena,9,135,170,8,80,9,0,16.88,79.41,47.06,5.29
HK Badani,5,135,174,3,90,9,1,45.0,77.59,51.72,5.75
SM Benade,8,134,165,7,96,14,2,19.14,81.21,58.18,9.7
Zhang Mei,8,134,161,6,83,12,0,22.33,83.23,51.55,7.45
ME Violleau,16,134,236,14,145,11,0,9.57,56.78,61.44,4.66
SM Boland,20,134,415,17,345,17,0,7.88,32.29,83.13,4.1
M Khojbariya,14,134,137,14,64,16,0,9.57,97.81,46.72,11.68
PA Browne,5,134,179,4,106,7,6,33.5,74.86,59.22,7.26
PD Hennessy,8,134,142,7,61,6,4,19.14,94.37,42.96,7.04
A Prashar,10,134,82,8,24,8,9,16.75,163.41,29.27,20.73
OD Hald,14,134,114,10,44,9,5,13.4,117.54,38.6,12.28
K Pierre,12,133,230,8,161,14,3,16.62,57.83,70.0,7.39
Rahel Khan,6,133,100,6,53,12,8,22.17,133.0,53.0,20.0
ML Love,4,133,322,5,251,10,0,26.6,41.3,77.95,3.11
Mohammad Hasnain,30,133,131,13,74,18,3,10.23,101.53,56.49,16.03
Tarun Sharma,12,133,134,11,62,9,6,12.09,99.25,46.27,11.19
VC Drakes,11,133,272,10,197,13,1,13.3,48.9,72.43,5.15
NJ Ferraby,13,133,135,14,71,19,0,9.5,98.52,52.59,14.07
TS Sekhukhune,21,133,397,10,318,14,0,13.3,33.5,80.1,3.53
PF Gallagher,16,133,104,14,52,12,8,9.5,127.88,50.0,19.23
JC Balt,12,132,169,9,87,8,3,14.67,78.11,51.48,6.51
DS Kulkarni,23,132,137,9,58,9,3,14.67,96.35,42.34,8.76
TJ Friend,7,132,169,7,103,14,2,18.86,78.11,60.95,9.47
JKC Claxton,13,132,129,9,71,15,4,14.67,102.33,55.04,14.73
C Hinze,15,132,124,9,51,11,2,14.67,106.45,41.13,10.48
D Keulder,6,132,220,6,133,11,0,22.0,60.0,60.45,5.0
SP Khakurel,11,132,239,12,153,7,1,11.0,55.23,64.02,3.35
TG Norris,12,132,126,9,57,14,1,14.67,104.76,45.24,11.9
S Vuni,11,132,193,8,115,13,0,16.5,68.39,59.59,6.74
Ijaz Hussain,19,132,147,15,73,13,1,8.8,89.8,49.66,9.52
Shaof Hassan,10,132,100,7,42,10,7,18.86,132.0,42.0,17.0
OJ Webster,6,132,95,7,36,14,5,18.86,138.95,37.89,20.0
Raghvi Bist,7,131,123,6,42,8,4,21.83,106.5,34.15,9.76
A Chilia,21,131,229,17,139,10,0,7.71,57.21,60.7,4.37
Abdul Hashim,15,131,154,11,77,10,2,11.91,85.06,50.0,7.79
L Rajadurai,10,131,334,8,259,13,0,16.38,39.22,77.54,3.89
S Tosic,14,131,235,12,136,8,0,10.92,55.74,57.87,3.4
S Mahmood,20,131,237,11,160,8,3,11.91,55.27,67.51,4.64
C Zhou,12,131,244,13,164,10,0,10.08,53.69,67.21,4.1
R Panchal,13,131,178,6,88,3,4,21.83,73.6,49.44,3.93
Tanzeel Sheikh,10,131,86,9,37,11,8,14.56,152.33,43.02,22.09
Bazid Khan,5,131,232,5,144,7,1,26.2,56.47,62.07,3.45
Amad Butt,15,130,91,11,35,9,8,11.82,142.86,38.46,18.68
JA Duffy,21,130,165,10,101,19,0,13.0,78.79,61.21,11.52
V Hirlal,13,130,194,11,120,11,2,11.82,67.01,61.86,6.7
Z de Bruyn,2,130,344,2,270,9,3,65.0,37.79,78.49,3.49
P Thongsa,20,130,186,12,89,5,0,10.83,69.89,47.85,2.69
S Pillai,10,130,188,9,120,15,2,14.44,69.15,63.83,9.04
Adnan Mirza,9,130,102,9,50,22,2,14.44,127.45,49.02,23.53
DA Galia,23,130,261,21,161,4,0,6.19,49.81,61.69,1.53
CW Perchard,18,130,135,11,60,5,7,11.82,96.3,44.44,8.89
D Bau,8,130,219,6,135,10,1,21.67,59.36,61.64,5.02
Zuhaib Zubair,16,130,112,10,49,9,5,13.0,116.07,43.75,12.5
K Tathgur,10,129,113,7,48,5,8,18.43,114.16,42.48,11.5
Tashi Phuntsho,14,129,191,9,87,4,1,14.33,67.54,45.55,2.62
ST Frohnmayer,14,129,219,14,126,7,0,9.21,58.9,57.53,3.2
D Jakiel,17,129,180,13,94,7,1,9.92,71.67,52.22,4.44
Imran Butt (2),4,129,360,6,288,14,0,21.5,35.83,80.0,3.89
K Sathish,8,128,132,8,63,13,2,16.0,96.97,47.73,11.36
SS Grimmond,20,128,173,16,103,10,4,8.0,73.99,59.54,8.09
Faheem Nellancheri,10,128,87,9,32,11,6,14.22,147.13,36.78,19.54
C Henery,11,128,121,8,47,12,2,16.0,105.79,38.84,11.57
F Stoman,14,128,169,10,88,5,4,12.8,75.74,52.07,5.33
Farhan Yousaf,7,128,84,5,25,10,7,25.6,152.38,29.76,20.24
J Trembeath-Moro,6,128,148,5,75,10,3,25.6,86.49,50.68,8.78
N Salekar,12,128,154,11,65,6,1,11.64,83.12,42.21,4.55
Muhammad Akhlaq,9,128,98,10,47,15,6,12.8,130.61,47.96,21.43
MI Khagoitsa,15,128,154,12,91,17,1,10.67,83.12,59.09,11.69
V Mahajan,11,127,179,12,95,9,1,10.58,70.95,53.07,5.59
TJG Pringle,19,127,138,16,67,5,5,7.94,92.03,48.55,7.25
C Pengkumta,19,127,167,15,90,6,5,8.47,76.05,53.89,6.59
P Dogra,12,127,138,12,60,4,5,10.58,92.03,43.48,6.52
S Jegannathan,9,127,141,5,75,11,5,25.4,90.07,53.19,11.35
KO Meth,9,127,228,9,157,12,2,14.11,55.7,68.86,6.14
A Kadowaki Fleming,3,127,79,2,14,10,2,63.5,160.76,17.72,15.19
S Foo-Ryland,3,127,143,1,60,14,0,127.0,88.81,41.96,9.79
ZE Surkari,8,127,292,7,202,7,0,18.14,43.49,69.18,2.4
M Ngoche,9,127,165,8,97,16,1,15.88,76.97,58.79,10.3
KW Richardson,21,127,123,11,63,10,5,11.55,103.25,51.22,12.2
D Foerster,23,127,172,11,97,10,2,11.55,73.84,56.4,6.98
R Pasipanodya,12,127,242,8,172,14,1,15.88,52.48,71.07,6.2
S Bhaskar,8,127,156,7,84,15,0,18.14,81.41,53.85,9.62
Ayaz Dadabhai,10,127,120,8,41,6,5,15.88,105.83,34.17,9.17
Zafar Gohar,10,126,186,7,129,14,2,18.0,67.74,69.35,8.6
DE Bollinger,21,126,237,11,167,13,1,11.45,53.16,70.46,5.91
OP Stone,12,126,270,13,206,14,1,9.69,46.67,76.3,5.56
L Ramjit,8,126,174,4,94,12,0,31.5,72.41,54.02,6.9
A Davidson-Soler,8,126,144,6,62,7,0,21.0,87.5,43.06,4.86
GG Alta,12,126,147,11,78,7,6,11.45,85.71,53.06,8.84
SS Prabhudessai,10,126,106,9,48,11,4,14.0,118.87,45.28,14.15
H Venkataram,12,126,119,3,48,10,3,42.0,105.88,40.34,10.92
KK Cooper,15,126,79,11,31,10,8,11.45,159.49,39.24,22.78
Azmatullah Omarzai,12,125,88,10,32,11,6,12.5,142.05,36.36,19.32
LC Le Tissier,11,125,98,7,41,16,3,17.86,127.55,41.84,19.39
E Duff,14,125,204,12,124,12,0,10.42,61.27,60.78,5.88
CD Collymore,29,125,336,23,268,8,2,5.43,37.2,79.76,2.98
Waqar Ul Hassan,5,125,104,4,37,9,5,31.25,120.19,35.58,13.46
BB Samantray,8,125,113,5,45,13,2,25.0,110.62,39.82,13.27
L Idambo,21,125,207,15,122,11,0,8.33,60.39,58.94,5.31
Marshall Ayub,3,125,291,6,227,13,1,20.83,42.96,78.01,4.81
PJ van Biljon,8,125,101,6,38,10,4,20.83,123.76,37.62,13.86
MC Juneja,7,125,128,7,48,11,1,17.86,97.66,37.5,9.38
C Sudarsanan,17,125,170,11,89,9,1,11.36,73.53,52.35,5.88
Dhiman Ghosh,12,125,201,10,120,9,1,12.5,62.19,59.7,4.98
ML Nkala,10,125,175,9,105,12,2,13.89,71.43,60.0,8.0
RJ Trott,11,125,247,7,166,10,0,17.86,50.61,67.21,4.05
Muhammad Moiz,14,124,96,14,46,11,7,8.86,129.17,47.92,18.75
WNA Bucuane,18,124,195,17,111,10,0,7.29,63.59,56.92,5.13
Dipanjan Dey,5,124,93,3,26,8,3,41.33,133.33,27.96,11.83
PD McGlashan,11,124,115,9,50,12,3,13.78,107.83,43.48,13.04
JOP Scamans,13,124,128,12,58,8,1,10.33,96.88,45.31,7.03
KDA Lukies,14,124,121,7,52,8,4,17.71,102.48,42.98,9.92
Shashikant Laxman,15,124,127,15,76,18,2,8.27,97.64,59.84,15.75
NM Salonen,13,124,137,12,70,9,2,10.33,90.51,51.09,8.03
LI Salomone,10,124,123,10,69,17,3,12.4,100.81,56.1,16.26
PB Gouge,6,124,90,4,28,5,7,31.0,137.78,31.11,13.33
IECM Wong,13,124,91,10,26,6,6,12.4,136.26,28.57,13.19
Washeem Abbas,28,124,103,15,48,8,8,8.27,120.39,46.6,15.53
S Mathur,9,123,145,8,61,6,2,15.38,84.83,42.07,5.52
L Bonner,7,123,99,6,46,10,5,20.5,124.24,46.46,15.15
Muhammad Arfan,9,123,116,6,46,9,3,20.5,106.03,39.66,10.34
D Klein,17,123,99,12,40,10,5,10.25,124.24,40.4,15.15
MJ Scotland,7,123,119,3,46,9,2,41.0,103.36,38.66,9.24
GS Sequeira,3,122,115,1,46,16,1,122.0,106.09,40.0,14.78
Mohammad Kamran,11,122,112,8,49,10,3,15.25,108.93,43.75,11.61
Vineet Shah,9,122,140,7,57,10,1,17.43,87.14,40.71,7.86
BF Calitz,9,122,89,7,26,7,6,17.43,137.08,29.21,14.61
T Murphy,6,122,205,9,151,15,3,13.56,59.51,73.66,8.78
J Intan,25,122,192,16,116,9,0,7.62,63.54,60.42,4.69
M Dillon,13,122,213,11,154,13,2,11.09,57.28,72.3,7.04
AB Fudadin,3,122,380,4,314,15,0,30.5,32.11,82.63,3.95
AJ Jabiri,15,122,212,15,138,11,1,8.13,57.55,65.09,5.66
Roma Thapa,19,122,176,15,91,7,1,8.13,69.32,51.7,4.55
S Ravikumar,11,122,188,11,110,6,2,11.09,64.89,58.51,4.26
ROC Dunka,15,122,131,12,63,5,4,10.17,93.13,48.09,6.87
Zi Mei,16,122,287,13,191,3,0,9.38,42.51,66.55,1.05
JP Maher,6,122,186,5,120,9,3,24.4,65.59,64.52,6.45
EM Bermingham,18,121,126,13,60,9,3,9.31,96.03,47.62,9.52
MHW Papps,8,121,334,13,274,19,0,9.31,36.23,82.04,5.69
N Madziva,16,121,184,11,118,9,3,11.0,65.76,64.13,6.52
Farzan Afzal,4,121,115,3,53,8,6,40.33,105.22,46.09,12.17
K Mendon,6,121,118,5,54,9,3,24.2,102.54,45.76,10.17
C Greenshields,6,121,112,3,51,11,3,40.33,108.04,45.54,12.5
RMAU Grimmond,9,121,180,7,120,12,3,17.29,67.22,66.67,8.33
Niraj Patel,6,121,119,5,56,14,1,24.2,101.68,47.06,12.61
R Haiong,27,121,246,23,161,7,0,5.26,49.19,65.45,2.85
A Nao,23,121,123,11,59,9,4,11.0,98.37,47.97,10.57
J Anderson,7,121,202,7,139,17,0,17.29,59.9,68.81,8.42
M Koli,12,121,109,8,40,10,2,15.12,111.01,36.7,11.01
Mohammad Abbas,26,121,689,19,624,13,2,6.37,17.56,90.57,2.18
VM Nyauchi,14,121,254,13,193,15,1,9.31,47.64,75.98,6.3
AE Isesele,16,121,131,13,65,8,4,9.31,92.37,49.62,9.16
Ismaila Tanba,9,121,100,6,48,16,3,20.17,121.0,48.0,19.0
Syed Rasel,30,120,267,23,200,14,0,5.22,44.94,74.91,5.24
Karri Gullem Keen,13,120,203,12,132,14,0,10.0,59.11,65.02,6.9
EMA McLeod,7,120,164,8,89,10,0,15.0,73.17,54.27,6.1
W Maximo,11,120,172,11,96,10,0,10.91,69.77,55.81,5.81
GC Murtaza,16,120,132,13,66,10,4,9.23,90.91,50.0,10.61
O Asika,10,120,214,7,137,7,0,17.14,56.07,64.02,3.27
YS Chahal,37,120,240,17,162,8,0,7.06,50.0,67.5,3.33
A Pusthay,11,120,148,10,71,10,0,12.0,81.08,47.97,6.76
DL Brangman,15,120,123,7,54,9,2,17.14,97.56,43.9,8.94
Akhil Arjunan,10,120,137,8,56,7,1,15.0,87.59,40.88,5.84
AC Blizzard,7,120,90,7,47,21,2,17.14,133.33,52.22,25.56
CS Fraser,21,120,235,13,158,9,2,9.23,51.06,67.23,4.68
SE Findlay,6,120,168,5,103,13,2,24.0,71.43,61.31,8.93
C Kyewuta,20,120,110,10,46,9,4,12.0,109.09,41.82,11.82
MA Swedy,7,120,91,5,32,14,0,24.0,131.87,35.16,15.38
Nisha Ali,5,119,112,4,50,14,0,29.75,106.25,44.64,12.5
ML Cummins,15,119,330,15,280,13,4,7.93,36.06,84.85,5.15
RGA Amah,10,119,166,9,89,10,1,13.22,71.69,53.61,6.63
TS Roland-Jones,5,119,155,4,108,15,4,29.75,76.77,69.68,12.26
ML Castillo,11,119,137,10,82,11,4,11.9,86.86,59.85,10.95
J Edness,5,119,211,5,140,13,0,23.8,56.4,66.35,6.16
A Mazvishaya,18,119,221,7,136,9,0,17.0,53.85,61.54,4.07
CJ Langford,11,119,108,4,43,9,3,29.75,110.19,39.81,11.11
S Loday,11,119,154,11,68,7,0,10.82,77.27,44.16,4.55
G Kamalini,11,119,114,8,56,15,2,14.88,104.39,49.12,14.91
Danyal Raja,13,119,132,10,61,11,1,11.9,90.15,46.21,9.09
J Byrappa,9,118,123,7,56,6,4,16.86,95.93,45.53,8.13
H Satheedevi,8,118,84,7,36,9,8,16.86,140.48,42.86,20.24
SNJ O'Keefe,12,118,459,12,402,15,1,9.83,25.71,87.58,3.49
RC Irani,10,118,200,7,118,7,0,16.86,59.0,59.0,3.5
D McGahey,6,118,123,6,68,16,1,19.67,95.93,55.28,13.82
Rachel Delaney,19,118,232,13,144,7,0,9.08,50.86,62.07,3.02
Avesh Khan,25,118,92,8,44,12,6,14.75,128.26,47.83,19.57
Mujeeb-ur-Rehman,12,118,127,9,47,10,0,13.11,92.91,37.01,7.87
RM Farrell,12,118,200,7,127,10,0,16.86,59.0,63.5,5.0
VR Vanitha,6,118,123,8,69,18,1,14.75,95.93,56.1,15.45
ML Karlsen,12,118,204,8,117,6,0,14.75,57.84,57.35,2.94
DJ Vilas,8,118,233,13,171,14,0,9.08,50.64,73.39,6.01
Marcelle Hanekom,9,118,126,8,59,13,1,14.75,93.65,46.83,11.11
LA Musiani,10,118,116,9,45,7,1,13.11,101.72,38.79,6.9
BJ Patel,10,118,241,9,180,15,0,13.11,48.96,74.69,6.22
Panna Ghosh,19,117,247,9,171,10,0,13.0,47.37,69.23,4.05
Khurram Shahzad,17,117,291,13,226,13,0,9.0,40.21,77.66,4.47
WA Simpson,6,117,87,3,31,7,6,39.0,134.48,35.63,14.94
S Etim,20,117,179,17,111,11,0,6.88,65.36,62.01,6.15
N Zimonjic,16,117,119,14,64,8,6,8.36,98.32,53.78,11.76
SS Cottrell,30,117,185,17,122,9,4,6.88,63.24,65.95,7.03
U Chetry,11,117,143,10,74,14,0,11.7,81.82,51.75,9.79
Abdul Rahman,7,117,117,5,38,9,1,23.4,100.0,32.48,8.55
PJ Scholfield,8,117,108,7,43,10,2,16.71,108.33,39.81,11.11
KS Bagabena,20,117,135,10,59,5,1,11.7,86.67,43.7,4.44
Gurpreet Singh,9,117,130,6,60,8,1,19.5,90.0,46.15,6.92
Dawood Ahmadzai,21,117,153,12,78,10,0,9.75,76.47,50.98,6.54
L Krvaric,6,117,109,4,36,10,0,29.25,107.34,33.03,9.17
A Oxley,5,116,156,5,72,6,0,23.2,74.36,46.15,3.85
SC Joseph,7,116,250,8,182,10,2,14.5,46.4,72.8,4.8
A Ostergaard,11,116,162,8,104,16,1,14.5,71.6,64.2,10.49
Amir Khan,7,116,112,5,43,8,2,23.2,103.57,38.39,8.93
D Hannema,5,116,136,4,51,1,0,29.0,85.29,37.5,0.74
S Lita D'Sa,21,116,162,18,86,10,0,6.44,71.6,53.09,6.17
A Zimunu,15,116,152,11,77,9,0,10.55,76.32,50.66,5.92
Khalid Shah,7,116,103,7,52,10,6,16.57,112.62,50.49,15.53
BV Vitori,17,116,161,13,113,12,5,8.92,72.05,70.19,10.56
Ethan D'Souza,9,116,120,10,51,11,1,11.6,96.67,42.5,10.0
Khadija Imtiaz,26,116,253,19,171,8,0,6.11,45.85,67.59,3.16
Fitri Sham,19,115,118,15,58,4,7,7.67,97.46,49.15,9.32
K Mothlhanka,7,115,123,7,59,11,2,16.43,93.5,47.97,10.57
GM Ntambalika,7,115,101,6,39,7,4,19.17,113.86,38.61,10.89
M Bayram,8,115,76,7,25,16,1,16.43,151.32,32.89,22.37
S Naik,13,115,132,10,60,9,1,11.5,87.12,45.45,7.58
Irfan Ahmed,9,115,150,10,104,13,5,11.5,76.67,69.33,12.0
WER Somerville,5,115,489,8,412,9,0,14.38,23.52,84.25,1.84
Simran Shaikh,14,115,117,12,53,11,3,9.58,98.29,45.3,11.97
DE Roache,7,115,98,6,54,9,8,19.17,117.35,55.1,17.35
T Trajkovic,8,115,152,8,75,11,0,14.38,75.66,49.34,7.24
N Kingsley,13,115,102,10,43,12,1,11.5,112.75,42.16,12.75
Sanwar Hossain,9,115,199,9,125,9,0,12.78,57.79,62.81,4.52
I Goordial-John,10,115,204,8,105,2,0,14.38,56.37,51.47,0.98
Aman Hakim Khan,10,115,104,9,50,8,6,12.78,110.58,48.08,13.46
R Mupfudza,5,115,121,4,58,9,3,28.75,95.04,47.93,9.92
Eric Phiri,10,115,131,9,74,15,2,12.78,87.79,56.49,12.98
AJ Ayannaike,17,115,149,17,85,9,3,6.76,77.18,57.05,8.05
RD de Sousa,8,114,182,6,97,5,0,19.0,62.64,53.3,2.75
Sun Meng Yao,6,114,167,6,90,7,0,19.0,68.26,53.89,4.19
Suhrawadi Shuvo,12,114,178,10,108,10,1,11.4,64.04,60.67,6.18
Asif Bevinje,7,114,98,7,46,12,4,16.29,116.33,46.94,16.33
Mohammed Irshad,11,114,107,9,50,4,8,12.67,106.54,46.73,11.21
S Rani,9,114,145,9,85,14,1,12.67,78.62,58.62,10.34
F Akankwasa,17,114,115,12,57,12,2,9.5,99.13,49.57,12.17
Ravi Bishnoi,32,114,123,18,65,12,3,6.33,92.68,52.85,12.2
TBM de Leede,9,113,206,8,136,10,1,14.12,54.85,66.02,5.34
S Chaturongrattana,20,113,195,12,120,9,0,9.42,57.95,61.54,4.62
PM Pushpakumara,6,113,250,8,201,15,3,14.12,45.2,80.4,7.2
HA Chohan,17,113,74,9,29,8,7,12.56,152.7,39.19,20.27
P Shetty,19,113,181,15,111,10,0,7.53,62.43,61.33,5.52
DL Maddy,4,113,80,3,26,12,3,37.67,141.25,32.5,18.75
Urvil Patel,6,113,56,6,21,8,10,18.83,201.79,37.5,32.14
MFI Assuncao,13,113,138,13,78,8,2,8.69,81.88,56.52,7.25
HK Kukreja,6,113,115,7,47,12,0,16.14,98.26,40.87,10.43
TC Mataora,7,113,131,6,70,14,0,18.83,86.26,53.44,10.69
Shahid Arshad,11,113,140,11,79,11,2,10.27,80.71,56.43,9.29
GM Ewing,8,113,172,10,104,14,0,11.3,65.7,60.47,8.14
Bilal Asif,7,113,225,11,171,12,2,10.27,50.22,76.0,6.22
TD Smartt,20,113,141,14,67,4,1,8.07,80.14,47.52,3.55
HML Madushani,8,113,143,7,78,10,2,16.14,79.02,54.55,8.39
SB Patel,10,112,102,9,51,8,6,12.44,109.8,50.0,13.73
RJ Quiney,9,112,124,10,72,13,3,11.2,90.32,58.06,12.9
Huzaifa Mohammed,12,112,146,7,64,3,1,16.0,76.71,43.84,2.74
D Busingye,5,112,139,3,63,8,0,37.33,80.58,45.32,5.76
WK McCallan,16,112,190,13,121,10,0,8.62,58.95,63.68,5.26
R Davson,10,112,158,11,94,9,2,10.18,70.89,59.49,6.96
WGAKK Kulasuriya,31,112,254,18,184,13,0,6.22,44.09,72.44,5.12
LP van Troost,9,112,160,9,100,9,3,12.44,70.0,62.5,7.5
W Liengprasert,16,112,162,15,79,4,0,7.47,69.14,48.77,2.47
NK Bagenda,12,111,155,9,83,6,0,12.33,71.61,53.55,3.87
M Kadyan,10,111,87,7,45,11,6,15.86,127.59,51.72,19.54
LK Newton,3,111,297,5,243,15,1,22.2,37.37,81.82,5.39
DJ Harris,4,111,101,3,50,11,5,37.0,109.9,49.5,15.84
JNK Shannon,8,111,89,8,46,12,5,13.88,124.72,51.69,19.1
AK Perera,9,111,148,9,77,8,1,12.33,75.0,52.03,6.08
A Rameshan,6,111,147,4,80,13,0,27.75,75.51,54.42,8.84
S Kambalapalli,8,111,111,8,61,18,0,13.88,100.0,54.95,16.22
Han Lili,12,111,152,9,75,8,0,12.33,73.03,49.34,5.26
JS Foster,7,110,263,6,197,5,1,18.33,41.83,74.9,2.28
Huang Zhuo,11,110,203,9,122,7,0,12.22,54.19,60.1,3.45
Robert Raina,9,110,116,9,63,13,3,12.22,94.83,54.31,13.79
JAN Ngono,15,110,214,11,148,12,0,10.0,51.4,69.16,5.61
Gulraiz Sadaf,5,110,121,3,56,8,3,36.67,90.91,46.28,9.09
Sharmin Sultana,15,110,266,14,202,12,0,7.86,41.35,75.94,4.51
V Shaw,12,109,139,11,86,7,4,9.91,78.42,61.87,7.91
K Piet,22,109,141,15,74,5,1,7.27,77.3,52.48,4.26
YS To,14,109,184,11,111,6,0,9.91,59.24,60.33,3.26
J Albin,12,109,134,6,72,11,0,18.17,81.34,53.73,8.21
K Suttisan,6,109,85,7,44,11,5,15.57,128.24,51.76,18.82
SD Outerbridge,10,109,172,9,107,8,1,12.11,63.37,62.21,5.23
C Forbes,9,109,133,9,80,15,1,12.11,81.95,60.15,12.03
Naveed Ahmed,14,109,110,6,53,11,1,18.17,99.09,48.18,10.91
A Maregwede,8,108,179,8,118,10,1,13.5,60.34,65.92,6.15
MB Tambe,18,108,153,12,75,5,1,9.0,70.59,49.02,3.92
M Sohel Patel,12,108,108,12,61,10,5,9.0,100.0,56.48,13.89
G Bakiweyem,19,108,133,12,64,4,0,9.0,81.2,48.12,3.01
R Murray,5,108,178,4,104,6,2,27.0,60.67,58.43,4.49
Izaz Ali,11,107,96,11,48,8,5,9.73,111.46,50.0,13.54
Zeeshan Sarwar,3,107,70,3,26,4,9,35.67,152.86,37.14,18.57
C Tlali,16,107,152,15,91,6,3,7.13,70.39,59.87,5.92
TB Sole,12,107,79,8,32,16,1,13.38,135.44,40.51,21.52
MM English,1,107,122,0,61,9,2,107.0,87.7,50.0,9.02
HMHE Parsons,8,107,85,8,43,10,6,13.38,125.88,50.59,18.82
AJ Staal,10,107,75,7,32,7,7,15.29,142.67,42.67,18.67
F Baleri,9,107,129,6,62,9,0,17.83,82.95,48.06,6.98
C Aweko,32,107,184,19,111,9,0,5.63,58.15,60.33,4.89
A Mene-Ejegi,10,107,69,9,27,10,6,11.89,155.07,39.13,23.19
G Van Heerden,1,107,57,0,13,8,7,107.0,187.72,22.81,26.32
CP Turkich,9,107,181,9,99,7,0,11.89,59.12,54.7,3.87
S Miyaji,10,106,136,7,64,7,0,15.14,77.94,47.06,5.15
Jassim Khan,7,106,68,6,28,4,10,17.67,155.88,41.18,20.59
SR Hain,2,106,100,2,30,8,0,53.0,106.0,30.0,8.0
Amrita Sasidharan,3,106,116,2,36,0,1,53.0,91.38,31.03,0.86
R Hashu,8,106,76,3,23,2,6,35.33,139.47,30.26,10.53
XC Bartlett,16,106,106,9,52,8,5,11.78,100.0,49.06,12.26
PHT Kaushal,8,106,245,11,203,16,0,9.64,43.27,82.86,6.53
D Paterson,8,106,112,9,75,16,3,11.78,94.64,66.96,16.96
A Minny,3,106,123,1,69,11,1,106.0,86.18,56.1,9.76
AR Caddick,12,106,221,7,157,6,2,15.14,47.96,71.04,3.62
A Rajshekara,7,106,110,5,55,9,4,21.2,96.36,50.0,11.82
MPS Cheema,12,106,114,9,49,10,1,11.78,92.98,42.98,9.65
NS Poonia,11,106,143,7,66,3,1,15.14,74.13,46.15,2.8
J Evans,9,106,114,7,56,10,2,15.14,92.98,49.12,10.53
TR Birt,8,106,91,8,43,12,3,13.25,116.48,47.25,16.48
JT Ball,10,105,174,12,127,14,1,8.75,60.34,72.99,8.62
M Mosehle,6,105,65,4,25,6,9,26.25,161.54,38.46,23.08
G Cengiz,8,105,107,6,48,12,0,17.5,98.13,44.86,11.21
Sajid Liaqat,8,105,70,6,30,3,10,17.5,150.0,42.86,18.57
R Muriyalo,7,105,150,7,78,7,1,15.0,70.0,52.0,5.33
D Marsic,8,105,164,8,102,9,2,13.12,64.02,62.2,6.71
M Polimeri,17,105,222,15,136,2,0,7.0,47.3,61.26,0.9
Sami Ullah,7,105,54,6,15,13,4,17.5,194.44,27.78,31.48
JD Freyone,13,105,138,11,77,8,2,9.55,76.09,55.8,7.25
S Mba,7,105,144,5,83,11,1,21.0,72.92,57.64,8.33
K Klesse,3,104,95,3,39,9,3,34.67,109.47,41.05,12.63
HB Kayondo,4,104,98,4,37,6,4,26.0,106.12,37.76,10.2
Seika Sumi,16,104,138,12,66,5,0,8.67,75.36,47.83,3.62
S Galabova,14,104,183,14,107,10,0,7.43,56.83,58.47,5.46
M Aboagye,14,104,152,15,78,5,0,6.93,68.42,51.32,3.29
DA Minors,8,104,172,8,121,10,4,13.0,60.47,70.35,8.14
D Nikolov,18,104,127,16,72,9,3,6.5,81.89,56.69,9.45
AM Rossington,3,104,69,3,26,16,2,34.67,150.72,37.68,26.09
S Lomani,9,104,176,8,122,15,0,13.0,59.09,69.32,8.52
Poorvaja Jagdeesha,16,104,211,16,138,8,0,6.5,49.29,65.4,3.79
Junaid Mehmood,11,103,121,10,61,7,2,10.3,85.12,50.41,7.44
AM Healey,12,103,141,11,95,17,0,9.36,73.05,67.38,12.06
T Iosefo,11,103,121,11,67,13,0,9.36,85.12,55.37,10.74
Habib Ahmadzai,7,103,101,6,46,10,1,17.17,101.98,45.54,10.89
LJ Evans,9,103,116,8,53,10,0,12.88,88.79,45.69,8.62
PN Khemnar,9,103,98,7,46,13,2,14.71,105.1,46.94,15.31
RDB Ahir,15,103,113,15,45,4,3,6.87,91.15,39.82,6.19
Umair Tariq,15,103,109,11,52,9,1,9.36,94.5,47.71,9.17
F Najjumba,8,103,127,6,54,7,0,17.17,81.1,42.52,5.51
Nishat Sakib,7,103,104,7,49,11,2,14.71,99.04,47.12,12.5
J Guatam,4,103,78,4,38,16,2,25.75,132.05,48.72,23.08
T Taylor,16,103,139,10,83,3,5,10.3,74.1,59.71,5.76
J Sanele,11,103,148,13,88,9,0,7.92,69.59,59.46,6.08
AM Bacher,5,102,175,5,119,12,0,20.4,58.29,68.0,6.86
OJR Groves,2,102,69,2,20,9,5,51.0,147.83,28.99,20.29
GPK Wijesingha,5,102,102,5,49,7,3,20.4,100.0,48.04,9.8
Breeze Ahir,10,102,125,8,70,9,1,12.75,81.6,56.0,8.0
Firas Hussain,9,102,97,8,47,13,1,12.75,105.15,48.45,14.43
JE Dunford,16,102,117,9,59,11,0,11.33,87.18,50.43,9.4
Y Naing Tun,11,102,155,10,97,9,2,10.2,65.81,62.58,7.1
M Ndhambi,7,102,141,4,79,10,0,25.5,72.34,56.03,7.09
D Vrinda,9,102,118,9,65,15,0,11.33,86.44,55.08,12.71
Tshering Tashi,14,102,144,10,87,8,3,10.2,70.83,60.42,7.64
DF Jacobs,9,102,159,9,104,12,2,11.33,64.15,65.41,8.81
AG Weligamage,10,101,92,6,48,4,8,16.83,109.78,52.17,13.04
Al-Amin Hossain,17,101,159,8,121,12,5,12.62,63.52,76.1,10.69
S Loubser,12,101,142,7,69,4,2,14.43,71.13,48.59,4.23
Emily Sirs,9,101,93,6,43,14,0,16.83,108.6,46.24,15.05
J Theron,22,101,141,12,84,10,1,8.42,71.63,59.57,7.8
Umair Qasim,18,101,133,15,73,6,3,6.73,75.94,54.89,6.77
M Nikolic,9,101,200,6,119,8,0,16.83,50.5,59.5,4.0
L Maritz,18,101,140,12,87,8,2,8.42,72.14,62.14,7.14
A Kohli,13,101,130,11,71,8,0,9.18,77.69,54.62,6.15
Shaik Basha,9,101,104,8,47,3,5,12.62,97.12,45.19,7.69
J Vira,14,101,113,11,50,7,1,9.18,89.38,44.25,7.08
Kim Daeyeon,16,100,152,15,92,9,1,6.67,65.79,60.53,6.58
Nouman Sarwar,5,100,71,2,16,9,3,50.0,140.85,22.54,16.9
LJ Payas,9,100,97,5,37,9,0,20.0,103.09,38.14,9.28
G Sesay,19,100,160,15,102,3,5,6.67,62.5,63.75,5.0
AM Phangiso,15,100,191,12,120,6,0,8.33,52.36,62.83,3.14
C Bisson,8,100,71,7,29,10,3,14.29,140.85,40.85,18.31
JA Rymer,5,100,145,2,78,8,0,50.0,68.97,53.79,5.52
HWA Landheer,27,99,178,17,120,6,3,5.82,55.62,67.42,5.06
H Rashid,10,99,116,7,61,9,3,14.14,85.34,52.59,10.34
TH Tector,5,99,67,5,25,13,3,19.8,147.76,37.31,23.88
AR Berenger,8,99,135,8,92,12,3,12.38,73.33,68.15,11.11
Robiul Islam,10,99,204,11,163,13,3,9.0,48.53,79.9,7.84
MS Gony,15,99,71,9,33,6,8,11.0,139.44,46.48,19.72
Shahid Yousuf,6,99,97,4,38,9,1,24.75,102.06,39.18,10.31
CD de Lange,7,99,112,3,59,8,2,33.0,88.39,52.68,8.93
P Agboya,14,99,119,12,73,15,0,8.25,83.19,61.34,12.61
E Marx,10,99,120,5,67,12,1,19.8,82.5,55.83,10.83
MNR Cooray,3,99,76,2,34,12,3,49.5,130.26,44.74,19.74
SD Chitnis,8,99,89,7,35,10,2,14.14,111.24,39.33,13.48
R de Swardt,2,99,220,3,172,13,0,33.0,45.0,78.18,5.91
K Ota,16,99,181,12,109,4,0,8.25,54.7,60.22,2.21
Javeria Rauf,12,99,139,13,86,11,1,7.62,71.22,61.87,8.63
CS Martin,51,99,485,39,430,10,0,2.54,20.41,88.66,2.06
PC de Silva,8,99,118,6,54,10,0,16.5,83.9,45.76,8.47
S Magar,13,98,140,10,68,6,0,9.8,70.0,48.57,4.29
Mahidul Islam Ankon,4,98,187,5,130,6,2,19.6,52.41,69.52,4.28
Azam Khalil,7,98,82,8,33,6,4,12.25,119.51,40.24,12.2
Garret Banner,9,98,88,8,38,6,5,12.25,111.36,43.18,12.5
Ibrahim Rizan,28,98,144,18,82,6,1,5.44,68.06,56.94,4.86
U Raymond-Hoey,14,98,168,14,95,5,0,7.0,58.33,56.55,2.98
CJ Green,9,98,75,4,22,9,3,24.5,130.67,29.33,16.0
M Magagula,15,98,139,12,84,10,1,8.17,70.5,60.43,7.91
I Maraj,6,98,264,5,210,12,0,19.6,37.12,79.55,4.55
Ali Dawood,24,98,117,11,56,6,3,8.91,83.76,47.86,7.69
Sameer Patel,7,98,113,6,62,6,4,16.33,86.73,54.87,8.85
A Kato-Stafford,4,98,134,5,73,6,0,19.6,73.13,54.48,4.48
M Faraz Akram,9,97,73,5,32,5,6,19.4,132.88,43.84,15.07
S Shubha,2,97,129,2,88,16,0,48.5,75.19,68.22,12.4
A Martel,12,97,92,8,49,11,3,12.12,105.43,53.26,15.22
PN Mankad,5,97,73,3,29,13,2,32.33,132.88,39.73,20.55
S Yildirim,4,97,102,3,43,10,0,32.33,95.1,42.16,9.8
MNK Fernando,7,97,144,7,90,12,0,13.86,67.36,62.5,8.33
M Taniyama,15,97,115,8,54,3,3,12.12,84.35,46.96,5.22
IP Swaney,10,97,78,9,34,9,4,10.78,124.36,43.59,16.67
Mohsin Riaz,4,97,59,4,21,13,3,24.25,164.41,35.59,27.12
AL Kandappah,2,97,156,1,89,4,3,97.0,62.18,57.05,4.49
SP Jones,6,97,181,5,139,13,1,19.4,53.59,76.8,7.73
RA Mair,29,97,124,16,55,6,0,6.06,78.23,44.35,4.84
FJ Klaassen,27,96,132,16,68,3,2,6.0,72.73,51.52,3.79
MH Wessels,8,96,94,6,42,11,2,16.0,102.13,44.68,13.83
RA Jones,3,96,185,4,118,7,1,24.0,51.89,63.78,4.32
U Shahid,4,96,90,4,33,5,3,24.0,106.67,36.67,8.89
D Rawat,8,96,98,7,50,14,0,13.71,97.96,51.02,14.29
CT Mumba,13,96,200,10,148,8,2,9.6,48.0,74.0,5.0
Niv Nagavkar,7,96,87,6,30,8,1,16.0,110.34,34.48,10.34
T Martin,4,96,56,4,14,9,4,24.0,171.43,25.0,23.21
RA Reilly,8,96,127,8,61,10,0,12.0,75.59,48.03,7.87
Zaheer Zahiri,12,96,72,5,29,9,4,19.2,133.33,40.28,18.06
Y Cariah,9,96,170,8,106,6,1,12.0,56.47,62.35,4.12
CS Nascimento,14,96,135,10,72,1,1,9.6,71.11,53.33,1.48
S Arora,8,95,59,6,22,6,8,15.83,161.02,37.29,23.73
BM Wheeler,7,95,75,2,31,7,5,47.5,126.67,41.33,16.0
CM Wright,7,95,157,6,88,4,1,15.83,60.51,56.05,3.18
C Bogdanos,5,95,121,4,53,5,0,23.75,78.51,43.8,4.13
G Keles,10,95,118,7,60,11,0,13.57,80.51,50.85,9.32
NK Yadav,12,95,68,7,31,4,8,13.57,139.71,45.59,17.65
RS Gavaskar,9,95,170,7,105,5,1,13.57,55.88,61.76,3.53
Jamshid Nasiri,7,95,91,6,41,6,4,15.83,104.4,45.05,10.99
AS Qwele,17,95,151,12,90,8,0,7.92,62.91,59.6,5.3
Z Hoque,7,95,98,6,46,6,4,15.83,96.94,46.94,10.2
Abdullah Khan Lodhi,4,95,109,5,54,10,0,19.0,87.16,49.54,9.17
Ali Zaheer,7,95,96,6,37,8,1,15.83,98.96,38.54,9.38
Zaid Soulat,5,95,86,3,47,10,4,31.67,110.47,54.65,16.28
C Nunes,8,94,68,6,28,6,6,15.67,138.24,41.18,17.65
Mudassir Iqbal,9,94,104,8,51,4,4,11.75,90.38,49.04,7.69
AF Ifill,15,94,152,13,88,5,1,7.23,61.84,57.89,3.95
E Bisht,24,94,135,14,74,6,1,6.71,69.63,54.81,5.19
B Waluma,24,94,190,22,128,7,0,4.27,49.47,67.37,3.68
GT Main,6,94,104,2,52,9,1,47.0,90.38,50.0,9.62
S Paldon,10,94,187,9,117,6,0,10.44,50.27,62.57,3.21
J Post,17,94,170,14,96,6,0,6.71,55.29,56.47,3.53
NM Cherriath,10,94,136,7,80,9,0,13.43,69.12,58.82,6.62
Tashi Dorji,11,94,68,8,29,2,9,11.75,138.24,42.65,16.18
Batool Fatima,12,94,137,9,76,9,0,10.44,68.61,55.47,6.57
Ali Nawaz,9,94,82,6,36,4,5,15.67,114.63,43.9,10.98
S Godara,7,94,65,5,33,5,9,18.8,144.62,50.77,21.54
M Dale-Bradley,10,94,94,8,39,9,1,11.75,100.0,41.49,10.64
C Agafili,8,94,105,8,59,14,0,11.75,89.52,56.19,13.33
Guido Angeletti,11,94,113,9,61,6,3,10.44,83.19,53.98,7.96
N Pokana,20,93,168,10,105,3,3,9.3,55.36,62.5,3.57
Usman Khan (2),2,93,67,2,27,11,3,46.5,138.81,40.3,20.9
Javed Maroofkhail,8,93,100,4,43,3,3,23.25,93.0,43.0,6.0
D van Deventer,6,93,109,6,42,5,0,15.5,85.32,38.53,4.59
M Maguire,17,93,153,11,87,5,0,8.45,60.78,56.86,3.27
GJ Thompson,4,93,78,4,32,13,1,23.25,119.23,41.03,17.95
CL Hooper,5,93,118,4,46,3,1,23.25,78.81,38.98,3.39
Abeera Waris,15,93,125,12,71,11,0,7.75,74.4,56.8,8.8
E Anyipo,16,93,94,12,41,7,1,7.75,98.94,43.62,8.51
JP Crawley,2,93,307,4,250,9,0,23.25,30.29,81.43,2.93
WK Bitis,7,93,72,5,39,13,4,18.6,129.17,54.17,23.61
Nimish Lathief,12,93,110,8,56,8,2,11.62,84.55,50.91,9.09
VR Aaron,22,93,197,14,142,7,2,6.64,47.21,72.08,4.57
MA Nyabela,19,92,185,16,117,3,0,5.75,49.73,63.24,1.62
M Perisic,10,92,188,10,103,5,0,9.2,48.94,54.79,2.66
MV Pavlovic,14,92,143,14,84,9,0,6.57,64.34,58.74,6.29
Shoaib Bashir,17,92,244,12,197,12,1,7.67,37.7,80.74,5.33
Sohel Patel,6,92,95,6,45,8,0,15.33,96.84,47.37,8.42
Ragne Hallik,11,92,192,8,115,4,0,11.5,47.92,59.9,2.08
Hiu Ying Cheung,25,92,123,18,63,8,0,5.11,74.8,51.22,6.5
Mohammad Irfan,48,92,271,24,223,11,2,3.83,33.95,82.29,4.8
HL Colvin,9,92,273,4,221,10,0,23.0,33.7,80.95,3.66
HGV Vare,18,92,116,13,62,9,0,7.08,79.31,53.45,7.76
NJ Maddinson,10,92,134,11,92,13,1,8.36,68.66,68.66,10.45
M Martinez,14,92,136,12,84,10,0,7.67,67.65,61.76,7.35
Awais Zia,7,92,110,7,61,6,3,13.14,83.64,55.45,8.18
Tafseer Ali,12,92,132,8,72,8,0,11.5,69.7,54.55,6.06
PR Shah,9,92,91,8,44,9,2,11.5,101.1,48.35,12.09
K Meso,16,92,166,9,97,4,0,10.22,55.42,58.43,2.41
K Krishnakumar,5,92,87,4,37,6,3,23.0,105.75,42.53,10.34
DJ Jacobs,7,92,98,7,59,10,4,13.14,93.88,60.2,14.29
Suryansh Shedge,6,92,59,5,17,4,7,18.4,155.93,28.81,18.64
Shafat Ali Syed,7,92,56,6,23,6,8,15.33,164.29,41.07,25.0
Abdullah Fazal,7,91,67,5,24,5,6,18.2,135.82,35.82,16.42
GH Bodi,3,91,157,4,108,9,1,22.75,57.96,68.79,6.37
GG Banner,11,91,98,10,61,8,4,9.1,92.86,62.24,12.24
A Sootaga,11,91,106,6,57,9,1,15.17,85.85,53.77,9.43
Ezgi Nur Kilic,10,91,133,10,79,11,0,9.1,68.42,59.4,8.27
Bosco Tuyizere,9,91,116,9,57,6,1,10.11,78.45,49.14,6.03
MR Machado,11,91,113,9,62,8,0,10.11,80.53,54.87,7.08
DJ Turkich,9,91,113,9,57,9,1,10.11,80.53,50.44,8.85
SR Mohan,12,91,147,8,83,5,1,11.38,61.9,56.46,4.08
B Yadav,11,91,81,9,42,2,8,10.11,112.35,51.85,12.35
JV Harris,6,91,204,6,152,9,1,15.17,44.61,74.51,4.9
Aditya Panwar,4,91,73,4,26,3,4,22.75,124.66,35.62,9.59
A Mohamed,11,90,111,9,52,8,0,10.0,81.08,46.85,7.21
RM Magare,8,90,93,8,40,9,1,11.25,96.77,43.01,10.75
J Nyumbu,18,90,227,14,172,4,3,6.43,39.65,75.77,3.08
SM Nash,13,90,135,10,77,8,1,9.0,66.67,57.04,6.67
N Benjamin,15,90,110,9,52,7,0,10.0,81.82,47.27,6.36
SZ Thakor,13,90,128,11,82,11,1,8.18,70.31,64.06,9.38
S Mukuddem,4,90,148,3,86,6,0,30.0,60.81,58.11,4.05
Muhammad Shoaib Ahmed,5,90,84,5,41,10,2,18.0,107.14,48.81,14.29
NL Smith,6,90,111,5,64,4,4,18.0,81.08,57.66,7.21
S Sheridan,7,90,87,7,37,8,0,12.86,103.45,42.53,9.2
G Schachat,2,90,74,1,22,8,2,90.0,121.62,29.73,13.51
GB Murgatroyd,6,90,145,6,82,7,1,15.0,62.07,56.55,5.52
EMKNH Senavirathna,13,90,100,9,49,9,0,10.0,90.0,49.0,9.0
K Thomson,4,90,120,4,58,6,0,22.5,75.0,48.33,5.0
Amir Ali,6,89,59,4,20,10,2,22.25,150.85,33.9,20.34
Junaid Siddiqui,12,89,171,9,102,1,2,9.89,52.05,59.65,1.75
S Thakur,4,89,70,2,24,12,1,44.5,127.14,34.29,18.57
M Jenkinson,5,89,79,5,38,5,5,17.8,112.66,48.1,12.66
SSD Arachchige,3,89,134,3,75,6,0,29.67,66.42,55.97,4.48
S Rungrueang,21,89,143,18,81,1,3,4.94,62.24,56.64,2.8
TL Chivanga,10,89,238,11,199,10,3,8.09,37.39,83.61,5.46
C Chatonzwa,16,89,208,12,142,5,0,7.42,42.79,68.27,2.4
I Suhun,20,89,162,16,95,7,0,5.56,54.94,58.64,4.32
C Abel,17,89,159,11,91,2,1,8.09,55.97,57.23,1.89
TC Bastiampillai,5,89,160,5,115,11,2,17.8,55.62,71.88,8.12
Bilal Ahmad Mir,8,89,79,7,36,8,4,12.71,112.66,45.57,15.19
AE Smith,2,89,77,2,30,6,2,44.5,115.58,38.96,10.39
TK Patel,9,88,166,4,106,8,0,22.0,53.01,63.86,4.82
M Mani,13,88,94,9,48,11,0,9.78,93.62,51.06,11.7
CB Sole,20,88,108,11,58,10,0,8.0,81.48,53.7,9.26
L Udeh,17,88,127,15,73,6,0,5.87,69.29,57.48,4.72
WP Myburgh,7,88,185,7,118,2,0,12.57,47.57,63.78,1.08
H Khogiyani,8,88,64,5,32,7,6,17.6,137.5,50.0,20.31
I Elec,11,88,136,12,89,5,4,7.33,64.71,65.44,6.62
K Jaikaran,13,88,134,11,78,9,0,8.0,65.67,58.21,6.72
C Jonker,4,88,62,4,31,10,4,22.0,141.94,50.0,22.58
Md Shafiqul Haque,4,88,62,3,26,5,6,29.33,141.94,41.94,17.74
Taher Muhammad,12,88,120,10,68,8,1,8.8,73.33,56.67,7.5
Ziaur Rehman,6,88,90,5,44,8,1,17.6,97.78,48.89,10.0
Zishan Shah,5,88,87,4,36,7,1,22.0,101.15,41.38,9.2
Keziah Miriam Sabin,9,88,75,4,28,10,1,22.0,117.33,37.33,14.67
NP Dalgaard,12,88,121,11,59,7,0,8.0,72.73,48.76,5.79
KM Awala,11,88,105,10,50,5,1,8.8,83.81,47.62,5.71
Sultana Khatun,21,88,161,14,106,8,0,6.29,54.66,65.84,4.97
DR Mousley,5,88,104,4,51,5,3,22.0,84.62,49.04,7.69
CK Langeveldt,24,88,149,13,97,9,1,6.77,59.06,65.1,6.71
Iqbal Abdulla,13,88,84,1,33,9,1,88.0,104.76,39.29,11.9
NM Anil,7,88,89,6,42,12,0,14.67,98.88,47.19,13.48
AP Majumdar,4,87,76,4,27,7,2,21.75,114.47,35.53,11.84
C Viljoen,8,87,93,5,43,9,1,17.4,93.55,46.24,10.75
Khurram Chohan,11,87,147,9,91,6,2,9.67,59.18,61.9,5.44
Nadeem Ahmed,19,87,179,13,124,7,0,6.69,48.6,69.27,3.91
Ayyaz Qureshi,6,87,131,5,70,7,0,17.4,66.41,53.44,5.34
V Frank,8,87,97,5,45,9,0,17.4,89.69,46.39,9.28
ET Smith,3,87,172,5,136,15,0,17.4,50.58,79.07,8.72
J Daley,4,87,74,3,33,9,1,29.0,117.57,44.59,13.51
SH Lawlor,6,87,163,6,109,7,0,14.5,53.37,66.87,4.29
J Essex,6,87,119,6,71,9,1,14.5,73.11,59.66,8.4
N Niranjana,12,87,173,11,126,11,0,7.91,50.29,72.83,6.36
JNT Vare,10,87,127,10,66,4,0,8.7,68.5,51.97,3.15
Mohammad Farooq,4,87,69,4,39,7,7,21.75,126.09,56.52,20.29
Ankit Sharma,10,87,67,7,27,7,4,12.43,129.85,40.3,16.42
T Mupariwa,21,87,200,16,150,7,2,5.44,43.5,75.0,4.5
Nasibullah Arab,5,87,55,5,22,8,5,17.4,158.18,40.0,23.64
Amir Farooq,12,87,91,8,41,5,4,10.88,95.6,45.05,9.89
Hassnain Shah,10,87,77,8,39,2,8,10.88,112.99,50.65,12.99
Ramanjot Singh,4,87,94,4,45,8,2,21.75,92.55,47.87,10.64
Avi Dixit,10,86,92,9,35,6,1,9.56,93.48,38.04,7.61
E Schiferli,10,86,142,8,104,12,0,10.75,60.56,73.24,8.45
Nadeem Khan,10,86,78,8,41,7,5,10.75,110.26,52.56,15.38
Ibrahim Nashath,13,86,148,13,89,3,2,6.62,58.11,60.14,3.38
J Andrew,7,86,92,7,53,5,5,12.29,93.48,57.61,10.87
GJ Naik,4,86,70,4,25,9,1,21.5,122.86,35.71,14.29
A Akhigbe,13,86,135,12,90,11,1,7.17,63.7,66.67,8.89
AS van Beuge,12,86,219,10,150,3,0,8.6,39.27,68.49,1.37
AR Gandhi,3,86,98,2,40,5,1,43.0,87.76,40.82,6.12
G Chilia,12,86,144,10,83,5,1,8.6,59.72,57.64,4.17
Mudassar Muhammad,3,86,88,3,39,3,4,28.67,97.73,44.32,7.95
RM Siri,4,86,93,4,39,7,1,21.5,92.47,41.94,8.6
Alina Aslam,12,85,150,10,79,1,0,8.5,56.67,52.67,0.67
DGAPD Wiswi,10,85,97,7,44,7,1,12.14,87.63,45.36,8.25
JN du Plooy,4,85,61,4,17,3,5,21.25,139.34,27.87,13.11
SF Jerome,16,85,114,10,58,7,0,8.5,74.56,50.88,6.14
AR Leo,11,85,133,9,78,5,1,9.44,63.91,58.65,4.51
G Chaturvedi,8,85,84,7,47,10,2,12.14,101.19,55.95,14.29
T Khabo,17,85,250,13,183,2,0,6.54,34.0,73.2,0.8
Ebadat Hossain,24,85,285,19,249,11,2,4.47,29.82,87.37,4.56
N Burger,14,85,231,10,174,6,0,8.5,36.8,75.32,2.6
MJ Humphreys,14,85,178,11,140,11,2,7.73,47.75,78.65,7.3
Ahmadullah Shinwari,12,85,90,8,42,8,1,10.62,94.44,46.67,10.0
Rafatullah Mohmand,6,85,82,6,43,6,4,14.17,103.66,52.44,12.2
Zaid Ahmad,7,84,91,6,39,7,0,14.0,92.31,42.86,7.69
A Beresford-Peirse,7,84,122,7,68,3,2,12.0,68.85,55.74,4.1
HIS Mendis,8,84,136,7,76,6,0,12.0,61.76,55.88,4.41
M Lollo,12,84,122,9,61,2,0,9.33,68.85,50.0,1.64
PI Walter,5,84,62,3,19,11,1,28.0,135.48,30.65,19.35
Mahbubul Alam,4,84,124,4,82,3,4,21.0,67.74,66.13,5.65
V Araa,11,84,196,9,136,4,0,9.33,42.86,69.39,2.04
Utkarsh Srivastava,3,84,81,3,27,7,1,28.0,103.7,33.33,9.88
Shahid Nazir,5,84,175,6,137,9,1,14.0,48.0,78.29,5.71
L Emilio,10,84,85,7,47,10,1,12.0,98.82,55.29,12.94
M Sankoh,9,84,175,7,123,5,0,12.0,48.0,70.29,2.86
Puneet Arora,6,84,96,4,52,8,2,21.0,87.5,54.17,10.42
H Kala,1,84,203,3,153,10,0,28.0,41.38,75.37,4.93
Habeeba Bader,12,84,142,7,86,6,0,12.0,59.15,60.56,4.23
CT McNally,7,84,133,6,70,8,0,14.0,63.16,52.63,6.02
MK Villiers,9,84,62,4,18,11,0,21.0,135.48,29.03,17.74
Muhammad Musa,9,84,71,3,39,11,3,28.0,118.31,54.93,19.72
D Bhatta,10,84,76,10,33,6,3,8.4,110.53,43.42,11.84
LJ Barker,9,84,88,9,45,12,0,9.33,95.45,51.14,13.64
JJ Krejza,4,84,169,4,127,8,0,21.0,49.7,75.15,4.73
V Redkar,4,83,116,4,63,8,0,20.75,71.55,54.31,6.9
HJ Armitage,6,83,102,6,59,10,0,13.83,81.37,57.84,9.8
J Smits,9,83,212,5,151,4,0,16.6,39.15,71.23,1.89
K Carney,10,83,90,6,39,9,0,13.83,92.22,43.33,10.0
D Long Martinez,2,83,56,2,21,8,4,41.5,148.21,37.5,21.43
G Madanayake,8,83,134,6,55,6,0,13.83,61.94,41.04,4.48
Umm-e-Hani,17,83,152,16,87,3,0,5.19,54.61,57.24,1.97
PR Adams,4,83,169,4,124,10,0,20.75,49.11,73.37,5.92
IG Butler,13,83,135,9,89,6,2,9.22,61.48,65.93,5.93
Ahmed Daniyal,8,83,65,5,28,9,3,16.6,127.69,43.08,18.46
MPM Pathirannehelage,8,83,93,4,51,10,0,20.75,89.25,54.84,10.75
CJ Nevin,7,83,141,7,99,10,0,11.86,58.87,70.21,7.09
T Rajiv,5,83,68,5,30,11,2,16.6,122.06,44.12,19.12
Waqar Khan,10,83,75,9,37,7,4,9.22,110.67,49.33,14.67
E Cleator,7,82,105,6,48,5,0,13.67,78.1,45.71,4.76
Ranjit Singh,5,82,56,5,20,8,3,16.4,146.43,35.71,19.64
M Gouws,7,82,58,7,23,5,5,11.71,141.38,39.66,17.24
Bella Poon,12,82,130,10,86,9,0,8.2,63.08,66.15,6.92
Luka Woods,5,82,78,6,39,4,6,13.67,105.13,50.0,12.82
Muhammad Amin,9,82,84,8,50,10,3,10.25,97.62,59.52,15.48
JM Joao,7,82,84,7,39,11,0,11.71,97.62,46.43,13.1
Nyeing Cham Soe,16,82,106,9,53,5,2,9.11,77.36,50.0,6.6
DB Kotze,6,82,135,5,83,3,1,16.4,60.74,61.48,2.96
DR Hooper,9,82,103,5,42,2,1,16.4,79.61,40.78,2.91
L Pickard,8,82,138,7,81,4,0,11.71,59.42,58.7,2.9
Rizwan Hussain,8,82,77,7,32,9,1,11.71,106.49,41.56,12.99
Shahnawaz Patel,8,82,81,6,33,7,1,13.67,101.23,40.74,9.88
C Hemraj,6,82,98,6,67,13,2,13.67,83.67,68.37,15.31
RL Vitas,6,82,109,2,56,7,2,41.0,75.23,51.38,8.26
Rabiya Shah,8,82,126,6,80,10,0,13.67,65.08,63.49,7.94
Arafat Sunny,16,82,121,7,73,8,1,11.71,67.77,60.33,7.44
LA Carseldine,5,81,68,3,27,11,0,27.0,119.12,39.71,16.18
LK Ebsary,5,81,89,3,44,7,1,27.0,91.01,49.44,8.99
Shahbaz Badar,10,81,89,9,39,6,1,9.0,91.01,43.82,7.87
Mohammad Faiq,5,81,63,4,20,9,1,20.25,128.57,31.75,15.87
Nasir Aziz,2,81,122,2,83,11,0,40.5,66.39,68.03,9.02
Sagar Pun,8,81,107,6,62,11,0,13.5,75.7,57.94,10.28
Jun Hyunwoo,9,81,112,9,71,4,5,9.0,72.32,63.39,8.04
E Chiralile,13,81,163,11,110,6,0,7.36,49.69,67.48,3.68
Yusrina Yaakop,16,81,153,14,106,6,0,5.79,52.94,69.28,3.92
Yahya Suhail,8,81,157,10,109,7,1,8.1,51.59,69.43,5.1
Sirajullah Khadim,12,81,92,8,42,7,1,10.12,88.04,45.65,8.7
Al Sahariar,7,80,159,9,121,8,2,8.89,50.31,76.1,6.29
W Nalisa,13,80,75,7,27,7,1,11.43,106.67,36.0,10.67
Zohaib Sarwar,9,80,72,7,33,2,6,11.43,111.11,45.83,11.11
K Canavarci,8,80,104,7,59,8,0,11.43,76.92,56.73,7.69
Mir Hamza,18,80,217,9,179,6,3,8.89,36.87,82.49,4.15
GR Codrington,6,80,118,5,74,8,2,16.0,67.8,62.71,8.47
Inam-ul-Haq,3,80,72,2,30,11,0,40.0,111.11,41.67,15.28
M Terblanche,4,80,129,3,91,10,0,26.67,62.02,70.54,7.75
RV Patel,7,80,73,5,26,6,2,16.0,109.59,35.62,10.96
EC Perry,13,80,103,9,52,8,0,8.89,77.67,50.49,7.77
Jaspreet Singh,12,80,75,9,31,6,2,8.89,106.67,41.33,10.67
Mustafa Omer,6,80,95,7,56,6,3,11.43,84.21,58.95,9.47
Ansar Iqbal,6,80,81,6,42,9,2,13.33,98.77,51.85,13.58
RD Pangestuti,9,80,136,7,86,8,0,11.43,58.82,63.24,5.88
WK Lai,23,80,134,21,76,3,0,3.81,59.7,56.72,2.24
HAM Samuddika,13,80,143,8,97,8,0,10.0,55.94,67.83,5.59
LL Tsotsobe,25,79,172,12,130,9,1,6.58,45.93,75.58,5.81
L Wood,15,79,63,8,26,4,5,9.88,125.4,41.27,14.29
Aleena Khan,16,79,155,14,107,8,0,5.64,50.97,69.03,5.16
Murid Ekrami,12,79,76,7,35,9,1,11.29,103.95,46.05,13.16
D Langford-Smith,9,79,83,5,42,6,2,15.8,95.18,50.6,9.64
PS Airee,10,79,94,12,53,9,1,6.58,84.04,56.38,10.64
SW Tait,20,79,116,10,78,8,3,7.9,68.1,67.24,9.48
Shivam Mavi,13,79,74,11,37,6,4,7.18,106.76,50.0,13.51
M Whelan,9,79,72,7,31,6,2,11.29,109.72,43.06,11.11
V Jesrani,10,79,182,11,113,1,0,7.18,43.41,62.09,0.55
GJ van Rensburg,6,79,110,5,59,5,1,15.8,71.82,53.64,5.45
Christina Baret,13,79,180,12,121,2,0,6.58,43.89,67.22,1.11
JA Stiglitz,8,78,111,6,67,8,0,13.0,70.27,60.36,7.21
B Mpedi,7,78,99,6,57,10,0,13.0,78.79,57.58,10.1
Cai Yuzhi,10,78,150,9,93,6,0,8.67,52.0,62.0,4.0
Saran Aslam,6,78,41,5,11,5,6,15.6,190.24,26.83,26.83
S Dunukedeniya,7,78,90,7,44,10,0,11.14,86.67,48.89,11.11
CD Barnwell,6,78,62,4,24,4,4,19.5,125.81,38.71,12.9
M Kearvell,4,78,83,3,34,5,0,26.0,93.98,40.96,6.02
R Gowthaman,5,78,95,5,44,3,1,15.6,82.11,46.32,4.21
Regina Khan,7,78,133,3,81,7,0,26.0,58.65,60.9,5.26
LU Igalagamage,2,78,112,3,73,12,0,26.0,69.64,65.18,10.71
MJ Cosgrove,2,78,78,2,43,7,2,39.0,100.0,55.13,11.54
RR Bastiansz,3,78,73,3,32,5,3,26.0,106.85,43.84,10.96
M Dixit,11,78,72,10,26,3,2,7.8,108.33,36.11,6.94
R Ramadhasyena,2,78,48,1,18,8,4,78.0,162.5,37.5,25.0
S Sarandeva,13,78,177,11,122,7,0,7.09,44.07,68.93,3.95
BK Majji,3,77,82,3,30,3,2,25.67,93.9,36.59,6.1
Rahmatullah Mangal,13,77,88,11,45,4,2,7.0,87.5,51.14,6.82
A Kanukuntla,8,77,164,6,110,4,0,12.83,46.95,67.07,2.44
FA Zavala,10,77,126,10,76,5,0,7.7,61.11,60.32,3.97
M Kpaka,14,77,140,13,83,0,1,5.92,55.0,59.29,0.71
Sultan Ahmed (2),14,77,100,10,59,3,4,7.7,77.0,59.0,7.0
Ameel Mauroof,13,77,120,10,63,3,1,7.7,64.17,52.5,3.33
S Bodha,12,77,70,8,27,7,1,9.62,110.0,38.57,11.43
Yogev Nagavkar,5,77,103,6,60,8,0,12.83,74.76,58.25,7.77
Z Franova,11,77,163,11,108,5,0,7.0,47.24,66.26,3.07
V Aritharan,4,77,39,2,15,5,7,38.5,197.44,38.46,30.77
D Kalvin,9,77,118,7,71,4,1,11.0,65.25,60.17,4.24
Aslan Jafri,9,77,84,9,42,4,3,8.56,91.67,50.0,8.33
J Gray,8,77,137,8,92,7,0,9.62,56.2,67.15,5.11
GC Viljoen,8,77,71,5,38,9,3,15.4,108.45,53.52,16.9
MK Anafie,6,77,66,5,32,5,5,15.4,116.67,48.48,15.15
Sajjida Shah,3,77,168,2,127,9,0,38.5,45.83,75.6,5.36
BM Tickner,15,77,150,7,102,7,0,11.0,51.33,68.0,4.67
MT Waqanisau,8,76,118,7,72,8,0,10.86,64.41,61.02,6.78
Swann Htet Ko Ko,16,76,125,12,75,1,3,6.33,60.8,60.0,3.2
F Khaliq,7,76,65,4,22,8,0,19.0,116.92,33.85,12.31
F Irakoze,13,76,84,8,41,7,0,9.5,90.48,48.81,8.33
S Agazuma,6,76,107,4,54,5,0,19.0,71.03,50.47,4.67
Alam Nakash,9,76,83,10,37,4,1,7.6,91.57,44.58,6.02
Shoaib Rafiq,14,76,82,12,42,3,4,6.33,92.68,51.22,8.54
IR Jaggi,7,76,97,5,48,6,0,15.2,78.35,49.48,6.19
R Baruah,7,76,45,3,13,5,5,25.33,168.89,28.89,22.22
OC McCoy,17,76,74,7,46,7,5,10.86,102.7,62.16,16.22
AC Evans,18,76,104,11,64,7,1,6.91,73.08,61.54,7.69
L Sormus,12,76,154,10,92,2,0,7.6,49.35,59.74,1.3
A Salomao,23,76,131,17,81,5,0,4.47,58.02,61.83,3.82
MLG Silva,18,76,128,14,84,7,0,5.43,59.38,65.62,5.47
AL Kerai,8,76,123,7,75,2,2,10.86,61.79,60.98,3.25
Uswa Syed,6,76,112,6,51,2,0,12.67,67.86,45.54,1.79
MD du Preez,5,76,102,3,53,5,1,25.33,74.51,51.96,5.88
Y Anggraeni,3,76,78,3,39,11,0,25.33,97.44,50.0,14.1
RA Mariu,2,76,86,2,50,9,2,38.0,88.37,58.14,12.79
G Ayan,11,76,100,11,60,10,0,6.91,76.0,60.0,10.0
AM Fernando,33,76,258,19,227,12,1,4.0,29.46,87.98,5.04
B Akhil,11,76,55,7,24,5,5,10.86,138.18,43.64,18.18
Mohammed Jamadar,5,75,97,6,63,11,0,12.5,77.32,64.95,11.34
S Jamil,10,75,84,7,47,10,0,10.71,89.29,55.95,11.9
S Ingabire,10,75,164,9,96,0,0,8.33,45.73,58.54,0.0
Z Burgess,12,75,54,9,29,3,7,8.33,138.89,53.7,18.52
Himmat Singh,4,75,57,2,16,4,4,37.5,131.58,28.07,14.04
HA Varaiya,15,75,164,8,114,4,0,9.38,45.73,69.51,2.44
JG Kimaro,12,75,125,10,75,6,0,7.5,60.0,60.0,4.8
Kainat Qazi,12,75,159,11,109,5,0,6.82,47.17,68.55,3.14
K Sonavale,9,75,102,9,60,8,1,8.33,73.53,58.82,8.82
Tejwinder Singh,7,75,37,6,11,5,5,12.5,202.7,29.73,27.03
DAP Darrell,9,75,85,7,42,1,5,10.71,88.24,49.41,7.06
GJ Batty,10,75,298,11,248,6,0,6.82,25.17,83.22,2.01
Zain Asif,3,75,47,2,23,6,6,37.5,159.57,48.94,25.53
FL Patel,8,75,69,9,37,9,2,8.33,108.7,53.62,15.94
M Vivekanandan,12,75,159,13,120,8,0,5.77,47.17,75.47,5.03
H Agarwal,16,74,186,10,130,4,0,7.4,39.78,69.89,2.15
SM Tupou,5,74,73,5,31,3,4,14.8,101.37,42.47,9.59
Sapan Mehta,5,74,82,4,33,3,0,18.5,90.24,40.24,3.66
GS Bajwa,3,74,57,2,25,5,4,37.0,129.82,43.86,15.79
Jaswinder Singh,16,74,92,10,51,5,1,7.4,80.43,55.43,6.52
Sweeta Corda,7,74,102,5,55,5,0,14.8,72.55,53.92,4.9
I Tchakou,14,74,117,14,79,10,0,5.29,63.25,67.52,8.55
D Tekyildirim,5,74,96,2,52,8,0,37.0,77.08,54.17,8.33
BP Martin,5,74,141,5,113,14,0,14.8,52.48,80.14,9.93
Rudolph Fox,8,74,80,5,37,4,3,14.8,92.5,46.25,8.75
CH van Koolwijk,14,74,130,13,79,5,0,5.69,56.92,60.77,3.85
J Figy John,4,74,103,3,63,5,1,24.67,71.84,61.17,5.83
J Masquater,7,74,106,7,69,9,2,10.57,69.81,65.09,10.38
GES Sullivan,7,74,96,7,46,6,0,10.57,77.08,47.92,6.25
D Nanda,5,73,64,3,29,6,2,24.33,114.06,45.31,12.5
Mohammad Amin,4,73,76,3,32,3,3,24.33,96.05,42.11,7.89
M Ozturk,10,73,110,10,74,3,5,7.3,66.36,67.27,7.27
Syeda Aroob Shah,11,73,97,4,45,5,0,18.25,75.26,46.39,5.15
Shaila Sharmin,11,73,125,9,81,8,0,8.11,58.4,64.8,6.4
TE Britton,16,73,224,14,164,1,0,5.21,32.59,73.21,0.45
Utkarsh Jain,11,73,78,4,30,5,1,18.25,93.59,38.46,7.69
Anser Mehmood,4,73,70,3,30,4,3,24.33,104.29,42.86,10.0
DJ Reekers,8,73,58,7,33,12,2,10.43,125.86,56.9,24.14
Nilansh Keswani,9,73,85,3,38,6,0,24.33,85.88,44.71,7.06
Nayab Razwan,10,73,130,11,76,3,0,6.64,56.15,58.46,2.31
J Kominkova,14,73,170,12,118,7,0,6.08,42.94,69.41,4.12
Ntombizodwa Mkhatshwa,20,73,243,18,195,5,0,4.06,30.04,80.25,2.06
L Filer,15,73,157,14,118,9,0,5.21,46.5,75.16,5.73
JEA Doctora,10,73,100,7,59,3,3,10.43,73.0,59.0,6.0
SK Springer,5,73,62,4,25,5,4,18.25,117.74,40.32,14.52
K Frank,9,73,144,7,97,6,0,10.43,50.69,67.36,4.17
Bilal Safdar,8,73,86,7,40,7,0,10.43,84.88,46.51,8.14
DR Brown,5,73,120,5,70,6,0,14.6,60.83,58.33,5.0
Marufa Akter,29,73,132,12,88,6,0,6.08,55.3,66.67,4.55
DS Weerakkody,3,73,66,3,28,9,1,24.33,110.61,42.42,15.15
L Taylor,14,73,111,14,69,8,0,5.21,65.77,62.16,7.21
LN Onyango,7,73,97,3,49,6,0,24.33,75.26,50.52,6.19
SA Fritz,14,73,114,12,79,10,0,6.08,64.04,69.3,8.77
AV Lalcheta,9,73,100,7,59,4,3,10.43,73.0,59.0,7.0
T Mulepati,8,72,184,6,140,6,0,12.0,39.13,76.09,3.26
HR Huddleston,15,72,151,10,104,7,0,7.2,47.68,68.87,4.64
C Wickramasinghe,6,72,111,3,70,6,1,24.0,64.86,63.06,6.31
Nasra Mohamedi,8,72,96,7,57,10,0,10.29,75.0,59.38,10.42
Xu Qian,14,72,165,13,121,7,0,5.54,43.64,73.33,4.24
Parveen Kumar,11,72,98,9,56,5,2,8.0,73.47,57.14,7.14
Delroy Leo,6,72,88,5,45,5,2,14.4,81.82,51.14,7.95
RA Thomas,7,72,91,6,50,7,1,12.0,79.12,54.95,8.79
WJ Pucovski,1,72,126,2,95,6,0,36.0,57.14,75.4,4.76
EGS Kana,21,72,148,22,102,6,0,3.27,48.65,68.92,4.05
PE Kruger,5,72,60,4,23,6,3,18.0,120.0,38.33,15.0
NA McSweeney,3,72,212,5,180,11,0,14.4,33.96,84.91,5.19
Mohmedazim Abbasbhai,6,72,75,5,41,9,1,14.4,96.0,54.67,13.33
OJ Herrington,5,72,70,4,34,1,5,18.0,102.86,48.57,8.57
Wasim Akram,5,71,69,2,34,10,1,35.5,102.9,49.28,15.94
MO Kain,6,71,50,5,14,5,3,14.2,142.0,28.0,16.0
P Zuze,12,71,111,13,65,6,0,5.46,63.96,58.56,5.41
H Leko,6,71,111,5,47,3,0,14.2,63.96,42.34,2.7
Jay Odedra,15,71,100,7,62,3,4,10.14,71.0,62.0,7.0
LR Doolan,8,71,93,7,52,7,0,10.14,76.34,55.91,7.53
LK O'Reilly,16,71,108,10,59,4,0,7.1,65.74,54.63,3.7
T Shamsi,31,71,150,11,110,6,0,6.45,47.33,73.33,4.0
Jayasooriya,12,71,107,10,57,4,0,7.1,66.36,53.27,3.74
Ali Yalmaz,9,71,58,8,24,2,6,8.88,122.41,41.38,13.79
R Walker,9,71,99,8,51,3,1,8.88,71.72,51.52,4.04
DS Maraiwai,5,71,61,5,31,11,1,14.2,116.39,50.82,19.67
R Ankad,9,71,100,6,56,5,0,11.83,71.0,56.0,5.0
Abdul Stanikzai,4,71,86,4,51,4,3,17.75,82.56,59.3,8.14
Jaweed Sadran,11,71,60,8,25,6,2,8.88,118.33,41.67,13.33
Muhammad Saleem,7,71,59,6,30,5,5,11.83,120.34,50.85,16.95
C Lokuge,8,71,97,7,49,6,0,10.14,73.2,50.52,6.19
SK Rasheed,5,71,63,5,34,9,2,14.2,112.7,53.97,17.46
SH Obed,11,71,67,6,26,4,2,11.83,105.97,38.81,8.96
O Casasola,7,71,120,7,78,6,0,10.14,59.17,65.0,5.0
S Matijevic,7,71,79,4,44,11,0,17.75,89.87,55.7,13.92
J Lewis,9,71,97,8,56,9,0,8.88,73.2,57.73,9.28
GL Mushi,6,71,98,3,59,9,0,23.67,72.45,60.2,9.18
T Legaabile,10,71,120,9,72,4,0,7.89,59.17,60.0,3.33
Kapil Kumar,5,71,105,6,65,6,2,11.83,67.62,61.9,7.62
Suzan Turan,7,71,84,6,44,10,0,11.83,84.52,52.38,11.9
Wei Guo Lei,9,71,116,9,87,9,2,7.89,61.21,75.0,9.48
Shamsullah Ehsan,8,71,98,8,56,7,0,8.88,72.45,57.14,7.14
HL Tau,12,71,90,6,41,5,0,11.83,78.89,45.56,5.56
A Wanjira,12,70,98,9,56,8,0,7.78,71.43,57.14,8.16
A Fujikawa,12,70,103,4,57,5,0,17.5,67.96,55.34,4.85
AS Mehmi,9,70,80,8,44,8,1,8.75,87.5,55.0,11.25
MEMO Scott-Hayward,10,70,81,8,33,5,0,8.75,86.42,40.74,6.17
SJ French,7,70,89,6,47,3,3,11.67,78.65,52.81,6.74
Muhammad Kaleem,7,70,93,7,62,6,2,10.0,75.27,66.67,8.6
J Suchith,9,70,61,4,29,6,3,17.5,114.75,47.54,14.75
JAR Blain,8,70,132,7,85,2,2,10.0,53.03,64.39,3.03
Vishaul Singh,8,70,105,7,51,2,0,10.0,66.67,48.57,1.9
Irfan Safi,6,70,48,4,18,4,5,17.5,145.83,37.5,18.75
R Misra,5,70,89,5,46,6,0,14.0,78.65,51.69,6.74
G Sultana,11,70,170,5,124,4,0,14.0,41.18,72.94,2.35
Geovanis Uwase,15,70,81,12,41,4,1,5.83,86.42,50.62,6.17
Gaurav Mishra,6,70,61,5,21,3,2,14.0,114.75,34.43,8.2
KJ Young,5,70,78,5,44,8,2,14.0,89.74,56.41,12.82
K Goud,18,70,89,10,50,8,1,7.0,78.65,56.18,10.11
Alexandros Karvelas,3,70,70,3,33,2,5,23.33,100.0,47.14,10.0
Jakob Gul,9,70,63,10,28,4,4,7.0,111.11,44.44,12.7
S Shrivastava,13,70,106,4,61,6,1,17.5,66.04,57.55,6.6
E Ul Haq,9,70,109,10,67,6,1,7.0,64.22,61.47,6.42
AA Bilakhia,7,69,85,5,39,5,0,13.8,81.18,45.88,5.88
Zafer Durmaz,8,69,56,5,27,8,2,13.8,123.21,48.21,17.86
G Fatouros,3,69,54,3,25,6,3,23.0,127.78,46.3,16.67
S Asha,11,69,59,4,21,5,3,17.25,116.95,35.59,13.56
K Abdulquadri,8,69,142,9,97,3,0,7.67,48.59,68.31,2.11
Javed Hira,4,69,67,5,23,6,0,13.8,102.99,34.33,8.96
D Maisuria,13,69,115,10,62,1,1,6.9,60.0,53.91,1.74
Maryyam Ashraf,19,69,93,14,56,5,2,4.93,74.19,60.22,7.53
JN Dorji,7,69,88,8,45,8,0,8.62,78.41,51.14,9.09
T Amarmend,12,69,157,11,116,6,1,6.27,43.95,73.89,4.46
Raihan Hossain,8,69,128,8,85,3,0,8.62,53.91,66.41,2.34
Myat Thu Aung,10,69,139,6,89,3,0,11.5,49.64,64.03,2.16
A Nagarajan,5,69,77,5,39,8,1,13.8,89.61,50.65,11.69
J Stanigze,5,69,58,4,28,3,5,17.25,118.97,48.28,13.79
CM Akachukwu,9,69,69,7,33,4,1,9.86,100.0,47.83,7.25
Kawsar Khan,6,69,72,4,34,5,2,17.25,95.83,47.22,9.72
LK Bell,20,69,167,9,131,8,1,7.67,41.32,78.44,5.39
Likitha Yadav,3,69,126,3,76,6,0,23.0,54.76,60.32,4.76
S Siegers,26,69,110,14,58,2,0,4.93,62.73,52.73,1.82
B Phelenyane,19,69,180,15,134,3,0,4.6,38.33,74.44,1.67
C Hauptfleisch,5,69,85,5,43,4,2,13.8,81.18,50.59,7.06
M Zondeki,6,69,171,5,140,10,0,13.8,40.35,81.87,5.85
Waqar Younis,6,69,94,8,60,6,2,8.62,73.4,63.83,8.51
Anas Khan,9,69,80,5,39,5,2,13.8,86.25,48.75,8.75
B Fernando,10,69,83,7,47,7,1,9.86,83.13,56.63,9.64
AB Dinda,23,69,108,15,60,4,0,4.6,63.89,55.56,3.7
K John,5,69,111,5,76,7,0,13.8,62.16,68.47,6.31
Vivrant Sharma,1,69,47,1,16,9,2,69.0,146.81,34.04,23.4
A Gurung,21,68,117,17,68,4,0,4.0,58.12,58.12,3.42
TL Cutler,6,68,54,3,26,2,6,22.67,125.93,48.15,14.81
LAR Bommareddy,15,68,145,11,96,5,0,6.18,46.9,66.21,3.45
KA Vimlesh,6,68,71,3,28,5,0,22.67,95.77,39.44,7.04
GP Tom,12,68,122,9,78,4,0,7.56,55.74,63.93,3.28
S Samal,4,68,58,4,26,5,3,17.0,117.24,44.83,13.79
N Mabila,17,68,145,12,104,6,0,5.67,46.9,71.72,4.14
MA Sherry,7,68,78,6,32,4,1,11.33,87.18,41.03,6.41
Sazzad Hosen,7,68,72,7,39,10,0,9.71,94.44,54.17,13.89
Sana Javed,3,68,128,3,98,11,0,22.67,53.12,76.56,8.59
O Erdenebaatar,14,68,317,13,261,1,0,5.23,21.45,82.33,0.32
B Manuel,16,68,130,14,87,7,0,4.86,52.31,66.92,5.38
N Ahir,6,68,120,4,77,2,2,17.0,56.67,64.17,3.33
G Murali,4,68,103,4,60,3,2,17.0,66.02,58.25,4.85
O Ranedoumoun,15,67,118,12,73,4,0,5.58,56.78,61.86,3.39
ET Williams,6,67,83,5,40,3,1,13.4,80.72,48.19,4.82
BTJ Wheal,12,67,84,6,44,7,0,11.17,79.76,52.38,8.33
SR Waters,7,67,143,7,105,7,0,9.57,46.85,73.43,4.9
S Cholasseri,4,67,82,3,47,8,0,22.33,81.71,57.32,9.76
Shorifa Khatun,9,67,66,5,30,8,0,13.4,101.52,45.45,12.12
Meet Ahir,4,67,68,2,33,5,2,33.5,98.53,48.53,10.29
A McKnight,2,67,74,2,36,6,2,33.5,90.54,48.65,10.81
Usman Qadir,12,67,52,7,19,5,3,9.57,128.85,36.54,15.38
RG Somashekhar,8,67,106,5,53,4,0,13.4,63.21,50.0,3.77
RO Mazumba,12,67,130,6,79,4,0,11.17,51.54,60.77,3.08
F Song,8,67,92,6,46,4,0,11.17,72.83,50.0,4.35
Aamer Azmat,5,67,60,4,24,7,1,16.75,111.67,40.0,13.33
AA Paradkar,7,67,93,5,52,5,1,13.4,72.04,55.91,6.45
B Shetty,9,67,112,4,63,4,0,16.75,59.82,56.25,3.57
Poonam Yadav,27,67,162,17,107,2,0,3.94,41.36,66.05,1.23
Akhil Kumar,10,67,75,5,45,5,3,13.4,89.33,60.0,10.67
Mohammad Khan Rafah,5,67,47,5,23,2,6,13.4,142.55,48.94,17.02
Mohammed Alamgir,7,67,65,5,36,7,3,13.4,103.08,55.38,15.38
LR Gaonkar,6,67,80,6,43,4,1,11.17,83.75,53.75,6.25
AJ Michael,5,66,80,3,35,5,1,22.0,82.5,43.75,7.5
A Osei,9,66,123,10,82,4,1,6.6,53.66,66.67,4.07
Zameer Khan,5,66,92,4,51,5,0,16.5,71.74,55.43,5.43
Muhammad Wafiq,17,66,81,11,44,3,4,6.0,81.48,54.32,8.64
AH Maqsood,29,66,138,19,85,0,0,3.47,47.83,61.59,0.0
ECB Moore,11,66,97,8,59,4,2,8.25,68.04,60.82,6.19
Abraash Khan,4,66,60,4,28,7,1,16.5,110.0,46.67,13.33
D Olivier,14,66,266,11,237,10,1,6.0,24.81,89.1,4.14
AK Gokoel,10,66,117,8,61,2,0,8.25,56.41,52.14,1.71
P Heron,6,66,90,5,51,3,2,13.2,73.33,56.67,5.56
NR Johns-Wickberg,10,66,90,5,50,8,0,13.2,73.33,55.56,8.89
Sajid Khan Afridi,4,66,53,4,26,4,4,16.5,124.53,49.06,15.09
R Hubbard,3,66,60,2,28,10,0,33.0,110.0,46.67,16.67
WSLK Narayana,4,66,53,4,26,10,1,16.5,124.53,49.06,20.75
N Brand,2,66,129,4,100,11,0,16.5,51.16,77.52,8.53
Rhys Burinaga,12,66,87,11,39,1,1,6.0,75.86,44.83,2.3
Mubasir Khan,8,66,64,8,27,6,1,8.25,103.12,42.19,10.94
HR Shokeen,5,66,65,3,31,9,0,22.0,101.54,47.69,13.85
S Kaneria,4,65,83,5,44,7,0,13.0,78.31,53.01,8.43
M Wai Siu,22,65,140,10,85,1,0,6.5,46.43,60.71,0.71
RM Jariwala,5,65,81,5,40,5,1,13.0,80.25,49.38,7.41
Sadia Iqbal,30,65,130,18,88,6,0,3.61,50.0,67.69,4.62
S Bangera,6,65,77,5,35,7,0,13.0,84.42,45.45,9.09
Faraaz Mehti Abbas,6,65,76,6,39,5,0,10.83,85.53,51.32,6.58
Vishal Sharma,8,65,94,8,53,3,1,8.12,69.15,56.38,4.26
Nawazish Akhtar,6,65,69,4,31,4,1,16.25,94.2,44.93,7.25
BAM Heath,7,65,72,7,27,3,1,9.29,90.28,37.5,5.56
IR James,3,65,71,3,44,8,1,21.67,91.55,61.97,12.68
L Greig,8,65,76,7,33,6,0,9.29,85.53,43.42,7.89
P Dakainivanua,6,65,75,4,33,6,0,16.25,86.67,44.0,8.0
Rupesh Singh,3,65,46,4,15,2,4,16.25,141.3,32.61,13.04
AF Aoina,11,65,81,8,39,5,1,8.12,80.25,48.15,7.41
E Moiane,5,65,66,5,35,6,2,13.0,98.48,53.03,12.12
Ihsanullah Wafa,4,65,50,4,22,3,4,16.25,130.0,44.0,14.0
AS Roy,12,65,52,7,19,5,2,9.29,125.0,36.54,13.46
B Ichinkhorloo,14,65,249,15,203,4,0,4.33,26.1,81.53,1.61
Maria Jasvi,30,65,212,23,158,2,0,2.83,30.66,74.53,0.94
G Hoey,3,65,142,4,112,6,1,16.25,45.77,78.87,4.93
Nazril Rahman,6,65,63,5,26,5,1,13.0,103.17,41.27,9.52
IT Guha,3,65,279,3,236,4,0,21.67,23.3,84.59,1.43
R van Tonder,2,64,169,4,136,5,0,16.0,37.87,80.47,2.96
S Santhirakumaran,5,64,96,4,59,6,0,16.0,66.67,61.46,6.25
T Kaisala,4,64,73,4,38,6,2,16.0,87.67,52.05,10.96
P Pheko,17,64,181,19,134,3,0,3.37,35.36,74.03,1.66
Enamul Haque jnr,16,64,274,13,234,7,0,4.92,23.36,85.4,2.55
Rosine Irera,19,64,81,5,38,5,0,12.8,79.01,46.91,6.17
EN Gay,3,64,30,3,9,9,2,21.33,213.33,30.0,36.67
S Praveen,4,64,104,4,61,3,0,16.0,61.54,58.65,2.88
N Wijesekera,8,64,84,6,43,4,1,10.67,76.19,51.19,5.95
Rameez Raja (2),7,64,62,6,24,4,2,10.67,103.23,38.71,9.68
Amelia Jones,4,64,138,6,88,3,0,10.67,46.38,63.77,2.17
Abrar Bilal,6,64,72,5,33,3,1,12.8,88.89,45.83,5.56
M Zhu,13,64,120,13,77,4,0,4.92,53.33,64.17,3.33
O Matsolo,11,64,180,5,128,2,0,12.8,35.56,71.11,1.11
RE Nyangendo,8,64,89,5,50,4,1,12.8,71.91,56.18,5.62
JS Iggo,6,64,79,6,43,4,1,10.67,81.01,54.43,6.33
D Gim,12,64,116,10,63,0,1,6.4,55.17,54.31,0.86
Irshad Mubbashar,4,64,75,5,31,2,2,12.8,85.33,41.33,5.33
Abdul Shakoor (2),4,64,57,2,20,6,1,32.0,112.28,35.09,12.28
Kabir Ali,9,64,85,6,46,4,1,10.67,75.29,54.12,5.88
Bilal Hassun,13,64,62,10,30,6,2,6.4,103.23,48.39,12.9
SA Mohandas,12,64,64,6,28,5,0,10.67,100.0,43.75,7.81
J Fernando,4,64,47,4,17,4,3,16.0,136.17,36.17,14.89
R Ntono,9,63,110,9,73,4,1,7.0,57.27,66.36,4.55
S Sigaiwasa,10,63,124,12,85,7,0,5.25,50.81,68.55,5.65
P Hatchman,8,63,74,7,36,3,2,9.0,85.14,48.65,6.76
KD Clarke,4,63,48,5,18,9,1,12.6,131.25,37.5,20.83
H Khuttan,4,63,40,4,16,2,6,15.75,157.5,40.0,20.0
VA Singh,3,63,199,6,158,4,0,10.5,31.66,79.4,2.01
MP Biddappa,5,63,101,4,59,4,1,15.75,62.38,58.42,4.95
Ahsan Abbasi,5,63,69,4,37,7,0,15.75,91.3,53.62,10.14
Noorkhan Ahmedi,5,63,49,5,22,7,2,12.6,128.57,44.9,18.37
SE Rowe,5,63,50,1,16,3,3,63.0,126.0,32.0,12.0
Sultan Ahmed,10,63,62,8,24,6,0,7.88,101.61,38.71,9.68
M Shehani,11,63,98,13,59,6,0,4.85,64.29,60.2,6.12
M Shahbaz Butt,13,63,84,8,39,4,0,7.88,75.0,46.43,4.76
Anirudh Singh,4,63,66,4,31,6,1,15.75,95.45,46.97,10.61
J Henry,7,63,73,7,41,3,3,9.0,86.3,56.16,8.22
MJ Bulow,2,63,133,3,104,11,0,21.0,47.37,78.2,8.27
Bijeyata Kumari,14,63,182,12,128,2,0,5.25,34.62,70.33,1.1
Thae Thae Po,12,63,96,4,57,3,2,15.75,65.62,59.38,5.21
AW Hawkins-Kay,8,63,82,6,31,2,0,10.5,76.83,37.8,2.44
A Galan,14,63,152,14,109,3,0,4.5,41.45,71.71,1.97
D Vihanga,8,63,88,7,55,6,2,9.0,71.59,62.5,9.09
T Lungameni,19,62,114,8,75,5,0,7.75,54.39,65.79,4.39
A Nanda,12,62,64,6,32,3,3,10.33,96.88,50.0,9.38
DG Perez,5,62,67,5,37,10,0,12.4,92.54,55.22,14.93
GH Smit,3,62,57,3,24,5,1,20.67,108.77,42.11,10.53
RS Vandort,12,62,90,8,48,4,0,7.75,68.89,53.33,4.44
S Bharratt,6,62,73,5,39,8,0,12.4,84.93,53.42,10.96
J Kowa,7,62,69,5,38,7,0,12.4,89.86,55.07,10.14
NP Mayavo,2,62,111,4,90,9,1,15.5,55.86,81.08,9.01
H Pieterse,1,62,34,1,6,4,3,62.0,182.35,17.65,20.59
M Jones,1,62,182,2,155,7,0,31.0,34.07,85.16,3.85
D Mukarurangwa,6,62,94,4,54,3,0,15.5,65.96,57.45,3.19
A Vessik,12,62,123,10,68,2,0,6.2,50.41,55.28,1.63
Shahzeb Afridi,4,62,35,2,13,2,6,31.0,177.14,37.14,22.86
Asrar Ahmed,3,62,67,1,33,8,1,62.0,92.54,49.25,13.43
GC Galanis,9,62,51,7,19,4,3,8.86,121.57,37.25,13.73
Usman Shinwari,17,62,63,10,35,1,6,6.2,98.41,55.56,11.11
MIW van den Raad,10,62,74,6,38,6,0,10.33,83.78,51.35,8.11
Renuka Singh,35,62,117,19,75,6,0,3.26,52.99,64.1,5.13
KG Anderson,4,62,64,5,34,10,0,12.4,96.88,53.12,15.62
MJ Swepson,10,62,79,6,47,4,2,10.33,78.48,59.49,7.59
Muhammad Babar,2,61,35,2,19,3,7,30.5,174.29,54.29,28.57
JW Wells,2,61,56,0,29,6,3,61.0,108.93,51.79,16.07
Dolar Mahmud,4,61,44,4,22,5,4,15.25,138.64,50.0,20.45
P Khari,2,61,41,1,17,6,3,61.0,148.78,41.46,21.95
SP Jackson,8,61,57,6,20,5,1,10.17,107.02,35.09,10.53
TA Lavia,10,61,96,7,60,4,2,8.71,63.54,62.5,6.25
A Bester,8,61,89,8,54,6,0,7.62,68.54,60.67,6.74
M Biu,9,61,72,6,40,7,0,10.17,84.72,55.56,9.72
JM Nthenya,8,61,98,6,62,6,0,10.17,62.24,63.27,6.12
Sandeep Sharma,27,61,76,5,30,4,0,12.2,80.26,39.47,5.26
V Nikolova,11,61,91,11,51,5,0,5.55,67.03,56.04,5.49
Asad Mahmood,5,61,51,5,21,3,4,12.2,119.61,41.18,13.73
G Ingabire,12,61,100,10,68,8,0,6.1,61.0,68.0,8.0
DVD Madampage,8,61,76,8,44,5,2,7.62,80.26,57.89,9.21
Sabreen Zaki,7,61,78,6,46,7,1,10.17,78.21,58.97,10.26
T Kobeli,14,61,165,14,127,7,0,4.36,36.97,76.97,4.24
EH Rendler,6,61,64,6,37,6,2,10.17,95.31,57.81,12.5
J Baleicikoibia,5,61,72,5,39,4,2,12.2,84.72,54.17,8.33
Imran Butt,3,61,99,5,69,7,1,12.2,61.62,69.7,8.08
N Krishna,11,60,80,8,46,7,0,7.5,75.0,57.5,8.75
CKB Kulasekara,4,60,122,5,81,2,0,12.0,49.18,66.39,1.64
D Dewald,5,60,84,4,37,4,0,15.0,71.43,44.05,4.76
DB Loic,13,60,80,12,42,5,0,5.0,75.0,52.5,6.25
Sherul Mehta,3,60,89,3,53,6,0,20.0,67.42,59.55,6.74
MR Kumar,6,60,66,5,32,4,2,12.0,90.91,48.48,9.09
Rumman Raees,15,60,73,9,42,9,0,6.67,82.19,57.53,12.33
T Saville,4,60,41,3,11,6,1,20.0,146.34,26.83,17.07
SCG MacGill,11,60,106,11,73,8,0,5.45,56.6,68.87,7.55
Chan Ka Man,24,60,120,13,77,2,0,4.62,50.0,64.17,1.67
SK Reddy,3,60,75,2,34,4,0,30.0,80.0,45.33,5.33
R Padunglerd,13,60,94,8,52,3,1,7.5,63.83,55.32,4.26
Sasha Azmi,13,60,120,9,78,3,0,6.67,50.0,65.0,2.5
Gong Yuting,9,60,66,7,31,7,0,8.57,90.91,46.97,10.61
Ammad Uddin,5,60,38,3,14,5,4,20.0,157.89,36.84,23.68
Arjun Kumal,2,59,109,2,72,6,0,29.5,54.13,66.06,5.5
Krishna Chandran,7,59,155,7,113,5,0,8.43,38.06,72.9,3.23
Nauman Anwar,5,59,46,5,24,5,4,11.8,128.26,52.17,19.57
Abdul Jabbar,2,59,82,2,56,9,1,29.5,71.95,68.29,12.2
GJ Whittall,4,59,71,4,38,5,1,14.75,83.1,53.52,8.45
S Aravind,10,59,57,3,24,7,0,19.67,103.51,42.11,12.28
A Busing-Volschenk,7,59,54,5,22,1,4,11.8,109.26,40.74,9.26
F Tanguy,9,59,100,10,59,4,0,5.9,59.0,59.0,4.0
J Ghadiyali,5,59,76,5,38,6,0,11.8,77.63,50.0,7.89
Kamrul Hasan,3,59,45,3,28,4,6,19.67,131.11,62.22,22.22
Syazrul Idrus,13,59,59,8,29,4,3,7.38,100.0,49.15,11.86
R Kaia,3,59,161,7,134,8,0,8.43,36.65,83.23,4.97
Rejaul Karim,3,59,48,3,26,10,1,19.67,122.92,54.17,22.92
Iqra Sahar,21,59,99,13,53,1,0,4.54,59.6,53.54,1.01
JH Stander,6,59,66,5,40,1,4,11.8,89.39,60.61,7.58
KM Beams,9,59,148,5,109,3,0,11.8,39.86,73.65,2.03
DR Tawake,6,59,79,6,44,5,0,9.83,74.68,55.7,6.33
H Celik,4,59,71,4,36,4,0,14.75,83.1,50.7,5.63
AN Aminou,8,59,53,8,24,1,4,7.38,111.32,45.28,9.43
VRV Singh,7,59,58,6,35,11,0,9.83,101.72,60.34,18.97
H Kerge,12,59,183,13,127,0,0,4.54,32.24,69.4,0.0
Haseeb Amjad,9,59,54,5,24,3,3,11.8,109.26,44.44,11.11
PS Roberts,4,59,56,2,19,5,0,29.5,105.36,33.93,8.93
T De Silva,13,59,127,8,78,2,0,7.38,46.46,61.42,1.57
EFB Estrada,5,59,92,4,49,8,0,14.75,64.13,53.26,8.7
AF Mapu,9,59,59,9,33,9,0,6.56,100.0,55.93,15.25
LK Hamilton,2,59,73,2,49,6,3,29.5,80.82,67.12,12.33
Zahid Mahmood,12,59,165,7,131,4,2,8.43,35.76,79.39,3.64
S Jayakodi,7,58,132,6,82,2,0,9.67,43.94,62.12,1.52
Mohammad Usman,2,58,61,1,35,4,3,58.0,95.08,57.38,11.48
H Fennell,14,58,59,12,30,4,2,4.83,98.31,50.85,10.17
K Modise,7,58,63,7,37,8,1,8.29,92.06,58.73,14.29
M van Schoor,5,58,111,4,74,3,1,14.5,52.25,66.67,3.6
R Webster,6,58,67,4,43,10,0,14.5,86.57,64.18,14.93
Imran Haider,14,58,131,7,88,2,0,8.29,44.27,67.18,1.53
Baljit Singh,6,58,53,5,22,3,2,11.6,109.43,41.51,9.43
M Vaik,10,58,106,9,54,1,0,6.44,54.72,50.94,0.94
JM Willathgamuwa,8,58,116,6,82,4,0,9.67,50.0,70.69,3.45
M Kudimba,8,58,90,6,59,7,0,9.67,64.44,65.56,7.78
I Mugisha,8,58,53,6,28,1,5,9.67,109.43,52.83,11.32
Abdullah Akbarjan,13,58,84,9,46,3,1,6.44,69.05,54.76,4.76
PJ Wiseman,2,58,110,1,81,8,0,58.0,52.73,73.64,7.27
PK Mohanarangam,6,58,74,5,42,4,1,11.6,78.38,56.76,6.76
R Butler,3,58,58,1,25,6,1,58.0,100.0,43.1,12.07
Gayan Munaweera,10,58,43,3,15,6,2,19.33,134.88,34.88,18.6
LB Williams,17,58,125,11,89,6,0,5.27,46.4,71.2,4.8
J Grassi,4,58,63,4,27,2,2,14.5,92.06,42.86,6.35
MR Ramprakash,1,58,133,1,96,5,0,58.0,43.61,72.18,3.76
D Ganesh,8,58,79,6,52,5,2,9.67,73.42,65.82,8.86
E de Souza,4,58,92,4,62,7,0,14.5,63.04,67.39,7.61
S Venkataraman,9,58,91,10,56,5,0,5.8,63.74,61.54,5.49
Inshaf Farook,5,58,64,4,34,3,3,14.5,90.62,53.12,9.38
Ishtiaq Ahmad,12,57,39,7,19,1,6,8.14,146.15,48.72,17.95
Bilal Khan,38,57,119,14,79,2,1,4.07,47.9,66.39,2.52
JA Burrows,14,57,65,12,35,6,1,4.75,87.69,53.85,10.77
S Sola,11,57,90,8,55,7,0,7.12,63.33,61.11,7.78
LM Babirye,11,57,123,10,84,4,0,5.7,46.34,68.29,3.25
SK Chandhrasekar,5,57,108,6,68,3,0,9.5,52.78,62.96,2.78
Boio Ray,3,57,49,3,18,4,2,19.0,116.33,36.73,12.24
Abdur Rahman Sudais,3,57,45,2,22,3,4,28.5,126.67,48.89,15.56
L Sreekumar,4,57,68,4,47,10,1,14.25,83.82,69.12,16.18
Akram Khan,2,57,98,2,58,3,0,28.5,58.16,59.18,3.06
HWR Cartwright,4,57,148,4,122,7,1,14.25,38.51,82.43,5.41
TA Dudnath,6,57,92,7,50,0,2,8.14,61.96,54.35,2.17
M Kyriacou,4,57,76,2,38,1,2,28.5,75.0,50.0,3.95
Mohammad Shahid,5,57,81,5,58,10,1,11.4,70.37,71.6,13.58
M Mooketsi,20,57,109,12,69,2,0,4.75,52.29,63.3,1.83
AJ Kenealy,12,57,115,11,87,7,1,5.18,49.57,75.65,6.96
SB Bangar,10,57,77,10,43,2,3,5.7,74.03,55.84,6.49
Jobayer Hossen,6,57,77,4,51,6,2,14.25,74.03,66.23,10.39
Chado Om,11,57,91,7,46,4,0,8.14,62.64,50.55,4.4
SA Panayan,14,57,112,13,74,4,0,4.38,50.89,66.07,3.57
V Zanko,9,57,150,10,114,6,0,5.7,38.0,76.0,4.0
Vishnu Vinod,6,56,57,6,26,3,3,9.33,98.25,45.61,10.53
Mashael Waqas,5,56,114,6,67,1,0,9.33,49.12,58.77,0.88
Khaled Ahmed,18,56,182,20,159,6,3,2.8,30.77,87.36,4.95
VN Veetil,4,56,55,2,23,2,3,28.0,101.82,41.82,9.09
C Webster,6,56,45,6,21,3,4,9.33,124.44,46.67,15.56
S Waqas Ahmed,8,56,70,4,35,4,0,14.0,80.0,50.0,5.71
WA Mota,8,56,75,5,29,2,0,11.2,74.67,38.67,2.67
A Simelane,8,56,57,7,27,4,2,8.0,98.25,47.37,10.53
Javid Patel,9,56,84,7,48,2,3,8.0,66.67,57.14,5.95
S Badree,20,56,88,11,42,1,1,5.09,63.64,47.73,2.27
A Dcosta,14,56,87,10,50,3,0,5.6,64.37,57.47,3.45
MJ Ansell,10,56,66,8,33,2,3,7.0,84.85,50.0,7.58
Ahsan Hafeez,5,56,40,5,16,6,2,11.2,140.0,40.0,20.0
Amir Mangal,6,56,39,4,12,3,3,14.0,143.59,30.77,15.38
I Nandakumar,16,56,108,8,67,3,0,7.0,51.85,62.04,2.78
Meghna Singh,15,56,76,7,42,6,0,8.0,73.68,55.26,7.89
B Tlali,11,56,125,10,86,2,0,5.6,44.8,68.8,1.6
R Sandeep,10,56,84,8,54,3,3,7.0,66.67,64.29,7.14
B Taylan,4,56,78,4,44,6,0,14.0,71.79,56.41,7.69
P Vekaria,6,55,38,2,16,3,4,27.5,144.74,42.11,18.42
JKD Andreano,15,55,124,14,91,4,0,3.93,44.35,73.39,3.23
K Kato-Stafford,8,55,45,4,21,7,1,13.75,122.22,46.67,17.78
M Khokhar,4,55,94,2,61,6,0,27.5,58.51,64.89,6.38
TMM Newton,11,55,104,9,64,3,0,6.11,52.88,61.54,2.88
B Balala,16,55,99,8,55,2,0,6.88,55.56,55.56,2.02
M Vumiliya,11,55,56,5,26,5,0,11.0,98.21,46.43,8.93
PN Sproul,5,55,87,4,57,6,0,13.75,63.22,65.52,6.9
Bismillah Khan,3,55,35,3,15,10,1,18.33,157.14,42.86,31.43
M Rawat,11,55,69,5,33,4,1,11.0,79.71,47.83,7.25
T Gedarage,7,55,131,7,89,3,0,7.86,41.98,67.94,2.29
Yasir Mehmood,3,55,52,2,22,2,3,27.5,105.77,42.31,9.62
S Kalyan,4,55,122,4,89,1,1,13.75,45.08,72.95,1.64
S Kijiana,6,55,51,6,29,9,1,9.17,107.84,56.86,19.61
A Kamboj,10,55,47,3,15,4,2,18.33,117.02,31.91,12.77
KM Venkataswamy,1,55,41,2,9,3,2,27.5,134.15,21.95,12.2
MJ Ross,4,55,40,2,10,2,3,27.5,137.5,25.0,12.5
Wei Haiting,11,55,161,11,115,1,0,5.0,34.16,71.43,0.62
T Granger,4,55,71,3,39,5,0,18.33,77.46,54.93,7.04
AN Toube,15,55,93,15,62,4,2,3.67,59.14,66.67,6.45
L Maphane,6,55,55,6,24,2,2,9.17,100.0,43.64,7.27
PM Inglis,6,55,40,4,12,6,0,13.75,137.5,30.0,15.0
PM Liyanagamage,11,55,124,8,91,6,0,6.88,44.35,73.39,4.84
TT Maposa,10,55,55,4,22,3,1,13.75,100.0,40.0,7.27
K Srandeva,12,55,164,11,115,1,0,5.0,33.54,70.12,0.61
Mirab Razwan,14,55,114,15,74,3,0,3.67,48.25,64.91,2.63
Rameez Khan,8,55,51,6,26,4,3,9.17,107.84,50.98,13.73
KM Chingaipe,12,54,100,11,65,4,0,4.91,54.0,65.0,4.0
N Shree Charani,13,54,61,7,31,3,3,7.71,88.52,50.82,9.84
A Shukla,21,54,90,14,60,3,2,3.86,60.0,66.67,5.56
DES Maxwell,3,54,45,1,17,2,3,54.0,120.0,37.78,11.11
Sajad Ahmadzai,8,54,66,5,35,3,2,10.8,81.82,53.03,7.58
Irdina Beh Nabil,9,54,67,4,35,5,0,13.5,80.6,52.24,7.46
Faisal Javed,4,54,26,4,11,8,3,13.5,207.69,42.31,42.31
KE Ebrahim,8,54,104,7,64,3,0,7.71,51.92,61.54,2.88
Vathana Sreemurugavel,9,54,126,7,86,4,0,7.71,42.86,68.25,3.17
V Stolle,7,54,92,5,48,2,0,10.8,58.7,52.17,2.17
Vichanath Singh,9,54,95,7,54,1,0,7.71,56.84,56.84,1.05
J Thomas,6,54,86,5,46,2,0,10.8,62.79,53.49,2.33
O Omonkhobio,6,54,44,4,19,5,2,13.5,122.73,43.18,15.91
Mengting Liu,16,54,156,14,111,3,0,3.86,34.62,71.15,1.92
LAGL Kirby,7,54,67,6,40,5,2,9.0,80.6,59.7,10.45
P Jayeshbhai Patel,8,54,92,8,66,6,1,6.75,58.7,71.74,7.61
P Abanda,9,54,88,9,64,7,1,6.0,61.36,72.73,9.09
K Brock-Nielsen,10,54,128,10,86,4,0,5.4,42.19,67.19,3.12
Muhammad Burhan,9,54,46,7,18,5,1,7.71,117.39,39.13,13.04
Munir Dar,3,54,43,3,17,7,1,18.0,125.58,39.53,18.6
LCN Smith,7,54,62,3,29,5,0,18.0,87.1,46.77,8.06
Saghir Khan,5,54,34,3,15,4,4,18.0,158.82,44.12,23.53
H McAleer,5,54,75,4,36,3,0,13.5,72.0,48.0,4.0
Ismaeel Zia,6,54,68,6,41,6,0,9.0,79.41,60.29,8.82
M Robinson,3,54,87,0,47,3,0,54.0,62.07,54.02,3.45
CB Roposo,6,54,67,4,38,7,0,13.5,80.6,56.72,10.45
J Suleman,4,53,62,4,31,2,3,13.25,85.48,50.0,8.06
DI Allan,8,53,117,8,83,5,0,6.62,45.3,70.94,4.27
Zhang Chan,9,53,79,7,47,3,0,7.57,67.09,59.49,3.8
P Maruariki,4,53,54,4,29,7,1,13.25,98.15,53.7,14.81
Deng Jinqi,4,53,95,5,59,2,0,10.6,55.79,62.11,2.11
S Yeshi,17,53,78,12,53,4,2,4.42,67.95,67.95,7.69
S Kushretha,6,53,71,5,36,3,0,10.6,74.65,50.7,4.23
EJ Tice,11,53,94,9,56,4,0,5.89,56.38,59.57,4.26
CJ Connor,2,53,146,4,125,9,0,13.25,36.3,85.62,6.16
Riyaa Bhasin,15,53,110,13,73,1,0,4.08,48.18,66.36,0.91
Anik Ahmed,4,53,58,2,20,2,0,26.5,91.38,34.48,3.45
Aamer Ikram,3,53,67,3,45,3,4,17.67,79.1,67.16,10.45
TU Deshpande,9,53,33,3,11,2,4,17.67,160.61,33.33,18.18
Adama Kamara,7,53,123,6,84,3,0,8.83,43.09,68.29,2.44
Sobu George,2,53,41,2,14,4,2,26.5,129.27,34.15,14.63
T Lafai,6,53,79,4,48,7,0,13.25,67.09,60.76,8.86
TM Macalou,9,53,129,7,99,6,0,7.57,41.09,76.74,4.65
Aiman Anwer,17,53,78,11,36,3,0,4.82,67.95,46.15,3.85
J Horrocks,9,53,55,5,22,1,1,10.6,96.36,40.0,3.64
Sajid Patel,4,53,59,4,34,7,0,13.25,89.83,57.63,11.86
AO Suji,8,53,117,6,75,4,0,8.83,45.3,64.1,3.42
V Baskaran,15,53,86,11,42,1,0,4.82,61.63,48.84,1.16
Abdul Naser Baluch,9,53,54,10,29,1,4,5.3,98.15,53.7,9.26
LG Moras,5,53,60,5,36,5,2,10.6,88.33,60.0,11.67
E Kuncova,13,52,121,10,79,2,0,5.2,42.98,65.29,1.65
S Sankar,5,52,59,3,22,4,0,17.33,88.14,37.29,6.78
Saniyah Zia,7,52,72,5,37,3,0,10.4,72.22,51.39,4.17
Abdur Rauf,3,52,168,6,138,4,0,8.67,30.95,82.14,2.38
Fayyaz Ahmed,3,52,106,1,78,7,0,52.0,49.06,73.58,6.6
BE Hendricks,12,52,89,6,58,3,1,8.67,58.43,65.17,4.49
BJ Clark,2,52,120,5,101,7,0,10.4,43.33,84.17,5.83
Faizan Asif,5,52,45,5,23,5,2,10.4,115.56,51.11,15.56
SSB Magala,8,52,42,4,19,3,4,13.0,123.81,45.24,16.67
Jing Yang,10,52,114,8,85,7,0,6.5,45.61,74.56,6.14
F Chipare,14,52,85,7,54,5,0,7.43,61.18,63.53,5.88
OE Newey,3,52,58,3,23,2,0,17.33,89.66,39.66,3.45
Asif Afridi,11,52,57,6,33,6,2,8.67,91.23,57.89,14.04
Akif Raja,5,52,44,2,17,5,1,26.0,118.18,38.64,13.64
M Mangru,9,52,93,7,59,5,0,7.43,55.91,63.44,5.38
Hilva Noor,3,52,73,2,31,0,0,26.0,71.23,42.47,0.0
Muhammad Zafar Khan,4,52,39,2,25,12,0,26.0,133.33,64.1,30.77
Mohammad Salman,6,52,102,6,71,3,1,8.67,50.98,69.61,3.92
Hilal Ahmad,5,51,74,3,38,2,0,17.0,68.92,51.35,2.7
SD Udal,3,51,89,3,60,5,1,17.0,57.3,67.42,6.74
Kamrul Islam Rabbi,7,51,281,9,255,5,2,5.67,18.15,90.75,2.49
D Joseph,11,51,119,9,82,3,0,5.67,42.86,68.91,2.52
N Acawei,5,51,68,5,41,4,2,10.2,75.0,60.29,8.82
Naveen-ul-Haq,7,51,45,3,19,6,1,17.0,113.33,42.22,15.56
Saqlain Mushtaq,7,51,197,7,164,4,0,7.29,25.89,83.25,2.03
Sohail Ahmad,6,51,52,6,22,1,3,8.5,98.08,42.31,7.69
SN Pathirana,10,51,81,6,41,0,1,8.5,62.96,50.62,1.23
Khuzaima Tanveer,4,51,40,3,21,2,5,17.0,127.5,52.5,17.5
Abubacarr Kuyateh,8,51,72,8,52,7,2,6.38,70.83,72.22,12.5
RN Bhatia,9,51,111,7,76,4,0,7.29,45.95,68.47,3.6
TE Kane,4,51,129,4,99,5,0,12.75,39.53,76.74,3.88
KB Arun Karthik,8,51,51,5,22,4,1,10.2,100.0,43.14,9.8
TG Gordon,6,51,87,6,56,5,0,8.5,58.62,64.37,5.75
EL Arlott,5,51,50,1,18,4,1,51.0,102.0,36.0,10.0
Mohammad Imran,7,51,27,4,8,5,3,12.75,188.89,29.63,29.63
GY Tomar,2,51,45,2,24,4,3,25.5,113.33,53.33,15.56
Yair Nagavkar,6,51,63,5,30,3,0,10.2,80.95,47.62,4.76
O Davidson,5,51,63,4,37,5,1,12.75,80.95,58.73,9.52
Sikder Billah,5,51,39,4,12,5,1,12.75,130.77,30.77,15.38
N M'shangwe,8,51,65,9,49,3,5,5.67,78.46,75.38,12.31
ZN Shabalala,10,51,171,12,131,1,0,4.25,29.82,76.61,0.58
A Kaul,8,51,58,7,29,7,0,7.29,87.93,50.0,12.07
Shenjian Zheng,4,51,40,4,23,4,4,12.75,127.5,57.5,20.0
Swapnil Singh,9,51,45,5,20,3,3,10.2,113.33,44.44,13.33
R Cenik,5,51,68,4,40,6,0,12.75,75.0,58.82,8.82
Noor Ahmad,17,51,66,12,40,4,2,4.25,77.27,60.61,9.09
Chen Yue,5,50,87,4,64,5,0,12.5,57.47,73.56,5.75
D Kataina,8,50,91,6,55,4,0,8.33,54.95,60.44,4.4
WA Agar,2,50,42,2,19,4,2,25.0,119.05,45.24,14.29
S Haggo,8,50,83,5,44,1,0,10.0,60.24,53.01,1.2
JW Dernbach,17,50,71,9,37,5,0,5.56,70.42,52.11,7.04
JD Baker,5,50,48,4,21,2,3,12.5,104.17,43.75,10.42
I Ntirenganya,19,50,69,7,36,5,0,7.14,72.46,52.17,7.25
R Boyce,10,50,122,10,91,4,1,5.0,40.98,74.59,4.1
Sonam,17,50,145,14,107,3,0,3.57,34.48,73.79,2.07
A Alexander,8,50,33,5,12,2,4,10.0,151.52,36.36,18.18
J Reb,5,50,65,5,38,3,2,10.0,76.92,58.46,7.69
EB Knowles,4,50,55,3,29,6,0,16.67,90.91,52.73,10.91
R Siriwardena,9,50,72,6,41,5,0,8.33,69.44,56.94,6.94
Mohammad Bhaidu,6,50,77,7,47,4,1,7.14,64.94,61.04,6.49
F Campbell,7,50,71,7,42,4,1,7.14,70.42,59.15,7.04
Iqbal Hussain,6,50,42,4,13,3,2,12.5,119.05,30.95,11.9
Usman Salahuddin,3,50,148,4,117,2,0,12.5,33.78,79.05,1.35
Sufiyan Muqeem,16,50,60,7,30,4,1,7.14,83.33,50.0,8.33
Faisal Safi,3,50,45,3,26,10,0,16.67,111.11,57.78,22.22
RV Gomez,9,50,51,7,25,5,1,7.14,98.04,49.02,11.76
K Hardat,7,50,57,5,32,7,0,10.0,87.72,56.14,12.28
GJ Rennie,4,50,125,4,90,4,0,12.5,40.0,72.0,3.2
LN Rajbanshi,31,50,183,12,150,3,0,4.17,27.32,81.97,1.64
Qateel Zabiullah,3,50,27,3,9,2,5,16.67,185.19,33.33,25.93
D Brown,13,49,85,5,60,7,0,9.8,57.65,70.59,8.24
KM Leng,1,49,191,2,159,2,0,24.5,25.65,83.25,1.05
ZS Ansari,3,49,136,5,104,5,0,9.8,36.03,76.47,3.68
LHD Dilhara,4,49,60,4,36,3,3,12.25,81.67,60.0,10.0
P Magafas,3,49,50,3,22,5,0,16.33,98.0,44.0,10.0
Ehsan Adil,8,49,85,7,57,5,0,7.0,57.65,67.06,5.88
J King,7,49,145,7,111,3,0,7.0,33.79,76.55,2.07
AG Paunikar,5,49,58,5,36,9,0,9.8,84.48,62.07,15.52
P Chilongia,7,49,85,2,45,1,0,24.5,57.65,52.94,1.18
Emma Patel,8,49,64,3,34,4,0,16.33,76.56,53.12,6.25
CU Jayasinghe,3,49,49,2,20,3,1,24.5,100.0,40.82,8.16
RK Willis,12,49,72,10,44,4,0,4.9,68.06,61.11,5.56
M Bryant,5,49,30,3,10,7,1,16.33,163.33,33.33,26.67
M Faisal,7,49,96,6,68,5,0,8.17,51.04,70.83,5.21
Naseem Khan,5,49,56,5,35,5,2,9.8,87.5,62.5,12.5
K Senamontree,14,49,79,10,46,1,1,4.9,62.03,58.23,2.53
Saad Ali,5,49,63,5,25,1,1,9.8,77.78,39.68,3.17
Aphsal Ashraf,2,49,25,1,6,1,5,49.0,196.0,24.0,24.0
M Nanayakkara,4,49,65,4,35,5,0,12.25,75.38,53.85,7.69
M Daniels,15,49,96,3,67,4,0,16.33,51.04,69.79,4.17
Kuldeep Gurjar,8,49,79,8,44,0,3,6.12,62.03,55.7,3.8
Syed Faizan Tahir,8,49,74,7,41,2,1,7.0,66.22,55.41,4.05
PR Veer,2,49,36,1,13,7,1,49.0,136.11,36.11,22.22
Nayab Alizai,4,49,81,6,44,2,0,8.17,60.49,54.32,2.47
Jubaid Ahamed,7,49,45,7,16,2,2,7.0,108.89,35.56,8.89
O Bell,12,49,114,6,80,4,0,8.17,42.98,70.18,3.51
AS Yadav,6,49,39,7,17,5,2,7.0,125.64,43.59,17.95
I Master,6,49,51,4,25,3,0,12.25,96.08,49.02,5.88
A Khan,7,49,54,7,23,2,1,7.0,90.74,42.59,5.56
JC Tongue,7,48,138,9,113,4,0,5.33,34.78,81.88,2.9
DAM Louis,7,48,47,5,21,3,2,9.6,102.13,44.68,10.64
A Modi,5,48,76,4,34,1,0,12.0,63.16,44.74,1.32
Sojib Miah,3,48,27,3,12,5,3,16.0,177.78,44.44,29.63
GD Drummond,4,48,57,5,23,4,0,9.6,84.21,40.35,7.02
S Chilemanya,6,48,63,6,40,1,1,8.0,76.19,63.49,3.17
CL Fitzpatrick,2,48,184,4,163,6,0,12.0,26.09,88.59,3.26
Mohammad Huraira,3,48,103,5,73,4,0,9.6,46.6,70.87,3.88
NE Farrant,7,48,76,4,46,5,0,12.0,63.16,60.53,6.58
M Markande,10,48,42,3,18,5,1,16.0,114.29,42.86,14.29
M Batnasan,8,48,73,12,38,4,0,4.0,65.75,52.05,5.48
CD Mboe,8,48,134,9,94,2,0,5.33,35.82,70.15,1.49
SI Galagedara,7,48,94,7,70,7,0,6.86,51.06,74.47,7.45
FA Klokker,6,48,45,2,16,4,0,24.0,106.67,35.56,8.89
Ahmed Wardak,5,48,49,3,24,5,1,16.0,97.96,48.98,12.24
L Shafeeg,8,48,56,3,24,3,1,16.0,85.71,42.86,7.14
AH Thomson,11,48,99,8,64,2,0,6.0,48.48,64.65,2.02
C Crowe,5,48,82,3,48,5,0,16.0,58.54,58.54,6.1
K Pandya,5,48,81,4,42,0,0,12.0,59.26,51.85,0.0
Ishma Tanjim,6,48,92,6,66,6,0,8.0,52.17,71.74,6.52
Tasqeen Qadeer,3,48,132,3,99,2,0,16.0,36.36,75.0,1.52
Yashpal Singh,4,47,66,4,37,5,0,11.75,71.21,56.06,7.58
C Sridev,5,47,58,5,27,3,0,9.4,81.03,46.55,5.17
L Dalbina,6,47,108,5,60,0,0,9.4,43.52,55.56,0.0
Abdul Majid Abbasi,20,47,88,8,51,1,1,5.88,53.41,57.95,2.27
Mohammad Ayub,1,47,168,2,135,4,0,23.5,27.98,80.36,2.38
NT Gruny,6,47,88,5,58,4,0,9.4,53.41,65.91,4.55
EK Hubbard,6,47,74,3,34,1,0,15.67,63.51,45.95,1.35
Kabir Berlia,5,47,32,3,11,5,2,15.67,146.88,34.38,21.88
Aishani Kishore,2,47,51,0,18,3,0,47.0,92.16,35.29,5.88
SB Martinez,4,47,81,4,39,4,0,11.75,58.02,48.15,4.94
Rehman Abdul,3,47,51,2,24,2,1,23.5,92.16,47.06,5.88
V Vira,15,47,106,5,70,2,0,9.4,44.34,66.04,1.89
VB Viyala,10,47,75,6,44,1,0,7.83,62.67,58.67,1.33
E Kahamker,3,47,39,3,13,4,1,15.67,120.51,33.33,12.82
CA Keita,9,47,83,9,63,5,2,5.22,56.63,75.9,8.43
Manuel Iturbe,8,47,65,7,38,3,1,6.71,72.31,58.46,6.15
D Uwimana,5,47,69,2,38,5,0,23.5,68.12,55.07,7.25
R Athapaththu,5,47,31,0,9,2,3,47.0,151.61,29.03,16.13
Seetharam Guruvayoorappan,4,47,69,3,38,4,0,15.67,68.12,55.07,5.8
Arshad Ali,2,47,89,2,60,5,0,23.5,52.81,67.42,5.62
Shabbir Ahmed,9,47,103,7,82,6,0,6.71,45.63,79.61,5.83
DNT Zoysa,11,47,64,6,31,4,0,7.83,73.44,48.44,6.25
IA Cockbain,3,47,37,3,14,5,1,15.67,127.03,37.84,16.22
A Igbobie,10,47,116,7,79,2,0,6.71,40.52,68.1,1.72
M Kandanala,4,47,52,3,33,8,0,15.67,90.38,63.46,15.38
D Koralalage,8,47,89,3,48,0,0,15.67,52.81,53.93,0.0
MH Ushanga,17,47,74,12,46,4,0,3.92,63.51,62.16,5.41
Zaker Taqawi,8,47,69,5,33,2,0,9.4,68.12,47.83,2.9
T Modise,11,46,108,9,77,3,0,5.11,42.59,71.3,2.78
L Botha,1,46,25,0,11,5,3,46.0,184.0,44.0,32.0
Naveena Shetty,8,46,32,5,13,5,2,9.2,143.75,40.62,21.88
Pech Pisa,7,46,75,7,51,7,0,6.57,61.33,68.0,9.33
DNA Ankrah,6,46,62,6,37,4,1,7.67,74.19,59.68,8.06
AM Oyede,6,46,77,6,45,2,0,7.67,59.74,58.44,2.6
M De Ridder,4,46,74,1,44,3,0,46.0,62.16,59.46,4.05
C Raack,9,46,46,2,20,5,0,23.0,100.0,43.48,10.87
MADI Hemantha,8,46,53,4,26,4,1,11.5,86.79,49.06,9.43
C Brown,4,46,61,4,35,6,0,11.5,75.41,57.38,9.84
Ramya Krishnamurthy,2,46,58,1,25,4,0,46.0,79.31,43.1,6.9
SJ Andrews,3,46,96,3,74,5,0,15.33,47.92,77.08,5.21
OV Anderson,1,46,89,0,63,4,0,46.0,51.69,70.79,4.49
LT Bichard,8,46,58,4,26,4,0,11.5,79.31,44.83,6.9
S Gokhale,13,46,93,8,61,3,0,5.75,49.46,65.59,3.23
Zhuang Zelin,9,46,84,9,53,2,0,5.11,54.76,63.1,2.38
S Hojholt,3,46,64,2,40,7,0,23.0,71.88,62.5,10.94
ME Sanuth,2,46,39,2,15,5,1,23.0,117.95,38.46,15.38
L Ward,5,46,45,3,20,4,1,15.33,102.22,44.44,11.11
KE Broadmore,5,46,78,3,44,3,0,15.33,58.97,56.41,3.85
L Sipamla,10,46,97,6,63,3,0,7.67,47.42,64.95,3.09
AS Wright,3,46,45,3,26,3,3,15.33,102.22,57.78,13.33
R Telemachus,4,46,23,3,5,2,3,15.33,200.0,21.74,21.74
Ashwin Vinod,8,46,34,3,12,2,2,15.33,135.29,35.29,11.76
Elias Sunny,10,46,158,8,137,5,1,5.75,29.11,86.71,3.8
Rabbjyot Rajput,11,46,94,8,62,4,0,5.75,48.94,65.96,4.26
NC Monteiro,15,45,89,11,55,1,0,4.09,50.56,61.8,1.12
PA Hitchcock,6,45,60,4,38,4,2,11.25,75.0,63.33,10.0
E Packard,5,45,58,6,30,3,1,7.5,77.59,51.72,6.9
M Artur,14,45,61,11,34,4,0,4.09,73.77,55.74,6.56
S Ateak,3,45,48,3,29,6,1,15.0,93.75,60.42,14.58
CC Machado,9,45,80,7,46,1,0,6.43,56.25,57.5,1.25
RDM Leverock,9,45,120,6,87,2,0,7.5,37.5,72.5,1.67
B Nwobodo,2,45,74,1,43,1,0,45.0,60.81,58.11,1.35
Ibrahim Kpaka,8,45,54,8,27,4,0,5.62,83.33,50.0,7.41
DL Graham,14,45,101,13,67,2,0,3.46,44.55,66.34,1.98
Tabarak Dar,2,45,88,2,60,5,0,22.5,51.14,68.18,5.68
KS Airee,6,45,42,4,15,3,1,11.25,107.14,35.71,9.52
KT Maphaka,12,45,62,7,41,4,2,6.43,72.58,66.13,9.68
A Shahzad,10,45,75,6,49,1,3,7.5,60.0,65.33,5.33
JWN Moses,6,45,50,6,25,4,1,7.5,90.0,50.0,10.0
A Obulor,10,45,80,8,50,4,0,5.62,56.25,62.5,5.0
JJ Davidson,6,45,44,0,16,3,0,45.0,102.27,36.36,6.82
N Peter,6,45,56,3,32,5,0,15.0,80.36,57.14,8.93
Zahid Ali,5,45,48,2,22,4,0,22.5,93.75,45.83,8.33
SJ Tsukigawa,2,45,76,2,53,5,1,22.5,59.21,69.74,7.89
HH Aung,12,45,92,7,59,2,0,6.43,48.91,64.13,2.17
M Karg,2,45,65,2,43,4,1,22.5,69.23,66.15,7.69
Amal Jacob,11,45,67,4,33,3,0,11.25,67.16,49.25,4.48
FA Sargent,8,45,85,4,51,2,0,11.25,52.94,60.0,2.35
TV Mufambisi,4,45,69,4,47,6,0,11.25,65.22,68.12,8.7
Kashif Abbas,4,45,41,4,24,4,3,11.25,109.76,58.54,17.07
Mohamed Mahfooz,6,45,68,4,34,2,0,11.25,66.18,50.0,2.94
BJ Arnel,6,45,148,8,123,5,0,5.62,30.41,83.11,3.38
AA Moiane,15,45,101,13,71,3,0,3.46,44.55,70.3,2.97
J Jojo,8,45,33,4,6,2,1,11.25,136.36,18.18,9.09
Qais Ahmad,4,44,30,2,11,5,2,22.0,146.67,36.67,23.33
D Murphy,5,44,62,4,30,2,0,11.0,70.97,48.39,3.23
Usman Waheed,3,44,38,2,11,4,1,22.0,115.79,28.95,13.16
Ganesh Pooja,8,44,82,10,47,1,0,4.4,53.66,57.32,1.22
JAM Henri,6,44,38,5,13,2,1,8.8,115.79,34.21,7.89
S Sarthak,4,44,39,3,13,2,1,14.67,112.82,33.33,7.69
R Galgalikar,6,44,65,6,37,3,0,7.33,67.69,56.92,4.62
Taj Nehar,7,44,50,6,27,5,0,7.33,88.0,54.0,10.0
Gagandeep Singh,10,44,45,4,22,4,1,11.0,97.78,48.89,11.11
Saqlain Haider,7,44,75,7,46,4,0,6.29,58.67,61.33,5.33
Atif Mehmood,7,44,45,3,18,2,2,14.67,97.78,40.0,8.89
JS Henriksen,4,44,44,4,14,2,0,11.0,100.0,31.82,4.55
A Taylor,11,44,123,9,78,0,0,4.89,35.77,63.41,0.0
Ansh Tandon,6,44,52,5,27,4,1,8.8,84.62,51.92,9.62
Al Maseera Jahangir,7,44,90,8,58,3,0,5.5,48.89,64.44,3.33
G Ganbold,13,44,121,12,88,1,0,3.67,36.36,72.73,0.83
EU Kejarukua,14,44,87,8,55,2,0,5.5,50.57,63.22,2.3
A Dalzell,6,44,77,4,44,3,0,11.0,57.14,57.14,3.9
Mamoon Latif,5,44,47,5,21,3,1,8.8,93.62,44.68,8.51
NA de Groot,6,44,127,5,106,6,0,8.8,34.65,83.46,4.72
RJ Pierre,8,44,60,5,27,2,1,8.8,73.33,45.0,5.0
SYD Chan,8,43,81,6,45,1,0,7.17,53.09,55.56,1.23
P Pustoslemsek,5,43,65,6,40,4,1,7.17,66.15,61.54,7.69
M Jele,16,43,71,11,40,0,2,3.91,60.56,56.34,2.82
A Langham,3,43,39,4,19,3,1,10.75,110.26,48.72,10.26
S Sharma,11,43,66,11,44,1,3,3.91,65.15,66.67,6.06
Sunzamul Islam,2,43,80,2,53,4,0,21.5,53.75,66.25,5.0
M Phiase,16,43,96,14,63,1,0,3.07,44.79,65.62,1.04
Iftekar Jaman,3,43,28,4,9,3,3,10.75,153.57,32.14,21.43
Zara Mohammad,6,43,55,4,29,4,0,10.75,78.18,52.73,7.27
DB Lakhani,6,43,49,5,26,3,2,8.6,87.76,53.06,10.2
JM Bird,8,43,141,3,118,3,1,14.33,30.5,83.69,2.84
J Perman,4,43,37,3,22,3,3,14.33,116.22,59.46,16.22
SJ Swanepoel,5,43,94,5,69,4,0,8.6,45.74,73.4,4.26
E Guehoada,12,43,105,4,67,1,0,10.75,40.95,63.81,0.95
Hayatullah Niazi,3,43,41,3,17,1,2,14.33,104.88,41.46,7.32
Sunny Singh,5,43,31,4,12,6,1,10.75,138.71,38.71,22.58
L Mabhero,11,43,76,5,53,6,0,8.6,56.58,69.74,7.89
Sikander Zulfiqar,7,43,44,7,15,3,0,6.14,97.73,34.09,6.82
L Karlsson,6,43,45,5,21,3,1,8.6,95.56,46.67,8.89
M Worndl,5,43,89,4,60,3,0,10.75,48.31,67.42,3.37
RP Lefebvre,4,43,65,3,43,4,1,14.33,66.15,66.15,7.69
Edward Fleming,4,43,43,2,20,3,1,21.5,100.0,46.51,9.3
Khalid Usman,3,43,34,1,9,3,1,43.0,126.47,26.47,11.76
T Makoni,2,43,123,4,106,6,0,10.75,34.96,86.18,4.88
TS Waqavakatoga,5,43,38,4,14,2,2,10.75,113.16,36.84,10.53
H Simpson-Parker,4,42,48,2,21,1,0,21.0,87.5,43.75,2.08
H Bhullar,12,42,125,12,89,1,0,3.5,33.6,71.2,0.8
Serdar Burak Emir,3,42,30,3,18,5,3,14.0,140.0,60.0,26.67
Asim Ashraf,3,42,76,3,51,5,0,14.0,55.26,67.11,6.58
Muhammad Murad,6,42,51,4,29,1,3,10.5,82.35,56.86,7.84
N Liyanage,5,42,81,2,41,1,0,21.0,51.85,50.62,1.23
Walid Sahibzada,3,42,45,3,22,4,1,14.0,93.33,48.89,11.11
Pen Samon,7,42,123,8,95,3,0,5.25,34.15,77.24,2.44
R Kumar,4,42,28,2,10,4,1,21.0,150.0,35.71,17.86
T Gwandu,10,42,139,5,108,2,0,8.4,30.22,77.7,1.44
K Mataora,5,42,49,2,23,4,0,21.0,85.71,46.94,8.16
MT Jacob,10,42,66,4,36,1,0,10.5,63.64,54.55,1.52
Abdullah Rana,5,42,27,4,10,4,2,10.5,155.56,37.04,22.22
M Vervitsioti,17,42,136,16,100,0,0,2.62,30.88,73.53,0.0
RL Bhudia,4,42,35,3,15,1,3,14.0,120.0,42.86,11.43
SD Valjalo,5,42,54,5,28,4,0,8.4,77.78,51.85,7.41
F Mutua,9,42,40,7,17,4,1,6.0,105.0,42.5,12.5
K Tereza,7,42,82,4,49,3,0,10.5,51.22,59.76,3.66
SK Trivedi,14,42,59,8,34,3,1,5.25,71.19,57.63,6.78
T Makusha,9,42,62,7,37,4,0,6.0,67.74,59.68,6.45
Asad Ali Rehemtulla,11,42,55,7,23,3,0,6.0,76.36,41.82,5.45
V Mansale,12,42,86,13,56,2,0,3.23,48.84,65.12,2.33
HJC Mol,4,42,115,4,88,4,0,10.5,36.52,76.52,3.48
EA Burns,2,42,27,1,10,8,0,42.0,155.56,37.04,29.63
M Kanno,6,42,76,6,51,4,0,7.0,55.26,67.11,5.26
L Wykes-Templeman,10,42,101,9,78,5,0,4.67,41.58,77.23,4.95
JM Iradukunda,7,42,41,6,24,0,4,7.0,102.44,58.54,9.76
Jaikumar Thakur,7,42,79,7,47,2,0,6.0,53.16,59.49,2.53
Zain Muzaffar,4,42,26,1,5,2,3,42.0,161.54,19.23,19.23
LR Naylor,4,42,56,4,31,5,0,10.5,75.0,55.36,8.93
A Chaudhary,4,42,44,4,19,5,0,10.5,95.45,43.18,11.36
JD Bhatt,2,41,32,2,12,2,2,20.5,128.12,37.5,12.5
M Joshi,8,41,78,3,50,4,0,13.67,52.56,64.1,5.13
Nur Izzatul Syafiqa,9,41,67,7,35,2,0,5.86,61.19,52.24,2.99
Shah Faisal,9,41,58,5,29,2,1,8.2,70.69,50.0,5.17
K Pala,2,41,30,1,14,4,2,41.0,136.67,46.67,20.0
AR Puri,14,41,77,8,49,1,1,5.12,53.25,63.64,2.6
KY Ottley,4,41,73,4,54,5,1,10.25,56.16,73.97,8.22
IGASF Pratiwi,4,41,60,3,30,0,0,13.67,68.33,50.0,0.0
E Jabarkhel,7,41,44,4,19,5,0,10.25,93.18,43.18,11.36
U Thimashini,7,41,51,6,28,6,0,6.83,80.39,54.9,11.76
AS Tanke,2,41,88,3,67,5,0,13.67,46.59,76.14,5.68
OL Pitcher,4,41,99,4,70,3,0,10.25,41.41,70.71,3.03
EJ Carson,20,41,60,12,31,3,0,3.42,68.33,51.67,5.0
P Baghel,3,41,53,3,36,7,0,13.67,77.36,67.92,13.21
P Dhiman,4,41,55,4,23,0,1,10.25,74.55,41.82,1.82
MP Kuhnemann,9,41,94,9,74,5,0,4.56,43.62,78.72,5.32
Sumaiya Siddiqi,6,41,41,5,23,6,1,8.2,100.0,56.1,17.07
Suhail Sattar,8,41,55,10,36,5,1,4.1,74.55,65.45,10.91
RS Quyn,12,41,87,9,61,4,0,4.56,47.13,70.11,4.6
Pratik Singh Bais,15,41,68,8,33,0,0,5.12,60.29,48.53,0.0
Madhawa Basnayaka,4,41,43,3,22,2,2,13.67,95.35,51.16,9.3
R Shimwamana,10,41,69,6,45,3,0,6.83,59.42,65.22,4.35
NK Aneesh Kumar,12,41,51,5,21,1,1,8.2,80.39,41.18,3.92
Zahid Khan,7,41,49,7,29,4,1,5.86,83.67,59.18,10.2
Joginder Sharma,6,41,32,4,10,2,2,10.25,128.12,31.25,12.5
NN Banner,7,41,47,3,23,1,1,13.67,87.23,48.94,4.26
Ghulam Ahmadi,12,41,40,3,16,4,0,13.67,102.5,40.0,10.0
R Khullar,8,41,79,7,52,3,0,5.86,51.9,65.82,3.8
R Choden,9,40,64,4,38,2,1,10.0,62.5,59.38,4.69
M Smith,3,40,48,3,32,2,3,13.33,83.33,66.67,10.42
SM Dhanusri,8,40,60,3,35,4,0,13.33,66.67,58.33,6.67
J Baguma,9,40,54,5,27,3,0,8.0,74.07,50.0,5.56
J van Vliet,7,40,98,6,63,0,0,6.67,40.82,64.29,0.0
S von Berg,1,40,111,2,94,7,0,20.0,36.04,84.68,6.31
DV Varghese,8,40,55,5,26,2,0,8.0,72.73,47.27,3.64
Zeeshan Siddiqui,3,40,44,2,17,4,0,20.0,90.91,38.64,9.09
A Bhadauria,2,40,31,2,12,6,0,20.0,129.03,38.71,19.35
WF Stelling,2,40,38,0,18,2,2,40.0,105.26,47.37,10.53
R Airee,5,40,65,3,38,3,0,13.33,61.54,58.46,4.62
RJW Topley,19,40,89,6,62,1,1,6.67,44.94,69.66,2.25
AD Algar,2,40,50,1,25,2,1,40.0,80.0,50.0,6.0
J Pant,1,40,29,1,8,4,1,40.0,137.93,27.59,17.24
PRP Boissevain,5,40,69,5,46,2,0,8.0,57.97,66.67,2.9
Flynn Zahra,2,40,20,1,6,1,4,40.0,200.0,30.0,25.0
S Nadeem,22,40,117,18,86,2,0,2.22,34.19,73.5,1.71
A Maheshwari,9,40,65,9,46,3,2,4.44,61.54,70.77,7.69
S Merican,14,40,143,10,105,0,0,4.0,27.97,73.43,0.0
SW Kinyua,2,40,58,1,27,1,0,40.0,68.97,46.55,1.72
S Navaratne,6,40,43,5,24,1,3,8.0,93.02,55.81,9.3
Ben Jones,1,40,41,0,14,3,0,40.0,97.56,34.15,7.32
R Theruvath,6,40,41,5,19,4,1,8.0,97.56,46.34,12.2
O Lutbayar,12,40,78,11,54,2,1,3.64,51.28,69.23,3.85
TGJ Gruijters,4,40,41,2,14,3,0,20.0,97.56,34.15,7.32
E Pokana,6,40,60,4,34,3,0,10.0,66.67,56.67,5.0
Codi Yusuf,2,40,77,2,61,7,0,20.0,51.95,79.22,9.09
EC Muller,8,40,48,8,23,4,0,5.0,83.33,47.92,8.33
Rasikh Salam,6,40,40,5,19,5,0,8.0,100.0,47.5,12.5
RP Johnston,5,40,65,5,39,3,0,8.0,61.54,60.0,4.62
JS Ndanu,17,39,92,11,60,1,0,3.55,42.39,65.22,1.09
Yousef Shadzehisarjou,1,39,46,1,23,4,0,39.0,84.78,50.0,8.7
RP Magar,5,39,76,5,48,0,2,7.8,51.32,63.16,2.63
TA Copeland,2,39,77,3,61,7,0,13.0,50.65,79.22,9.09
OGT Gould,2,39,42,2,17,1,2,19.5,92.86,40.48,7.14
OO Bascome,3,39,68,3,46,5,0,13.0,57.35,67.65,7.35
AUK Pathan,7,39,23,5,11,5,2,7.8,169.57,47.83,30.43
S Tobgay,2,39,58,1,26,1,0,39.0,67.24,44.83,1.72
Zumika Azmi,9,39,82,6,54,2,0,6.5,47.56,65.85,2.44
DJ Thornely,4,39,53,3,30,2,2,13.0,73.58,56.6,7.55
Mohammad Ilyas,11,39,45,5,17,2,0,7.8,86.67,37.78,4.44
J Gallimore,3,39,40,1,15,4,0,39.0,97.5,37.5,10.0
J Danikula,5,39,68,6,40,3,0,6.5,57.35,58.82,4.41
Sajid Cheema,4,39,47,4,29,3,2,9.75,82.98,61.7,10.64
G Oliveira,7,39,36,3,21,2,3,13.0,108.33,58.33,13.89
Sadamali Bhakshala,11,39,87,10,60,3,0,3.9,44.83,68.97,3.45
Muhammed Turkmen,4,39,27,5,13,3,3,7.8,144.44,48.15,22.22
M Short,3,39,37,2,10,3,0,19.5,105.41,27.03,8.11
Arsalan Arif,4,39,51,3,24,1,0,13.0,76.47,47.06,1.96
A Tector,5,39,62,5,34,2,0,7.8,62.9,54.84,3.23
A van Schoor,1,39,30,0,10,1,2,39.0,130.0,33.33,10.0
GL Adams,2,39,31,2,7,3,0,19.5,125.81,22.58,9.68
K Shivam,8,39,89,7,64,2,1,5.57,43.82,71.91,3.37
L Chipanga,15,39,72,9,46,3,0,4.33,54.17,63.89,4.17
R MacDonald-Gay,3,39,131,5,107,3,0,7.8,29.77,81.68,2.29
JL Aras,3,39,49,1,20,3,0,39.0,79.59,40.82,6.12
Roheed Akhtar,9,39,65,5,39,3,0,7.8,60.0,60.0,4.62
Imran Khalid,5,39,43,3,22,1,2,13.0,90.7,51.16,6.98
Kate Awuah,3,39,69,4,39,1,0,9.75,56.52,56.52,1.45
M Fontaine,7,39,41,4,16,0,1,9.75,95.12,39.02,2.44
A Manousis,6,39,32,5,18,5,2,7.8,121.88,56.25,21.88
S Snater,7,39,29,6,9,1,2,6.5,134.48,31.03,10.34
O Lefaga,7,39,65,8,44,4,0,4.88,60.0,67.69,6.15
D Lohia,11,39,85,6,57,2,0,6.5,45.88,67.06,2.35
CSN Mbelel,12,39,105,10,80,4,0,3.9,37.14,76.19,3.81
V Hamunyela,16,39,67,5,40,3,0,7.8,58.21,59.7,4.48
T Ariuntsetseg,10,39,119,10,92,2,0,3.9,32.77,77.31,1.68
Mayank Nagayach,7,39,38,6,21,4,1,6.5,102.63,55.26,13.16
CB Lambert,1,39,84,1,64,4,1,39.0,46.43,76.19,5.95
RA Austin,2,39,216,4,191,4,0,9.75,18.06,88.43,1.85
BA Viraliliu,1,39,30,1,7,3,0,39.0,130.0,23.33,10.0
Wang Huiying,10,39,59,6,38,5,0,6.5,66.1,64.41,8.47
Mohammed Sameer,2,38,29,2,16,6,1,19.0,131.03,55.17,24.14
H Pragji,4,38,65,3,34,1,0,12.67,58.46,52.31,1.54
Irfan Sarfraz,3,38,55,2,27,2,0,19.0,69.09,49.09,3.64
V Masekesa,4,38,167,6,142,3,0,6.33,22.75,85.03,1.8
AK Kitchen,4,38,32,2,10,3,1,19.0,118.75,31.25,12.5
J Allenby,2,38,40,2,19,5,0,19.0,95.0,47.5,12.5
P Kotoisuva,6,38,32,4,15,1,3,9.5,118.75,46.88,12.5
SF Sirah,9,38,78,6,44,0,0,6.33,48.72,56.41,0.0
CS Terblanche,2,38,62,1,38,1,0,38.0,61.29,61.29,1.61
S Jele,6,38,37,5,17,1,2,7.6,102.7,45.95,8.11
Nooruddin Mujadady,3,38,24,2,6,2,2,19.0,158.33,25.0,16.67
KOK Williams,9,38,44,4,20,2,1,9.5,86.36,45.45,6.82
Tanvir Islam,8,38,57,6,40,5,1,6.33,66.67,70.18,10.53
Ovais Yousof,2,38,56,2,31,3,0,19.0,67.86,55.36,5.36
Abu Jayed,12,38,160,14,144,4,0,2.71,23.75,90.0,2.5
MJG Nielsen,10,38,58,5,32,3,0,7.6,65.52,55.17,5.17
P Chin,4,38,55,3,32,1,0,12.67,69.09,58.18,1.82
MPA Miranda,2,38,38,1,17,6,0,38.0,100.0,44.74,15.79
Shahid Aziz,5,38,26,5,9,3,2,7.6,146.15,34.62,19.23
Anasim Khan,4,38,28,3,13,4,2,12.67,135.71,46.43,21.43
Ehsan Nawaz,8,38,89,5,65,4,0,7.6,42.7,73.03,4.49
H Nguyen,7,38,47,4,21,4,0,9.5,80.85,44.68,8.51
Qaiser Ali,5,38,95,6,72,4,0,6.33,40.0,75.79,4.21
R Gnanaraj,6,38,76,6,49,3,0,6.33,50.0,64.47,3.95
Seungmin Song,4,38,75,4,53,5,0,9.5,50.67,70.67,6.67
Shahid Ahmadzai,6,38,63,4,39,3,0,9.5,60.32,61.9,4.76
M Valner,12,38,156,9,121,1,0,4.22,24.36,77.56,0.64
JM Polarouthu,3,38,41,1,16,1,1,38.0,92.68,39.02,4.88
A Andriani,5,38,33,3,19,6,0,12.67,115.15,57.58,18.18
Mohammad Tauqir,9,38,85,6,66,5,0,6.33,44.71,77.65,5.88
A Gorawara,4,38,37,4,16,2,2,9.5,102.7,43.24,10.81
Waleed Rana,3,37,48,3,27,2,1,12.33,77.08,56.25,6.25
A Sarma,2,37,46,2,24,3,1,18.5,80.43,52.17,8.7
A Kuthalingham,2,37,39,2,14,1,0,18.5,94.87,35.9,2.56
Jonte Smith,7,37,45,4,22,3,0,9.25,82.22,48.89,6.67
Fazl-e-Akbar,1,37,65,2,49,7,0,18.5,56.92,75.38,10.77
S Narwal,4,37,27,4,10,6,0,9.25,137.04,37.04,22.22
GEM Brealey,5,37,58,5,30,1,0,7.4,63.79,51.72,1.72
S Wankhade,3,37,81,3,55,1,0,12.33,45.68,67.9,1.23
D Madushanka,14,37,90,9,69,5,0,4.11,41.11,76.67,5.56
Mohamed Shiyam,4,37,54,2,33,4,0,18.5,68.52,61.11,7.41
E Otieno,17,37,91,10,63,2,0,3.7,40.66,69.23,2.2
I Kamara,8,37,71,6,49,2,1,6.17,52.11,69.01,4.23
Imran Khan (4),2,37,27,1,13,2,3,37.0,137.04,48.15,18.52
Abu Hider,3,37,29,1,15,4,2,37.0,127.59,51.72,20.69
Humaira Tasneem,10,37,80,10,52,1,0,3.7,46.25,65.0,1.25
AJ McKay,11,37,103,6,81,3,0,6.17,35.92,78.64,2.91
MM Dekeling,11,37,70,8,47,4,0,4.62,52.86,67.14,5.71
ML Kostic,7,37,45,6,24,5,0,6.17,82.22,53.33,11.11
SG Borthwick,4,37,51,5,32,4,1,7.4,72.55,62.75,9.8
L Moises,9,37,46,4,25,4,0,9.25,80.43,54.35,8.7
AA Deshpande,2,37,83,2,67,4,1,18.5,44.58,80.72,6.02
RV Hawkins,7,37,52,5,25,3,0,7.4,71.15,48.08,5.77
H Dhavina,12,37,158,10,124,1,0,3.7,23.42,78.48,0.63
Ananya Srinivasan,5,37,56,2,26,1,0,18.5,66.07,46.43,1.79
Shakirah Sadick,6,37,84,5,61,1,1,7.4,44.05,72.62,2.38
RM Hira,3,37,33,2,15,4,1,18.5,112.12,45.45,15.15
Khusboo Kandpal,5,37,54,4,29,2,0,9.25,68.52,53.7,3.7
Snigdha Paul,6,37,69,6,45,3,0,6.17,53.62,65.22,4.35
K Sequiera,1,37,39,0,13,3,0,37.0,94.87,33.33,7.69
J Newland,3,37,40,2,15,2,0,18.5,92.5,37.5,5.0
KN Gabhane,2,36,39,0,17,3,0,36.0,92.31,43.59,7.69
Aaditya Varadarajan,3,36,62,3,34,1,0,12.0,58.06,54.84,1.61
Abeer Maryam,9,36,99,7,75,4,0,5.14,36.36,75.76,4.04
M Landsman,1,36,30,1,12,2,1,36.0,120.0,40.0,10.0
E Toguchi-Quinn,13,36,77,8,50,1,0,4.5,46.75,64.94,1.3
T Parisi-mesimeri,11,36,76,6,49,2,0,6.0,47.37,64.47,2.63
Najeeb Amar,3,36,50,2,32,5,0,18.0,72.0,64.0,10.0
AN Ahmed,6,36,26,1,10,4,1,36.0,138.46,38.46,19.23
Zayneb Fazil,6,36,56,5,35,4,0,7.2,64.29,62.5,7.14
JO Troughton,5,36,76,4,57,5,0,9.0,47.37,75.0,6.58
Rizwan Haider,8,36,28,2,10,1,3,18.0,128.57,35.71,14.29
S Williams,8,36,51,3,26,3,0,12.0,70.59,50.98,5.88
O Sam Arthur,5,36,46,1,27,5,0,36.0,78.26,58.7,10.87
Chen Zhuo Yue,8,36,64,5,40,1,1,7.2,56.25,62.5,3.12
LD Madushanka,7,36,55,6,31,3,0,6.0,65.45,56.36,5.45
JL du Plooy,2,36,26,2,8,4,0,18.0,138.46,30.77,15.38
A Bohara,15,36,47,7,24,1,1,5.14,76.6,51.06,4.26
A Brown-Carrera,9,36,58,6,35,3,0,6.0,62.07,60.34,5.17
Zaheer Ibrahim,6,36,39,6,21,4,1,6.0,92.31,53.85,12.82
Mohammad Sharif,2,36,121,3,99,3,0,12.0,29.75,81.82,2.48
Maira Khan,5,36,157,5,131,3,0,7.2,22.93,83.44,1.91
J Dunn,3,36,41,3,18,0,1,12.0,87.8,43.9,2.44
A Magdalenic,14,36,90,13,65,3,0,2.77,40.0,72.22,3.33
Ankush Singh,2,36,29,2,18,3,3,18.0,124.14,62.07,20.69
RR Emrit,6,36,71,4,44,1,1,9.0,50.7,61.97,2.82
MA Suji,7,36,48,3,23,1,1,12.0,75.0,47.92,4.17
Azeem Nazir,2,36,42,2,23,5,0,18.0,85.71,54.76,11.9
TMA Leslie,11,36,88,9,62,2,0,4.0,40.91,70.45,2.27
Asif Iqbal,3,36,45,2,23,3,1,18.0,80.0,51.11,8.89
B Leephatthana,4,36,75,3,50,4,0,12.0,48.0,66.67,5.33
C Udekwe,9,36,39,4,20,1,2,9.0,92.31,51.28,7.69
Awais Zafar,1,36,27,1,11,5,1,36.0,133.33,40.74,22.22
B Madimabe,11,36,128,11,103,2,0,3.27,28.12,80.47,1.56
Ma Ruike,7,36,65,5,41,3,0,7.2,55.38,63.08,4.62
C Floyd,7,36,43,4,27,4,1,9.0,83.72,62.79,11.63
Anureet Singh,8,36,47,4,22,2,1,9.0,76.6,46.81,6.38
TD Chaoana,12,36,66,7,42,2,0,5.14,54.55,63.64,3.03
A Uwimbabazi,6,36,54,4,26,0,0,9.0,66.67,48.15,0.0
D Teinaki,4,36,38,3,23,2,3,12.0,94.74,60.53,13.16
S Kanankege,12,35,83,8,59,2,0,4.38,42.17,71.08,2.41
YI Kachhalia,7,35,55,9,32,3,0,3.89,63.64,58.18,5.45
Nary Thapa,5,35,48,4,24,3,0,8.75,72.92,50.0,6.25
A Conteh,6,35,55,6,36,3,0,5.83,63.64,65.45,5.45
Waqas Haider,3,35,21,2,9,4,2,17.5,166.67,42.86,28.57
A Ilaoa,7,35,35,6,18,3,1,5.83,100.0,51.43,11.43
BV Sears,14,35,62,5,37,2,0,7.0,56.45,59.68,3.23
Busra Uca,5,35,94,4,67,1,0,8.75,37.23,71.28,1.06
DT Hondo,14,35,110,8,87,4,0,4.38,31.82,79.09,3.64
JC Martin,3,35,36,2,15,1,1,17.5,97.22,41.67,5.56
Nazakat Ali,2,35,31,2,14,1,3,17.5,112.9,45.16,12.9
S Kochar,4,35,44,4,23,2,1,8.75,79.55,52.27,6.82
S Smale,2,35,29,2,9,5,0,17.5,120.69,31.03,17.24
Nay Lin Htun,13,35,56,7,29,2,0,5.0,62.5,51.79,3.57
AM Patel,7,35,44,3,23,3,0,11.67,79.55,52.27,6.82
H Srinivasan,4,35,49,2,20,1,0,17.5,71.43,40.82,2.04
Arsalan Ahmed,3,35,27,3,14,7,0,11.67,129.63,51.85,25.93
CP Jack,2,35,47,2,29,3,1,17.5,74.47,61.7,8.51
KDC Clarke,3,35,23,2,8,4,1,17.5,152.17,34.78,21.74
T Holder,6,35,68,5,46,2,0,7.0,51.47,67.65,2.94
SG Satghare,6,35,83,5,60,3,0,7.0,42.17,72.29,3.61
B Namuunzul,11,35,113,8,82,1,0,4.38,30.97,72.57,0.88
BJ Currie,10,35,57,1,27,0,0,35.0,61.4,47.37,0.0
F Hand,10,35,71,8,48,4,0,4.38,49.3,67.61,5.63
GC Tonge,4,35,42,2,25,4,0,17.5,83.33,59.52,9.52
KE Pounsett,6,35,54,7,33,3,0,5.0,64.81,61.11,5.56
Pavandeep Singh,16,35,61,0,28,0,0,35.0,57.38,45.9,0.0
Amjad Mahboob,13,35,48,7,26,1,2,5.0,72.92,54.17,6.25
F Pessima,6,35,66,4,43,2,0,8.75,53.03,65.15,3.03
B Sumanth,4,35,37,1,14,3,0,35.0,94.59,37.84,8.11
C Murrombe,8,35,126,9,104,3,0,3.89,27.78,82.54,2.38
C McAuslan,2,35,72,2,51,4,0,17.5,48.61,70.83,5.56
Sathya Narayanan,5,35,51,4,26,2,0,8.75,68.63,50.98,3.92
RKJ Dawson,3,35,111,3,91,4,0,11.67,31.53,81.98,3.6
T Maika,7,35,69,5,47,4,0,7.0,50.72,68.12,5.8
OE Taylor,7,35,69,6,36,0,0,5.83,50.72,52.17,0.0
LA Goncalves,2,35,33,1,16,3,1,35.0,106.06,48.48,12.12
Urooj Mumtaz,3,35,95,3,74,3,0,11.67,36.84,77.89,3.16
NG Jones,5,35,34,3,10,0,2,11.67,102.94,29.41,5.88
M Ashwin,12,35,50,8,27,2,1,4.38,70.0,54.0,6.0
Ali Khan,14,35,46,8,27,2,1,4.38,76.09,58.7,6.52
Shehzad Patel,5,35,42,4,25,3,1,8.75,83.33,59.52,9.52
P Seldon,8,35,63,6,35,1,0,5.83,55.56,55.56,1.59
I Majdancic,2,35,38,2,11,2,0,17.5,92.11,28.95,5.26
E Kubwimana,15,35,62,9,41,2,0,3.89,56.45,66.13,3.23
CI Manidom,10,35,90,7,65,2,0,5.0,38.89,72.22,2.22
Rahat Kazi,8,35,64,6,43,1,1,5.83,54.69,67.19,3.12
Abdullah Jasat,7,35,29,5,13,2,2,7.0,120.69,44.83,13.79
W Perchard,3,34,31,0,10,2,0,34.0,109.68,32.26,6.45
A Iopu,4,34,76,4,52,2,0,8.5,44.74,68.42,2.63
LS Baker,6,34,66,3,51,5,0,11.33,51.52,77.27,7.58
J Hill,7,34,64,4,40,3,0,8.5,53.12,62.5,4.69
W McClintock,4,34,38,3,19,4,0,11.33,89.47,50.0,10.53
RA Birch,2,34,104,3,89,6,0,11.33,32.69,85.58,5.77
JJC Lawson,6,34,44,3,27,5,0,11.33,77.27,61.36,11.36
A Kanada,4,34,48,3,21,2,0,11.33,70.83,43.75,4.17
Mohammad Talha,4,34,73,5,62,4,2,6.8,46.58,84.93,8.22
MSC Erasito,8,34,91,6,68,2,0,5.67,37.36,74.73,2.2
SK Dolawatte,6,34,100,6,70,1,0,5.67,34.0,70.0,1.0
Manoj Adhikari,6,34,53,4,30,3,0,8.5,64.15,56.6,5.66
T Horpinitch,4,34,62,5,45,5,0,6.8,54.84,72.58,8.06
Amir Hayat,7,34,79,5,53,1,1,6.8,43.04,67.09,2.53
RP Alexander,2,34,75,2,51,3,0,17.0,45.33,68.0,4.0
NA Maiolo,4,34,40,4,18,2,1,8.5,85.0,45.0,7.5
J Tugsjargal,6,34,102,6,77,2,0,5.67,33.33,75.49,1.96
J Marples,7,34,42,5,18,2,0,6.8,80.95,42.86,4.76
BD Glover,10,34,57,5,41,5,0,6.8,59.65,71.93,8.77
M Tarimiala,10,34,65,6,40,2,0,5.67,52.31,61.54,3.08
Sinan Khan,4,34,36,5,16,3,0,6.8,94.44,44.44,8.33
B Jerkovic,7,34,73,3,47,1,0,11.33,46.58,64.38,1.37
F Chenda,7,34,91,7,67,2,0,4.86,37.36,73.63,2.2
AK Maguire,13,34,57,7,33,2,0,4.86,59.65,57.89,3.51
MM Chaudhary,10,34,81,8,53,2,0,4.25,41.98,65.43,2.47
S Tharanga,4,34,30,3,16,3,2,11.33,113.33,53.33,16.67
S Sriram,3,34,41,3,18,3,0,11.33,82.93,43.9,7.32
DK Dahyabhai Ahir,6,34,46,3,19,1,0,11.33,73.91,41.3,2.17
TS Omary,7,34,64,8,44,2,0,4.25,53.12,68.75,3.12
TS Mills,16,34,46,9,30,1,3,3.78,73.91,65.22,8.7
Huang Junjie,5,34,81,5,60,3,0,6.8,41.98,74.07,3.7
Kashif Khan,4,34,51,3,24,0,1,11.33,66.67,47.06,1.96
AP Dole,2,34,22,2,6,3,1,17.0,154.55,27.27,18.18
YK Rai,1,34,26,1,8,1,2,34.0,130.77,30.77,11.54
LDVV Silva,2,34,73,2,58,6,0,17.0,46.58,79.45,8.22
A Krishna,8,34,33,3,13,4,0,11.33,103.03,39.39,12.12
S Smith,11,34,65,6,35,1,0,5.67,52.31,53.85,1.54
S Kimura,4,34,38,4,17,1,1,8.5,89.47,44.74,5.26
KV Vakuruivalu,7,34,60,3,36,2,0,11.33,56.67,60.0,3.33
Nuzhat Tasnia,6,34,82,5,52,0,0,6.8,41.46,63.41,0.0
JP Behrendorff,10,34,41,4,17,0,0,8.5,82.93,41.46,0.0
Mustapha Yusuf,4,33,34,2,17,3,0,16.5,97.06,50.0,8.82
S Ozkunduz,4,33,36,3,18,3,0,11.0,91.67,50.0,8.33
I Pandey,4,33,50,4,36,5,0,8.25,66.0,72.0,10.0
O Amarjargal,11,33,136,6,111,2,0,5.5,24.26,81.62,1.47
Omar Hussain,5,33,40,5,22,2,1,6.6,82.5,55.0,7.5
Mina Baek,2,33,51,1,27,2,0,33.0,64.71,52.94,3.92
U Peace,13,33,57,6,34,1,0,5.5,57.89,59.65,1.75
S Gupta,6,33,24,4,8,3,1,8.25,137.5,33.33,16.67
D Staddon,3,33,57,4,38,3,0,8.25,57.89,66.67,5.26
A Codrington,6,33,71,6,51,3,0,5.5,46.48,71.83,4.23
Wan Nor Zulaika,9,33,65,6,44,2,0,5.5,50.77,67.69,3.08
Kamal Soukhiya,5,33,32,5,15,1,2,6.6,103.12,46.88,9.38
Angela Busa,13,33,102,12,76,2,0,2.75,32.35,74.51,1.96
M Matine,6,33,59,5,41,5,0,6.6,55.93,69.49,8.47
PARP Perera,2,33,58,2,32,2,0,16.5,56.9,55.17,3.45
Mohammad Iqbal,2,33,53,2,41,6,0,16.5,62.26,77.36,11.32
M Cohen,2,33,31,2,12,3,1,16.5,106.45,38.71,12.9
R Nil,2,33,27,2,9,2,1,16.5,122.22,33.33,11.11
Ghazi Ghori,2,33,44,2,27,3,1,16.5,75.0,61.36,9.09
B Regmi,10,33,82,8,62,4,0,4.12,40.24,75.61,4.88
Simandeep Singh,8,33,39,5,17,2,0,6.6,84.62,43.59,5.13
R Flannigan,2,33,28,1,10,3,0,33.0,117.86,35.71,10.71
HM Tiffen,1,33,39,0,21,4,0,33.0,84.62,53.85,10.26
G Ilarionova,9,33,66,9,38,2,0,3.67,50.0,57.58,3.03
D Finau,7,33,29,4,14,2,2,8.25,113.79,48.28,13.79
Faisal Mehmood,2,33,25,2,12,5,1,16.5,132.0,48.0,24.0
Jannatul Ferdus,8,33,81,6,59,3,0,5.5,40.74,72.84,3.7
Elias Hasan,6,33,37,4,20,2,2,8.25,89.19,54.05,10.81
D Salunkhe,3,33,24,1,8,5,0,33.0,137.5,33.33,20.83
DPS Tyagi,8,33,30,4,15,2,2,8.25,110.0,50.0,13.33
J Srinath,9,33,86,5,67,4,0,6.6,38.37,77.91,4.65
SS Kang,6,33,114,4,86,1,0,8.25,28.95,75.44,0.88
RJMGM Rupasinghe,2,33,39,2,17,2,0,16.5,84.62,43.59,5.13
Farhan Adil,1,33,69,2,53,4,0,16.5,47.83,76.81,5.8
GA Rogers,3,33,52,1,35,5,0,33.0,63.46,67.31,9.62
C Chete,9,33,47,9,30,4,0,3.67,70.21,63.83,8.51
JJ Wright,3,32,32,2,10,1,1,16.0,100.0,31.25,6.25
DE Burgess,6,32,59,4,28,0,0,8.0,54.24,47.46,0.0
KRP Silva,2,32,12,2,2,2,3,16.0,266.67,16.67,41.67
ZR Jaboneke,5,32,44,3,20,0,1,10.67,72.73,45.45,2.27
JD Newton,4,32,51,4,31,2,1,8.0,62.75,60.78,5.88
AAA Patel,4,32,31,4,21,4,1,8.0,103.23,67.74,16.13
Franchesca Moya,4,32,53,4,27,5,0,8.0,60.38,50.94,9.43
Aisya Eleesa,15,32,82,11,58,1,0,2.91,39.02,70.73,1.22
Sheraz Sirwari,3,32,17,3,6,0,4,10.67,188.24,35.29,23.53
K Ghalley,4,32,41,2,18,2,0,16.0,78.05,43.9,4.88
VM Andrew,5,32,60,5,39,3,0,6.4,53.33,65.0,5.0
OT Wallerson,4,32,64,4,38,1,0,8.0,50.0,59.38,1.56
Aaqib Sulehri,4,32,33,4,18,5,0,8.0,96.97,54.55,15.15
AR Balla,12,32,117,7,89,0,0,4.57,27.35,76.07,0.0
Aftab Kayani,3,32,32,3,15,3,0,10.67,100.0,46.88,9.38
Jiaping Li,11,32,103,9,81,2,0,3.56,31.07,78.64,1.94
LJ Myott,8,32,34,3,15,1,1,10.67,94.12,44.12,5.88
TW Samuels,5,32,43,4,21,2,0,8.0,74.42,48.84,4.65
J Efosa,8,32,60,3,40,3,0,10.67,53.33,66.67,5.0
R Overman,7,32,39,6,18,3,0,5.33,82.05,46.15,7.69
J West,4,32,53,4,30,2,0,8.0,60.38,56.6,3.77
Salman Patel,6,32,35,5,18,3,1,6.4,91.43,51.43,11.43
LHB Harrington-Myers,4,32,39,3,18,1,1,10.67,82.05,46.15,5.13
Basil Thampi,7,32,35,2,14,1,1,16.0,91.43,40.0,5.71
Bukhar Illikkal,4,32,32,3,12,2,1,10.67,100.0,37.5,9.38
BK Stroud,6,32,79,4,55,1,0,8.0,40.51,69.62,1.27
R Limbu,3,32,47,3,32,4,1,10.67,68.09,68.09,10.64
ML Bojang,5,32,32,5,18,2,1,6.4,100.0,56.25,9.38
CR Richards,9,32,50,8,32,2,1,4.0,64.0,64.0,6.0
Rakibul Hasan,6,32,24,4,11,4,1,8.0,133.33,45.83,20.83
CM Saldanha,8,32,58,5,33,1,0,6.4,55.17,56.9,1.72
EC Rainsford,18,32,101,8,76,1,0,4.0,31.68,75.25,0.99
CC Dalton,5,32,62,5,46,4,0,6.4,51.61,74.19,6.45
D Pavelic,2,32,54,3,24,1,0,10.67,59.26,44.44,1.85
S Hector,4,32,48,4,27,3,0,8.0,66.67,56.25,6.25
RJ Kirtley,4,31,120,6,102,1,1,5.17,25.83,85.0,1.67
RT Nielsen,2,31,56,2,30,0,0,15.5,55.36,53.57,0.0
Eri Iko,3,31,48,4,25,2,0,7.75,64.58,52.08,4.17
S Kollery,2,31,43,2,25,4,0,15.5,72.09,58.14,9.3
G Onions,8,31,99,3,79,4,0,10.33,31.31,79.8,4.04
E Gebhard,3,31,59,4,31,0,0,7.75,52.54,52.54,0.0
RAP Nissanka,6,31,80,3,62,2,0,10.33,38.75,77.5,2.5
DG Weakley,6,31,50,5,29,1,1,6.2,62.0,58.0,4.0
A Katoa,3,31,67,3,44,1,0,10.33,46.27,65.67,1.49
Khadija Tul Kubra,14,31,82,8,59,2,0,3.88,37.8,71.95,2.44
H Sawanneh,7,31,51,5,29,2,0,6.2,60.78,56.86,3.92
LN Saishiv,1,31,31,1,14,1,2,31.0,100.0,45.16,9.68
D Marks,6,31,35,4,16,1,1,7.75,88.57,45.71,5.71
Parvindar Kumar,4,31,26,3,10,1,2,10.33,119.23,38.46,11.54
S Walaza,13,31,52,9,30,2,0,3.44,59.62,57.69,3.85
Soyeb Pendi,7,31,28,5,17,2,3,6.2,110.71,60.71,17.86
Syed Maisam Ali,4,31,24,1,9,1,2,31.0,129.17,37.5,12.5
O Thomas,20,31,88,9,71,4,0,3.44,35.23,80.68,4.55
L Bigula,3,31,49,2,29,2,0,15.5,63.27,59.18,4.08
TS Braat,2,31,30,1,15,4,1,31.0,103.33,50.0,16.67
NT Rajendran,5,31,29,1,8,3,0,31.0,106.9,27.59,10.34
Anam Amin,16,31,118,7,92,1,0,4.43,26.27,77.97,0.85
NS Naik,4,31,50,4,28,2,0,7.75,62.0,56.0,4.0
J Cama,5,31,28,5,14,0,3,6.2,110.71,50.0,10.71
Umair Ali,3,31,28,3,14,2,2,10.33,110.71,50.0,14.29
U Bhagwan,4,31,32,2,15,3,1,15.5,96.88,46.88,12.5
A Alfonso,12,31,71,9,48,2,0,3.44,43.66,67.61,2.82
JB Reva,8,31,48,7,29,2,1,4.43,64.58,60.42,6.25
LC Boylan,2,31,46,1,32,5,0,31.0,67.39,69.57,10.87
TJ Mahe,10,31,59,10,42,4,0,3.1,52.54,71.19,6.78
W O'Rourke,17,31,228,9,203,1,0,3.44,13.6,89.04,0.44
HRA Rainey,15,31,86,9,62,2,0,3.44,36.05,72.09,2.33
D Daesrath,1,31,55,1,42,3,1,31.0,56.36,76.36,7.27
JDA Richardson,5,31,48,4,27,3,0,7.75,64.58,56.25,6.25
B Shotorova,10,31,102,10,72,1,0,3.1,30.39,70.59,0.98
M Tsarsi,4,31,75,3,58,4,0,10.33,41.33,77.33,5.33
P Kaveao,5,31,50,4,31,4,0,7.75,62.0,62.0,8.0
R Castillo,12,30,58,8,37,3,0,3.75,51.72,63.79,5.17
MDUS Jayasundera,2,30,77,3,61,2,0,10.0,38.96,79.22,2.6
Danyal Akbar,3,30,31,1,11,2,0,30.0,96.77,35.48,6.45
Gauhar Ali,3,30,22,3,10,4,1,10.0,136.36,45.45,22.73
R Turay,1,30,27,1,11,4,0,30.0,111.11,40.74,14.81
R Poojary,7,30,52,7,30,0,1,4.29,57.69,57.69,1.92
RV Viraj,4,30,52,4,37,5,0,7.5,57.69,71.15,9.62
RS Gayakwad,25,30,86,12,65,2,0,2.5,34.88,75.58,2.33
Yan Zuying,8,30,84,6,57,0,0,5.0,35.71,67.86,0.0
DK Pallekonda,9,30,42,7,25,4,0,4.29,71.43,59.52,9.52
J Chirila,3,30,55,1,31,1,0,30.0,54.55,56.36,1.82
Andre Jarju,8,30,71,6,50,2,0,5.0,42.25,70.42,2.82
OEG Baartman,11,30,72,5,47,1,0,6.0,41.67,65.28,1.39
T Salcedo,3,30,33,3,19,5,0,10.0,90.91,57.58,15.15
JC Darji,6,30,44,6,27,4,0,5.0,68.18,61.36,9.09
T Kamungozi,10,30,63,7,50,5,0,4.29,47.62,79.37,7.94
J Pakhiaokajee,5,30,39,3,23,2,1,10.0,76.92,58.97,7.69
Mohammad Ghazanfar,11,30,48,4,29,2,0,7.5,62.5,60.42,4.17
NH Ekanayake,4,30,43,3,29,3,1,10.0,69.77,67.44,9.3
N Tokizawa,4,30,54,1,31,1,0,30.0,55.56,57.41,1.85
AR Pitcher,1,30,54,1,37,2,1,30.0,55.56,68.52,5.56
NMP Suwandewi,7,30,73,4,47,1,0,7.5,41.1,64.38,1.37
J Wilson,2,30,18,1,7,3,2,30.0,166.67,38.89,27.78
Umran Malik,10,30,29,2,17,2,2,15.0,103.45,58.62,13.79
Taful Elkhair,6,30,51,5,25,0,0,6.0,58.82,49.02,0.0
J Abwom,4,30,54,3,33,2,0,10.0,55.56,61.11,3.7
JB Abega,12,30,77,12,52,1,0,2.5,38.96,67.53,1.3
Imran Khan,15,30,41,9,23,3,0,3.33,73.17,56.1,7.32
P Subrayen,3,30,37,3,20,2,1,10.0,81.08,54.05,8.11
A Mustafa,5,30,27,2,7,1,0,15.0,111.11,25.93,3.7
A Morris,12,30,67,4,47,2,0,7.5,44.78,70.15,2.99
C Mutasa,9,30,39,6,21,2,0,5.0,76.92,53.85,5.13
OSB Tilley,5,30,38,4,23,5,0,7.5,78.95,60.53,13.16
B Wani,8,30,67,8,46,2,0,3.75,44.78,68.66,2.99
C Sosa,11,30,87,7,58,0,0,4.29,34.48,66.67,0.0
MF Kendal,3,30,84,3,68,3,0,10.0,35.71,80.95,3.57
CJPF Kalugamage,8,30,44,3,20,1,0,10.0,68.18,45.45,2.27
PJC Hoffmann,3,30,23,2,12,4,1,15.0,130.43,52.17,21.74
JI de Villiers,10,30,69,8,47,1,1,3.75,43.48,68.12,2.9
Hamed Khan,5,30,43,4,20,2,0,7.5,69.77,46.51,4.65
D Cato,3,30,59,3,40,2,0,10.0,50.85,67.8,3.39
Y van der Westhuizen,4,30,46,3,28,3,0,10.0,65.22,60.87,6.52
Melanie Ani,6,30,49,5,32,4,0,6.0,61.22,65.31,8.16
B Maphosa,4,30,39,2,20,0,1,15.0,76.92,51.28,2.56
MGMCP Gunawardene,4,30,48,3,21,0,0,10.0,62.5,43.75,0.0
LN McCarthy,11,30,72,7,47,1,0,4.29,41.67,65.28,1.39
YS Blagg,6,30,34,3,14,2,0,10.0,88.24,41.18,5.88
J Syed Mohammad,5,29,26,2,10,4,0,14.5,111.54,38.46,15.38
VM Vaghela,1,29,32,1,12,2,0,29.0,90.62,37.5,6.25
N Sharma,6,29,57,5,34,1,0,5.8,50.88,59.65,1.75
Sumayya Abdul,5,29,105,5,91,5,0,5.8,27.62,86.67,4.76
J Pickering,5,29,39,3,17,1,0,9.67,74.36,43.59,2.56
Mirab Sajjad,7,29,75,6,54,3,0,4.83,38.67,72.0,4.0
A Mossop,4,29,53,1,34,2,0,29.0,54.72,64.15,3.77
Hamza Tahir,10,29,85,7,65,2,0,4.14,34.12,76.47,2.35
Zeeshan Goraya,5,29,38,5,21,2,1,5.8,76.32,55.26,7.89
V Pulibanti,7,29,53,5,39,5,0,5.8,54.72,73.58,9.43
N Zholudz,8,29,89,7,64,1,0,4.14,32.58,71.91,1.12
G Anujin,13,29,82,13,65,2,0,2.23,35.37,79.27,2.44
Yasir Mohammad,7,29,60,6,36,0,0,4.83,48.33,60.0,0.0
MM Siddique,2,29,20,1,8,4,1,29.0,145.0,40.0,25.0
DI Dusabemungu,6,29,70,6,51,1,0,4.83,41.43,72.86,1.43
Muhammad Usman (3),1,29,18,0,1,1,1,29.0,161.11,5.56,11.11
DI Joyce,3,29,56,3,42,4,0,9.67,51.79,75.0,7.14
FE Carava,5,29,63,5,41,1,0,5.8,46.03,65.08,1.59
ZL Thoon,6,29,47,4,29,2,0,7.25,61.7,61.7,4.26
Fazil Muhammad,4,29,43,3,24,1,0,9.67,67.44,55.81,2.33
Eyman Fatima,5,29,30,3,16,2,1,9.67,96.67,53.33,10.0
Fawad Ahmed,8,29,41,4,26,4,0,7.25,70.73,63.41,9.76
Lujaina,5,29,42,5,22,2,0,5.8,69.05,52.38,4.76
DK Shetty,5,29,24,2,7,1,1,14.5,120.83,29.17,8.33
S Bhardwaj,7,29,67,7,44,1,0,4.14,43.28,65.67,1.49
G Newton,2,29,23,1,4,1,0,29.0,126.09,17.39,4.35
Reehana Khan,4,29,38,3,21,3,0,9.67,76.32,55.26,7.89
P Pratt,10,29,52,4,31,2,0,7.25,55.77,59.62,3.85
A Neill,6,29,41,2,22,2,0,14.5,70.73,53.66,4.88
SD Hussein,10,29,86,9,63,1,0,3.22,33.72,73.26,1.16
CV Varun,21,29,63,6,41,2,0,4.83,46.03,65.08,3.17
Khalid Niazi,3,29,36,1,17,1,0,29.0,80.56,47.22,2.78
D Robson,5,29,43,4,21,0,1,7.25,67.44,48.84,2.33
MD Rocha,5,29,55,3,32,1,0,9.67,52.73,58.18,1.82
P Malav,8,29,44,7,25,2,0,4.14,65.91,56.82,4.55
Saqib Ali,2,29,53,2,33,2,0,14.5,54.72,62.26,3.77
Hashir Dafedar,3,29,61,2,48,3,1,14.5,47.54,78.69,6.56
Hasnain Ul Wahab,1,29,43,2,31,3,1,14.5,67.44,72.09,9.3
Awais Ikram,5,29,29,4,17,3,1,7.25,100.0,58.62,13.79
M Kaukura,4,29,60,5,40,3,0,5.8,48.33,66.67,5.0
VH Zol,2,29,26,2,13,3,1,14.5,111.54,50.0,15.38
MO Bacarese,3,28,55,3,33,0,1,9.33,50.91,60.0,1.82
Muhammad Farooq,5,28,35,4,23,3,1,7.0,80.0,65.71,11.43
R Goodwin,9,28,55,7,37,1,0,4.0,50.91,67.27,1.82
S Kamate,9,28,57,9,42,3,0,3.11,49.12,73.68,5.26
Ly Saomakara,5,28,88,5,68,2,0,5.6,31.82,77.27,2.27
EL Kirkman,3,28,36,3,19,4,0,9.33,77.78,52.78,11.11
KED Carroll,3,28,40,3,25,1,0,9.33,70.0,62.5,2.5
G Bloemen,4,28,41,4,26,4,0,7.0,68.29,63.41,9.76
RA Abolarin,4,28,21,4,8,2,1,7.0,133.33,38.1,14.29
GA Manou,2,28,45,1,29,3,0,28.0,62.22,64.44,6.67
A Hlubi,9,28,62,7,48,3,1,4.0,45.16,77.42,6.45
Ehsanul Haque,3,28,71,3,53,4,0,9.33,39.44,74.65,5.63
EMC Fowler,6,28,60,3,38,0,0,9.33,46.67,63.33,0.0
MG Hunter,2,28,40,3,22,1,1,9.33,70.0,55.0,5.0
JJ Celestine,4,28,61,4,50,5,0,7.0,45.9,81.97,8.2
Mansoor Malangzai,1,28,16,1,6,2,2,28.0,175.0,37.5,25.0
SB Jakati,5,28,29,2,11,3,0,14.0,96.55,37.93,10.34
HP Rinke,8,28,62,7,46,3,0,4.0,45.16,74.19,4.84
Mian Mehmood,4,28,33,3,15,2,0,9.33,84.85,45.45,6.06
Wang Liuyang,4,28,51,4,31,2,0,7.0,54.9,60.78,3.92
A Paul,5,28,36,3,19,1,0,9.33,77.78,52.78,2.78
Kyte Gullem Keen,12,28,87,8,61,1,0,3.5,32.18,70.11,1.15
SP de Alwis,2,28,51,2,42,6,0,14.0,54.9,82.35,11.76
Mohammed Jimia,3,28,50,3,29,1,0,9.33,56.0,58.0,2.0
SS Das,1,28,105,1,90,4,0,28.0,26.67,85.71,3.81
Kamran Hussain,1,28,21,0,3,2,0,28.0,133.33,14.29,9.52
ME Leoela,10,28,65,7,45,1,0,4.0,43.08,69.23,1.54
S Sheelan,1,28,28,1,12,3,0,28.0,100.0,42.86,10.71
S Moseley,2,28,105,4,89,3,0,7.0,26.67,84.76,2.86
A Tagilala,3,28,47,2,28,2,0,14.0,59.57,59.57,4.26
T Chopra,6,28,40,2,19,1,0,14.0,70.0,47.5,2.5
Smriti Anand,2,28,37,2,16,2,0,14.0,75.68,43.24,5.41
T Basile,5,28,39,4,24,2,0,7.0,71.79,61.54,5.13
Amir Sharif,3,28,27,2,11,1,1,14.0,103.7,40.74,7.41
L Tastuki,2,28,34,2,15,2,0,14.0,82.35,44.12,5.88
J Cutinho,4,28,41,5,27,2,1,5.6,68.29,65.85,7.32
L Perera,3,28,35,1,17,2,0,28.0,80.0,48.57,5.71
NT Gireesh,8,28,41,6,28,3,1,4.67,68.29,68.29,9.76
T Tereza,3,28,54,2,35,2,0,14.0,51.85,64.81,3.7
Numan Ahmadzai,1,28,32,0,17,2,1,28.0,87.5,53.12,9.38
Aarti Priya,5,28,57,5,30,0,0,5.6,49.12,52.63,0.0
AS Miranda,9,28,97,9,73,0,1,3.11,28.87,75.26,1.03
NA Moodley,5,28,56,3,33,1,0,9.33,50.0,58.93,1.79
Usman Rafiq,2,28,40,0,26,4,0,28.0,70.0,65.0,10.0
NL Mtomba,3,28,21,3,8,2,1,9.33,133.33,38.1,14.29
AK Muslar,5,28,68,4,48,2,0,7.0,41.18,70.59,2.94
V Jayant,6,28,53,5,33,2,0,5.6,52.83,62.26,3.77
V Iriho,4,28,56,4,35,1,0,7.0,50.0,62.5,1.79
MS Diakite,8,28,55,8,40,4,0,3.5,50.91,72.73,7.27
LM Massawe,2,28,30,0,11,1,0,28.0,93.33,36.67,3.33
Sharveen Surendran,2,27,31,1,12,1,0,27.0,87.1,38.71,3.23
B White,11,27,77,4,55,2,0,6.75,35.06,71.43,2.6
A Djorovic,4,27,47,2,30,3,0,13.5,57.45,63.83,6.38
Muhammad Jawadullah,13,27,37,6,23,2,1,4.5,72.97,62.16,8.11
BL Kotze,4,27,51,3,36,3,0,9.0,52.94,70.59,5.88
VC Ahir,3,27,22,2,11,1,2,13.5,122.73,50.0,13.64
RA Whiteley,3,27,26,3,10,1,1,9.0,103.85,38.46,7.69
B Khumalo,9,27,42,4,22,1,0,6.75,64.29,52.38,2.38
CB Ondoa,8,27,81,6,60,1,0,4.5,33.33,74.07,1.23
CJ Dala,6,27,34,2,15,2,0,13.5,79.41,44.12,5.88
CJ Smith,5,27,46,5,37,2,2,5.4,58.7,80.43,8.7
CJ Stamp,3,27,29,1,13,3,0,27.0,93.1,44.83,10.34
C Sewsunker,5,27,54,5,43,5,0,5.4,50.0,79.63,9.26
Hasan Murad,2,27,48,2,37,5,0,13.5,56.25,77.08,10.42
NK Crafton,4,27,41,4,30,5,0,6.75,65.85,73.17,12.2
S Hongsi,3,27,16,0,5,3,1,27.0,168.75,31.25,25.0
GH O'Brien,5,27,35,3,20,1,1,9.0,77.14,57.14,5.71
R Kalimuthu,7,27,27,2,12,2,1,13.5,100.0,44.44,11.11
KN Mirchandani,3,27,47,2,28,2,0,13.5,57.45,59.57,4.26
L Moore,3,27,48,3,30,3,0,9.0,56.25,62.5,6.25
A le Breton,3,27,30,2,12,3,0,13.5,90.0,40.0,10.0
C Smith,4,27,27,5,13,2,1,5.4,100.0,48.15,11.11
C Shivakumar,3,27,40,3,24,3,0,9.0,67.5,60.0,7.5
P Roy,4,27,63,3,38,1,0,9.0,42.86,60.32,1.59
Soniya Dabir,4,27,27,3,8,2,0,9.0,100.0,29.63,7.41
Kuldeep Lal,3,27,26,2,11,3,0,13.5,103.85,42.31,11.54
Yuanyuan Cai,3,27,22,2,10,5,0,13.5,122.73,45.45,22.73
LF Mavume,3,27,40,3,28,3,1,9.0,67.5,70.0,10.0
S Saengsakaorat,4,27,40,2,22,1,0,13.5,67.5,55.0,2.5
Aizaz Cheema,10,27,71,1,53,2,0,27.0,38.03,74.65,2.82
D Ndipo,3,27,26,1,12,4,0,27.0,103.85,46.15,15.38
M Mavunga,8,27,47,6,28,2,0,4.5,57.45,59.57,4.26
S Sengupta,4,27,25,3,10,3,0,9.0,108.0,40.0,12.0
A Bushell,3,27,31,2,14,1,1,13.5,87.1,45.16,6.45
N Laguea,2,27,29,2,12,3,0,13.5,93.1,41.38,10.34
P Arrighi,2,27,31,3,12,1,0,9.0,87.1,38.71,3.23
R Drake,7,27,30,1,11,1,0,27.0,90.0,36.67,3.33
Tariq Aziz,3,27,36,3,17,1,1,9.0,75.0,47.22,5.56
A Lumbe,5,27,45,3,26,1,0,9.0,60.0,57.78,2.22
Naved Yasin,3,27,33,2,18,2,1,13.5,81.82,54.55,9.09
TP Allen,3,27,17,2,6,0,3,13.5,158.82,35.29,17.65
Mohamed Shafeeq,11,27,29,9,15,3,0,3.0,93.1,51.72,10.34
S Khadka,3,27,46,2,25,2,0,13.5,58.7,54.35,4.35
CN Evans,1,27,80,2,68,4,0,13.5,33.75,85.0,5.0
MJM Kavana,4,27,53,5,31,1,0,5.4,50.94,58.49,1.89
S Selvaraj,3,27,24,2,11,4,0,13.5,112.5,45.83,16.67
Imran Arif,2,27,38,2,25,1,2,13.5,71.05,65.79,7.89
JK Fuller,3,27,16,1,4,4,0,27.0,168.75,25.0,25.0
ELC Flanagan,3,26,38,3,23,3,0,8.67,68.42,60.53,7.89
JOA Gordon,11,26,55,4,39,1,1,6.5,47.27,70.91,3.64
Zain Abbas,1,26,54,1,37,2,0,26.0,48.15,68.52,3.7
Zabiullah Zahid,3,26,13,1,4,0,3,26.0,200.0,30.77,23.08
J Clough,3,26,29,2,15,2,0,13.0,89.66,51.72,6.9
AA Kulkarni,3,26,32,3,18,3,0,8.67,81.25,56.25,9.38
Shahnawaz Dhani,6,26,20,3,9,1,2,8.67,130.0,45.0,15.0
Sania Khan,10,26,42,6,23,2,0,4.33,61.9,54.76,4.76
B Gaanamong,4,26,49,2,27,1,0,13.0,53.06,55.1,2.04
Samarth Shetty,4,26,39,4,25,2,1,6.5,66.67,64.1,7.69
Samader Shadab,4,26,38,3,24,0,2,8.67,68.42,63.16,5.26
BJ Diamanti,1,26,22,0,11,3,0,26.0,118.18,50.0,13.64
AF Buurman,3,26,34,3,20,4,0,8.67,76.47,58.82,11.76
Faisal Hossain,3,26,54,2,37,2,0,13.0,48.15,68.52,3.7
Raaz Mohammad,8,26,38,2,17,1,0,13.0,68.42,44.74,2.63
AK Yadav,7,26,41,4,21,1,0,6.5,63.41,51.22,2.44
FC Jonas,16,26,89,4,65,0,0,6.5,29.21,73.03,0.0
V NIkolova,3,26,47,3,30,3,0,8.67,55.32,63.83,6.38
RJ van Vuuren,5,26,38,3,25,2,1,8.67,68.42,65.79,7.89
Ahsan Malik,8,26,33,1,18,1,1,26.0,78.79,54.55,6.06
PJ Sangwan,14,26,44,8,24,1,0,3.25,59.09,54.55,2.27
NL Jacinta Si Ping,10,26,67,9,48,1,0,2.89,38.81,71.64,1.49
Ubaid Shah,9,26,48,6,33,2,1,4.33,54.17,68.75,6.25
AS Rajpoot,7,26,41,4,27,2,1,6.5,63.41,65.85,7.32
M Jobarteh,6,26,27,4,14,2,1,6.5,96.3,51.85,11.11
Khandubhai Ahir,3,26,42,2,26,1,1,13.0,61.9,61.9,4.76
Ntombizonke MKhatshwa,8,26,93,9,75,2,0,2.89,27.96,80.65,2.15
Nazmul Hossain,12,26,104,5,84,0,1,5.2,25.0,80.77,0.96
GE Gutierrez Chavez,3,26,22,2,11,1,2,13.0,118.18,50.0,13.64
SL Stewart,4,26,59,4,42,2,0,6.5,44.07,71.19,3.39
Tian Sen Qun,9,26,69,9,51,1,0,2.89,37.68,73.91,1.45
Nestor Dhamba,6,26,58,4,35,1,0,6.5,44.83,60.34,1.72
M Ogawa,4,26,50,2,32,2,0,13.0,52.0,64.0,4.0
Miria Raio,8,26,66,7,42,0,0,3.71,39.39,63.64,0.0
R Oa,7,26,43,5,24,1,0,5.2,60.47,55.81,2.33
S Channa,4,26,38,3,19,1,0,8.67,68.42,50.0,2.63
JC Cullen,10,26,61,9,42,1,0,2.89,42.62,68.85,1.64
P Malemikia,7,26,31,6,12,2,0,4.33,83.87,38.71,6.45
Benjamin Embleton,1,26,29,1,12,2,0,26.0,89.66,41.38,6.9
E Kallous,11,26,60,6,39,1,0,4.33,43.33,65.0,1.67
C Bayraktar,3,26,34,3,22,0,2,8.67,76.47,64.71,5.88
BO van Rooi,3,26,38,1,24,3,0,26.0,68.42,63.16,7.89
Sachin Kumar,4,26,32,2,17,3,0,13.0,81.25,53.12,9.38
AM Rajpurohit,3,26,34,3,24,3,1,8.67,76.47,70.59,11.76
D Gangwani,1,26,26,0,11,2,0,26.0,100.0,42.31,7.69
IKO Aboagye,7,26,48,6,26,1,0,4.33,54.17,54.17,2.08
E Brathwaite,2,26,26,2,16,3,1,13.0,100.0,61.54,15.38
N Mokoena,2,26,21,1,13,1,3,26.0,123.81,61.9,19.05
LN Shabalala,11,26,147,11,123,0,0,2.36,17.69,83.67,0.0
S Thuraisingam,4,26,44,3,31,3,1,8.67,59.09,70.45,9.09
J George,5,26,44,4,26,2,0,6.5,59.09,59.09,4.55
Kau Qalo,2,26,30,2,17,2,1,13.0,86.67,56.67,10.0
DC Drakes,7,26,36,7,21,3,0,3.71,72.22,58.33,8.33
M Moalosi,4,26,67,4,45,0,0,6.5,38.81,67.16,0.0
RV Scholes,3,26,44,2,25,1,0,13.0,59.09,56.82,2.27
J Jagroo,3,26,27,3,12,1,1,8.67,96.3,44.44,7.41
AAIP Bastari,1,26,24,0,10,3,0,26.0,108.33,41.67,12.5
DP Nannes,6,26,31,4,17,1,1,6.5,83.87,54.84,6.45
PJ Stahelin,3,26,61,4,37,0,0,6.5,42.62,60.66,0.0
SIP Fernando,18,26,77,8,54,1,0,3.25,33.77,70.13,1.3
Sana Butt,10,25,69,7,51,1,0,3.57,36.23,73.91,1.45
Sanvir Singh,5,25,21,2,8,2,1,12.5,119.05,38.1,14.29
M Turner,2,25,21,0,8,2,0,25.0,119.05,38.1,9.52
V Rathinasamy,4,25,53,4,40,2,1,6.25,47.17,75.47,5.66
ACF Stokes,9,25,45,8,26,0,1,3.12,55.56,57.78,2.22
A Harris,11,25,36,7,23,0,2,3.57,69.44,63.89,5.56
P Agnihotri,2,25,36,2,20,2,0,12.5,69.44,55.56,5.56
KAD Hurdle,8,25,47,5,33,2,1,5.0,53.19,70.21,6.38
A Cossa,5,25,37,5,21,1,0,5.0,67.57,56.76,2.7
LSP Siriwardene,4,25,44,4,22,0,0,6.25,56.82,50.0,0.0
MM Mabathoana,17,25,114,22,96,2,0,1.14,21.93,84.21,1.75
P Timong,2,25,28,2,15,3,0,12.5,89.29,53.57,10.71
A Nathwani,7,25,37,2,20,1,0,12.5,67.57,54.05,2.7
A Patel,1,25,29,1,18,3,0,25.0,86.21,62.07,10.34
SO Olayinka,3,25,34,3,24,1,2,8.33,73.53,70.59,8.82
Mohsin Khan,7,25,28,4,16,2,1,6.25,89.29,57.14,10.71
CJ Metcalfe,10,25,79,3,65,3,0,8.33,31.65,82.28,3.8
S Hussein,2,25,45,2,31,3,0,12.5,55.56,68.89,6.67
S Hunter,3,25,34,3,22,2,1,8.33,73.53,64.71,8.82
Ngawang Thinley,7,25,36,5,22,2,0,5.0,69.44,61.11,5.56
C Sakariya,9,25,41,5,25,3,0,5.0,60.98,60.98,7.32
S Gulecha,3,25,32,3,20,1,2,8.33,78.12,62.5,9.38
I Alumo,6,25,31,5,17,3,0,5.0,80.65,54.84,9.68
Jahanzaib Sultan,1,25,21,1,10,2,1,25.0,119.05,47.62,14.29
P Nedeljkovic,4,25,35,2,22,2,1,12.5,71.43,62.86,8.57
IK Darmawan,2,25,33,2,19,3,0,12.5,75.76,57.58,9.09
C Martin,2,25,25,2,11,2,0,12.5,100.0,44.0,8.0
LA Simango,6,25,45,2,27,2,0,12.5,55.56,60.0,4.44
HDRS Silva,2,25,45,2,33,4,0,12.5,55.56,73.33,8.89
H Ssenyondo,13,25,49,5,27,0,0,5.0,51.02,55.1,0.0
HJ Patel,2,25,25,2,12,2,0,12.5,100.0,48.0,8.0
DAL Paramitha,6,25,46,6,24,0,0,4.17,54.35,52.17,0.0
K Anjali Sarvani,6,25,44,3,24,1,0,8.33,56.82,54.55,2.27
JH Kiani,2,25,36,3,21,2,0,8.33,69.44,58.33,5.56
DS Vlachopoulou,6,25,68,4,42,0,0,6.25,36.76,61.76,0.0
T Ramabitsa,10,25,55,8,39,3,0,3.12,45.45,70.91,5.45
TL Tsolekile,2,25,84,3,67,2,0,8.33,29.76,79.76,2.38
MJ Mason,7,25,74,5,56,2,0,5.0,33.78,75.68,2.7
S Phakathi,4,25,61,3,40,0,0,8.33,40.98,65.57,0.0
Jiyeon Park,4,25,62,4,47,2,0,6.25,40.32,75.81,3.23
Qalandar Khan,1,25,17,1,5,1,2,25.0,147.06,29.41,17.65
Mukesh Kumar,12,25,45,4,29,3,0,6.25,55.56,64.44,6.67
FLV Pula,2,25,46,1,30,3,0,25.0,54.35,65.22,6.52
OP Eguakun,6,25,48,3,35,3,0,8.33,52.08,72.92,6.25
I Koroma,4,25,29,3,17,4,0,8.33,86.21,58.62,13.79
K Thagunna,2,25,41,2,23,1,0,12.5,60.98,56.1,2.44
F Cagnewa,2,25,43,2,25,0,0,12.5,58.14,58.14,0.0
A Choudhary,3,25,20,2,4,1,1,12.5,125.0,20.0,10.0
VJ Kingma,15,24,65,9,48,0,1,2.67,36.92,73.85,1.54
RR Saun,6,24,48,4,34,3,0,6.0,50.0,70.83,6.25
RW Sims,1,24,60,1,45,2,0,24.0,40.0,75.0,3.33
K Chigora,8,24,46,6,30,1,0,4.0,52.17,65.22,2.17
Tanush Kotian,1,24,31,1,17,3,0,24.0,77.42,54.84,9.68
Kartik Tyagi,8,24,25,6,13,2,1,4.0,96.0,52.0,12.0
Izatullah Dawlatzai,1,24,10,0,3,2,2,24.0,240.0,30.0,40.0
Mustapha Suwareh,8,24,52,8,37,2,0,3.0,46.15,71.15,3.85
Muzahir Raza,4,24,15,1,3,4,0,24.0,160.0,20.0,26.67
S Ravoka,5,24,37,3,15,0,0,8.0,64.86,40.54,0.0
Nahid Rana,14,24,103,7,93,4,0,3.43,23.3,90.29,3.88
Luca Petre,5,24,23,2,7,0,0,12.0,104.35,30.43,0.0
M Carlot,8,24,53,5,33,1,0,4.8,45.28,62.26,1.89
N Kuruppu,3,24,33,3,19,3,0,8.0,72.73,57.58,9.09
YM Murrure,8,24,61,4,41,1,0,6.0,39.34,67.21,1.64
MGSM Fernando,3,24,19,3,8,2,1,8.0,126.32,42.11,15.79
Qudratullah Mir Afzail,5,24,21,2,8,3,0,12.0,114.29,38.1,14.29
PKD Chase,10,24,40,6,28,1,1,4.0,60.0,70.0,5.0
SH Lewis,2,24,66,4,53,3,0,6.0,36.36,80.3,4.55
CP Schofield,4,24,20,2,5,2,0,12.0,120.0,25.0,10.0
Amjad Gul,1,24,21,1,12,3,1,24.0,114.29,57.14,19.05
R Francis,9,24,46,8,33,2,0,3.0,52.17,71.74,4.35
M Madara,10,24,75,4,56,1,0,6.0,32.0,74.67,1.33
Ali Raza,6,24,28,1,16,2,1,24.0,85.71,57.14,10.71
Muhammad Shahzad,3,24,18,3,9,3,1,8.0,133.33,50.0,22.22
ER Dwivedi,2,24,14,2,6,2,2,12.0,171.43,42.86,28.57
A Adekunle,12,24,53,7,36,0,0,3.43,45.28,67.92,0.0
A Kitayama,6,24,40,6,25,1,0,4.0,60.0,62.5,2.5
RD McCann,3,24,58,3,40,1,0,8.0,41.38,68.97,1.72
VB van Jaarsveld,5,24,38,4,18,0,0,6.0,63.16,47.37,0.0
KC Cariappa,5,24,21,3,8,0,2,8.0,114.29,38.1,9.52
Z Groenewald,6,24,54,4,35,0,0,6.0,44.44,64.81,0.0
Sarawut Maliwan,14,24,64,8,46,1,0,3.0,37.5,71.88,1.56
N Bidaisee,2,24,30,2,16,1,1,12.0,80.0,53.33,6.67
Mohammed Faraazuddin,4,24,27,3,12,1,0,8.0,88.89,44.44,3.7
M Prasanna,3,24,13,1,3,4,0,24.0,184.62,23.08,30.77
E Duffy,4,24,34,2,17,0,0,12.0,70.59,50.0,0.0
R Samson,7,24,34,3,17,2,0,8.0,70.59,50.0,5.88
E Liddell,2,24,110,2,99,3,0,12.0,21.82,90.0,2.73
R Pillai,3,24,31,2,14,1,0,12.0,77.42,45.16,3.23
Hazrat Bilal,4,24,69,1,53,0,1,24.0,34.78,76.81,1.45
Ibrahim Jabarkhel,5,24,28,2,15,0,1,12.0,85.71,53.57,3.57
SM Warnakulasuriya,4,24,25,2,9,1,0,12.0,96.0,36.0,4.0
GF Cardos,8,24,86,8,67,1,0,3.0,27.91,77.91,1.16
Ubaid Minhas,3,24,21,1,6,1,0,24.0,114.29,28.57,4.76
J Louw,2,24,8,1,2,1,3,24.0,300.0,25.0,50.0
U Shantu,5,24,20,3,7,1,0,8.0,120.0,35.0,5.0
K Kavindi,4,24,38,3,24,2,0,8.0,63.16,63.16,5.26
SI Kamea,21,24,71,10,54,2,0,2.4,33.8,76.06,2.82
Ashish Gupta,4,24,35,4,24,1,2,6.0,68.57,68.57,8.57
O Kirsten,2,24,53,0,42,2,0,24.0,45.28,79.25,3.77
WJ Malinda,7,24,32,4,17,0,1,6.0,75.0,53.12,3.12
C Bevin,3,24,27,2,11,2,0,12.0,88.89,40.74,7.41
M Sarenac,11,24,51,7,32,1,0,3.43,47.06,62.75,1.96
MA Khote,3,24,22,2,10,2,1,12.0,109.09,45.45,13.64
S Brunsgaard,2,23,44,2,23,0,0,11.5,52.27,52.27,0.0
Dok Da Nit,7,23,70,6,57,3,0,3.83,32.86,81.43,4.29
RM Koda,14,23,44,7,26,1,0,3.29,52.27,59.09,2.27
D Sheeli,2,23,17,2,11,2,2,11.5,135.29,64.71,23.53
FJ Mpegna,8,23,41,6,31,2,1,3.83,56.1,75.61,7.32
B Shikongo,18,23,68,7,51,1,0,3.29,33.82,75.0,1.47
MT Diaby,5,23,38,5,26,3,0,4.6,60.53,68.42,7.89
Ali Waqar,3,23,30,3,14,2,0,7.67,76.67,46.67,6.67
T Malinga,13,23,107,7,85,0,0,3.29,21.5,79.44,0.0
F Odhiambo,11,23,63,3,49,2,0,7.67,36.51,77.78,3.17
S Kotte,11,23,68,4,50,1,0,5.75,33.82,73.53,1.47
R Endo,6,23,43,5,25,1,0,4.6,53.49,58.14,2.33
PL Bruno,3,23,36,2,17,1,0,11.5,63.89,47.22,2.78
AC Dawson,1,23,31,0,20,4,0,23.0,74.19,64.52,12.9
CP Tremain,3,23,37,1,28,2,1,23.0,62.16,75.68,8.11
M Akhigbe,3,23,22,2,10,3,0,11.5,104.55,45.45,13.64
TJ Heggelman,2,23,70,2,51,0,0,11.5,32.86,72.86,0.0
DCC Borden,4,23,79,4,63,2,0,5.75,29.11,79.75,2.53
D Ebersohn,5,23,45,3,27,0,0,7.67,51.11,60.0,0.0
Akif Javed,9,23,31,4,20,4,0,5.75,74.19,64.52,12.9
D Matla,6,23,56,5,38,0,0,4.6,41.07,67.86,0.0
S Nisansala,7,23,37,4,20,1,0,5.75,62.16,54.05,2.7
J Arunkumar,3,23,23,3,15,5,0,7.67,100.0,65.22,21.74
M Mariyappan,6,23,47,6,28,1,0,3.83,48.94,59.57,2.13
TAW Patterson,3,23,47,3,31,2,0,7.67,48.94,65.96,4.26
P Florin,5,23,29,2,16,2,0,11.5,79.31,55.17,6.9
SR Thadani,6,23,47,3,30,2,0,7.67,48.94,63.83,4.26
P Dubey,2,23,33,1,17,2,0,23.0,69.7,51.52,6.06
C Fortuin,2,23,96,4,84,3,0,5.75,23.96,87.5,3.12
Atif Kamal,5,23,28,4,13,1,1,5.75,82.14,46.43,7.14
JF Jimenez,2,23,42,3,28,3,0,7.67,54.76,66.67,7.14
M Saastamoinen,5,23,39,5,26,4,0,4.6,58.97,66.67,10.26
NA Karnik,3,23,45,1,28,1,0,23.0,51.11,62.22,2.22
EJCLRC Rainford-Brent,1,23,17,0,3,1,0,23.0,135.29,17.65,5.88
EHSN Silva,3,23,35,1,17,1,0,23.0,65.71,48.57,2.86
EM Moore,1,23,58,2,49,4,0,11.5,39.66,84.48,6.9
Muhammad Faizan,4,23,40,4,27,1,1,5.75,57.5,67.5,5.0
Shamsudheen Purat,1,23,22,1,11,4,0,23.0,104.55,50.0,18.18
N Master,2,23,18,1,7,4,0,23.0,127.78,38.89,22.22
Saud Munir,6,23,40,2,19,0,0,11.5,57.5,47.5,0.0
L Cheatle,4,23,38,2,25,3,0,11.5,60.53,65.79,7.89
N Chabula,7,23,116,9,104,2,0,2.56,19.83,89.66,1.72
L Sanogo,8,23,43,6,31,3,0,3.83,53.49,72.09,6.98
M Yousaf,4,23,47,3,28,1,0,7.67,48.94,59.57,2.13
E Ernest,6,23,44,5,28,2,0,4.6,52.27,63.64,4.55
L Maximo,6,23,57,3,37,0,0,7.67,40.35,64.91,0.0
C Perry,5,23,32,5,18,3,0,4.6,71.88,56.25,9.38
S Bhari,10,23,55,4,40,2,0,5.75,41.82,72.73,3.64
E Otgonbayar,7,23,60,7,41,0,0,3.29,38.33,68.33,0.0
Hassan Mehmood,4,23,30,3,14,0,1,7.67,76.67,46.67,3.33
S Hassall,6,23,46,4,32,2,0,5.75,50.0,69.57,4.35
K Kapadia,6,23,42,6,24,1,0,3.83,54.76,57.14,2.38
APC Kilowan,2,23,19,2,6,1,1,11.5,121.05,31.58,10.53
S Chaudhary,4,23,27,3,14,1,1,7.67,85.19,51.85,7.41
PD Macchi,4,23,47,4,36,3,0,5.75,48.94,76.6,6.38
SJ Massiah,2,23,44,2,34,3,0,11.5,52.27,77.27,6.82
MC Patel,3,23,44,3,33,3,0,7.67,52.27,75.0,6.82
Shivang Kumar,4,22,16,4,8,3,1,5.5,137.5,50.0,25.0
Ousman Bah,7,22,58,6,40,0,0,3.67,37.93,68.97,0.0
Sadia Yousuf,23,22,135,12,116,1,0,1.83,16.3,85.93,0.74
Sejal Vinod,3,22,30,3,15,3,0,7.33,73.33,50.0,10.0
Sediqullah Atal,1,22,16,1,6,0,2,22.0,137.5,37.5,12.5
A Rautela,5,22,59,3,36,1,0,7.33,37.29,61.02,1.69
B van Zyl,1,22,18,1,7,1,1,22.0,122.22,38.89,11.11
MP Enright,3,22,54,3,33,0,0,7.33,40.74,61.11,0.0
Raza Hasan,5,22,39,3,25,2,0,7.33,56.41,64.1,5.13
L Malino,9,22,76,7,56,0,0,3.14,28.95,73.68,0.0
I van der Woning,10,22,45,6,30,0,0,3.67,48.89,66.67,0.0
Mosharraf Hossain,4,22,61,3,42,0,0,7.33,36.07,68.85,0.0
J Edmiston,1,22,37,0,23,2,0,22.0,59.46,62.16,5.41
SDNS Karunaratne,3,22,25,2,13,3,0,11.0,88.0,52.0,12.0
Mohammad Ali,14,22,107,8,92,1,0,2.75,20.56,85.98,0.93
T Thorpe,9,22,39,5,24,2,0,4.4,56.41,61.54,5.13
Aminul Islam Biplob,3,22,18,1,9,4,0,22.0,122.22,50.0,22.22
D Ahir,3,22,23,3,14,2,1,7.33,95.65,60.87,13.04
S Yenamandra,4,22,68,3,52,2,0,7.33,32.35,76.47,2.94
Parvez Rasool,5,22,26,2,8,1,0,11.0,84.62,30.77,3.85
M Mabvuka,3,22,57,3,43,2,0,7.33,38.6,75.44,3.51
TV Badri Narayanan,4,22,54,4,40,1,0,5.5,40.74,74.07,1.85
M Kulfiwala,2,22,21,2,11,4,0,11.0,104.76,52.38,19.05
S Qeshile,1,22,23,1,10,3,0,22.0,95.65,43.48,13.04
Adeshlie Alias,1,22,22,1,12,3,0,22.0,100.0,54.55,13.64
H Osinde,11,22,46,6,27,1,0,3.67,47.83,58.7,2.17
TH Semau,12,22,49,9,35,2,0,2.44,44.9,71.43,4.08
RP Meredith,4,22,37,3,19,1,0,7.33,59.46,51.35,2.7
RL Johnson,4,22,43,4,33,2,1,5.5,51.16,76.74,6.98
F Guirrugo,5,22,71,4,59,3,0,5.5,30.99,83.1,4.23
Ali Sheikh,3,22,20,2,3,1,0,11.0,110.0,15.0,5.0
Virendra Kumar,4,22,19,3,7,2,0,7.33,115.79,36.84,10.53
YYM Jakda,7,22,19,7,12,1,2,3.14,115.79,63.16,15.79
L Monanthane,6,22,45,6,27,0,0,3.67,48.89,60.0,0.0
L Shetty,4,22,56,3,43,3,0,7.33,39.29,76.79,5.36
Nazmul Huda,7,22,62,2,48,2,0,11.0,35.48,77.42,3.23
WD Balaji Rao,5,22,41,4,27,2,0,5.5,53.66,65.85,4.88
KL Nagarkoti,7,22,33,4,16,1,0,5.5,66.67,48.48,3.03
J Kariko,8,22,35,6,25,2,1,3.67,62.86,71.43,8.57
Nik Nur Atiela,5,22,24,2,9,1,0,11.0,91.67,37.5,4.17
Umair Masood,1,22,28,1,12,1,0,22.0,78.57,42.86,3.57
E Mbofana,4,22,55,2,37,1,0,11.0,40.0,67.27,1.82
J Souckova,5,22,54,5,37,2,0,4.4,40.74,68.52,3.7
Sylvia Usabyimana,7,22,36,5,25,1,1,4.4,61.11,69.44,5.56
I Bist,5,22,22,3,10,2,0,7.33,100.0,45.45,9.09
Z Arinaitwe,3,22,26,3,18,3,1,7.33,84.62,69.23,15.38
Yudhvir Singh,4,22,16,4,8,1,2,5.5,137.5,50.0,18.75
Hassan Khan Mohammad,4,22,29,3,15,2,0,7.33,75.86,51.72,6.9
I Shukla,11,21,99,11,80,0,0,1.91,21.21,80.81,0.0
M Abadjieva,8,21,64,7,44,1,0,3.0,32.81,68.75,1.56
S Kaul,10,21,38,4,24,1,0,5.25,55.26,63.16,2.63
DJ Pattinson,1,21,50,2,41,3,0,10.5,42.0,82.0,6.0
NR Ferreira,1,21,99,2,89,3,0,10.5,21.21,89.9,3.03
J Grzinic,5,21,49,2,32,1,0,10.5,42.86,65.31,2.04
SA Sathiya,2,21,16,1,5,2,0,21.0,131.25,31.25,12.5
K Inakale,11,21,61,6,45,1,0,3.5,34.43,73.77,1.64
Kamran Shazad,3,21,20,3,12,1,2,7.0,105.0,60.0,15.0
Shahid Mahmood,4,21,26,1,15,0,2,21.0,80.77,57.69,7.69
Fayaz Mohammad,3,21,17,3,6,3,0,7.0,123.53,35.29,17.65
Karweng NG,3,21,30,4,16,0,1,5.25,70.0,53.33,3.33
HL Harji,7,21,30,6,21,2,1,3.5,70.0,70.0,10.0
AC Cummins,3,21,23,1,11,2,0,21.0,91.3,47.83,8.7
UNGB Thenannahelage,3,21,24,1,4,0,0,21.0,87.5,16.67,0.0
J Patraj,2,21,48,2,31,1,0,10.5,43.75,64.58,2.08
LA Coleman,1,21,65,2,54,2,0,10.5,32.31,83.08,3.08
R Pisal,3,21,24,3,12,3,0,7.0,87.5,50.0,12.5
R Sheshadri,3,21,22,2,10,1,1,10.5,95.45,45.45,9.09
C Forshaw,4,21,26,2,11,0,1,10.5,80.77,42.31,3.85
SP Guzman,3,21,29,3,20,3,0,7.0,72.41,68.97,10.34
Aashita Gupta,3,21,37,2,21,2,0,10.5,56.76,56.76,5.41
M Prasidh Krishna,19,21,106,10,87,0,0,2.1,19.81,82.08,0.0
T Araliya,5,21,32,3,21,2,0,7.0,65.62,65.62,6.25
Waqas Maqsood,5,21,25,4,16,2,1,5.25,84.0,64.0,12.0
C Ostergaard,6,21,34,3,20,2,0,7.0,61.76,58.82,5.88
Mohammad Irfan (4),8,21,21,3,9,1,1,7.0,100.0,42.86,9.52
Nirmaljit Singh,6,21,52,3,39,1,1,7.0,40.38,75.0,3.85
CK Holder,2,21,40,0,31,3,0,21.0,52.5,77.5,7.5
P Yevugah,5,21,32,4,17,1,0,5.25,65.62,53.12,3.12
MBS Jonkman,4,21,40,3,26,2,0,7.0,52.5,65.0,5.0
Simon Shalders,2,21,35,2,23,2,0,10.5,60.0,65.71,5.71
Kumar Kushagra,4,21,21,4,11,3,0,5.25,100.0,52.38,14.29
V Jagannivasan,5,21,35,4,20,2,0,5.25,60.0,57.14,5.71
EB Ringera,10,21,36,7,20,1,0,3.0,58.33,55.56,2.78
MMR Obili,6,21,33,4,15,0,0,5.25,63.64,45.45,0.0
Z Abbasi,4,21,18,4,10,2,1,5.25,116.67,55.56,16.67
Saif Badar,4,21,23,4,11,1,1,5.25,91.3,47.83,8.7
Yusuf Bhoola,3,21,30,2,20,3,0,10.5,70.0,66.67,10.0
M Yoshioka,3,21,22,2,10,3,0,10.5,95.45,45.45,13.64
Sarfraz Butt,2,21,19,1,5,1,0,21.0,110.53,26.32,5.26
EJB Miles,9,21,33,4,21,2,0,5.25,63.64,63.64,6.06
BA Langston,1,21,21,0,7,2,0,21.0,100.0,33.33,9.52
BA Williams,5,21,35,3,20,0,0,7.0,60.0,57.14,0.0
B Kgosiemang,7,21,43,1,28,1,0,21.0,48.84,65.12,2.33
B Indrajith,3,21,30,3,17,2,0,7.0,70.0,56.67,6.67
Seri Chang,4,21,54,4,37,0,0,5.25,38.89,68.52,0.0
KAC Wong,2,21,44,0,34,3,0,21.0,47.73,77.27,6.82
LS Mulivai,2,21,50,2,31,0,0,10.5,42.0,62.0,0.0
JRMVB Sanjaya,5,20,18,3,8,3,0,6.67,111.11,44.44,16.67
Leitu Leong,8,20,37,6,25,1,0,3.33,54.05,67.57,2.7
M Tom,8,20,19,2,9,2,0,10.0,105.26,47.37,10.53
Muhammad Ajmal,3,20,18,3,10,2,1,6.67,111.11,55.56,16.67
L Erdenebulgan,13,20,116,13,102,1,0,1.54,17.24,87.93,0.86
I Khan,1,20,64,1,54,1,0,20.0,31.25,84.38,1.56
OK Mohamed,5,20,59,7,50,2,0,2.86,33.9,84.75,3.39
KR Ebanks,7,20,45,8,29,1,0,2.5,44.44,64.44,2.22
Salman Irshad,13,20,37,7,22,0,1,2.86,54.05,59.46,2.7
B Doggett,2,20,51,1,38,1,0,20.0,39.22,74.51,1.96
N Davidovic,2,20,11,2,5,1,2,10.0,181.82,45.45,27.27
M King,4,20,56,3,44,2,0,6.67,35.71,78.57,3.57
KML Nonu,4,20,46,2,31,1,0,10.0,43.48,67.39,2.17
JA Simpson,2,20,31,2,18,2,0,10.0,64.52,58.06,6.45
B Isaac,4,20,42,4,27,0,0,5.0,47.62,64.29,0.0
R Heyns,1,20,16,1,10,3,1,20.0,125.0,62.5,25.0
Amna Khan,5,20,42,5,33,3,0,4.0,47.62,78.57,7.14
T Motlhabaphuti,5,20,53,3,40,1,0,6.67,37.74,75.47,1.89
AM McCarthy,3,20,49,3,35,1,0,6.67,40.82,71.43,2.04
MW Parkinson,6,20,27,5,18,3,0,4.0,74.07,66.67,11.11
C Wijesinghe,4,20,50,2,26,0,0,10.0,40.0,52.0,0.0
C Waiswa,2,20,14,1,4,1,1,20.0,142.86,28.57,14.29
SP Terry,3,20,24,3,14,3,0,6.67,83.33,58.33,12.5
PA Wadenpohl,8,20,75,5,57,0,0,4.0,26.67,76.0,0.0
Rashidatu Salia,3,20,41,2,28,2,0,10.0,48.78,68.29,4.88
Manish Sharma,4,20,55,4,44,3,0,5.0,36.36,80.0,5.45
HB Shipley,8,20,41,5,23,0,0,4.0,48.78,56.1,0.0
SH Johnson,8,20,26,2,17,3,0,10.0,76.92,65.38,11.54
E Richard,6,20,50,5,35,1,0,4.0,40.0,70.0,2.0
Mohamed Coulibaly,8,20,57,7,46,1,0,2.86,35.09,80.7,1.75
Julie Hayes,1,20,82,2,73,3,0,10.0,24.39,89.02,3.66
AK Gonerara,7,20,46,5,32,0,0,4.0,43.48,69.57,0.0
MV Lehmann,5,20,43,4,29,0,0,5.0,46.51,67.44,0.0
Jai Sinh,8,20,42,7,26,0,0,2.86,47.62,61.9,0.0
AC Thomas,4,20,19,2,8,1,1,10.0,105.26,42.11,10.53
Z Shurentsetseg,11,20,67,7,55,0,1,2.86,29.85,82.09,1.49
PSRK Sudarshan,5,20,20,4,11,1,1,5.0,100.0,55.0,10.0
P Munsanda,5,20,51,3,36,1,0,6.67,39.22,70.59,1.96
Mushtaq Ahmed,2,20,55,1,44,2,0,20.0,36.36,80.0,3.64
MV Fare,6,20,48,4,32,1,0,5.0,41.67,66.67,2.08
Pooja Shah,1,20,15,0,4,2,0,20.0,133.33,26.67,13.33
Patrick Nou,2,20,22,2,10,2,0,10.0,90.91,45.45,9.09
Pankaj Singh,8,20,35,5,22,2,0,4.0,57.14,62.86,5.71
AC Mushangwe,4,20,29,0,13,0,0,20.0,68.97,44.83,0.0
N Gwebu,11,20,66,11,50,1,0,1.82,30.3,75.76,1.52
G Singhdeo,4,20,28,4,18,3,0,5.0,71.43,64.29,10.71
JKC Ahir,2,20,50,2,33,1,0,10.0,40.0,66.0,2.0
S Thapa,7,20,30,4,13,1,0,5.0,66.67,43.33,3.33
Akbar Khan,4,20,37,6,20,1,0,3.33,54.05,54.05,2.7
O Hamrikova,8,20,82,10,62,1,0,2.0,24.39,75.61,1.22
AF Sattaur,3,20,60,3,47,0,1,6.67,33.33,78.33,1.67
Ainool Haqqiem,2,20,20,1,8,1,0,20.0,100.0,40.0,5.0
RR Raje,5,20,18,1,6,1,1,20.0,111.11,33.33,11.11
FFJ Heo,6,20,36,5,22,0,1,4.0,55.56,61.11,2.78
RM Burns,2,20,23,2,13,3,0,10.0,86.96,56.52,13.04
F de Wet,2,20,71,2,60,3,0,10.0,28.17,84.51,4.23
MR Johnson,2,20,19,2,9,3,0,10.0,105.26,47.37,15.79
A Amado,2,19,28,3,16,2,0,6.33,67.86,57.14,7.14
P Dimri,1,19,47,0,41,4,0,19.0,40.43,87.23,8.51
RM Scott,2,19,19,2,10,3,0,9.5,100.0,52.63,15.79
RLB Rambukwella,1,19,16,1,7,1,1,19.0,118.75,43.75,12.5
PP Bala,1,19,18,0,6,2,0,19.0,105.56,33.33,11.11
CA Gurrey,2,19,27,2,20,4,0,9.5,70.37,74.07,14.81
Navid Balouch,1,19,21,0,8,1,0,19.0,90.48,38.1,4.76
CM Madsen,2,19,28,1,17,2,0,19.0,67.86,60.71,7.14
Kerry Fraser,4,19,60,2,42,0,0,9.5,31.67,70.0,0.0
Imran Khan (2),8,19,54,7,46,3,0,2.71,35.19,85.19,5.56
C Zavoiu,6,19,33,4,22,1,0,4.75,57.58,66.67,3.03
JL Hunter,2,19,36,0,23,1,0,19.0,52.78,63.89,2.78
N D'souza,5,19,46,4,30,0,0,4.75,41.3,65.22,0.0
Gulbadin Naib,1,19,15,1,4,1,1,19.0,126.67,26.67,13.33
R Bishnoi,3,19,17,3,11,1,2,6.33,111.76,64.71,17.65
Hunain Shah,8,19,31,5,21,1,1,3.8,61.29,67.74,6.45
D Wotu,5,19,15,2,3,2,0,9.5,126.67,20.0,13.33
JD Nel,4,19,22,1,13,3,0,19.0,86.36,59.09,13.64
JW Wilson,2,19,16,2,5,2,0,9.5,118.75,31.25,12.5
Sarfaraj Patel,3,19,36,2,24,0,0,9.5,52.78,66.67,0.0
W Behr,4,19,18,3,6,2,0,6.33,105.56,33.33,11.11
S Jyoti,2,19,43,2,29,0,1,9.5,44.19,67.44,2.33
I Wardlaw,9,19,35,6,24,2,0,3.17,54.29,68.57,5.71
P Jayawickrama,9,19,49,1,39,2,0,19.0,38.78,79.59,4.08
M Vuruna,2,19,32,2,18,1,0,9.5,59.38,56.25,3.12
Muktar Ali,1,19,15,0,5,1,1,19.0,126.67,33.33,13.33
D Weston,2,19,18,2,8,1,1,9.5,105.56,44.44,11.11
ZM Hamisi,4,19,41,4,24,0,0,4.75,46.34,58.54,0.0
Abraar Khan,5,19,42,5,24,0,0,3.8,45.24,57.14,0.0
OR Willis,5,19,41,5,29,0,1,3.8,46.34,70.73,2.44
Maahi Madhavan,6,19,26,4,13,2,0,4.75,73.08,50.0,7.69
Fahad Tariq,4,19,24,4,16,1,1,4.75,79.17,66.67,8.33
Nazmul Islam,4,19,39,4,28,2,0,4.75,48.72,71.79,5.13
N Tykhonravova,7,19,54,7,36,0,0,2.71,35.19,66.67,0.0
R Shukla,4,19,23,2,10,2,0,9.5,82.61,43.48,8.7
PK Ananya,3,19,19,2,9,1,1,9.5,100.0,47.37,10.53
Rosie Davis,2,19,28,2,17,2,0,9.5,67.86,60.71,7.14
RA Bawa,3,19,18,2,7,1,0,9.5,105.56,38.89,5.56
Natalie Clarke,2,19,30,2,16,2,0,9.5,63.33,53.33,6.67
P Sahu,2,19,13,0,4,1,1,19.0,146.15,30.77,15.38
P Ray Barman,1,19,24,1,11,2,0,19.0,79.17,45.83,8.33
Brima Ansumana,2,19,30,2,16,0,0,9.5,63.33,53.33,0.0
Kasir Ahmed,1,19,21,1,7,0,0,19.0,90.48,33.33,0.0
R Sewwandi,3,19,17,1,9,3,0,19.0,111.76,52.94,17.65
A Johnmary,3,19,25,3,14,2,0,6.33,76.0,56.0,8.0
Ali Mohammadipour,1,19,13,1,7,4,0,19.0,146.15,53.85,30.77
Imran Ahmed Kaneez,6,19,51,6,34,0,0,3.17,37.25,66.67,0.0
E Khaliunaa,10,19,77,9,61,0,0,2.11,24.68,79.22,0.0
J Perry,3,19,41,2,25,0,0,9.5,46.34,60.98,0.0
NJ Shaw,3,19,52,2,38,1,0,9.5,36.54,73.08,1.92
E Haven,5,19,53,4,38,1,0,4.75,35.85,71.7,1.89
AG Wharf,5,19,28,2,17,0,1,9.5,67.86,60.71,3.57
Elizabeth Annor,3,19,31,4,19,2,0,4.75,61.29,61.29,6.45
MP Bicknell,2,19,36,3,28,3,0,6.33,52.78,77.78,8.33
A Valthapa,2,19,34,2,21,2,0,9.5,55.88,61.76,5.88
A Konhu,3,19,24,3,12,1,0,6.33,79.17,50.0,4.17
N Hirani,1,19,11,1,2,3,0,19.0,172.73,18.18,27.27
AW Wambua,3,19,25,3,14,2,0,6.33,76.0,56.0,8.0
M de Lange,5,19,33,4,22,2,0,4.75,57.58,66.67,6.06
Junaid Sheikh,3,19,20,3,11,1,1,6.33,95.0,55.0,10.0
MM Letsoalo,8,19,61,5,45,1,0,3.8,31.15,73.77,1.64
LE Lomani,3,19,55,3,40,1,0,6.33,34.55,72.73,1.82
Y Gnaneswara Rao,1,19,17,1,8,3,0,19.0,111.76,47.06,17.65
M Pathirana,14,19,54,9,44,3,0,2.11,35.19,81.48,5.56
A Ndlovu,5,19,53,6,43,3,0,3.17,35.85,81.13,5.66
HW Rambaldo,2,19,93,2,81,0,0,9.5,20.43,87.1,0.0
NW Sariani,7,18,39,6,23,0,0,3.0,46.15,58.97,0.0
JD Wildermuth,3,18,19,2,5,1,0,9.0,94.74,26.32,5.26
JM Apio,5,18,24,4,10,0,0,4.5,75.0,41.67,0.0
JL Tutty,4,18,29,3,14,1,0,6.0,62.07,48.28,3.45
Zohaib Khan,4,18,13,1,1,1,0,18.0,138.46,7.69,7.69
Zheng Lili,7,18,40,7,26,1,0,2.57,45.0,65.0,2.5
A Gisdaki,4,18,74,2,56,0,0,9.0,24.32,75.68,0.0
S Kolcunova,9,18,85,5,62,0,0,3.6,21.18,72.94,0.0
B Stanlake,8,18,42,4,32,1,1,4.5,42.86,76.19,4.76
Atif-Ur-Rehman,6,18,20,1,6,0,0,18.0,90.0,30.0,0.0
M Simmons,1,18,16,0,5,1,0,18.0,112.5,31.25,6.25
D Young,4,18,21,4,14,2,1,4.5,85.71,66.67,14.29
Nageebullah Sultanzai,3,18,13,2,6,2,1,9.0,138.46,46.15,23.08
NT Nyamhuri,2,18,64,4,52,1,0,4.5,28.12,81.25,1.56
Vimal Kumar,2,18,36,1,21,0,0,18.0,50.0,58.33,0.0
R Kanai,7,18,49,4,38,2,0,4.5,36.73,77.55,4.08
W Sutherland,1,18,33,1,16,0,0,18.0,54.55,48.48,0.0
TJE Chiracheque,4,18,43,5,30,2,0,3.6,41.86,69.77,4.65
Davion Codner,5,18,23,4,9,0,0,4.5,78.26,39.13,0.0
Skhawat Ali,3,18,55,3,44,2,0,6.0,32.73,80.0,3.64
Sajedul Islam,3,18,47,6,39,2,0,3.0,38.3,82.98,4.26
Jubair Hossain,5,18,97,3,86,2,0,6.0,18.56,88.66,2.06
AC Septien,3,18,47,2,33,1,0,9.0,38.3,70.21,2.13
R Sai Kishore,4,18,16,3,8,0,2,6.0,112.5,50.0,12.5
Sumit Kumar,3,18,24,2,17,2,1,9.0,75.0,70.83,12.5
W Ginindza,11,18,69,12,55,1,0,1.5,26.09,79.71,1.45
K Mohanoe,4,18,40,4,27,1,0,4.5,45.0,67.5,2.5
MW Jones,2,18,11,1,4,0,2,18.0,163.64,36.36,18.18
Jamaluddin Ahmed,1,18,28,1,18,2,0,18.0,64.29,64.29,7.14
E Ochieng,3,18,19,2,10,1,1,9.0,94.74,52.63,10.53
R Pavlickova,10,18,81,11,63,0,0,1.64,22.22,77.78,0.0
H Mumford,4,18,52,3,35,0,0,6.0,34.62,67.31,0.0
Pratis GC,6,18,17,2,6,1,0,9.0,105.88,35.29,5.88
Waqas Ali,2,18,24,2,9,0,0,9.0,75.0,37.5,0.0
AA Gajic,6,18,37,2,24,1,0,9.0,48.65,64.86,2.7
A Thorpe,5,18,38,5,24,1,0,3.6,47.37,63.16,2.63
D Mendonca,7,18,89,7,75,1,0,2.57,20.22,84.27,1.12
PWDM Badalge,3,18,35,3,24,2,0,6.0,51.43,68.57,5.71
PV Tambe,6,18,39,1,23,1,0,18.0,46.15,58.97,2.56
JE Titmuss,4,18,33,4,24,2,0,4.5,54.55,72.73,6.06
Y Verma,4,18,22,5,13,2,0,3.6,81.82,59.09,9.09
Navdeep Saini,3,18,40,2,27,0,0,9.0,45.0,67.5,0.0
HY Kazi,5,18,25,4,13,0,0,4.5,72.0,52.0,0.0
T Takada,2,18,16,1,5,2,0,18.0,112.5,31.25,12.5
T Brown,4,18,57,4,43,0,0,4.5,31.58,75.44,0.0
C Rumistrzewicz,7,18,29,4,14,0,0,4.5,62.07,48.28,0.0
TCB Fernando,3,18,38,0,22,0,0,18.0,47.37,57.89,0.0
V Jatinder Kumar,5,18,22,3,13,3,0,6.0,81.82,59.09,13.64
T Mpandakwaya,3,18,25,2,13,1,0,9.0,72.0,52.0,4.0
Muhammad Fahim,3,18,28,2,16,0,1,9.0,64.29,57.14,3.57
FFZ Nhaduate,4,18,35,3,23,1,0,6.0,51.43,65.71,2.86
M Nguni,5,18,70,4,54,0,0,4.5,25.71,77.14,0.0
Latsha Haleemath,6,18,29,6,21,3,0,3.0,62.07,72.41,10.34
V Shetty,3,18,30,3,16,1,0,6.0,60.0,53.33,3.33
Saurav Chauhan,3,18,15,3,6,1,1,6.0,120.0,40.0,13.33
K Whatham,1,18,41,1,29,2,0,18.0,43.9,70.73,4.88
Muhammad Rohid,4,18,22,1,13,2,0,18.0,81.82,59.09,9.09
MS Graham,4,17,33,4,20,1,0,4.25,51.52,60.61,3.03
J Sharma,2,17,32,2,24,3,0,8.5,53.12,75.0,9.38
Edward Taylor,2,17,52,2,40,1,0,8.5,32.69,76.92,1.92
K Vislapuu,7,17,19,4,13,3,0,4.25,89.47,68.42,15.79
N Tanwar,1,17,30,1,17,1,0,17.0,56.67,56.67,3.33
M Ndipo,5,17,40,5,25,0,0,3.4,42.5,62.5,0.0
Ateeq Iqbal,9,17,22,1,9,1,0,17.0,77.27,40.91,4.55
E Malinga,9,17,68,3,57,2,0,5.67,25.0,83.82,2.94
Niyas Pullariyil,2,17,18,0,8,0,1,17.0,94.44,44.44,5.56
Nasir Nawaz,2,17,22,2,9,0,0,8.5,77.27,40.91,0.0
JH Mensah,2,17,10,2,3,1,1,8.5,170.0,30.0,20.0
A Gasteratos,5,17,39,4,25,0,0,4.25,43.59,64.1,0.0
G Bruno,2,17,9,2,4,4,0,8.5,188.89,44.44,44.44
Khan Arbaaz,2,17,23,2,12,2,0,8.5,73.91,52.17,8.7
T Singye,2,17,25,2,16,2,0,8.5,68.0,64.0,8.0
E Yaver,3,17,20,3,10,2,0,5.67,85.0,50.0,10.0
AM Guruge,5,17,34,1,23,1,0,17.0,50.0,67.65,2.94
P Raghunath,5,17,47,2,28,0,0,8.5,36.17,59.57,0.0
Nadif Chowdhury,2,17,16,1,4,1,0,17.0,106.25,25.0,6.25
P Koech,7,17,24,4,10,0,0,4.25,70.83,41.67,0.0
S Malwatta,8,17,40,6,27,1,0,2.83,42.5,67.5,2.5
U Dorji,3,17,22,4,13,2,0,4.25,77.27,59.09,9.09
TRR Sharfudheen,3,17,50,4,35,1,0,4.25,34.0,70.0,2.0
Ghulam Fatima,10,17,34,6,22,1,0,2.83,50.0,64.71,2.94
N Ncube,1,17,23,2,15,0,1,8.5,73.91,65.22,4.35
P Deol,3,17,30,3,18,1,0,5.67,56.67,60.0,3.33
Salman Mirza,6,17,17,3,8,2,0,5.67,100.0,47.06,11.76
Azmat Ali,1,17,20,1,8,0,1,17.0,85.0,40.0,5.0
L Jie,4,17,31,1,15,0,0,17.0,54.84,48.39,0.0
O Muzondo,2,17,9,1,2,1,1,17.0,188.89,22.22,22.22
I Stewart,2,17,8,1,3,2,1,17.0,212.5,37.5,37.5
AA Jimoh,4,17,23,2,12,1,0,8.5,73.91,52.17,4.35
KY Wilfried,4,17,78,4,67,1,0,4.25,21.79,85.9,1.28
Mofassar Saeed,1,17,19,1,11,2,0,17.0,89.47,57.89,10.53
U Bayarjavkhlan,6,17,66,3,52,1,0,5.67,25.76,78.79,1.52
L Chilia,8,17,42,5,28,0,0,3.4,40.48,66.67,0.0
M Shiraishi,5,17,57,5,45,1,0,3.4,29.82,78.95,1.75
KS Kasse,9,17,37,7,25,1,0,2.43,45.95,67.57,2.7
Dharmang Patel,1,17,28,1,14,1,0,17.0,60.71,50.0,3.57
D Mauro,3,17,24,0,10,0,0,17.0,70.83,41.67,0.0
LA Collado,4,17,27,2,15,1,0,8.5,62.96,55.56,3.7
I Seneviratne,4,17,25,1,14,2,0,17.0,68.0,56.0,8.0
P Bosnjak,8,17,32,7,25,3,0,2.43,53.12,78.12,9.38
M Thurgate,1,17,11,1,5,2,1,17.0,154.55,45.45,27.27
Adil Khan,2,17,23,2,16,0,2,8.5,73.91,69.57,8.7
DM Dupavillon,1,17,10,1,5,2,1,17.0,170.0,50.0,30.0
R Dhiman,3,17,17,2,7,1,0,8.5,100.0,41.18,5.88
A Karmacharya,10,17,44,8,29,0,0,2.12,38.64,65.91,0.0
JT Brassell,13,17,42,7,28,1,0,2.43,40.48,66.67,2.38
D St Ange,3,17,25,3,12,0,0,5.67,68.0,48.0,0.0
Dewald Pretorius,1,17,34,2,27,3,0,8.5,50.0,79.41,8.82
MEC de Fouw,4,17,90,2,79,1,0,8.5,18.89,87.78,1.11
KC Thompson,3,17,35,1,25,2,0,17.0,48.57,71.43,5.71
S Udhayan,4,17,13,4,7,2,1,4.25,130.77,53.85,23.08
H Dandapani,1,17,19,1,10,2,0,17.0,89.47,52.63,10.53
A Wellington,7,17,39,5,26,1,0,3.4,43.59,66.67,2.56
P Suman Bhai Ahir,5,17,27,3,16,2,0,5.67,62.96,59.26,7.41
E Kuyumcu,3,17,47,4,35,1,0,4.25,36.17,74.47,2.13
Ali Hussain,4,16,18,2,9,2,0,8.0,88.89,50.0,11.11
L McCarthy,2,16,20,1,12,1,1,16.0,80.0,60.0,10.0
BS Mudzinganyama,1,16,62,1,53,2,0,16.0,25.81,85.48,3.23
AB Slebsager,7,16,36,3,22,0,0,5.33,44.44,61.11,0.0
V Pasupathy,3,16,46,4,34,1,0,4.0,34.78,73.91,2.17
F Walters,2,16,48,2,35,1,0,8.0,33.33,72.92,2.08
Ankur Sharma,1,16,31,1,19,1,0,16.0,51.61,61.29,3.23
SE Aley,2,16,11,1,3,2,0,16.0,145.45,27.27,18.18
Hasan Yanar,4,16,29,2,17,1,0,8.0,55.17,58.62,3.45
M Patel,2,16,42,2,32,2,0,8.0,38.1,76.19,4.76
P Vailoa,2,16,10,1,4,1,1,16.0,160.0,40.0,20.0
HF Gurney,7,16,38,2,26,1,0,8.0,42.11,68.42,2.63
JPR Lamsam,1,16,30,1,24,3,0,16.0,53.33,80.0,10.0
Nitesh Hooda,2,16,7,0,1,3,0,16.0,228.57,14.29,42.86
G Caisley,6,16,37,5,27,2,0,3.2,43.24,72.97,5.41
RR Behera,2,16,27,2,17,1,0,8.0,59.26,62.96,3.7
Fatima Abbas,2,16,38,2,27,1,0,8.0,42.11,71.05,2.63
MS Beresford,8,16,49,4,37,1,0,4.0,32.65,75.51,2.04
A Husain,5,16,24,1,15,2,0,16.0,66.67,62.5,8.33
MM Iqbal,2,16,56,2,44,0,0,8.0,28.57,78.57,0.0
MM Penfold,11,16,63,8,48,0,0,2.0,25.4,76.19,0.0
V Kai,3,16,43,2,29,1,0,8.0,37.21,67.44,2.33
Mohamed Turay,7,16,22,2,11,1,0,8.0,72.73,50.0,4.55
Zong Yuechao,6,16,40,6,32,2,0,2.67,40.0,80.0,5.0
Muhammad Safdar,2,16,12,0,4,2,0,16.0,133.33,33.33,16.67
DL Mejia,3,16,20,3,12,1,0,5.33,80.0,60.0,5.0
Zeeshan Haider,1,16,11,1,4,1,1,16.0,145.45,36.36,18.18
Shafiullah Zakhel,3,16,9,1,2,2,0,16.0,177.78,22.22,22.22
YV Dhull,3,16,23,3,10,1,0,5.33,69.57,43.48,4.35
NM Sheikh,3,16,47,1,32,0,0,16.0,34.04,68.09,0.0
JH Desai,1,16,38,1,29,1,0,16.0,42.11,76.32,2.63
Abdullah Sheikh,4,16,25,3,14,1,0,5.33,64.0,56.0,4.0
Lopamudra,10,16,78,7,59,1,0,2.29,20.51,75.64,1.28
DK Butler,2,16,22,0,15,3,0,16.0,72.73,68.18,13.64
Aung Ko Ko,6,16,35,4,24,1,0,4.0,45.71,68.57,2.86
L Smith,3,16,22,3,13,2,0,5.33,72.73,59.09,9.09
Shukhtara Rahman,1,16,17,0,6,1,0,16.0,94.12,35.29,5.88
B Mahesh,4,16,10,3,4,0,2,5.33,160.0,40.0,20.0
AC Brodin,5,16,50,5,38,1,0,3.2,32.0,76.0,2.0
Sami Faridi,1,16,25,1,16,1,0,16.0,64.0,64.0,4.0
KS Sharma,3,16,25,3,12,1,0,5.33,64.0,48.0,4.0
N Ifill,2,16,43,2,33,2,0,8.0,37.21,76.74,4.65
Damini Ramesh,8,16,44,4,30,0,0,4.0,36.36,68.18,0.0
Dilbar Hussain,2,16,15,1,10,2,1,16.0,106.67,66.67,20.0
BV Save,2,16,17,2,11,3,0,8.0,94.12,64.71,17.65
A Scantlebury,2,16,34,2,22,1,0,8.0,47.06,64.71,2.94
Huzaif Yousuf,2,16,16,0,7,2,0,16.0,100.0,43.75,12.5
E Hasahya,4,16,24,4,15,2,0,4.0,66.67,62.5,8.33
J Kgang,5,16,47,3,35,0,0,5.33,34.04,74.47,0.0
Saeed Waqar Ali,7,16,43,3,29,0,0,5.33,37.21,67.44,0.0
Vijaykumar Vyshak,6,16,16,2,6,0,1,8.0,100.0,37.5,6.25
WJ Lubbe,2,16,10,2,6,4,0,8.0,160.0,60.0,40.0
T Kale,8,16,43,7,27,0,0,2.29,37.21,62.79,0.0
H Okcu,4,16,47,3,31,0,0,5.33,34.04,65.96,0.0
M Modise,3,16,27,2,19,2,0,8.0,59.26,70.37,7.41
J Smit,2,16,45,2,36,2,0,8.0,35.56,80.0,4.44
Rizwan Zahoor,2,16,19,0,8,2,0,16.0,84.21,42.11,10.53
Hamayun Altaf,1,16,13,1,5,2,0,16.0,123.08,38.46,15.38
CH Abeyratne,11,16,52,7,40,1,0,2.29,30.77,76.92,1.92
N Al Khadeer,1,16,31,1,24,3,0,16.0,51.61,77.42,9.68
Y Konate,5,16,41,5,33,2,0,3.2,39.02,80.49,4.88
SG Luijke,3,16,22,3,12,2,0,5.33,72.73,54.55,9.09
M Fru,4,16,31,4,20,1,0,4.0,51.61,64.52,3.23
ASH Parsons,4,16,44,4,29,0,0,4.0,36.36,65.91,0.0
R Chanda,5,16,39,5,31,3,0,3.2,41.03,79.49,7.69
U Iftikhar,3,16,34,1,23,0,1,16.0,47.06,67.65,2.94
N Naranbaatar,11,16,87,10,76,1,0,1.6,18.39,87.36,1.15
JW Ogle-Thomas,3,16,28,3,19,1,0,5.33,57.14,67.86,3.57
Jagrat Dubey,5,16,44,5,29,0,0,3.2,36.36,65.91,0.0
Kang Choi,2,16,34,2,21,0,0,8.0,47.06,61.76,0.0
S Delai,1,16,29,1,22,3,0,16.0,55.17,75.86,10.34
Ashiqullah Said,4,16,13,3,5,2,0,5.33,123.08,38.46,15.38
V Hampihallikar,3,15,41,3,30,1,0,5.0,36.59,73.17,2.44
Anowarul Islam,4,15,20,4,13,1,1,3.75,75.0,65.0,10.0
J Yon,4,15,14,2,5,1,0,7.5,107.14,35.71,7.14
JJ Chicuele,3,15,20,1,12,2,0,15.0,75.0,60.0,10.0
Usman Tariq,7,15,31,4,22,2,0,3.75,48.39,70.97,6.45
Ilyas Ahmed,6,15,14,1,4,1,0,15.0,107.14,28.57,7.14
HM Watson,1,15,24,1,13,1,0,15.0,62.5,54.17,4.17
RD Steede,2,15,20,2,13,2,0,7.5,75.0,65.0,10.0
RHO Saunders,2,15,23,2,15,2,0,7.5,65.22,65.22,8.7
Nazmus Sakib,4,15,18,2,9,0,1,7.5,83.33,50.0,5.56
RR Beaton,2,15,51,1,43,2,0,15.0,29.41,84.31,3.92
RM van Oosterom,6,15,43,6,32,1,0,2.5,34.88,74.42,2.33
HK Bennett,7,15,67,3,52,0,0,5.0,22.39,77.61,0.0
CC van Slobbe,5,15,22,2,12,1,0,7.5,68.18,54.55,4.55
Mansi Parmar,2,15,23,1,10,0,0,15.0,65.22,43.48,0.0
C Madan,1,15,19,1,13,3,0,15.0,78.95,68.42,15.79
A Mongar,4,15,32,3,18,0,0,5.0,46.88,56.25,0.0
PW Gunaratne,1,15,15,0,9,3,0,15.0,100.0,60.0,20.0
Rongyu Zhao,2,15,24,2,14,1,0,7.5,62.5,58.33,4.17
ML Patel,2,15,55,2,41,0,0,7.5,27.27,74.55,0.0
MFD Douma,8,15,37,6,28,1,0,2.5,40.54,75.68,2.7
SA Millanta,2,15,19,0,13,3,0,15.0,78.95,68.42,15.79
D Dlamini,8,15,38,9,28,1,0,1.67,39.47,73.68,2.63
IL Parks,3,15,36,0,24,1,0,15.0,41.67,66.67,2.78
Areeb Quadir,2,15,16,2,5,0,0,7.5,93.75,31.25,0.0
N Mapunda,1,15,21,1,14,2,0,15.0,71.43,66.67,9.52
N Vichara,3,15,18,3,10,2,0,5.0,83.33,55.56,11.11
SD Lad,1,15,13,1,8,1,1,15.0,115.38,61.54,15.38
Anjum Chopra,2,15,32,2,22,1,0,7.5,46.88,68.75,3.12
J Layne,2,15,22,3,16,3,0,5.0,68.18,72.73,13.64
Abdul Bangalzai,4,15,23,4,13,0,1,3.75,65.22,56.52,4.35
AA Banner,4,15,27,4,21,3,0,3.75,55.56,77.78,11.11
N Patron Fuentes,6,15,35,6,24,0,0,2.5,42.86,68.57,0.0
VY Mahesh,5,15,27,2,14,0,0,7.5,55.56,51.85,0.0
N Sindhu,1,15,11,1,3,0,1,15.0,136.36,27.27,9.09
Karma Dorji,6,15,10,1,4,3,0,15.0,150.0,40.0,30.0
H Chamto,8,15,32,6,19,0,0,2.5,46.88,59.38,0.0
PY Lavine,2,15,32,2,21,1,0,7.5,46.88,65.62,3.12
Pan Ei Phyu,4,15,30,2,22,2,0,7.5,50.0,73.33,6.67
E Kuchey,4,15,26,2,17,0,1,7.5,57.69,65.38,3.85
Murat Yilmaz,5,15,31,5,19,1,0,3.0,48.39,61.29,3.23
MN Nawaz,1,15,22,0,6,0,0,15.0,68.18,27.27,0.0
M Alugunoolla,3,15,47,4,38,2,0,3.75,31.91,80.85,4.26
P Kumbhare,8,15,27,7,14,0,0,2.14,55.56,51.85,0.0
Subashis Roy,5,15,69,1,64,3,0,15.0,21.74,92.75,4.35
A Kourkoulou,9,15,54,7,42,1,0,2.14,27.78,77.78,1.85
R Limema,15,15,88,9,76,0,0,1.67,17.05,86.36,0.0
S Prakash,8,15,72,5,58,1,0,3.0,20.83,80.56,1.39
Mujeeb Ur Rahman,8,15,18,4,10,2,0,3.75,83.33,55.56,11.11
D Samarawickrama,3,15,27,3,16,0,0,5.0,55.56,59.26,0.0
TL Moreki,2,15,68,2,62,3,0,7.5,22.06,91.18,4.41
D Nath,3,15,11,2,6,3,0,7.5,136.36,54.55,27.27
TV Valivarthi,3,15,27,2,19,0,1,7.5,55.56,70.37,3.7
J Dickinson,1,15,14,1,4,1,0,15.0,107.14,28.57,7.14
L Mamba,12,15,96,5,78,0,0,3.0,15.62,81.25,0.0
Hyejin Park,4,15,32,4,26,2,0,3.75,46.88,81.25,6.25
Akbar-ur-Rehman,3,15,19,3,9,1,0,5.0,78.95,47.37,5.26
BP Loots,3,15,21,3,17,0,2,5.0,71.43,80.95,9.52
P Jain,7,15,30,6,16,0,0,2.5,50.0,53.33,0.0
S Immadi,9,15,55,4,42,0,0,3.75,27.27,76.36,0.0
S Natsagdorj,4,15,59,4,46,0,0,3.75,25.42,77.97,0.0
DA Rankin,1,15,17,1,11,1,1,15.0,88.24,64.71,11.76
DA Sasrikayoni,1,15,26,0,12,0,0,15.0,57.69,46.15,0.0
B Ivanov,2,15,28,0,17,1,0,15.0,53.57,60.71,3.57
B Namsrai,11,15,72,10,64,2,0,1.5,20.83,88.89,2.78
GL Cloete,2,15,15,2,7,2,0,7.5,100.0,46.67,13.33
DS Vosloo,1,15,17,1,6,0,0,15.0,88.24,35.29,0.0
L Jones,1,15,20,1,12,2,0,15.0,75.0,60.0,10.0
Vishil Patel,7,15,42,3,29,0,0,5.0,35.71,69.05,0.0
GR Napier,1,15,16,1,7,1,0,15.0,93.75,43.75,6.25
Abdullah Mahmood,7,15,22,5,10,0,0,3.0,68.18,45.45,0.0
Virat Singh,2,15,26,3,14,1,0,5.0,57.69,53.85,3.85
S Lackay,3,15,21,2,9,0,0,7.5,71.43,42.86,0.0
P Campbell,4,15,32,3,21,1,0,5.0,46.88,65.62,3.12
K Gilham,3,15,13,0,4,1,0,15.0,115.38,30.77,7.69
P Gheewala,4,15,19,3,10,0,1,5.0,78.95,52.63,5.26
P Choudhary,6,15,31,5,19,1,0,3.0,48.39,61.29,3.23
M Ahono,3,15,33,4,22,1,0,3.75,45.45,66.67,3.03
A Griffin,6,15,38,5,23,0,0,3.0,39.47,60.53,0.0
JO Ngoche,5,14,43,3,35,0,1,4.67,32.56,81.4,2.33
FR Davies,6,14,43,5,33,1,0,2.8,32.56,76.74,2.33
A Chaubey,4,14,21,4,17,0,2,3.5,66.67,80.95,9.52
DM Kavinisseri,1,14,11,0,4,2,0,14.0,127.27,36.36,18.18
Tarun Yadav,2,14,11,2,5,1,1,7.0,127.27,45.45,18.18
Umair Sharif,2,14,14,2,6,0,1,7.0,100.0,42.86,7.14
E Gouge,7,14,32,4,21,0,0,3.5,43.75,65.62,0.0
S Barnett,2,14,18,2,11,0,1,7.0,77.78,61.11,5.56
S Bevin,3,14,15,2,9,1,1,7.0,93.33,60.0,13.33
E Ellermaa,9,14,64,7,52,0,0,2.0,21.88,81.25,0.0
SAN Maypriani,7,14,35,3,22,0,0,4.67,40.0,62.86,0.0
NKD Murtiari,2,14,22,0,11,0,0,14.0,63.64,50.0,0.0
S Dzimau,2,14,28,2,18,1,0,7.0,50.0,64.29,3.57
Prasad Anish,5,14,28,1,16,0,0,14.0,50.0,57.14,0.0
Thilina Silva,2,14,47,1,37,1,0,14.0,29.79,78.72,2.13
Ajin Soman,1,14,8,1,1,0,1,14.0,175.0,12.5,12.5
Mahewish Khan,2,14,16,1,7,1,0,14.0,87.5,43.75,6.25
S Samuels,6,14,53,4,44,1,0,3.5,26.42,83.02,1.89
A Mehmood,1,14,4,0,0,1,1,14.0,350.0,0.0,50.0
L Martin,4,14,38,3,27,0,0,4.67,36.84,71.05,0.0
Shunan Ali,2,14,27,0,17,0,0,14.0,51.85,62.96,0.0
VS Wategaonkar,1,14,14,1,3,1,0,14.0,100.0,21.43,7.14
Sinae Kim,3,14,48,3,40,2,0,4.67,29.17,83.33,4.17
V Tafea,4,14,23,2,15,1,0,7.0,60.87,65.22,4.35
LJ Woodcock,2,14,22,1,11,1,0,14.0,63.64,50.0,4.55
KB Ahir,6,14,17,0,11,1,1,14.0,82.35,64.71,11.76
M Stolt,5,14,35,4,22,0,0,3.5,40.0,62.86,0.0
AK Bangura,6,14,71,5,58,0,0,2.8,19.72,81.69,0.0
AJA Samuels,2,14,29,0,17,0,0,14.0,48.28,58.62,0.0
LS Barkania,4,14,25,1,12,0,0,14.0,56.0,48.0,0.0
P Agrawal,8,14,43,4,27,0,0,3.5,32.56,62.79,0.0
W Ofamoli,3,14,34,3,23,1,0,4.67,41.18,67.65,2.94
W Peatfield,4,14,12,2,4,2,0,7.0,116.67,33.33,16.67
M Cope,4,14,22,2,14,1,0,7.0,63.64,63.64,4.55
H Ivanov,3,14,18,3,11,2,0,4.67,77.78,61.11,11.11
Riya Sharma,9,14,33,5,23,1,0,2.8,42.42,69.7,3.03
H Upadhyay,5,14,35,5,22,0,0,2.8,40.0,62.86,0.0
T Martic,4,14,32,3,18,0,0,4.67,43.75,56.25,0.0
HHC Gunaratne,5,14,23,2,16,2,0,7.0,60.87,69.57,8.7
CM Rocca,1,14,19,1,11,2,0,14.0,73.68,57.89,10.53
T Sandaruwan,4,14,14,3,6,0,1,4.67,100.0,42.86,7.14
E Prokic,5,14,55,4,41,0,0,3.5,25.45,74.55,0.0
SEA Ruck,5,14,28,1,17,0,0,14.0,50.0,60.71,0.0
D Birrell,5,14,18,3,9,0,0,4.67,77.78,50.0,0.0
R Searle,1,14,15,1,7,0,1,14.0,93.33,46.67,6.67
S Yordanova,2,14,21,2,12,2,0,7.0,66.67,57.14,9.52
Hafsaa Abdhulla,6,14,37,5,32,3,0,2.8,37.84,86.49,8.11
AL Stephen,8,14,38,6,26,0,0,2.33,36.84,68.42,0.0
M Ochieng,5,14,14,4,8,1,1,3.5,100.0,57.14,14.29
T Langa,1,14,9,1,4,2,0,14.0,155.56,44.44,22.22
Riaz Afridi,2,14,14,2,8,1,1,7.0,100.0,57.14,14.29
KE Pike,1,14,36,2,31,3,0,7.0,38.89,86.11,8.33
IPP Batuwitarachchi,2,14,48,2,37,0,0,7.0,29.17,77.08,0.0
Syed Aqeel Israr,7,14,28,2,22,0,1,7.0,50.0,78.57,3.57
SR Rocket,8,14,42,7,34,2,0,2.0,33.33,80.95,4.76
A Kalasi,4,14,15,1,9,0,1,14.0,93.33,60.0,6.67
Z Akpinar,2,14,12,2,7,3,0,7.0,116.67,58.33,25.0
G Chapple,1,14,7,1,1,1,1,14.0,200.0,14.29,28.57
T Banda,4,14,57,4,49,2,0,3.5,24.56,85.96,3.51
RA Bhatti,3,14,15,3,5,1,0,4.67,93.33,33.33,6.67
I Muhawenimana,6,14,21,3,12,1,0,4.67,66.67,57.14,4.76
Mia Arda,5,14,37,4,27,1,0,3.5,37.84,72.97,2.7
K Christie,4,14,21,2,10,0,0,7.0,66.67,47.62,0.0
Zeel Patel,6,13,42,4,31,0,0,3.25,30.95,73.81,0.0
AEMP Durayalage,3,13,32,3,22,1,0,4.33,40.62,68.75,3.12
Mohammad Waheed,2,13,15,1,8,2,0,13.0,86.67,53.33,13.33
S Mannan,2,13,26,2,18,1,0,6.5,50.0,69.23,3.85
R Avery,6,13,26,6,17,1,0,2.17,50.0,65.38,3.85
Adnan Razzaq,3,13,7,0,2,1,1,13.0,185.71,28.57,28.57
DT Patil,2,13,13,1,5,1,0,13.0,100.0,38.46,7.69
JL Martel,1,13,6,0,1,1,1,13.0,216.67,16.67,33.33
KMA Aziz,5,13,46,6,40,2,0,2.17,28.26,86.96,4.35
AA Shafique,1,13,33,1,26,2,0,13.0,39.39,78.79,6.06
DR Shorey,2,13,17,2,9,0,1,6.5,76.47,52.94,5.88
RI Ahmed,1,13,16,1,7,0,0,13.0,81.25,43.75,0.0
M Malle,6,13,81,6,70,0,0,2.17,16.05,86.42,0.0
Ali Muaaz,4,13,27,4,19,1,0,3.25,48.15,70.37,3.7
H Eulenkamp,3,13,29,3,19,0,0,4.33,44.83,65.52,0.0
S Pokhriyal,1,13,22,1,14,1,0,13.0,59.09,63.64,4.55
Munim Shahriar,3,13,19,3,11,1,0,4.33,68.42,57.89,5.26
E Bogdanova,5,13,20,5,11,1,0,2.6,65.0,55.0,5.0
TK Canning,2,13,25,2,15,0,0,6.5,52.0,60.0,0.0
Ilyas Cetin,2,13,15,2,10,1,1,6.5,86.67,66.67,13.33
Rithika Sriram,4,13,44,2,34,0,0,6.5,29.55,77.27,0.0
Rithika Rajith,3,13,14,1,4,0,0,13.0,92.86,28.57,0.0
Rida Syeda,5,13,50,5,39,0,0,2.6,26.0,78.0,0.0
Xiuli Jin,3,13,32,3,22,0,0,4.33,40.62,68.75,0.0
Y Divekar,3,13,18,2,11,0,1,6.5,72.22,61.11,5.56
A Littlejohns,3,13,15,3,9,2,0,4.33,86.67,60.0,13.33
PKM Mahawattage,4,13,31,1,18,0,0,13.0,41.94,58.06,0.0
MD Rae,1,13,11,1,6,1,0,13.0,118.18,54.55,9.09
SD Bahadur,3,13,10,3,4,2,0,4.33,130.0,40.0,20.0
Chen Xinyu,3,13,28,2,17,0,0,6.5,46.43,60.71,0.0
D Bhaskara,5,13,53,4,43,1,0,3.25,24.53,81.13,1.89
M Montgomery,1,13,19,1,9,1,0,13.0,68.42,47.37,5.26
M Mokoatsela,7,13,36,7,28,2,0,1.86,36.11,77.78,5.56
Aminul Islam,3,13,23,1,11,0,0,13.0,56.52,47.83,0.0
Malyun Hassan,3,13,41,2,28,0,0,6.5,31.71,68.29,0.0
PT Collins,9,13,76,8,64,0,0,1.62,17.11,84.21,0.0
S Akiteng,10,13,25,5,16,1,0,2.6,52.0,64.0,4.0
KF Bakiweyem,3,13,27,2,13,0,0,6.5,48.15,48.15,0.0
R Rohmalia,1,13,15,1,6,1,0,13.0,86.67,40.0,6.67
D Jamyansuren,4,13,64,4,57,2,0,3.25,20.31,89.06,3.12
Adeel Raja,5,13,76,1,66,1,0,13.0,17.11,86.84,1.32
KV Mehta,4,13,28,4,22,2,0,3.25,46.43,78.57,7.14
D Wabwire,3,13,8,2,3,2,0,6.5,162.5,37.5,25.0
S Ramautar,4,13,41,2,31,1,0,6.5,31.71,75.61,2.44
S Sugaya-Slater,4,13,21,2,11,1,0,6.5,61.9,52.38,4.76
M Chabula,6,13,96,3,87,1,0,4.33,13.54,90.62,1.04
Usman Mushtaq,2,13,24,1,14,1,0,13.0,54.17,58.33,4.17
NK Ariani,6,13,29,5,21,1,0,2.6,44.83,72.41,3.45
Prajna Jagdeesha,6,13,25,4,16,1,0,3.25,52.0,64.0,4.0
MD Bates,1,13,10,1,7,1,1,13.0,130.0,70.0,20.0
SKR Mallidi,2,13,20,2,11,0,1,6.5,65.0,55.0,5.0
P Senjug,4,13,36,4,25,1,0,3.25,36.11,69.44,2.78
N Ihmeling,2,13,35,2,24,0,0,6.5,37.14,68.57,0.0
A Wright,9,13,34,5,24,0,0,2.6,38.24,70.59,0.0
Nishita Akter Nishi,5,13,20,2,11,1,0,6.5,65.0,55.0,5.0
II Mabunda,3,13,17,3,10,1,0,4.33,76.47,58.82,5.88
Arjun Tendulkar,1,13,9,1,2,0,1,13.0,144.44,22.22,11.11
SP Gauchan,5,13,43,3,32,0,0,4.33,30.23,74.42,0.0
Noah Mead,4,13,20,3,11,1,0,4.33,65.0,55.0,5.0
Maqsood Ahmad,1,13,19,1,10,1,0,13.0,68.42,52.63,5.26
Harsh Dubey,4,13,9,2,3,2,0,6.5,144.44,33.33,22.22
M Ortiz,3,13,57,3,43,1,0,4.33,22.81,75.44,1.75
Nazatul Hidayah Husna,3,13,29,2,22,2,0,6.5,44.83,75.86,6.9
MMA Jonkman,1,13,37,1,30,2,0,13.0,35.14,81.08,5.41
Reema Naseer,1,13,29,1,23,2,0,13.0,44.83,79.31,6.9
Anthony Roe,2,13,37,2,29,2,0,6.5,35.14,78.38,5.41
IS Mananelage,2,13,18,2,7,0,0,6.5,72.22,38.89,0.0
A Rangaswamy,5,13,16,5,9,0,1,2.6,81.25,56.25,6.25
Sukhdeep Singh,1,13,15,1,6,1,0,13.0,86.67,40.0,6.67
M Sheriff,5,13,18,4,10,1,0,3.25,72.22,55.56,5.56
Asad Ali,2,13,16,2,10,0,1,6.5,81.25,62.5,6.25
Syed Naqvi,5,13,26,4,15,0,0,3.25,50.0,57.69,0.0
P Pirabakaran,1,13,13,1,6,2,0,13.0,100.0,46.15,15.38
C Bwanali,9,13,63,7,52,0,0,1.86,20.63,82.54,0.0
A Prince,7,13,43,7,33,0,0,1.86,30.23,76.74,0.0
B Siddharth,9,13,29,6,21,1,0,2.17,44.83,72.41,3.45
Shakeel Zeb,1,13,10,1,4,2,0,13.0,130.0,40.0,20.0
A Razmilic,7,13,30,5,25,1,1,2.6,43.33,83.33,6.67
BG Lister,7,13,27,3,18,1,0,4.33,48.15,66.67,3.7
L Holmgaard,3,13,18,1,10,1,0,13.0,72.22,55.56,5.56
AK Peters,7,13,45,4,35,0,0,3.25,28.89,77.78,0.0
Muhammad Khan,3,13,22,3,18,1,1,4.33,59.09,81.82,9.09
Zaman Khan,10,13,30,3,25,1,1,4.33,43.33,83.33,6.67
ZJ van Vuuren,1,12,9,1,4,2,0,12.0,133.33,44.44,22.22
YB Rodriguez,2,12,19,2,12,2,0,6.0,63.16,63.16,10.53
Y Wangmo,3,12,12,1,4,0,0,12.0,100.0,33.33,0.0
JT Pooranakaran,6,12,42,3,30,0,0,4.0,28.57,71.43,0.0
Mrittunjoy Chowdhury,2,12,22,3,12,0,0,4.0,54.55,54.55,0.0
JMV Junior,2,12,13,1,7,0,1,12.0,92.31,53.85,7.69
AR Bawne,1,12,12,0,4,1,0,12.0,100.0,33.33,8.33
L Wesley,2,12,32,2,24,1,0,6.0,37.5,75.0,3.12
Abhilash Patil,1,12,28,1,17,0,0,12.0,42.86,60.71,0.0
NH Patel,1,12,6,0,0,1,0,12.0,200.0,0.0,16.67
M Holmes,3,12,23,1,12,0,0,12.0,52.17,52.17,0.0
Jason Lui,1,12,16,0,11,2,0,12.0,75.0,68.75,12.5
M Grzinic,3,12,19,4,10,0,0,3.0,63.16,52.63,0.0
M Gaur,5,12,13,3,5,0,0,4.0,92.31,38.46,0.0
AJ Ireland,7,12,64,6,55,1,0,2.0,18.75,85.94,1.56
Jai Prakash Yadav,4,12,26,2,17,0,0,6.0,46.15,65.38,0.0
JA Miranda,3,12,20,2,11,1,0,6.0,60.0,55.0,5.0
N Thekiso,6,12,44,7,33,0,0,1.71,27.27,75.0,0.0
AAhan Achar,5,12,15,1,7,1,0,12.0,80.0,46.67,6.67
M Commins,3,12,39,5,31,1,0,2.4,30.77,79.49,2.56
N Gallagher,2,12,22,1,14,1,0,12.0,54.55,63.64,4.55
AA Chavan,3,12,11,1,5,2,0,12.0,109.09,45.45,18.18
NT Pascal,2,12,28,3,24,2,0,4.0,42.86,85.71,7.14
TR Sadhu,6,12,36,5,26,0,0,2.4,33.33,72.22,0.0
Mohammad Ahsan,2,12,12,2,5,0,1,6.0,100.0,41.67,8.33
TW Hamid,1,12,5,0,0,2,0,12.0,240.0,0.0,40.0
Abul Farhad,5,12,25,3,16,1,0,4.0,48.0,64.0,4.0
K Upadhyay,2,12,9,0,3,0,1,12.0,133.33,33.33,11.11
TS Nethula,3,12,11,2,2,1,0,6.0,109.09,18.18,9.09
Merwais Shinwari,3,12,21,2,14,0,1,6.0,57.14,66.67,4.76
Santiago Iturbe,4,12,21,2,11,0,0,6.0,57.14,52.38,0.0
MA Algi,3,12,14,2,9,2,0,6.0,85.71,64.29,14.29
Elias Tilman,7,12,59,5,48,0,0,2.4,20.34,81.36,0.0
C Cirlig,3,12,35,3,26,1,0,4.0,34.29,74.29,2.86
Saee Parkhi,3,12,14,2,6,1,0,6.0,85.71,42.86,7.14
BO Shastri,3,12,25,4,16,0,0,3.0,48.0,64.0,0.0
M Vua,3,12,32,2,23,1,0,6.0,37.5,71.88,3.12
Sanjay Kumar Ahir,5,12,20,2,10,0,0,6.0,60.0,50.0,0.0
K Kartikeya,4,12,17,3,9,1,0,4.0,70.59,52.94,5.88
Sabir Ali,3,12,13,2,7,2,0,6.0,92.31,53.85,15.38
I Zigante,1,12,24,0,16,1,0,12.0,50.0,66.67,4.17
T Filer,4,12,17,4,9,1,0,3.0,70.59,52.94,5.88
F Clarke,4,12,25,3,20,0,1,4.0,48.0,80.0,4.0
O Keitsemang,8,12,40,6,33,1,0,2.0,30.0,82.5,2.5
Nurin Imanina,1,12,20,1,12,1,0,12.0,60.0,60.0,5.0
T Bukenya,1,12,9,0,3,0,1,12.0,133.33,33.33,11.11
Niaz Ali,2,12,12,2,8,1,1,6.0,100.0,66.67,16.67
RR Joshi,3,12,12,3,6,0,1,4.0,100.0,50.0,8.33
Naveed Shahid,1,12,7,0,2,2,0,12.0,171.43,28.57,28.57
T Vanuarua,2,12,12,2,8,1,1,6.0,100.0,66.67,16.67
M Mohasane,4,12,21,3,13,1,0,4.0,57.14,61.9,4.76
Nanthita Boonsukham,4,12,14,2,8,2,0,6.0,85.71,57.14,14.29
Ali Abbas,2,12,17,2,11,2,0,6.0,70.59,64.71,11.76
Alex Carthew,2,12,22,1,13,0,0,12.0,54.55,59.09,0.0
E Kusuda-Nairn,4,12,31,3,22,0,0,4.0,38.71,70.97,0.0
E Ungerman,7,12,23,2,18,2,0,6.0,52.17,78.26,8.7
DV Devjani Mutreja,7,12,29,5,18,0,0,2.4,41.38,62.07,0.0
Dayal Joy,3,12,13,3,8,0,1,4.0,92.31,61.54,7.69
R Minz,4,12,19,3,11,1,0,4.0,63.16,57.89,5.26
S Dhamala,1,12,38,1,28,0,0,12.0,31.58,73.68,0.0
S Daniel,1,12,28,1,20,1,0,12.0,42.86,71.43,3.57
Zinaida Jeremiah,2,12,24,1,16,1,0,12.0,50.0,66.67,4.17
Zaki Ul Hassan,3,12,10,1,3,1,0,12.0,120.0,30.0,10.0
Zahir Khan,3,12,9,1,4,2,0,12.0,133.33,44.44,22.22
JR Medianesta,7,12,43,3,31,0,0,4.0,27.91,72.09,0.0
Zou Kui,4,12,24,4,15,0,0,3.0,50.0,62.5,0.0
Rohit Limbu,1,12,25,1,18,1,0,12.0,48.0,72.0,4.0
R Achando,2,12,18,0,10,1,0,12.0,66.67,55.56,5.56
R Bowley,5,12,22,5,13,0,0,2.4,54.55,59.09,0.0
Mahnoor Akram,3,12,24,3,11,0,0,4.0,50.0,45.83,0.0
SA Akenji,5,12,34,4,26,1,0,3.0,35.29,76.47,2.94
Karanveer Singh,4,12,17,1,9,1,0,12.0,70.59,52.94,5.88
MH Sumra,1,12,91,2,86,2,0,6.0,13.19,94.51,2.2
S Vasilakis,4,12,20,2,12,1,0,6.0,60.0,60.0,5.0
EJ Richardson,1,12,18,1,13,2,0,12.0,66.67,72.22,11.11
KB Tember,3,12,26,3,19,0,1,4.0,46.15,73.08,3.85
RA Lister,4,12,62,3,51,0,0,4.0,19.35,82.26,0.0
D Demic,2,12,15,2,9,2,0,6.0,80.0,60.0,13.33
HA Daluwatta,5,12,16,3,12,1,1,4.0,75.0,75.0,12.5
Omar Hayat,3,12,8,3,2,1,0,4.0,150.0,25.0,12.5
P Danci,1,12,15,1,10,2,0,12.0,80.0,66.67,13.33
Raag Kapur,3,12,16,2,8,1,0,6.0,75.0,50.0,6.25
Asif Mehmood,1,12,9,1,3,0,1,12.0,133.33,33.33,11.11
O Essiz,4,12,24,4,17,1,0,3.0,50.0,70.83,4.17
O Stewart,3,12,9,3,5,1,1,4.0,133.33,55.56,22.22
G Urjindulam,10,12,67,8,59,1,0,1.5,17.91,88.06,1.49
DG Nalkande,2,12,12,2,5,0,1,6.0,100.0,41.67,8.33
GI Maiden,1,12,14,0,7,1,0,12.0,85.71,50.0,7.14
SF Nhavotso,3,12,26,3,17,0,0,4.0,46.15,65.38,0.0
CR Foggo,2,12,16,2,10,1,0,6.0,75.0,62.5,6.25
MCE Manalo,1,12,14,1,4,0,0,12.0,85.71,28.57,0.0
CR Knott,1,12,12,1,6,2,0,12.0,100.0,50.0,16.67
Hamza Niyaz,4,12,29,3,24,2,0,4.0,41.38,82.76,6.9
CJ Gannon,3,12,9,1,3,0,1,12.0,133.33,33.33,11.11
SDJJ Dima,5,12,37,5,27,0,0,2.4,32.43,72.97,0.0
LJ Burger,6,11,62,5,53,1,0,2.2,17.74,85.48,1.61
J Dowling,4,11,19,2,8,0,0,5.5,57.89,42.11,0.0
Tanveer Ahmed,4,11,20,0,13,1,0,11.0,55.0,65.0,5.0
J Lassayo,6,11,18,4,10,0,0,2.75,61.11,55.56,0.0
Abdullah Shahid,2,11,17,2,9,1,0,5.5,64.71,52.94,5.88
W Uisuk,4,11,40,4,33,1,0,2.75,27.5,82.5,2.5
RM West,5,11,14,3,7,1,0,3.67,78.57,50.0,7.14
Zay Hua Tan,6,11,39,6,29,0,0,1.83,28.21,74.36,0.0
RJG Palmer,3,11,23,0,13,0,0,11.0,47.83,56.52,0.0
Zahid Abbas,2,11,15,2,7,1,0,5.5,73.33,46.67,6.67
Zahid Shah,2,11,20,0,16,2,0,11.0,55.0,80.0,10.0
A Daxini,3,11,22,3,14,1,0,3.67,50.0,63.64,4.55
Moshiur Rahman,3,11,25,1,14,0,0,11.0,44.0,56.0,0.0
JM Mennie,3,11,28,4,24,2,0,2.75,39.29,85.71,7.14
A Joshi,2,11,33,2,18,0,0,5.5,33.33,54.55,0.0
Y Jasti,4,11,25,3,17,0,0,3.67,44.0,68.0,0.0
JJ Nyambo,6,11,29,3,18,0,0,3.67,37.93,62.07,0.0
A Mucyodusenge,3,11,24,3,18,1,0,3.67,45.83,75.0,4.17
MS Diawara,4,11,27,4,18,0,0,2.75,40.74,66.67,0.0
Mohammed Awais,3,11,16,3,8,1,0,3.67,68.75,50.0,6.25
N Asuramanage,5,11,29,3,22,1,0,3.67,37.93,75.86,3.45
A Nimaga,3,11,13,2,7,1,0,5.5,84.62,53.85,7.69
A Soni,1,11,14,0,4,0,0,11.0,78.57,28.57,0.0
J Erdenesuvd,8,11,99,7,88,0,0,1.57,11.11,88.89,0.0
J Buchanan,2,11,16,2,8,0,0,5.5,68.75,50.0,0.0
Kelly Ndiraya,2,11,25,2,21,2,0,5.5,44.0,84.0,8.0
BG Armstrong,1,11,10,1,3,1,0,11.0,110.0,30.0,10.0
BJ Bess,1,11,12,1,9,1,1,11.0,91.67,75.0,16.67
L Berthe,7,11,24,7,17,1,0,1.57,45.83,70.83,4.17
Mazhar Khan,4,11,28,3,20,1,0,3.67,39.29,71.43,3.57
Sara Vivek,2,11,28,2,21,1,0,5.5,39.29,75.0,3.57
Asif Shaikh,4,11,13,2,8,0,1,5.5,84.62,61.54,7.69
IK Cheema,1,11,13,1,5,1,0,11.0,84.62,38.46,7.69
Sohel Ebrahim Desai,5,11,18,4,9,0,0,2.75,61.11,50.0,0.0
Assad Borham,3,11,19,2,11,1,0,5.5,57.89,57.89,5.26
Rabia Sahan,4,11,41,2,32,0,0,5.5,26.83,78.05,0.0
Owais Ahmed,3,11,11,0,6,2,0,11.0,100.0,54.55,18.18
Najwa Akram,7,11,61,6,51,0,0,1.83,18.03,83.61,0.0
Ahsan Khan,3,11,9,1,2,1,0,11.0,122.22,22.22,11.11
Ananya Sarma,9,11,73,8,65,1,0,1.38,15.07,89.04,1.37
Amit Uniyal,2,11,26,2,19,0,0,5.5,42.31,73.08,0.0
RG Hart,1,11,39,1,32,1,0,11.0,28.21,82.05,2.56
Iqra Ishaq,3,11,44,2,34,0,0,5.5,25.0,77.27,0.0
Ali Ivan,1,11,39,1,30,0,0,11.0,28.21,76.92,0.0
TJ Draca,3,11,14,2,6,1,0,5.5,78.57,42.86,7.14
T Henderson,3,11,18,2,12,0,1,5.5,61.11,66.67,5.56
T Kohli,3,11,19,3,13,0,1,3.67,57.89,68.42,5.26
T Abdulquadri,2,11,14,2,10,2,0,5.5,78.57,71.43,14.29
Arif Yaqoob,3,11,9,0,3,0,1,11.0,122.22,33.33,11.11
Syed Tameem,1,11,22,0,12,0,0,11.0,50.0,54.55,0.0
Arslan Ahmed,2,11,29,2,23,1,0,5.5,37.93,79.31,3.45
RT Rubbi,2,11,28,2,17,0,0,5.5,39.29,60.71,0.0
L Mating,3,11,26,2,15,0,0,5.5,42.31,57.69,0.0
Syed Amanullah,1,11,13,0,7,0,1,11.0,84.62,53.85,7.69
Su Jin Kim,3,11,33,3,25,1,0,3.67,33.33,75.76,3.03
Akshat Raghuwanshi,1,11,7,1,2,0,1,11.0,157.14,28.57,14.29
C Milner,1,11,26,1,18,0,0,11.0,42.31,69.23,0.0
SV Bahutule,1,11,13,1,5,1,0,11.0,84.62,38.46,7.69
RD Atangana,7,11,36,4,27,0,0,2.75,30.56,75.0,0.0
Phoup Srey Pheak,7,11,54,7,46,1,0,1.57,20.37,85.19,1.85
GS Dinusha,1,11,16,1,10,1,0,11.0,68.75,62.5,6.25
S Pillay,1,11,10,1,5,2,0,11.0,110.0,50.0,20.0
DD Kasat,4,11,25,4,17,1,0,2.75,44.0,68.0,4.0
CG Osborne,2,11,25,1,15,0,0,11.0,44.0,60.0,0.0
PJK Mooney,2,11,8,1,1,1,0,11.0,137.5,12.5,12.5
SF Burger,2,11,20,2,13,1,0,5.5,55.0,65.0,5.0
SK Naidu,2,11,30,2,20,0,0,5.5,36.67,66.67,0.0
RA Tappin,4,11,47,4,38,0,0,2.75,23.4,80.85,0.0
Prachi Kumari,8,11,30,3,20,0,0,3.67,36.67,66.67,0.0
S Tuhadeleni,5,11,26,1,17,0,0,11.0,42.31,65.38,0.0
R Adotei,2,11,10,2,3,1,0,5.5,110.0,30.0,10.0
R Khasana,4,11,27,3,19,1,0,3.67,40.74,70.37,3.7
GI Gokoel,3,11,27,2,19,1,0,5.5,40.74,70.37,3.7
Dilini Ishara,4,11,37,3,27,1,0,3.67,29.73,72.97,2.7
GA Stuurman,1,11,31,2,26,2,0,5.5,35.48,83.87,6.45
MJ Mindley,1,11,37,1,34,1,1,11.0,29.73,91.89,5.41
R Chaudhary,9,11,45,4,35,0,0,2.75,24.44,77.78,0.0
Mabsar Abdulla,1,11,21,1,13,0,0,11.0,52.38,61.9,0.0
S Linden,2,11,17,2,8,0,0,5.5,64.71,47.06,0.0
R Dhakal,4,11,12,2,4,0,0,5.5,91.67,33.33,0.0
KK Ahmed,10,11,27,7,19,1,0,1.57,40.74,70.37,3.7
G Morales,2,11,38,2,21,1,0,5.5,28.95,55.26,2.63
S Chophel,4,11,18,2,9,0,0,5.5,61.11,50.0,0.0
A Bulow,1,11,13,1,7,0,1,11.0,84.62,53.85,7.69
A Bose,5,11,39,4,31,1,0,2.75,28.21,79.49,2.56
A Bishnoi,8,11,21,4,11,0,0,2.75,52.38,52.38,0.0
A Awasthi,5,11,50,4,40,0,0,2.75,22.0,80.0,0.0
BAA Zammitt,3,10,25,3,16,0,0,3.33,40.0,64.0,0.0
I Katzarski,4,10,25,2,15,0,0,5.0,40.0,60.0,0.0
P Bhandari,6,10,45,6,34,0,0,1.67,22.22,75.56,0.0
G Ford,3,10,25,2,18,1,0,5.0,40.0,72.0,4.0
G Fernando,5,10,60,4,50,0,0,2.5,16.67,83.33,0.0
G Cupido,3,10,11,2,7,0,1,5.0,90.91,63.64,9.09
Nawaf Ahmed,3,10,9,1,7,1,1,10.0,111.11,77.78,22.22
MS Kanchingwe,1,10,19,1,12,1,0,10.0,52.63,63.16,5.26
Anwar Rahman,8,10,25,4,15,0,0,2.5,40.0,60.0,0.0
MA Aponso,8,10,47,4,39,0,0,2.5,21.28,82.98,0.0
B Pondani,7,10,19,2,10,0,0,5.0,52.63,52.63,0.0
B Casson,1,10,44,1,38,1,0,10.0,22.73,86.36,2.27
K Babu,6,10,23,2,13,0,0,5.0,43.48,56.52,0.0
B Ercegovcevic,3,10,9,2,5,2,0,5.0,111.11,55.56,22.22
Roopa Nagraj,2,10,18,2,12,1,0,5.0,55.56,66.67,5.56
K Boniface,3,10,20,1,12,0,0,10.0,50.0,60.0,0.0
JN Hamilton,2,10,77,3,69,0,0,3.33,12.99,89.61,0.0
L Basson,1,10,15,0,8,1,0,10.0,66.67,53.33,6.67
Sameen Gul,3,10,17,0,11,1,0,10.0,58.82,64.71,5.88
Salman Nazar,1,10,9,1,3,1,0,10.0,111.11,33.33,11.11
Salman Fayyaz,2,10,6,1,1,0,1,10.0,166.67,16.67,16.67
B Geeves,1,10,11,0,6,1,0,10.0,90.91,54.55,9.09
R Ova,7,10,17,6,11,0,0,1.67,58.82,64.71,0.0
BB Sran,7,10,14,1,5,0,0,10.0,71.43,35.71,0.0
Asma Shifa,7,10,40,6,31,0,0,1.67,25.0,77.5,0.0
Shujaat Rasool,1,10,10,1,6,2,0,10.0,100.0,60.0,20.0
JM Davies,4,10,44,3,35,0,0,3.33,22.73,79.55,0.0
Milad Momend,8,10,36,5,29,1,0,2.0,27.78,80.56,2.78
G Kaltongga,2,10,12,2,7,1,0,5.0,83.33,58.33,8.33
P Raho,2,10,6,0,2,0,1,10.0,166.67,33.33,16.67
Surya Tamang,1,10,32,0,23,0,0,10.0,31.25,71.88,0.0
K Damane,1,10,15,1,11,2,0,10.0,66.67,73.33,13.33
Ashar Abbas,3,10,16,2,9,0,0,5.0,62.5,56.25,0.0
Ashish Bam,3,10,7,1,2,1,0,10.0,142.86,28.57,14.29
SW Currie,2,10,18,2,13,1,0,5.0,55.56,72.22,5.56
Hor Siv na,7,10,52,6,43,0,0,1.67,19.23,82.69,0.0
M Ribeiro,8,10,48,7,40,0,0,1.43,20.83,83.33,0.0
Simarjeet Singh,6,10,15,3,7,0,0,3.33,66.67,46.67,0.0
T Muzarabani,7,10,34,3,27,1,0,3.33,29.41,79.41,2.94
LJ Leokaoke,3,10,30,3,22,0,0,3.33,33.33,73.33,0.0
M Hayward,1,10,18,1,15,2,0,10.0,55.56,83.33,11.11
Priya Mishra,8,10,44,3,35,0,0,3.33,22.73,79.55,0.0
PUKK Arachchige,3,10,24,3,15,0,0,3.33,41.67,62.5,0.0
RO Hussain,1,10,20,0,14,1,0,10.0,50.0,70.0,5.0
RH Candy,3,10,13,1,5,0,0,10.0,76.92,38.46,0.0
Acrey Hugo,2,10,12,0,6,1,0,10.0,83.33,50.0,8.33
H Beresford-Peirse,2,10,13,2,5,0,0,5.0,76.92,38.46,0.0
M Jevdjenovic,2,10,20,2,12,0,0,5.0,50.0,60.0,0.0
S Srikanth,1,10,6,1,2,2,0,10.0,166.67,33.33,33.33
Pooja Kumari,2,10,35,2,27,1,0,5.0,28.57,77.14,2.86
X Thalaivan Sargunam,1,10,17,1,9,0,0,10.0,58.82,52.94,0.0
J Hansrod,3,10,25,3,18,1,0,3.33,40.0,72.0,4.0
J Ghelzai,3,10,9,3,6,0,1,3.33,111.11,66.67,11.11
S Gantulga,6,10,52,6,45,1,0,1.67,19.23,86.54,1.92
PLS Gamage,10,10,126,6,117,0,0,1.67,7.94,92.86,0.0
Ali Rasool,3,10,21,2,12,0,0,5.0,47.62,57.14,0.0
MCR Mohedano,2,10,41,2,26,1,0,5.0,24.39,63.41,2.44
T Yotharat,3,10,24,0,16,0,0,10.0,41.67,66.67,0.0
SHA Rance,3,10,21,3,14,0,0,3.33,47.62,66.67,0.0
A Martin,5,10,29,1,19,0,0,10.0,34.48,65.52,0.0
TJ Moores,2,10,21,2,14,0,0,5.0,47.62,66.67,0.0
Ali Hasan,4,10,15,4,10,0,1,2.5,66.67,66.67,6.67
Haliam Kwon,4,10,29,3,20,0,0,3.33,34.48,68.97,0.0
SL Perera,2,10,23,2,15,0,0,5.0,43.48,65.22,0.0
T Wuatai,4,10,29,2,23,1,0,5.0,34.48,79.31,3.45
F Bulpitt,2,10,22,2,13,0,0,5.0,45.45,59.09,0.0
Junaid Siddique (2),9,10,35,5,25,0,0,2.0,28.57,71.43,0.0
Krish Bhagat,2,10,21,1,12,0,0,10.0,47.62,57.14,0.0
MA Tsemane,10,10,57,7,46,0,0,1.43,17.54,80.7,0.0
T Piakura,1,10,10,1,6,2,0,10.0,100.0,60.0,20.0
V Volfova,4,10,29,3,23,1,0,3.33,34.48,79.31,3.45
Rajkumar Rajendran,2,10,17,2,13,0,1,5.0,58.82,76.47,5.88
VG Arora,11,10,27,4,18,0,0,2.5,37.04,66.67,0.0
J Shaju,7,10,29,4,20,0,0,2.5,34.48,68.97,0.0
VL Mukesh,4,10,16,4,13,0,1,2.5,62.5,81.25,6.25
S Murari,7,10,17,5,12,0,1,2.0,58.82,70.59,5.88
Vaishnavi Sharma,1,10,5,0,2,2,0,10.0,200.0,40.0,40.0
N Nojic,6,10,24,5,15,1,0,2.0,41.67,62.5,4.17
DKJ Claude,5,10,32,6,26,1,0,1.67,31.25,81.25,3.12
ACL Richards,1,10,15,1,9,1,0,10.0,66.67,60.0,6.67
Vraj Patel,6,10,16,2,9,0,0,5.0,62.5,56.25,0.0
JC Price,2,10,28,3,24,1,0,3.33,35.71,85.71,3.57
R Cunningham,2,10,13,0,6,0,0,10.0,76.92,46.15,0.0
DM Braat,3,10,33,2,26,1,0,5.0,30.3,78.79,3.03
JE Pitcher,3,10,19,0,10,0,0,10.0,52.63,52.63,0.0
LK Sharma,1,10,14,1,10,2,0,10.0,71.43,71.43,14.29
RK Bhui,4,10,26,4,18,0,0,2.5,38.46,69.23,0.0
A Ashok,1,10,12,1,9,2,0,10.0,83.33,75.0,16.67
D du Preez,1,10,13,1,5,0,0,10.0,76.92,38.46,0.0
MI Shakim,3,10,6,2,3,2,0,5.0,166.67,50.0,33.33
AG Murtaza,3,10,14,1,7,1,0,10.0,71.43,50.0,7.14
A Sathyan,2,10,15,0,9,1,0,10.0,66.67,60.0,6.67
V Mwansa,4,10,96,3,87,0,0,3.33,10.42,90.62,0.0
KN Singh,1,10,10,0,2,0,0,10.0,100.0,20.0,0.0
D Traore,2,10,21,3,15,1,0,3.33,47.62,71.43,4.76
S Iushchenko,3,10,39,2,32,1,0,5.0,25.64,82.05,2.56
J Pakeman,2,10,24,2,17,1,0,5.0,41.67,70.83,4.17
S Rossi,5,10,16,5,9,0,0,2.0,62.5,56.25,0.0
Uzair Amir,2,10,14,2,4,0,0,5.0,71.43,28.57,0.0
KTH Ratnayake,2,10,27,2,23,0,1,5.0,37.04,85.19,3.7
Zahid Hussain,3,10,32,1,25,1,0,10.0,31.25,78.12,3.12
Lee Kangmin,3,9,12,1,6,1,0,9.0,75.0,50.0,8.33
S Banamali,2,9,15,1,8,0,0,9.0,60.0,53.33,0.0
Yadwinder Singh,1,9,13,0,8,1,0,9.0,69.23,61.54,7.69
Iftikhar Kankhel,4,9,13,2,8,1,0,4.5,69.23,61.54,7.69
Anam Mollik,1,9,10,2,4,1,0,4.5,90.0,40.0,10.0
C Mangulama,5,9,28,5,19,0,0,1.8,32.14,67.86,0.0
C Pavely,2,9,8,2,3,1,0,4.5,112.5,37.5,12.5
Ibrahim Kursad Dalyan,3,9,14,1,8,1,0,9.0,64.29,57.14,7.14
SR Giri,1,9,8,1,3,1,0,9.0,112.5,37.5,12.5
ST Eyyunni,3,9,25,1,18,0,0,9.0,36.0,72.0,0.0
L Anyait,8,9,19,3,13,0,0,3.0,47.37,68.42,0.0
T Amresh,2,9,9,2,6,0,1,4.5,100.0,66.67,11.11
Humayun Kabir,2,9,16,2,9,0,0,4.5,56.25,56.25,0.0
Suabika Manivannan,4,9,24,2,17,0,0,4.5,37.5,70.83,0.0
Babar Ali,3,9,19,3,11,0,0,3.0,47.37,57.89,0.0
Bhargav Narasimha,2,9,17,2,8,0,0,4.5,52.94,47.06,0.0
Safvan Patel,1,9,12,1,4,0,0,9.0,75.0,33.33,0.0
E Miller,1,9,6,1,3,2,0,9.0,150.0,50.0,33.33
Aziz Sualley,5,9,17,3,11,1,0,3.0,52.94,64.71,5.88
L Klokgieters,2,9,17,2,11,1,0,4.5,52.94,64.71,5.88
Shivani Sati,5,9,30,4,22,0,0,2.25,30.0,73.33,0.0
Ouen Sophy,4,9,69,4,63,1,0,2.25,13.04,91.3,1.45
Sanjay Kumar,2,9,7,1,1,1,0,9.0,128.57,14.29,14.29
Sangita Rai,3,9,37,3,28,0,0,3.0,24.32,75.68,0.0
B Laughlin,6,9,24,2,17,0,0,4.5,37.5,70.83,0.0
BJ Davidson,3,9,21,3,13,1,0,3.0,42.86,61.9,4.76
O Shields,2,9,13,3,10,2,0,3.0,69.23,76.92,15.38
KK Tillett,2,9,19,2,14,1,0,4.5,47.37,73.68,5.26
Lovepreet Singh,2,9,25,2,20,1,0,4.5,36.0,80.0,4.0
RW Hartley,3,9,21,1,13,0,0,9.0,42.86,61.9,0.0
I Edwards,5,9,30,2,22,0,0,4.5,30.0,73.33,0.0
JQK Moala,4,9,21,4,12,0,0,2.25,42.86,57.14,0.0
SM Harwood,3,9,18,1,11,0,0,9.0,50.0,61.11,0.0
J Nyirankundineza,5,9,15,2,10,1,0,4.5,60.0,66.67,6.67
AR Perez Rivero,1,9,10,1,3,0,0,9.0,90.0,30.0,0.0
ATS Silva,4,9,23,2,14,0,0,4.5,39.13,60.87,0.0
S Varathappan,1,9,10,1,7,2,0,9.0,90.0,70.0,20.0
D Hardware,2,9,24,1,17,0,0,9.0,37.5,70.83,0.0
Tenzin Wangchuk jnr,2,9,17,2,14,2,0,4.5,52.94,82.35,11.76
H Isorena,2,9,21,3,16,1,0,3.0,42.86,76.19,4.76
TN Pathan,1,9,11,1,5,1,0,9.0,81.82,45.45,9.09
H Sawaneh,3,9,14,2,8,1,0,4.5,64.29,57.14,7.14
Ahmed Safi Abdullah,2,9,13,0,8,1,0,9.0,69.23,61.54,7.69
H Shah,2,9,25,2,19,1,0,4.5,36.0,76.0,4.0
J Hull,1,9,16,1,13,0,1,9.0,56.25,81.25,6.25
Rashid Zia,2,9,57,2,54,2,0,4.5,15.79,94.74,3.51
Ravinder Singh,1,9,19,1,11,0,0,9.0,47.37,57.89,0.0
A Munisar,6,9,52,4,47,1,0,2.25,17.31,90.38,1.92
A Meyenborg,5,9,38,1,29,0,0,9.0,23.68,76.32,0.0
F Kasteni,2,9,24,2,18,0,0,4.5,37.5,75.0,0.0
TNM Soleh,1,9,21,1,12,0,0,9.0,42.86,57.14,0.0
Mohammad Abrar,2,9,16,1,10,1,0,9.0,56.25,62.5,6.25
CE Taylor,1,9,33,0,28,1,0,9.0,27.27,84.85,3.03
SMK Waththage,3,9,16,1,9,0,0,9.0,56.25,56.25,0.0
Mariam Hasan,2,9,12,2,5,0,0,4.5,75.0,41.67,0.0
A Kapoor,1,9,4,0,0,1,0,9.0,225.0,0.0,25.0
CJ Ana,3,9,23,3,16,1,0,3.0,39.13,69.57,4.35
HR Johnson,2,9,20,1,14,0,0,9.0,45.0,70.0,0.0
Itibarshah Deedar,2,9,11,0,6,1,0,9.0,81.82,54.55,9.09
Ali Majid,1,9,8,0,5,2,0,9.0,112.5,62.5,25.0
HL Ferling,6,9,25,3,19,1,0,3.0,36.0,76.0,4.0
SG Diaby,3,9,15,2,8,0,0,4.5,60.0,53.33,0.0
SJ Cameron,2,9,13,1,6,0,0,9.0,69.23,46.15,0.0
Nabi Gul,1,9,12,1,4,0,0,9.0,75.0,33.33,0.0
YM Nkanya,12,9,32,6,24,0,0,1.5,28.12,75.0,0.0
Amaya Rajapaksha,3,9,21,2,15,1,0,4.5,42.86,71.43,4.76
CJ Dias,6,9,23,2,17,1,0,4.5,39.13,73.91,4.35
M Enkhzul,8,9,33,5,25,0,0,1.8,27.27,75.76,0.0
S Ishaque,4,9,16,4,10,1,0,2.25,56.25,62.5,6.25
K Lake,1,9,8,1,2,0,0,9.0,112.5,25.0,0.0
Faisal Athar,1,9,38,1,30,1,0,9.0,23.68,78.95,2.63
FC Muniz,3,9,26,3,18,0,0,3.0,34.62,69.23,0.0
FDM Devonshire,1,9,6,1,1,1,0,9.0,150.0,16.67,16.67
RJ Campbell,2,9,23,2,17,1,0,4.5,39.13,73.91,4.35
Faisal Akram,3,9,10,1,5,1,0,9.0,90.0,50.0,10.0
V Khanduri,3,9,20,2,14,0,0,4.5,45.0,70.0,0.0
Purvi Kumari,2,9,25,0,20,0,0,9.0,36.0,80.0,0.0
Mohammad Mohsin,4,9,17,3,11,1,0,3.0,52.94,64.71,5.88
S Rukmal,5,9,20,2,17,2,0,4.5,45.0,85.0,10.0
KN Peiris,2,9,40,3,34,1,0,3.0,22.5,85.0,2.5
A Poulose,3,9,14,3,11,2,0,3.0,64.29,78.57,14.29
Qadeer Ahmed,7,9,23,1,16,1,0,9.0,39.13,69.57,4.35
AN Hyobeom,3,9,17,3,12,1,0,3.0,52.94,70.59,5.88
KL George,2,9,21,2,15,1,0,4.5,42.86,71.43,4.76
NA Janes,2,9,11,2,5,1,0,4.5,81.82,45.45,9.09
N Toleva,9,9,82,6,72,0,0,1.5,10.98,87.8,0.0
GY Prastama,3,9,13,1,6,0,0,9.0,69.23,46.15,0.0
N Mamba,9,9,37,9,30,0,0,1.0,24.32,81.08,0.0
RAJ Smith,1,9,7,0,3,1,0,9.0,128.57,42.86,14.29
S Kakai,3,9,15,3,10,1,0,3.0,60.0,66.67,6.67
A Tomar,3,9,19,3,14,1,0,3.0,47.37,73.68,5.26
AA Noffke,1,9,10,1,4,1,0,9.0,90.0,40.0,10.0
WKD Perkins,1,9,11,1,5,1,0,9.0,81.82,45.45,9.09
Zuhair Muhammad,3,9,26,2,17,0,0,4.5,34.62,65.38,0.0
N Jagadish,4,9,28,1,21,1,0,9.0,32.14,75.0,3.57
N Kakor,4,9,11,1,5,1,0,9.0,81.82,45.45,9.09
R Smith,6,9,37,4,31,0,0,2.25,24.32,83.78,0.0
A Ahmadhel,4,8,24,5,20,1,0,1.6,33.33,83.33,4.17
Nimra Ghazanfar,5,8,31,5,22,0,0,1.6,25.81,70.97,0.0
Nilusha Waruwangodage,2,8,14,1,9,1,0,8.0,57.14,64.29,7.14
MS Kashyap,1,8,15,1,11,1,0,8.0,53.33,73.33,6.67
Ibrar Ahmad,2,8,6,2,4,2,0,4.0,133.33,66.67,33.33
T Dlamini,11,8,85,10,75,0,0,0.8,9.41,88.24,0.0
Nurilyaa Natasya,3,8,22,2,15,0,0,4.0,36.36,68.18,0.0
JB Richards,2,8,15,0,8,0,0,8.0,53.33,53.33,0.0
W Viraliliu,3,8,10,2,4,0,0,4.0,80.0,40.0,0.0
Rafiulah Alokozai,3,8,11,3,8,0,1,2.67,72.73,72.73,9.09
Nonoha Yasumoto,4,8,24,3,20,1,0,2.67,33.33,83.33,4.17
T Mayes,1,8,5,0,1,1,0,8.0,160.0,20.0,20.0
Nazwan Ismail,5,8,20,1,13,0,0,8.0,40.0,65.0,0.0
Hazrat Luqman,1,8,6,1,0,0,0,8.0,133.33,0.0,0.0
SR McAnanama-Brereton,3,8,24,1,16,0,0,8.0,33.33,66.67,0.0
LK Bennett,3,8,12,1,8,1,0,8.0,66.67,66.67,8.33
T Shanmugam,1,8,10,0,5,0,0,8.0,80.0,50.0,0.0
T Sangha,4,8,24,1,17,0,0,8.0,33.33,70.83,0.0
T Ritawa,3,8,10,3,5,1,0,2.67,80.0,50.0,10.0
A Tripathi,3,8,25,3,20,1,0,2.67,32.0,80.0,4.0
AB Mengoumou,4,8,34,4,27,0,0,2.0,23.53,79.41,0.0
R Edwards,3,8,21,2,13,0,0,4.0,38.1,61.9,0.0
GM Muthui,3,8,13,1,7,0,0,8.0,61.54,53.85,0.0
AB Martinez,3,8,59,2,51,1,0,4.0,13.56,86.44,1.69
MJ Tumukunde,3,8,12,2,5,0,0,4.0,66.67,41.67,0.0
KR Jha,5,8,30,5,22,0,0,1.6,26.67,73.33,0.0
P Rawat,1,8,4,0,2,2,0,8.0,200.0,50.0,50.0
Kristan Tillett,3,8,19,2,12,0,0,4.0,42.11,63.16,0.0
E Isaneez,2,8,13,0,5,0,0,8.0,61.54,38.46,0.0
T Tumursukh,8,8,37,6,31,0,0,1.33,21.62,83.78,0.0
CA Reid,2,8,17,2,13,1,0,4.0,47.06,76.47,5.88
SM Arooja,2,8,21,2,13,0,0,4.0,38.1,61.9,0.0
K Dasan,3,8,13,3,6,0,0,2.67,61.54,46.15,0.0
M Mohapi,1,8,8,1,3,0,0,8.0,100.0,37.5,0.0
M Modric,3,8,22,2,17,1,0,4.0,36.36,77.27,4.55
K McKenna,2,8,26,2,19,0,0,4.0,30.77,73.08,0.0
OF Rios,3,8,33,3,21,0,0,2.67,24.24,63.64,0.0
Shahzaib Khan,3,8,14,3,9,1,0,2.67,57.14,64.29,7.14
S Kalavitigoda,1,8,54,2,50,1,0,4.0,14.81,92.59,1.85
MC Alex,5,8,25,4,20,1,0,2.0,32.0,80.0,4.0
SJS Smith,1,8,11,0,6,1,0,8.0,72.73,54.55,9.09
L Ufitinema,1,8,15,0,11,1,0,8.0,53.33,73.33,6.67
E Brelivet,7,8,54,8,45,0,0,1.0,14.81,83.33,0.0
E Bhonkar,3,8,16,3,8,0,0,2.67,50.0,50.0,0.0
Xie Kunkun,4,8,36,4,30,0,0,2.0,22.22,83.33,0.0
J Batinibulu,3,8,18,3,10,0,0,2.67,44.44,55.56,0.0
Manjural Islam,5,8,31,4,27,0,0,2.0,25.81,87.1,0.0
Malyun Yusuf,2,8,8,1,4,1,0,8.0,100.0,50.0,12.5
PN Agarwal,5,8,25,3,19,0,0,2.67,32.0,76.0,0.0
TM Srivastava,3,8,11,1,5,0,0,8.0,72.73,45.45,0.0
TM Faimalo,3,8,33,1,24,0,0,8.0,24.24,72.73,0.0
Akash Madhwal,2,8,14,0,7,0,0,8.0,57.14,50.0,0.0
R Ntozakhe,7,8,30,4,23,0,0,2.0,26.67,76.67,0.0
R Avdylaj,5,8,56,4,48,0,0,2.0,14.29,85.71,0.0
ADJ Pitcher,1,8,12,1,10,0,1,8.0,66.67,83.33,8.33
RO Hurley,2,8,17,2,10,0,0,4.0,47.06,58.82,0.0
Charanjeet Singh,1,8,9,0,4,1,0,8.0,88.89,44.44,11.11
Sunil,1,8,9,0,4,1,0,8.0,88.89,44.44,11.11
Ashar Zaidi,2,8,16,1,8,0,0,8.0,50.0,50.0,0.0
Asif Iqbal (1),1,8,8,1,6,2,0,8.0,100.0,75.0,25.0
RH Scholte,2,8,31,2,22,0,0,4.0,25.81,70.97,0.0
Abhilasha Singh,2,8,21,2,17,1,0,4.0,38.1,80.95,4.76
K Jack,2,8,13,2,7,0,0,4.0,61.54,53.85,0.0
Baz Aybui,3,8,24,1,18,0,0,8.0,33.33,75.0,0.0
Sneha Shankar,1,8,11,1,6,1,0,8.0,72.73,54.55,9.09
Simranjit Singh,1,8,9,1,3,0,0,8.0,88.89,33.33,0.0
SB Harper,1,8,7,1,2,1,0,8.0,114.29,28.57,14.29
SA Nono,6,8,37,4,31,0,0,2.0,21.62,83.78,0.0
Abdulla Bhoola,3,8,15,2,10,1,0,4.0,53.33,66.67,6.67
A Gunasekar,3,8,40,2,36,1,0,4.0,20.0,90.0,2.5
Ronitkumar Ahir,2,8,10,1,3,0,0,8.0,80.0,30.0,0.0
K Kekez,3,8,19,2,14,1,0,4.0,42.11,73.68,5.26
Tayyeb Javed,1,8,5,1,3,2,0,8.0,160.0,60.0,40.0
Abdul Salman Khan,2,8,11,1,6,1,0,8.0,72.73,54.55,9.09
Karan Singh,2,8,10,2,5,1,0,4.0,80.0,50.0,10.0
S Weleilakeba,1,8,3,1,1,0,1,8.0,266.67,33.33,33.33
U Sofi,1,8,6,1,3,0,1,8.0,133.33,50.0,16.67
BP Kruger,1,8,12,1,7,1,0,8.0,66.67,58.33,8.33
Kuldeep Singh,3,8,16,3,8,0,0,2.67,50.0,50.0,0.0
JPR Scantlebury-Searles,2,8,6,1,3,0,1,8.0,133.33,50.0,16.67
KH Butt,2,8,28,2,21,0,0,4.0,28.57,75.0,0.0
KJ Patel,3,8,29,0,24,1,0,8.0,27.59,82.76,3.45
KL Britt,1,8,65,2,61,0,0,4.0,12.31,93.85,0.0
AISD Kainoco,4,8,15,3,9,1,0,2.67,53.33,60.0,6.67
M Joseph,1,8,7,1,2,1,0,8.0,114.29,28.57,14.29
S Vaz,2,8,11,1,4,0,0,8.0,72.73,36.36,0.0
NJ Coffey,1,8,18,1,14,1,0,8.0,44.44,77.78,5.56
Fakhrul Mohon,2,8,9,2,6,0,1,4.0,88.89,66.67,11.11
S Simpson,1,8,9,0,4,1,0,8.0,88.89,44.44,11.11
H Dhaliwal,5,8,38,5,30,0,0,1.6,21.05,78.95,0.0
NCK Liyanage,2,8,8,1,3,1,0,8.0,100.0,37.5,12.5
Ruba Rashid,5,8,46,4,41,1,0,2.0,17.39,89.13,2.17
Azim Patel,2,8,13,2,9,1,0,4.0,61.54,69.23,7.69
James Bracey,2,8,27,3,23,1,0,2.67,29.63,85.19,3.7
A Dhingra,5,8,8,2,3,1,0,4.0,100.0,37.5,12.5
A Das,7,8,25,4,18,0,0,2.0,32.0,72.0,0.0
ZE Matsinhe,3,8,18,2,12,0,0,4.0,44.44,66.67,0.0
P Chopra,1,8,6,1,4,2,0,8.0,133.33,66.67,33.33
I Mansaray,3,8,24,2,16,0,0,4.0,33.33,66.67,0.0
Rizwan Mehmood,1,8,15,1,7,0,0,8.0,53.33,46.67,0.0
RK Kiseto,4,8,21,4,14,0,0,2.0,38.1,66.67,0.0
Zahid Zadran,3,8,11,3,6,0,0,2.67,72.73,54.55,0.0
A Bhargava,2,7,6,1,2,1,0,7.0,116.67,33.33,16.67
M Badenhorst,3,7,19,2,12,0,0,3.5,36.84,63.16,0.0
DM Washington,1,7,25,0,21,1,0,7.0,28.0,84.0,4.0
WCA Ganegama,1,7,8,1,4,1,0,7.0,87.5,50.0,12.5
A Aitken,1,7,18,0,12,0,0,7.0,38.89,66.67,0.0
V Hristov,2,7,11,2,7,0,0,3.5,63.64,63.64,0.0
S Kubheka,4,7,14,3,8,0,0,2.33,50.0,57.14,0.0
Zeeshan Siddiqi,1,7,21,1,17,1,0,7.0,33.33,80.95,4.76
AK Roger,3,7,32,3,29,1,0,2.33,21.88,90.62,3.12
OC Moiane,3,7,17,3,11,0,0,2.33,41.18,64.71,0.0
DSK Madushanka,1,7,6,1,2,1,0,7.0,116.67,33.33,16.67
D Siva Kumar,1,7,13,1,9,1,0,7.0,53.85,69.23,7.69
Elyza Wall,2,7,21,2,17,1,0,3.5,33.33,80.95,4.76
P Karoho,1,7,10,1,6,1,0,7.0,70.0,60.0,10.0
M Yambayamba,4,7,13,0,6,0,0,7.0,53.85,46.15,0.0
E Karimi,5,7,19,3,14,0,0,2.33,36.84,73.68,0.0
D Prins,2,7,40,2,35,0,0,3.5,17.5,87.5,0.0
S Savkovic,2,7,11,2,6,0,0,3.5,63.64,54.55,0.0
NA Statham,2,7,44,2,39,0,0,3.5,15.91,88.64,0.0
Zahoor Ahmad,2,7,20,2,13,0,0,3.5,35.0,65.0,0.0
Hasibul Hossain,3,7,22,1,18,0,0,7.0,31.82,81.82,0.0
Ankit Soni,3,7,9,2,7,0,1,3.5,77.78,77.78,11.11
T Kazanci,4,7,20,4,15,0,0,1.75,35.0,75.0,0.0
S Hanson,2,7,7,0,2,0,0,7.0,100.0,28.57,0.0
J Matharu,2,7,10,1,6,1,0,7.0,70.0,60.0,10.0
Fareeha Mehmood,2,7,19,3,12,0,0,2.33,36.84,63.16,0.0
Gaurav Maithani,1,7,7,1,4,1,0,7.0,100.0,57.14,14.29
SN Swamy,2,7,10,1,3,0,0,7.0,70.0,30.0,0.0
Noor Hayati Zakaria,7,7,28,5,22,0,0,1.4,25.0,78.57,0.0
Heal Theara,7,7,35,4,30,1,0,1.75,20.0,85.71,2.86
AN Ghosh,2,7,8,2,5,1,0,3.5,87.5,62.5,12.5
M Frey,6,7,26,7,20,0,0,1.0,26.92,76.92,0.0
DA Senthil,1,7,15,1,9,0,0,7.0,46.67,60.0,0.0
R Jones,1,7,9,1,4,0,0,7.0,77.78,44.44,0.0
Kim Rang,2,7,17,2,13,1,0,3.5,41.18,76.47,5.88
Muhammad Salman,3,7,12,2,8,1,0,3.5,58.33,66.67,8.33
Sumaiya Akter,4,7,22,4,19,1,0,1.75,31.82,86.36,4.55
MT Chinouya,4,7,42,3,39,1,0,2.33,16.67,92.86,2.38
Fazil Rahman,5,7,16,3,12,1,0,2.33,43.75,75.0,6.25
Lee Hyosin,2,7,14,1,8,0,0,7.0,50.0,57.14,0.0
Zaheer Maqsood,2,7,15,1,10,1,0,7.0,46.67,66.67,6.67
TJ Stephenson,1,7,5,0,1,1,0,7.0,140.0,20.0,20.0
S Divya,2,7,8,1,4,1,0,7.0,87.5,50.0,12.5
SJ Hughes-Pinan,2,7,11,0,6,1,0,7.0,63.64,54.55,9.09
ADR Campbell,1,7,25,1,18,0,0,7.0,28.0,72.0,0.0
E Bosch,1,7,9,0,2,0,0,7.0,77.78,22.22,0.0
S Kizito,7,7,42,5,36,0,0,1.4,16.67,85.71,0.0
WT Gavera,3,7,12,2,9,1,0,3.5,58.33,75.0,8.33
Shakkir Kassim,1,7,8,1,4,1,0,7.0,87.5,50.0,12.5
B Dugic,4,7,19,3,13,0,0,2.33,36.84,68.42,0.0
Sanchin Singh,1,7,14,1,9,0,0,7.0,50.0,64.29,0.0
B Freeman,4,7,34,3,26,0,0,2.33,20.59,76.47,0.0
M Trajkovi,3,7,19,2,12,0,0,3.5,36.84,63.16,0.0
I Malhotra,1,7,4,0,0,1,0,7.0,175.0,0.0,25.0
M Upadhayay,6,7,20,2,13,0,0,3.5,35.0,65.0,0.0
Wu Juan,4,7,21,4,15,0,0,1.75,33.33,71.43,0.0
V Viyaskanth,2,7,7,0,2,0,0,7.0,100.0,28.57,0.0
AGC Vimukthi,2,7,27,1,21,0,0,7.0,25.93,77.78,0.0
RA Lewis,5,7,21,5,16,0,0,1.4,33.33,76.19,0.0
JN Snape,1,7,11,1,5,0,0,7.0,63.64,45.45,0.0
Simrah Mirza,7,7,48,8,44,1,0,0.88,14.58,91.67,2.08
Aminul Islam Chowdhury,1,7,6,0,2,1,0,7.0,116.67,33.33,16.67
S Dhakal,9,7,46,1,41,0,0,7.0,15.22,89.13,0.0
S Dabholkatr,2,7,7,0,2,0,0,7.0,100.0,28.57,0.0
T Wigradianti,2,7,12,2,7,1,0,3.5,58.33,58.33,8.33
M Ratuki,4,7,53,4,45,0,0,1.75,13.21,84.91,0.0
Adil Amin,1,7,7,1,2,1,0,7.0,100.0,28.57,14.29
Mohammed Nadeem,7,7,12,2,8,1,0,3.5,58.33,66.67,8.33
Haroon Shahid,1,7,3,1,1,0,1,7.0,233.33,33.33,33.33
Naved Latif,2,7,16,2,10,0,0,3.5,43.75,62.5,0.0
G Jafta,1,7,6,1,1,0,0,7.0,116.67,16.67,0.0
E Ndubudem,4,7,11,3,7,0,0,2.33,63.64,63.64,0.0
G Kuthalingham,2,7,12,1,6,0,0,7.0,58.33,50.0,0.0
J Kokam,2,7,19,1,13,0,0,7.0,36.84,68.42,0.0
M Pushpakumara,1,7,19,0,12,0,0,7.0,36.84,63.16,0.0
PC Connell,3,7,25,2,22,1,0,3.5,28.0,88.0,4.0
E Waithaka,2,7,28,1,21,0,0,7.0,25.0,75.0,0.0
M Ramafifi,5,7,24,2,18,0,0,3.5,29.17,75.0,0.0
Muhammad Asjed,1,7,7,1,4,1,0,7.0,100.0,57.14,14.29
BR Hampton,1,7,7,1,3,1,0,7.0,100.0,42.86,14.29
Mounica Chowdary,4,7,32,2,27,0,0,3.5,21.88,84.38,0.0
UA Birla,1,7,14,1,10,1,0,7.0,50.0,71.43,7.14
VS Malik,2,7,7,1,3,1,0,7.0,100.0,42.86,14.29
N Simelum,1,7,14,1,11,1,0,7.0,50.0,78.57,7.14
C Cassell,3,7,11,2,6,0,0,3.5,63.64,54.55,0.0
A Amuzu,1,7,23,1,20,1,0,7.0,30.43,86.96,4.35
Y Bist,1,7,8,0,1,0,0,7.0,87.5,12.5,0.0
RV Auora,6,7,11,4,8,1,0,1.75,63.64,72.73,9.09
Mohammad Amir Khan,3,7,13,0,9,1,0,7.0,53.85,69.23,7.69
KD Jayawant,2,7,12,1,6,1,0,7.0,58.33,50.0,8.33
LM Sims,1,7,11,1,5,0,0,7.0,63.64,45.45,0.0
A Kshirsagar,3,7,10,2,4,1,0,3.5,70.0,40.0,10.0
Aftab Hussain,3,7,5,0,1,1,0,7.0,140.0,20.0,20.0
T Wilson,1,7,4,0,1,1,0,7.0,175.0,25.0,25.0
Ashraful Shuvo,2,7,12,2,7,0,0,3.5,58.33,58.33,0.0
J Drysdale,4,7,11,1,7,1,0,7.0,63.64,63.64,9.09
SVE Bharathi,6,7,16,4,10,0,0,1.75,43.75,62.5,0.0
T Zotos,4,7,9,3,6,1,0,2.33,77.78,66.67,11.11
SKW Kelly,1,7,5,0,2,1,0,7.0,140.0,40.0,20.0
CA Greloni,3,7,28,3,24,1,0,2.33,25.0,85.71,3.57
DA Payne,1,6,5,0,1,0,0,6.0,120.0,20.0,0.0
Danish Jasnaik,3,6,13,3,8,0,0,2.0,46.15,61.54,0.0
T Ramautar,4,6,23,3,17,0,0,2.0,26.09,73.91,0.0
V Phiri,7,6,24,4,19,0,0,1.5,25.0,79.17,0.0
N Chaihan,4,6,19,4,15,0,0,1.5,31.58,78.95,0.0
M Elikana,2,6,20,2,15,0,0,3.0,30.0,75.0,0.0
M Bestani,2,6,14,2,9,0,0,3.0,42.86,64.29,0.0
A Nookala,8,6,56,5,52,0,0,1.2,10.71,92.86,0.0
SMR Ruelas,2,6,15,2,9,0,0,3.0,40.0,60.0,0.0
M Juma,1,6,8,0,5,1,0,6.0,75.0,62.5,12.5
M Kachingo,5,6,50,5,46,0,0,1.2,12.0,92.0,0.0
S Draunivudi,1,6,4,0,2,1,0,6.0,150.0,50.0,25.0
C Prasad,1,6,23,1,17,0,0,6.0,26.09,73.91,0.0
Muhammed Basil,3,6,13,2,8,0,0,3.0,46.15,61.54,0.0
Mohamed Khan,3,6,6,2,3,1,0,3.0,100.0,50.0,16.67
SPS Shikongo,3,6,8,1,3,0,0,6.0,75.0,37.5,0.0
Muhammad Akram,1,6,2,0,1,0,1,6.0,300.0,50.0,50.0
V Dhaniram,1,6,2,0,1,0,1,6.0,300.0,50.0,50.0
Rozabel Asumadu,1,6,8,1,2,0,0,6.0,75.0,25.0,0.0
E Kabwere,5,6,18,3,12,0,0,2.0,33.33,66.67,0.0
Sachin Ganpat Shinde,1,6,16,1,11,0,0,6.0,37.5,68.75,0.0
Noorullah Sidiqi,1,6,1,0,0,0,1,6.0,600.0,0.0,100.0
MA Beer,2,6,28,2,25,0,0,3.0,21.43,89.29,0.0
SS Shukla,2,6,11,1,6,0,0,6.0,54.55,54.55,0.0
Shoaib Khan jnr,2,6,12,2,9,0,0,3.0,50.0,75.0,0.0
Shohely Akhter,2,6,9,2,4,0,0,3.0,66.67,44.44,0.0
Md Shuayeb,3,6,31,2,25,0,0,3.0,19.35,80.65,0.0
Nur Aishah,2,6,29,0,23,0,0,6.0,20.69,79.31,0.0
K Fletcher,4,6,17,2,12,0,0,3.0,35.29,70.59,0.0
O Touray,2,6,8,1,4,0,0,6.0,75.0,50.0,0.0
MS Crane,1,6,11,1,6,0,0,6.0,54.55,54.55,0.0
Zhao Tianle,6,6,28,6,22,0,0,1.0,21.43,78.57,0.0
JS Pooranakaran,16,6,68,11,62,0,0,0.55,8.82,91.18,0.0
Rida Zainab,2,6,9,2,4,0,0,3.0,66.67,44.44,0.0
S Ostergaard,5,6,11,4,8,1,0,1.5,54.55,72.73,9.09
S Bist,3,6,15,2,9,0,0,3.0,40.0,60.0,0.0
S Gasteratos,2,6,12,1,9,1,0,6.0,50.0,75.0,8.33
B Bhadriraju,3,6,10,3,7,1,0,2.0,60.0,70.0,10.0
JW Chilia,3,6,9,1,3,0,0,6.0,66.67,33.33,0.0
SS Shaikh,1,6,7,0,4,1,0,6.0,85.71,57.14,14.29
S Rengarajan,1,6,12,0,6,0,0,6.0,50.0,50.0,0.0
Dane Leo,3,6,18,2,15,1,0,3.0,33.33,83.33,5.56
L Rika,2,6,7,0,1,0,0,6.0,85.71,14.29,0.0
T Mato,2,6,15,0,9,0,0,6.0,40.0,60.0,0.0
AM Samaroo,1,6,6,1,3,1,0,6.0,100.0,50.0,16.67
V Ateak,2,6,15,1,10,0,0,6.0,40.0,66.67,0.0
Q Utmanzai,1,6,9,1,3,0,0,6.0,66.67,33.33,0.0
S Tarawally,2,6,11,1,7,0,0,6.0,54.55,63.64,0.0
R Morita,3,6,23,2,17,0,0,3.0,26.09,73.91,0.0
A Ilahi,4,6,21,4,15,0,0,1.5,28.57,71.43,0.0
MQ Sheikh,2,6,20,2,15,0,0,3.0,30.0,75.0,0.0
E Frimpong,2,6,4,1,1,1,0,6.0,150.0,25.0,25.0
M Kristensen,1,6,10,1,7,1,0,6.0,60.0,70.0,10.0
K Juma,5,6,9,4,6,1,0,1.5,66.67,66.67,11.11
Baljinder Singh,1,6,7,1,4,1,0,6.0,85.71,57.14,14.29
Smruthi Radhakrishnan,3,6,21,0,15,0,0,6.0,28.57,71.43,0.0
BC Sahin,2,6,19,1,16,1,0,6.0,31.58,84.21,5.26
NP Doshi,1,6,5,1,2,1,0,6.0,120.0,40.0,20.0
PA Desai,2,6,19,0,13,0,0,6.0,31.58,68.42,0.0
Faizan Mumtaz,3,6,15,4,11,0,0,1.5,40.0,73.33,0.0
JN Kalita,4,6,8,1,3,0,0,6.0,75.0,37.5,0.0
Muhammad Riazullah,1,6,9,1,3,0,0,6.0,66.67,33.33,0.0
A Gulati,2,6,4,1,2,1,0,6.0,150.0,50.0,25.0
DV Macome,3,6,10,1,7,1,0,6.0,60.0,70.0,10.0
Z McLaughlin,2,6,16,0,10,0,0,6.0,37.5,62.5,0.0
Sai Hla Htwe,2,6,10,0,5,0,0,6.0,60.0,50.0,0.0
Said Hakim,1,6,12,0,8,0,0,6.0,50.0,66.67,0.0
Mohammad Taha,2,6,11,2,6,0,0,3.0,54.55,54.55,0.0
W Ngowhuad,8,6,18,3,13,0,0,2.0,33.33,72.22,0.0
W Dlamini,2,6,12,2,6,0,0,3.0,50.0,50.0,0.0
DJ Worrall,1,6,4,0,1,1,0,6.0,150.0,25.0,25.0
R Mangal,7,6,15,4,9,0,0,1.5,40.0,60.0,0.0
John Bartlett,2,6,16,2,11,0,0,3.0,37.5,68.75,0.0
SB Joshi,2,6,14,2,8,0,0,3.0,42.86,57.14,0.0
Tasmia Rubab,1,6,3,1,1,1,0,6.0,200.0,33.33,33.33
Tauqeer Hussain,2,6,10,1,6,0,0,6.0,60.0,60.0,0.0
J Logtenberg,2,6,14,2,10,0,0,3.0,42.86,71.43,0.0
PV Naringrekar,5,6,16,4,10,0,0,1.5,37.5,62.5,0.0
NJM Salima,5,6,16,4,11,0,0,1.5,37.5,68.75,0.0
E Laini,1,6,7,1,2,0,0,6.0,85.71,28.57,0.0
N Magagula,3,6,31,3,25,0,0,2.0,19.35,80.65,0.0
Vinay Iyer,1,6,10,1,7,1,0,6.0,60.0,70.0,10.0
Abdullah Mohd Yousaf,1,6,8,1,2,0,0,6.0,75.0,25.0,0.0
Absar Khan,2,6,9,0,4,0,0,6.0,66.67,44.44,0.0
Aritra Bhakat,2,6,4,1,1,0,0,6.0,150.0,25.0,0.0
J Ajiambo,6,6,17,3,11,0,0,2.0,35.29,64.71,0.0
M Matobole,2,6,10,2,7,1,0,3.0,60.0,70.0,10.0
E Chance,5,6,19,3,14,0,0,2.0,31.58,73.68,0.0
M Abdulla,2,6,13,2,7,0,0,3.0,46.15,53.85,0.0
JM Holland,4,6,46,2,42,0,0,3.0,13.04,91.3,0.0
Basiru Jaye,1,6,4,1,2,1,0,6.0,150.0,50.0,25.0
MP Yadav,2,6,6,1,3,1,0,6.0,100.0,50.0,16.67
JK Mukhiya,2,6,12,1,6,0,0,6.0,50.0,50.0,0.0
Muhammet Bicer,5,6,8,3,5,1,0,2.0,75.0,62.5,12.5
Y Korniienko,1,6,13,0,8,0,0,6.0,46.15,61.54,0.0
Mukesh Choudhary,2,6,6,0,3,1,0,6.0,100.0,50.0,16.67
L Polaki,5,6,32,4,26,0,0,1.5,18.75,81.25,0.0
E Batkhuyag,4,6,13,3,10,1,0,2.0,46.15,76.92,7.69
N Tyagi,3,6,17,2,11,0,0,3.0,35.29,64.71,0.0
A Samildeen,3,6,39,3,36,1,0,2.0,15.38,92.31,2.56
MV Matsau,8,6,20,4,15,0,0,1.5,30.0,75.0,0.0
S Norman,2,6,10,2,5,0,0,3.0,60.0,50.0,0.0
Reon King,2,6,22,0,17,0,0,6.0,27.27,77.27,0.0
CM Scott,3,6,10,2,5,0,0,3.0,60.0,50.0,0.0
T Kahamker,3,6,4,0,1,1,0,6.0,150.0,25.0,25.0
SRMJJ Arachchilage,2,6,12,1,7,0,0,6.0,50.0,58.33,0.0
M Stoman,1,6,1,0,0,0,1,6.0,600.0,0.0,100.0
M Strano,4,6,16,3,10,0,0,2.0,37.5,62.5,0.0
P Dlamini,1,6,30,1,25,1,0,6.0,20.0,83.33,3.33
BA Bhatt,2,6,7,0,6,0,1,6.0,85.71,85.71,14.29
B Mejaro,6,6,24,4,19,0,0,1.5,25.0,79.17,0.0
Fariha Trisna,11,6,38,6,31,0,0,1.0,15.79,81.58,0.0
LW Potthoff,1,5,9,0,5,0,0,5.0,55.56,55.56,0.0
Rohan Bhavesh Patel,2,5,8,0,3,0,0,5.0,62.5,37.5,0.0
LP Kasturiarachchige,1,5,3,0,1,1,0,5.0,166.67,33.33,33.33
LP Mullapudi,1,5,9,1,6,0,0,5.0,55.56,66.67,0.0
P Awana,5,5,14,3,9,0,0,1.67,35.71,64.29,0.0
P Bhart,4,5,25,2,20,0,0,2.5,20.0,80.0,0.0
B Pavlinakova,2,5,13,0,8,0,0,5.0,38.46,61.54,0.0
P Abhijit,2,5,9,2,7,1,0,2.5,55.56,77.78,11.11
Arif Ullah,1,5,6,0,4,1,0,5.0,83.33,66.67,16.67
T Cross,1,5,10,1,6,0,0,5.0,50.0,60.0,0.0
T Hinds,1,5,3,0,1,1,0,5.0,166.67,33.33,33.33
C Boyle,5,5,25,2,20,0,0,2.5,20.0,80.0,0.0
Saurabh Kumar,4,5,26,4,21,0,0,1.25,19.23,80.77,0.0
B Vakatini,3,5,9,3,6,0,0,1.67,55.56,66.67,0.0
Shafia Hassan,1,5,9,1,5,0,0,5.0,55.56,55.56,0.0
Razaullah,1,5,10,1,5,0,0,5.0,50.0,50.0,0.0
A Curavic,3,5,20,3,16,0,0,1.67,25.0,80.0,0.0
Aijaz Ali,2,5,11,2,8,1,0,2.5,45.45,72.73,9.09
SG Whittingham,3,5,14,2,10,0,0,2.5,35.71,71.43,0.0
CN Messina,6,5,31,4,27,0,0,1.25,16.13,87.1,0.0
TJ Ramphoma,2,5,8,1,5,0,0,5.0,62.5,62.5,0.0
SK Gedara,1,5,5,0,1,0,0,5.0,100.0,20.0,0.0
Ismail Sardar,2,5,16,2,12,0,0,2.5,31.25,75.0,0.0
TCR Kimber,3,5,13,3,8,0,0,1.67,38.46,61.54,0.0
PDRL Perera,4,5,9,2,4,0,0,2.5,55.56,44.44,0.0
SJ Srivastava,4,5,5,1,1,0,0,5.0,100.0,20.0,0.0
DS Gamage,2,5,7,2,4,0,0,2.5,71.43,57.14,0.0
R Thapliyal,2,5,15,1,11,0,0,5.0,33.33,73.33,0.0
J Sebanja,4,5,8,2,3,0,0,2.5,62.5,37.5,0.0
RB Osabel,3,5,12,3,7,0,0,1.67,41.67,58.33,0.0
VRB Arachchige,1,5,3,0,1,1,0,5.0,166.67,33.33,33.33
VS D'Souza,2,5,7,1,3,0,0,5.0,71.43,42.86,0.0
M Bhatia,3,5,12,3,7,0,0,1.67,41.67,58.33,0.0
WM Delgado,3,5,11,3,9,1,0,1.67,45.45,81.82,9.09
MKDI Amerasinghe,4,5,32,0,30,1,0,5.0,15.62,93.75,3.12
Y Potgieter,1,5,6,0,4,1,0,5.0,83.33,66.67,16.67
YJC Altamirano,5,5,20,4,16,0,0,1.25,25.0,80.0,0.0
Ajhar Alam,3,5,11,2,6,0,0,2.5,45.45,54.55,0.0
MY Bawa,1,5,5,1,2,0,0,5.0,100.0,40.0,0.0
B Keganne,2,5,8,1,4,0,0,5.0,62.5,50.0,0.0
B Lekau,3,5,53,2,48,0,0,2.5,9.43,90.57,0.0
R Sekaran,2,5,8,0,3,0,0,5.0,62.5,37.5,0.0
K Nanno,1,5,20,0,15,0,0,5.0,25.0,75.0,0.0
Bipin Kumar,2,5,12,2,7,0,0,2.5,41.67,58.33,0.0
SV Shankar,1,5,9,0,3,0,0,5.0,55.56,33.33,0.0
RT Crandon,1,5,9,1,7,1,0,5.0,55.56,77.78,11.11
Mansoor Amjad,1,5,10,1,5,0,0,5.0,50.0,50.0,0.0
Fazalhaq Farooqi,5,5,17,1,12,0,0,5.0,29.41,70.59,0.0
Chan Sau Har,3,5,13,1,9,0,0,5.0,38.46,69.23,0.0
Fatima Amir,3,5,16,2,11,0,0,2.5,31.25,68.75,0.0
RF Duvane,3,5,22,2,17,0,0,2.5,22.73,77.27,0.0
Y Fourie,4,5,15,3,13,1,0,1.67,33.33,86.67,6.67
EDS Pimheiro,6,5,31,5,26,0,0,1.0,16.13,83.87,0.0
RT Lyons,2,5,5,1,3,1,0,5.0,100.0,60.0,20.0
Miriam Ehsun,3,5,18,2,14,0,0,2.5,27.78,77.78,0.0
Mohsin Zaki,2,5,9,0,5,0,0,5.0,55.56,55.56,0.0
Luo Shilin,6,5,31,3,24,0,0,1.67,16.13,77.42,0.0
Afida Afthab,3,5,15,2,11,0,0,2.5,33.33,73.33,0.0
J Edwards,1,5,6,1,3,0,0,5.0,83.33,50.0,0.0
J Blades,4,5,14,2,9,0,0,2.5,35.71,64.29,0.0
J Cleetus,4,5,9,1,5,0,0,5.0,55.56,55.56,0.0
Ashish Rana,2,5,8,1,4,0,0,5.0,62.5,50.0,0.0
Ashmal Hashmi,5,5,15,4,13,1,0,1.25,33.33,86.67,6.67
Ashwani Kumari,1,5,5,1,1,0,0,5.0,100.0,20.0,0.0
Ashwini Govinda,5,5,37,3,32,0,0,1.67,13.51,86.49,0.0
SZ Peles,2,5,14,0,9,0,0,5.0,35.71,64.29,0.0
Bashir Ahmad,1,5,4,1,2,1,0,5.0,125.0,50.0,25.0
Asad Mohammad,1,5,5,1,3,1,0,5.0,100.0,60.0,20.0
Amalin Sorfina,2,5,13,1,11,1,0,5.0,38.46,84.62,7.69
Karuna Bhandari,4,5,12,3,8,0,0,1.67,41.67,66.67,0.0
G Riley,3,5,22,3,18,0,0,1.67,22.73,81.82,0.0
T Sumiya,4,5,25,2,22,0,0,2.5,20.0,88.0,0.0
Amina Kashif,2,5,20,1,15,0,0,5.0,25.0,75.0,0.0
Naumanullah,1,5,4,1,2,1,0,5.0,125.0,50.0,25.0
Sivakumar,2,5,10,0,6,0,0,5.0,50.0,60.0,0.0
O Isiyaku,2,5,14,0,10,0,0,5.0,35.71,71.43,0.0
Badal Singh,1,5,12,1,7,0,0,5.0,41.67,58.33,0.0
Tanbir Hayder,2,5,16,2,11,0,0,2.5,31.25,68.75,0.0
MD Garratt,2,5,18,2,14,0,0,2.5,27.78,77.78,0.0
Raja Adeel,5,5,13,3,9,0,0,1.67,38.46,69.23,0.0
ECM Egodagamage,1,5,8,1,6,1,0,5.0,62.5,75.0,12.5
E Mulenga,4,5,25,3,21,0,0,1.67,20.0,84.0,0.0
M Sidibe,3,5,21,4,19,1,0,1.25,23.81,90.48,4.76
M Kojo,2,5,12,1,8,0,0,5.0,41.67,66.67,0.0
Khawar Zafar,1,5,3,1,1,1,0,5.0,166.67,33.33,33.33
Mansoor Shah,3,5,7,0,3,0,0,5.0,71.43,42.86,0.0
G Jaine,3,5,17,2,13,0,0,2.5,29.41,76.47,0.0
KH Sciver-Brunt,3,5,6,2,4,1,0,2.5,83.33,66.67,16.67
Roshni Ramesh,1,5,7,1,5,1,0,5.0,71.43,71.43,14.29
Komal Zanzad,1,5,7,1,2,0,0,5.0,71.43,28.57,0.0
Tashiba Mirza,1,5,11,0,8,1,0,5.0,45.45,72.73,9.09
NKDP Putri,1,5,3,0,1,1,0,5.0,166.67,33.33,33.33
D Golechha,4,5,14,2,9,0,0,2.5,35.71,64.29,0.0
SA Dias,2,5,17,1,12,0,0,5.0,29.41,70.59,0.0
J Hayes,1,5,46,2,42,0,0,2.5,10.87,91.3,0.0
R Mbaiwa,2,5,14,2,10,0,0,2.5,35.71,71.43,0.0
S Franklin,1,5,6,1,2,0,0,5.0,83.33,33.33,0.0
Mokbul Ahammed,1,5,16,1,11,0,0,5.0,31.25,68.75,0.0
Sagor Hossain,2,5,12,2,7,0,0,2.5,41.67,58.33,0.0
Asif Javed,1,5,4,1,2,1,0,5.0,125.0,50.0,25.0
AZ Shah,2,5,17,1,12,0,0,5.0,29.41,70.59,0.0
AS Warnakulasuriya,2,5,12,2,10,1,0,2.5,41.67,83.33,8.33
D Kegasitswe,2,5,11,0,7,0,0,5.0,45.45,63.64,0.0
Kalyan Manne,1,5,3,1,1,1,0,5.0,166.67,33.33,33.33
Kamal Raiz,1,5,10,1,5,0,0,5.0,50.0,50.0,0.0
G Snyman,4,5,9,4,7,1,0,1.25,55.56,77.78,11.11
N Kaqea,2,5,16,2,9,0,0,2.5,31.25,56.25,0.0
Ying King To,1,5,6,0,3,0,0,5.0,83.33,50.0,0.0
Aminullah Tanha,4,5,20,4,18,1,0,1.25,25.0,90.0,5.0
MJ Fourie,2,5,12,1,7,0,0,5.0,41.67,58.33,0.0
M Desmond,4,5,22,2,18,0,0,2.5,22.73,81.82,0.0
N Fernandes,1,5,13,1,8,0,0,5.0,38.46,61.54,0.0
Wang Meng,2,5,9,2,4,0,0,2.5,55.56,44.44,0.0
LA McBride,3,5,8,1,3,0,0,5.0,62.5,37.5,0.0
Dhananjay Rao,3,5,8,3,5,0,0,1.67,62.5,62.5,0.0
S Elayaperumal,4,5,21,4,16,0,0,1.25,23.81,76.19,0.0
C Trott,4,5,12,2,7,0,0,2.5,41.67,58.33,0.0
Ankit Dubey,1,5,3,0,0,0,0,5.0,166.67,0.0,0.0
T Natarajan,4,5,16,0,11,0,0,5.0,31.25,68.75,0.0
Ikbal Hossain,1,5,3,0,1,1,0,5.0,166.67,33.33,33.33
S Bhandari,2,5,19,1,12,0,0,5.0,26.32,63.16,0.0
S Bogdos,3,5,21,3,17,0,0,1.67,23.81,80.95,0.0
RK Whelan,2,5,12,2,10,1,0,2.5,41.67,83.33,8.33
RL Grundy,4,5,14,1,9,0,0,5.0,35.71,64.29,0.0
J Peter,1,5,14,1,9,0,0,5.0,35.71,64.29,0.0
J Proctor,3,5,18,2,15,0,0,2.5,27.78,83.33,0.0
NJ Amongin,3,5,12,1,7,0,0,5.0,41.67,58.33,0.0
MH Oman,3,5,21,2,16,0,0,2.5,23.81,76.19,0.0
Joshua Asia,7,5,19,4,15,0,0,1.25,26.32,78.95,0.0
NB Budayair,2,5,16,2,11,0,0,2.5,31.25,68.75,0.0
NB Diom,2,5,15,2,11,0,0,2.5,33.33,73.33,0.0
J Oldham,1,5,6,1,4,1,0,5.0,83.33,66.67,16.67
R Johnson,2,5,10,2,8,1,0,2.5,50.0,80.0,10.0
Prince Yadav,3,5,11,0,6,0,0,5.0,45.45,54.55,0.0
P Taylor,1,5,7,1,3,0,0,5.0,71.43,42.86,0.0
M Mwamadi,3,5,10,0,5,0,0,5.0,50.0,50.0,0.0
Arshad Iqbal,6,5,13,3,8,0,0,1.67,38.46,61.54,0.0
Arshad Khan (2),1,5,4,1,2,1,0,5.0,125.0,50.0,25.0
Ellen Asante,2,5,12,2,10,1,0,2.5,41.67,83.33,8.33
Em Rotana,3,5,8,3,6,1,0,1.67,62.5,75.0,12.5
Nouman Butt,1,5,10,1,8,1,0,5.0,50.0,80.0,10.0
Husnain Kabeer,1,5,6,1,3,0,0,5.0,83.33,50.0,0.0
D Svilicic,4,5,15,2,10,0,0,2.5,33.33,66.67,0.0
D Ramani,2,5,11,1,7,0,0,5.0,45.45,63.64,0.0
Mohammad Khalil,1,5,23,2,21,1,0,2.5,21.74,91.3,4.35
NAM McLean,1,5,7,0,3,0,0,5.0,71.43,42.86,0.0
LM Keightley,1,5,29,1,27,1,0,5.0,17.24,93.1,3.45
V Marghashayam,4,5,8,3,3,0,0,1.67,62.5,37.5,0.0
RJ Gleeson,5,5,9,3,6,0,0,1.67,55.56,66.67,0.0
B Mosoaboli,4,5,35,1,29,0,0,5.0,14.29,82.86,0.0
N Kruger,1,5,20,1,17,0,0,5.0,25.0,85.0,0.0
M Chereches,3,5,7,3,5,1,0,1.67,71.43,71.43,14.29
Madeeha Zuberi,5,5,12,3,7,0,0,1.67,41.67,58.33,0.0
DL Richards,2,5,5,0,3,1,0,5.0,100.0,60.0,20.0
Zhi Xinyu,2,5,8,1,6,1,0,5.0,62.5,75.0,12.5
JP Cabrera,1,5,5,0,3,1,0,5.0,100.0,60.0,20.0
M Ansari,3,5,9,0,3,0,0,5.0,55.56,33.33,0.0
Nur Nadihirah,5,5,23,5,19,0,0,1.0,21.74,82.61,0.0
MWA van Nierop,1,4,14,1,13,1,0,4.0,28.57,92.86,7.14
A Andrews,1,4,6,1,5,1,0,4.0,66.67,83.33,16.67
Lihara Ayeysekara,3,4,24,2,20,0,0,2.0,16.67,83.33,0.0
Lemar Momand,3,4,10,1,6,0,0,4.0,40.0,60.0,0.0
A Gupta,2,4,6,1,3,0,0,4.0,66.67,50.0,0.0
B Ndipo,1,4,5,1,3,0,0,4.0,80.0,60.0,0.0
Fathimath Malha,3,4,28,3,25,0,0,1.33,14.29,89.29,0.0
Elan Talker,1,4,3,0,1,0,0,4.0,133.33,33.33,0.0
Arif Hosen,6,4,29,6,26,0,0,0.67,13.79,89.66,0.0
Emaan Ejaz,5,4,37,5,34,0,0,0.8,10.81,91.89,0.0
Noorainah,2,4,10,1,7,0,0,4.0,40.0,70.0,0.0
Anjuli Ghalley,3,4,14,2,10,0,0,2.0,28.57,71.43,0.0
T Makaya,3,4,6,1,5,1,0,4.0,66.67,83.33,16.67
M Musinguzi,1,4,4,0,2,0,0,4.0,100.0,50.0,0.0
IW Budiarta,3,4,5,2,4,1,0,2.0,80.0,80.0,20.0
Neeraj Mishra,3,4,9,2,8,1,0,2.0,44.44,88.89,11.11
Nipuni Nadeera,1,4,5,1,2,0,0,4.0,80.0,40.0,0.0
JM Muirhead,2,4,8,1,4,0,0,4.0,50.0,50.0,0.0
Navneet Bamrah,2,4,16,1,12,0,0,4.0,25.0,75.0,0.0
Hardeep Singh,1,4,1,0,0,1,0,4.0,400.0,0.0,100.0
T Rodriguez,4,4,19,4,15,0,0,1.0,21.05,78.95,0.0
A Khullar,5,4,22,3,19,0,0,1.33,18.18,86.36,0.0
A Karn,1,4,7,1,4,0,0,4.0,57.14,57.14,0.0
Yash Dayal,4,4,9,3,6,0,0,1.33,44.44,66.67,0.0
Arrikan Phuengkho,1,4,3,1,2,1,0,4.0,133.33,66.67,33.33
P Munorwei,2,4,16,1,12,0,0,4.0,25.0,75.0,0.0
E Malama,4,4,33,2,28,0,0,2.0,12.12,84.85,0.0
E Konasova,3,4,39,2,33,0,0,2.0,10.26,84.62,0.0
ML Lewis,1,4,4,0,1,0,0,4.0,100.0,25.0,0.0
Hala Azmat,3,4,28,0,24,0,0,4.0,14.29,85.71,0.0
MB dos Santos,3,4,12,2,11,1,0,2.0,33.33,91.67,8.33
Komang Putra,1,4,6,0,3,0,0,4.0,66.67,50.0,0.0
C Tchale,4,4,9,3,8,1,0,1.33,44.44,88.89,11.11
S Devata,1,4,3,0,0,0,0,4.0,133.33,0.0,0.0
T Touna,2,4,22,2,18,0,0,2.0,18.18,81.82,0.0
MR Dorgan,1,4,9,1,6,0,0,4.0,44.44,66.67,0.0
CK Hooper,2,4,3,2,2,1,0,2.0,133.33,66.67,33.33
TA Lammonby,3,4,6,3,3,0,0,1.33,66.67,50.0,0.0
Altaf Gill,2,4,18,2,15,0,0,2.0,22.22,83.33,0.0
LN Roche,2,4,10,2,6,0,0,2.0,40.0,60.0,0.0
R Parkin,2,4,4,2,3,1,0,2.0,100.0,75.0,25.0
JT Manase,1,4,9,1,5,0,0,4.0,44.44,55.56,0.0
RS Sodhi,1,4,2,0,1,1,0,4.0,200.0,50.0,50.0
Bikram Sob,4,4,17,3,13,0,0,1.33,23.53,76.47,0.0
Bhumeshswar Jagroo,2,4,8,1,7,1,0,4.0,50.0,87.5,12.5
Alfredo Puentes,1,4,14,1,10,0,0,4.0,28.57,71.43,0.0
Khalander Mustafa,1,4,1,0,0,1,0,4.0,400.0,0.0,100.0
HO Karaduman,2,4,15,2,11,0,0,2.0,26.67,73.33,0.0
CJ Boyce,2,4,7,1,3,0,0,4.0,57.14,42.86,0.0
Naiem Bameri,1,4,15,1,10,0,0,4.0,26.67,66.67,0.0
CR Suryawanshi,2,4,6,2,2,0,0,2.0,66.67,33.33,0.0
Chayanisa Phengpaen,1,4,1,0,0,1,0,4.0,400.0,0.0,100.0
GE Mathurin,2,4,5,0,1,0,0,4.0,80.0,20.0,0.0
K Thuchila,7,4,13,4,9,0,0,1.0,30.77,69.23,0.0
KA Bazil,3,4,12,3,8,0,0,1.33,33.33,66.67,0.0
F Elizabet,1,4,14,1,10,0,0,4.0,28.57,71.43,0.0
M Manivannan,1,4,7,0,6,1,0,4.0,57.14,85.71,14.29
Syed Ali Gillani,2,4,4,0,0,0,0,4.0,100.0,0.0,0.0
Sabnam Rai,3,4,11,0,8,0,0,4.0,36.36,72.73,0.0
J Chaturanga,2,4,7,2,4,0,0,2.0,57.14,57.14,0.0
Adnan Tahir,1,4,5,1,2,0,0,4.0,80.0,40.0,0.0
Kamran Wahid,3,4,6,1,2,0,0,4.0,66.67,33.33,0.0
Kaynat Hafeez,1,4,6,1,5,1,0,4.0,66.67,83.33,16.67
Kaung Ko Ko,2,4,6,1,3,0,0,4.0,66.67,50.0,0.0
Kaung Htet Kyaw,2,4,10,1,6,0,0,4.0,40.0,60.0,0.0
SD Heazlett,1,4,11,1,7,0,0,4.0,36.36,63.64,0.0
PR Brown,1,4,9,0,5,0,0,4.0,44.44,55.56,0.0
L Sviben,1,4,6,1,5,1,0,4.0,66.67,83.33,16.67
NM Mokhachane,8,4,69,5,64,0,0,0.8,5.8,92.75,0.0
J Kemp,2,4,7,2,3,0,0,2.0,57.14,42.86,0.0
Talha Jubair,1,4,8,0,7,1,0,4.0,50.0,87.5,12.5
LA Bourne,2,4,17,2,13,0,0,2.0,23.53,76.47,0.0
Cihan Altun,1,4,2,1,1,1,0,4.0,200.0,50.0,50.0
TS Shwe,2,4,18,1,14,0,0,4.0,22.22,77.78,0.0
Hudaa Mohamedi,1,4,10,0,6,0,0,4.0,40.0,60.0,0.0
Hon Sovannary,2,4,35,2,31,0,0,2.0,11.43,88.57,0.0
L Nyarko,3,4,6,2,5,1,0,2.0,66.67,83.33,16.67
Sofia Mardones,3,4,26,3,22,0,0,1.33,15.38,84.62,0.0
Sneh Rana,1,4,8,1,4,0,0,4.0,50.0,50.0,0.0
Simba Mbaki,1,4,7,1,4,0,0,4.0,57.14,57.14,0.0
D Faletar,3,4,15,2,14,1,0,2.0,26.67,93.33,6.67
L Wahmowe,3,4,13,3,11,0,0,1.33,30.77,84.62,0.0
J Giyanani,1,4,5,1,2,0,0,4.0,80.0,40.0,0.0
N Advani,4,4,13,2,9,0,0,2.0,30.77,69.23,0.0
Wenjing Yin,3,4,10,2,6,0,0,2.0,40.0,60.0,0.0
KDACK Gunarathne,3,4,18,2,14,0,0,2.0,22.22,77.78,0.0
H Klazinge,5,4,8,1,4,0,0,4.0,50.0,50.0,0.0
D Issiaka,5,4,37,3,33,0,0,1.33,10.81,89.19,0.0
Mohammad Irfan (5),2,4,3,1,2,1,0,4.0,133.33,66.67,33.33
D Chamto,2,4,7,2,6,1,0,2.0,57.14,85.71,14.29
H Durham,1,4,14,1,11,0,0,4.0,28.57,78.57,0.0
J Kunnanchirakkal,4,4,6,2,2,0,0,2.0,66.67,33.33,0.0
NJ Reardon,1,4,8,1,4,0,0,4.0,50.0,50.0,0.0
AS Taai,1,4,3,0,0,0,0,4.0,133.33,0.0,0.0
Z Mali,3,4,10,0,7,0,0,4.0,40.0,70.0,0.0
Yuliana,2,4,9,1,5,0,0,4.0,44.44,55.56,0.0
Divya Kandpal,3,4,21,2,17,0,0,2.0,19.05,80.95,0.0
M Idambo,1,4,3,0,1,0,0,4.0,133.33,33.33,0.0
S Tyagi,2,4,6,0,2,0,0,4.0,66.67,33.33,0.0
D Mullen,2,4,5,1,2,0,0,4.0,80.0,40.0,0.0
H Ayoka,1,4,5,1,2,0,0,4.0,80.0,40.0,0.0
H Graham,1,4,5,0,1,0,0,4.0,80.0,20.0,0.0
Farhan Ahmed,1,4,8,1,4,0,0,4.0,50.0,50.0,0.0
FN Walsh,2,4,7,1,3,0,0,4.0,57.14,42.86,0.0
S Rokuad,2,4,21,1,17,0,0,4.0,19.05,80.95,0.0
D Simpson,1,4,5,1,2,0,0,4.0,80.0,40.0,0.0
AMN Andersen,2,4,17,2,14,0,0,2.0,23.53,82.35,0.0
D Mehtani,4,4,14,4,11,0,0,1.0,28.57,78.57,0.0
S Tabuisulu,3,4,11,2,7,0,0,2.0,36.36,63.64,0.0
Rumaisa Jawad Nasir,4,4,36,3,34,0,0,1.33,11.11,94.44,0.0
Auqib Nabi,1,4,2,1,1,1,0,4.0,200.0,50.0,50.0
F Parkinson,2,4,11,2,7,0,0,2.0,36.36,63.64,0.0
S Raveendrakumar,1,4,14,1,11,0,0,4.0,28.57,78.57,0.0
FL Albanjari,1,4,18,0,14,0,0,4.0,22.22,77.78,0.0
K Samten,3,4,9,1,5,0,0,4.0,44.44,55.56,0.0
JF Bangura,1,4,10,1,7,0,0,4.0,40.0,70.0,0.0
JE Scott,2,4,7,2,4,0,0,2.0,57.14,57.14,0.0
DT Doram,3,4,6,0,3,0,0,4.0,66.67,50.0,0.0
V Nagpaul,2,4,6,1,3,0,0,4.0,66.67,50.0,0.0
V Mitari,5,4,11,2,7,0,0,2.0,36.36,63.64,0.0
AL Mangue,2,4,8,2,7,1,0,2.0,50.0,87.5,12.5
S Pattenden,5,4,19,1,15,0,0,4.0,21.05,78.95,0.0
Azri Azhar,2,4,7,1,5,0,0,4.0,57.14,71.43,0.0
BB Seebaran,2,4,13,1,10,0,0,4.0,30.77,76.92,0.0
BG Illing,5,4,12,1,8,0,0,4.0,33.33,66.67,0.0
Shan Siddiqui,1,4,3,1,2,1,0,4.0,133.33,66.67,33.33
Muhammad Jabir,7,4,21,3,18,0,0,1.33,19.05,85.71,0.0
N Thushara,9,4,27,0,24,0,0,4.0,14.81,88.89,0.0
VAB Tewarie,1,4,22,1,18,0,0,4.0,18.18,81.82,0.0
GHS Garton,3,4,8,2,4,0,0,2.0,50.0,50.0,0.0
DV Gujjar,2,4,4,1,1,0,0,4.0,100.0,25.0,0.0
MKGCP Lakshitha,1,4,6,1,3,0,0,4.0,66.67,50.0,0.0
Mohammad Umar,4,4,13,3,8,0,0,1.33,30.77,61.54,0.0
Guillermo Aburto,2,4,10,1,9,1,0,4.0,40.0,90.0,10.0
DE Martel,2,4,8,1,4,0,0,4.0,50.0,50.0,0.0
VF Bomnyuy,2,4,8,1,6,0,0,4.0,50.0,75.0,0.0
ADL Stokoe,1,4,9,1,7,0,0,4.0,44.44,77.78,0.0
K Moingoto,3,4,15,3,12,0,0,1.33,26.67,80.0,0.0
Saqib Naveed,1,4,14,1,10,0,0,4.0,28.57,71.43,0.0
Saqib Khan,1,4,2,1,1,1,0,4.0,200.0,50.0,50.0
B Leo,3,4,12,1,8,0,0,4.0,33.33,66.67,0.0
A Uniyal,2,4,7,1,3,0,0,4.0,57.14,42.86,0.0
JY Masaya,2,4,29,1,26,0,0,4.0,13.79,89.66,0.0
DK Dahani,1,4,3,1,2,1,0,4.0,133.33,66.67,33.33
GMK Jayaweera,2,4,9,2,6,0,0,2.0,44.44,66.67,0.0
W Kevin,1,4,5,1,4,1,0,4.0,80.0,80.0,20.0
AAM Eliane,3,4,31,1,27,0,0,4.0,12.9,87.1,0.0
S Mabuza,8,4,30,8,28,1,0,0.5,13.33,93.33,3.33
LKW Ezechiel,4,4,25,3,22,0,0,1.33,16.0,88.0,0.0
MZR Mohedano,2,4,18,1,10,0,0,4.0,22.22,55.56,0.0
LY Loch Srey,6,4,25,5,21,0,0,0.8,16.0,84.0,0.0
N Gumaliyele,1,4,10,1,6,0,0,4.0,40.0,60.0,0.0
S Kucuksucu,3,4,30,2,25,0,0,2.0,13.33,83.33,0.0
Mah Noor Amir,8,4,35,8,31,0,0,0.5,11.43,88.57,0.0
N Katechis,2,4,17,1,13,0,0,4.0,23.53,76.47,0.0
Sarandeep Singh,1,4,16,1,13,0,0,4.0,25.0,81.25,0.0
K De La Mare,1,4,6,1,3,0,0,4.0,66.67,50.0,0.0
P Ganeshan,2,4,12,0,8,0,0,4.0,33.33,66.67,0.0
Shagharai Sefat,2,4,10,2,6,0,0,2.0,40.0,60.0,0.0
Rizwan Mangera,2,4,19,2,15,0,0,2.0,21.05,78.95,0.0
R Smaran,1,4,4,1,3,1,0,4.0,100.0,75.0,25.0
RW Staple,2,4,11,2,10,1,0,2.0,36.36,90.91,9.09
A Chandila,2,4,7,1,3,0,0,4.0,57.14,42.86,0.0
RJ Ramjiawan,1,4,8,1,5,0,0,4.0,50.0,62.5,0.0
A Akurut,5,4,21,4,17,0,0,1.0,19.05,80.95,0.0
Zikria Islam,4,4,15,2,12,0,0,2.0,26.67,80.0,0.0
Zwe Htet Paing,2,3,6,1,3,0,0,3.0,50.0,50.0,0.0
Zoha Irfan,4,3,24,4,22,0,0,0.75,12.5,91.67,0.0
FEM Van Arkel,1,3,13,1,10,0,0,3.0,23.08,76.92,0.0
A Chenthamara,2,3,12,0,10,0,0,3.0,25.0,83.33,0.0
Laiba Nasrullah,4,3,31,1,28,0,0,3.0,9.68,90.32,0.0
A Fillie,3,3,13,3,11,0,0,1.0,23.08,84.62,0.0
LM Gwebu,7,3,46,6,43,0,0,0.5,6.52,93.48,0.0
M Tilau,3,3,16,3,13,0,0,1.0,18.75,81.25,0.0
K Taniguchi,1,3,18,1,15,0,0,3.0,16.67,83.33,0.0
Shadnan Khan,1,3,4,1,2,0,0,3.0,75.0,50.0,0.0
K Namchaikul,5,3,14,4,11,0,0,0.75,21.43,78.57,0.0
Z Motara,1,3,4,1,1,0,0,3.0,75.0,25.0,0.0
KK Sharma,2,3,8,1,5,0,0,3.0,37.5,62.5,0.0
KK Dobell,2,3,6,1,3,0,0,3.0,50.0,50.0,0.0
Rumeysa Alp,2,3,16,0,13,0,0,3.0,18.75,81.25,0.0
KHRK Fernando,2,3,14,1,11,0,0,3.0,21.43,78.57,0.0
Yash Singh,1,3,12,1,9,0,0,3.0,25.0,75.0,0.0
S Borakambi,1,3,3,0,1,0,0,3.0,100.0,33.33,0.0
S Bhanushali,2,3,13,1,10,0,0,3.0,23.08,76.92,0.0
Muhammad Tahir,1,3,10,1,8,0,0,3.0,30.0,80.0,0.0
JR Lennox,3,3,13,2,10,0,0,1.5,23.08,76.92,0.0
Lwin Maw,1,3,5,1,3,0,0,3.0,60.0,60.0,0.0
S Dadswell,1,3,4,1,1,0,0,3.0,75.0,25.0,0.0
P Desungnoen,1,3,4,1,1,0,0,3.0,75.0,25.0,0.0
BA Murphy,2,3,11,2,8,0,0,1.5,27.27,72.73,0.0
M Tiwari,1,3,4,1,2,0,0,3.0,75.0,50.0,0.0
S Carrington,1,3,11,1,8,0,0,3.0,27.27,72.73,0.0
R Olipa,1,3,4,1,1,0,0,3.0,75.0,25.0,0.0
R Ninan,1,3,6,1,2,0,0,3.0,50.0,33.33,0.0
Muhammed Imran,4,3,11,2,9,0,0,1.5,27.27,81.82,0.0
JJ Esmeijer,2,3,15,1,12,0,0,3.0,20.0,80.0,0.0
E Walker,4,3,19,0,16,0,0,3.0,15.79,84.21,0.0
MM Sarwar,1,3,3,0,1,0,0,3.0,100.0,33.33,0.0
Raunaq Kapur,1,3,5,1,2,0,0,3.0,60.0,40.0,0.0
S Elmsjoo,3,3,10,2,7,0,0,1.5,30.0,70.0,0.0
Wang Qi,4,3,16,2,13,0,0,1.5,18.75,81.25,0.0
S Jadhav,1,3,3,0,0,0,0,3.0,100.0,0.0,0.0
GJP Kruger,3,3,15,2,13,0,0,1.5,20.0,86.67,0.0
B Lewis,3,3,8,1,5,0,0,3.0,37.5,62.5,0.0
WT Mubayiwa,1,3,4,0,1,0,0,3.0,75.0,25.0,0.0
A Shamshudeen,1,3,28,1,25,0,0,3.0,10.71,89.29,0.0
N Dolianiti,3,3,14,2,11,0,0,1.5,21.43,78.57,0.0
Ma Qiancheng,6,3,31,4,28,0,0,0.75,9.68,90.32,0.0
DS Rathi,3,3,8,1,5,0,0,3.0,37.5,62.5,0.0
N Ila,1,3,3,0,0,0,0,3.0,100.0,0.0,0.0
DOD Rikhi,1,3,6,1,4,0,0,3.0,50.0,66.67,0.0
Maham Tariq,3,3,37,3,34,0,0,1.0,8.11,91.89,0.0
M Cargouet,5,3,29,4,26,0,0,0.75,10.34,89.66,0.0
JC Sokomanu,2,3,12,3,9,0,0,1.0,25.0,75.0,0.0
MJ Tugaga,1,3,2,0,0,0,0,3.0,150.0,0.0,0.0
KR Frost,1,3,5,1,3,0,0,3.0,60.0,60.0,0.0
S Lourens,1,3,6,1,4,0,0,3.0,50.0,66.67,0.0
S Lateh,1,3,5,0,3,0,0,3.0,60.0,60.0,0.0
Vinod Kumar,1,3,4,1,1,0,0,3.0,75.0,25.0,0.0
AD Fofana,3,3,18,2,15,0,0,1.5,16.67,83.33,0.0
KMC Bandara,2,3,7,0,4,0,0,3.0,42.86,57.14,0.0
R Brar,3,3,7,1,4,0,0,3.0,42.86,57.14,0.0
Rajab Hussain,2,3,6,1,3,0,0,3.0,50.0,50.0,0.0
M Faheem,3,3,7,3,4,0,0,1.0,42.86,57.14,0.0
V Tari,1,3,14,1,12,0,0,3.0,21.43,85.71,0.0
V Romani,3,3,14,2,11,0,0,1.5,21.43,78.57,0.0
RM D'Souza,3,3,9,3,6,0,0,1.0,33.33,66.67,0.0
J Otieno,1,3,4,0,1,0,0,3.0,75.0,25.0,0.0
D Soraine,2,3,9,2,6,0,0,1.5,33.33,66.67,0.0
R Abdulrasak,3,3,9,2,6,0,0,1.5,33.33,66.67,0.0
Preeti Bose,2,3,9,0,6,0,0,3.0,33.33,66.67,0.0
Prashant Shukla,1,3,4,0,2,0,0,3.0,75.0,50.0,0.0
Kamal Raja,2,3,15,2,12,0,0,1.5,20.0,80.0,0.0
Umer Khan,4,3,8,2,5,0,0,1.5,37.5,62.5,0.0
Joyleen Kaur,3,3,12,1,9,0,0,3.0,25.0,75.0,0.0
Saqlain Ali,2,3,7,2,4,0,0,1.5,42.86,57.14,0.0
Saqib Anwar,3,3,23,3,20,0,0,1.0,13.04,86.96,0.0
Sanjida Akter Meghla,4,3,16,2,13,0,0,1.5,18.75,81.25,0.0
Sangay Wangmo,2,3,12,1,9,0,0,3.0,25.0,75.0,0.0
D Kalyankrishna,1,3,8,1,5,0,0,3.0,37.5,62.5,0.0
AT Chuvale,1,3,8,0,5,0,0,3.0,37.5,62.5,0.0
U Anujin,2,3,7,1,4,0,0,3.0,42.86,57.14,0.0
NL Ujawe,3,3,4,1,1,0,0,3.0,75.0,25.0,0.0
Tazia Akhter,2,3,10,2,7,0,0,1.5,30.0,70.0,0.0
D Dawa,2,3,7,0,4,0,0,3.0,42.86,57.14,0.0
D Bourne,1,3,6,1,3,0,0,3.0,50.0,50.0,0.0
SA van Breda,1,3,8,1,5,0,0,3.0,37.5,62.5,0.0
D Gamage,2,3,10,1,7,0,0,3.0,30.0,70.0,0.0
H Hajnic,3,3,42,1,38,0,0,3.0,7.14,90.48,0.0
L Visser,1,3,4,1,2,0,0,3.0,75.0,50.0,0.0
Samiallah Khalil,2,3,6,2,4,0,0,1.5,50.0,66.67,0.0
BD Pare,1,3,5,1,3,0,0,3.0,60.0,60.0,0.0
Chinyenum George,1,3,5,1,2,0,0,3.0,60.0,40.0,0.0
KAB Hynam-Nyberg,2,3,4,1,2,0,0,3.0,75.0,50.0,0.0
KC Phohlo,3,3,17,3,14,0,0,1.0,17.65,82.35,0.0
PJ te Beest,2,3,49,1,46,0,0,3.0,6.12,93.88,0.0
TK Lal,1,3,2,1,0,0,0,3.0,150.0,0.0,0.0
Akeem Jordan,1,3,6,0,3,0,0,3.0,50.0,50.0,0.0
Ajay Kumar,2,3,9,1,6,0,0,3.0,33.33,66.67,0.0
Aishath Meesa Rameez,3,3,14,3,12,0,0,1.0,21.43,85.71,0.0
TJP Weo,2,3,9,1,6,0,0,3.0,33.33,66.67,0.0
CK Tshuma,2,3,31,3,29,0,0,1.0,9.68,93.55,0.0
M Munakata,1,3,8,0,5,0,0,3.0,37.5,62.5,0.0
MC Bascombe,1,3,7,1,5,0,0,3.0,42.86,71.43,0.0
HL Baker,1,3,3,0,1,0,0,3.0,100.0,33.33,0.0
HK Olonga,1,3,12,1,9,0,0,3.0,25.0,75.0,0.0
TCW Veillard,1,3,5,0,2,0,0,3.0,60.0,40.0,0.0
Imran Yousaf,2,3,6,0,3,0,0,3.0,50.0,50.0,0.0
SK Ravuri,1,3,8,0,5,0,0,3.0,37.5,62.5,0.0
SK Lahiri,2,3,7,1,5,0,0,3.0,42.86,71.43,0.0
CK Kruger,2,3,20,2,17,0,0,1.5,15.0,85.0,0.0
T Yangchen,2,3,9,1,7,0,0,3.0,33.33,77.78,0.0
KA Anderson,1,3,18,2,16,0,0,1.5,16.67,88.89,0.0
Hadia Siddiqui,4,3,16,2,13,0,0,1.5,18.75,81.25,0.0
Haroon Mughal,3,3,8,3,5,0,0,1.0,37.5,62.5,0.0
Maria Penna,3,3,17,2,12,0,0,1.5,17.65,70.59,0.0
T Shabani,1,3,2,1,0,0,0,3.0,150.0,0.0,0.0
C Stephenson,3,3,15,3,13,0,0,1.0,20.0,86.67,0.0
Ibrahim Karim,2,3,6,1,3,0,0,3.0,50.0,50.0,0.0
Hassan Nasir,1,3,3,0,1,0,0,3.0,100.0,33.33,0.0
L Senokwane,1,3,36,1,34,0,0,3.0,8.33,94.44,0.0
T Koloi,3,3,7,3,5,0,0,1.0,42.86,71.43,0.0
MSF Tedjui,1,3,4,1,2,0,0,3.0,75.0,50.0,0.0
SS Sawh,1,3,16,1,13,0,0,3.0,18.75,81.25,0.0
C Breteche,5,3,28,4,26,0,0,0.75,10.71,92.86,0.0
C Cummings,2,3,11,2,8,0,0,1.5,27.27,72.73,0.0
BLCS Kumara,2,3,7,2,5,0,0,1.5,42.86,71.43,0.0
Sajaa Fathimath,5,3,32,5,29,0,0,0.6,9.38,90.62,0.0
Hwanhee Lee,1,3,6,0,3,0,0,3.0,50.0,50.0,0.0
T Elikana,2,3,13,0,9,0,0,3.0,23.08,69.23,0.0
ES Grammenou,2,3,19,2,16,0,0,1.5,15.79,84.21,0.0
MA Parker,1,3,8,0,5,0,0,3.0,37.5,62.5,0.0
SV Collyer,1,3,24,2,21,0,0,1.5,12.5,87.5,0.0
ST de Silva,2,3,7,2,5,0,0,1.5,42.86,71.43,0.0
IGTR Kumara,1,3,12,1,10,0,0,3.0,25.0,83.33,0.0
IGTP Wiguna,1,3,9,0,6,0,0,3.0,33.33,66.67,0.0
O Bastin,2,3,11,1,9,0,0,3.0,27.27,81.82,0.0
Ashi Chopla,3,3,10,2,7,0,0,1.5,30.0,70.0,0.0
L Mutale,2,3,5,1,2,0,0,3.0,60.0,40.0,0.0
Bashir Shah,4,3,7,1,4,0,0,3.0,42.86,57.14,0.0
Basharat Hussain,3,3,15,1,12,0,0,3.0,20.0,80.0,0.0
Song Yangyang,1,3,7,0,4,0,0,3.0,42.86,57.14,0.0
P Madhukar,1,3,7,0,4,0,0,3.0,42.86,57.14,0.0
O Duff,2,3,2,1,1,0,0,3.0,150.0,50.0,0.0
O Chare,2,3,16,2,13,0,0,1.5,18.75,81.25,0.0
LP Griffiths,1,3,29,2,26,0,0,1.5,10.34,89.66,0.0
LO Telea,1,3,7,1,5,0,0,3.0,42.86,71.43,0.0
E Samson,2,3,3,1,1,0,0,3.0,100.0,33.33,0.0
E Sagoe,2,3,7,0,5,0,0,3.0,42.86,71.43,0.0
RJ Rolls,1,2,4,1,2,0,0,2.0,50.0,50.0,0.0
A Bhattarai,1,2,3,1,1,0,0,2.0,66.67,33.33,0.0
A Bhagwat,3,2,9,3,7,0,0,0.67,22.22,77.78,0.0
A Dineshi,3,2,15,3,14,0,0,0.67,13.33,93.33,0.0
R Tanna,1,2,3,0,1,0,0,2.0,66.67,33.33,0.0
K Nima,1,2,3,0,1,0,0,2.0,66.67,33.33,0.0
K Takahashi,1,2,3,1,1,0,0,2.0,66.67,33.33,0.0
JN Rhodes,1,2,6,1,4,0,0,2.0,33.33,66.67,0.0
E Mmese,1,2,10,1,9,0,0,2.0,20.0,90.0,0.0
E Millington,1,2,6,1,4,0,0,2.0,33.33,66.67,0.0
Ronald Ebanks,3,2,6,3,5,0,0,0.67,33.33,83.33,0.0
I Bardis,2,2,6,1,4,0,0,2.0,33.33,66.67,0.0
BS Sandhu,1,2,5,1,3,0,0,2.0,40.0,60.0,0.0
Z Makadji,4,2,11,3,9,0,0,0.67,18.18,81.82,0.0
Mongdara Sok,5,2,9,2,7,0,0,1.0,22.22,77.78,0.0
G Johnson,1,2,10,0,8,0,0,2.0,20.0,80.0,0.0
R Patten,3,2,9,1,7,0,0,2.0,22.22,77.78,0.0
Yousif Wali,1,2,2,1,1,0,0,2.0,100.0,50.0,0.0
Yin Chenhao,2,2,13,2,12,0,0,1.0,15.38,92.31,0.0
A Kansonkho,2,2,5,2,4,0,0,1.0,40.0,80.0,0.0
S Budhathoki,1,2,2,1,1,0,0,2.0,100.0,50.0,0.0
S Basharat,2,2,7,1,5,0,0,2.0,28.57,71.43,0.0
Yang Shen,2,2,3,1,1,0,0,2.0,66.67,33.33,0.0
Saarah Smith,2,2,4,1,2,0,0,2.0,50.0,50.0,0.0
Ashwini Balaji,2,2,7,2,6,0,0,1.0,28.57,85.71,0.0
A Letuba,2,2,8,2,7,0,0,1.0,25.0,87.5,0.0
A Lazic,2,2,3,1,1,0,0,2.0,66.67,33.33,0.0
Musfirah Nur Ainaa,3,2,6,1,4,0,0,2.0,33.33,66.67,0.0
M Trejbalova,3,2,36,1,33,0,0,2.0,5.56,91.67,0.0
P Buccimazza,2,2,13,2,11,0,0,1.0,15.38,84.62,0.0
BAC Howell,1,2,1,0,0,0,0,2.0,200.0,0.0,0.0
Sareer Shah,4,2,6,2,4,0,0,1.0,33.33,66.67,0.0
A Lupascu,1,2,9,1,7,0,0,2.0,22.22,77.78,0.0
G Campbell,1,2,8,1,6,0,0,2.0,25.0,75.0,0.0
G Batagoda,2,2,5,2,3,0,0,1.0,40.0,60.0,0.0
Muzammil Shahzad,3,2,16,3,14,0,0,0.67,12.5,87.5,0.0
A Motorwala,3,2,8,3,7,0,0,0.67,25.0,87.5,0.0
Waseeq Ahmed,2,2,3,0,1,0,0,2.0,66.67,33.33,0.0
A Orfila,2,2,9,2,8,0,0,1.0,22.22,88.89,0.0
IC Simao,6,2,11,3,9,0,0,0.67,18.18,81.82,0.0
L Nou,1,2,3,0,1,0,0,2.0,66.67,33.33,0.0
Aslam Bera,4,2,9,4,7,0,0,0.5,22.22,77.78,0.0
Saif Ullah Malik,1,2,3,1,2,0,0,2.0,66.67,66.67,0.0
BR Sharath,1,2,5,1,3,0,0,2.0,40.0,60.0,0.0
Sabahat Rasheed,1,2,3,0,1,0,0,2.0,66.67,33.33,0.0
Mohomed Saddam,2,2,11,3,9,0,0,0.67,18.18,81.82,0.0
Waqar Ali,1,2,2,0,0,0,0,2.0,100.0,0.0,0.0
DV Malewar,2,2,5,2,3,0,0,1.0,40.0,60.0,0.0
OS Oyronke,2,2,12,2,10,0,0,1.0,16.67,83.33,0.0
B Maes Loch,1,2,4,1,2,0,0,2.0,50.0,50.0,0.0
Waheeda Akhtar,2,2,11,2,9,0,0,1.0,18.18,81.82,0.0
M Bosman,1,2,7,1,5,0,0,2.0,28.57,71.43,0.0
LM Christensen,1,2,3,1,1,0,0,2.0,66.67,33.33,0.0
LM Aramas,2,2,8,2,6,0,0,1.0,25.0,75.0,0.0
A Stoilova,4,2,25,4,19,0,0,0.5,8.0,76.0,0.0
A Singh,5,2,10,4,7,0,0,0.5,20.0,70.0,0.0
GJ Snyman,1,2,6,1,4,0,0,2.0,33.33,66.67,0.0
K Dangol,3,2,7,1,5,0,0,2.0,28.57,71.43,0.0
Syed Jawad Haider,1,2,5,1,3,0,0,2.0,40.0,60.0,0.0
Sumit Singh,1,2,7,1,6,0,0,2.0,28.57,85.71,0.0
Sufyan Yousaf,1,2,4,1,2,0,0,2.0,50.0,50.0,0.0
DP Hernandez,2,2,12,1,9,0,0,2.0,16.67,75.0,0.0
LJ Hamilton,1,2,4,1,2,0,0,2.0,50.0,50.0,0.0
JA Turner,1,2,5,0,3,0,0,2.0,40.0,60.0,0.0
N Jovicevic,1,2,12,1,10,0,0,2.0,16.67,83.33,0.0
W Kokaua,1,2,4,0,2,0,0,2.0,50.0,50.0,0.0
R Dhami,1,2,4,0,1,0,0,2.0,50.0,25.0,0.0
S Lote,2,2,8,2,6,0,0,1.0,25.0,75.0,0.0
AAH Bhikari,2,2,11,2,9,0,0,1.0,18.18,81.82,0.0
N Mutasa,1,2,3,0,1,0,0,2.0,66.67,33.33,0.0
Shamma Ali,6,2,28,4,26,0,0,0.5,7.14,92.86,0.0
RS Higgins,2,2,20,2,18,0,0,1.0,10.0,90.0,0.0
Emran Shahbakhsh,1,2,2,0,1,0,0,2.0,100.0,50.0,0.0
Bilal Aftab,2,2,3,1,1,0,0,2.0,66.67,33.33,0.0
B Kasinja,3,2,7,0,5,0,0,2.0,28.57,71.43,0.0
Shahrukh Quddus,3,2,5,1,3,0,0,2.0,40.0,60.0,0.0
K Fubler,1,2,2,0,1,0,0,2.0,100.0,50.0,0.0
AD Diwan Ali,2,2,8,0,6,0,0,2.0,25.0,75.0,0.0
DKD Warnakulasuriya,2,2,13,1,11,0,0,2.0,15.38,84.62,0.0
VS Yeligati,1,2,2,1,1,0,0,2.0,100.0,50.0,0.0
DJ Terbrugge,1,2,25,2,22,0,0,1.0,8.0,88.0,0.0
J Pullen,2,2,15,2,13,0,0,1.0,13.33,86.67,0.0
S Nsubuga,3,2,6,2,4,0,0,1.0,33.33,66.67,0.0
R Vishwanath,1,2,3,0,1,0,0,2.0,66.67,33.33,0.0
EF Faalupega,2,2,6,2,4,0,0,1.0,33.33,66.67,0.0
KA Jadhav,1,2,14,1,12,0,0,2.0,14.29,85.71,0.0
M Patwardhan,3,2,17,4,14,0,0,0.5,11.76,82.35,0.0
Komalpreet Grewal,1,2,10,1,8,0,0,2.0,20.0,80.0,0.0
Kiyo Fujikawa,1,2,16,0,14,0,0,2.0,12.5,87.5,0.0
Mobashar Ashraf,1,2,4,1,2,0,0,2.0,50.0,50.0,0.0
Mihir Patel,1,2,2,1,1,0,0,2.0,100.0,50.0,0.0
AJ Parmar,5,2,8,1,5,0,0,2.0,25.0,62.5,0.0
KO Elliott,1,2,13,1,11,0,0,2.0,15.38,84.62,0.0
S Pitabeddara,2,2,4,2,3,0,0,1.0,50.0,75.0,0.0
F Qian,1,2,6,1,4,0,0,2.0,33.33,66.67,0.0
KP Appanna,3,2,4,1,2,0,0,2.0,50.0,50.0,0.0
Fahad Nawaz,2,2,10,2,8,0,0,1.0,20.0,80.0,0.0
AK Mandal,1,2,9,1,7,0,0,2.0,22.22,77.78,0.0
Jandu Hamoud,1,2,4,1,2,0,0,2.0,50.0,50.0,0.0
S Saenya,1,2,6,0,4,0,0,2.0,33.33,66.67,0.0
M Gherasim,2,2,6,1,4,0,0,2.0,33.33,66.67,0.0
AP Venkata,1,2,9,1,7,0,0,2.0,22.22,77.78,0.0
H Das,1,2,5,1,3,0,0,2.0,40.0,60.0,0.0
S Talamarla,2,2,8,2,6,0,0,1.0,25.0,75.0,0.0
S Stanikzay,3,2,5,3,3,0,0,0.67,40.0,60.0,0.0
KR Sen,2,2,7,0,5,0,0,2.0,28.57,71.43,0.0
KT Sandher,1,2,6,1,4,0,0,2.0,33.33,66.67,0.0
Aridah Umer Farooq,2,2,19,2,17,0,0,1.0,10.53,89.47,0.0
Archara Supriya,3,2,9,1,7,0,0,2.0,22.22,77.78,0.0
J Pashley,1,2,15,1,13,0,0,2.0,13.33,86.67,0.0
AR Menon,1,2,5,1,3,0,0,2.0,40.0,60.0,0.0
AS Alvarez,3,2,26,3,20,0,0,0.67,7.69,76.92,0.0
AR Shetty,1,2,7,1,4,0,0,2.0,28.57,57.14,0.0
AR Poulter,1,2,6,0,4,0,0,2.0,33.33,66.67,0.0
M Kagoya,1,2,1,0,0,0,0,2.0,200.0,0.0,0.0
I Mutoni,1,2,2,0,0,0,0,2.0,100.0,0.0,0.0
I Muntean,4,2,14,4,12,0,0,0.5,14.29,85.71,0.0
D Mogan,1,2,8,1,6,0,0,2.0,25.0,75.0,0.0
Sajjad Ali,1,2,2,1,1,0,0,2.0,100.0,50.0,0.0
BM Anusha,1,2,5,0,3,0,0,2.0,40.0,60.0,0.0
Humna Bilal,2,2,3,1,1,0,0,2.0,66.67,33.33,0.0
Anskumar Ahir,1,2,6,0,4,0,0,2.0,33.33,66.67,0.0
Anop Santosh,1,2,9,1,7,0,0,2.0,22.22,77.78,0.0
H Elder,2,2,3,1,1,0,0,2.0,66.67,33.33,0.0
Joanna Child,1,2,8,1,6,0,0,2.0,25.0,75.0,0.0
J Khadka,3,2,4,1,2,0,0,2.0,50.0,50.0,0.0
S Vijayakumar,2,2,5,2,3,0,0,1.0,40.0,60.0,0.0
S Vig,1,2,8,1,6,0,0,2.0,25.0,75.0,0.0
D Lakshan,1,2,9,1,7,0,0,2.0,22.22,77.78,0.0
Aakash Chand,2,2,6,0,4,0,0,2.0,33.33,66.67,0.0
Tripti Gore,2,2,12,3,10,0,0,0.67,16.67,83.33,0.0
H Little,1,2,4,1,3,0,0,2.0,50.0,75.0,0.0
PR George,1,2,11,2,10,0,0,1.0,18.18,90.91,0.0
S di Bartolomeo,1,2,2,0,1,0,0,2.0,100.0,50.0,0.0
J Long,1,2,6,0,4,0,0,2.0,33.33,66.67,0.0
Mohammad Hamza,1,2,4,1,2,0,0,2.0,50.0,50.0,0.0
Aarnav Patel,2,2,7,0,5,0,0,2.0,28.57,71.43,0.0
SB Odedra,1,2,34,2,32,0,0,1.0,5.88,94.12,0.0
SA Pradhan,1,2,6,0,4,0,0,2.0,33.33,66.67,0.0
MS Tshabalala,1,2,3,0,1,0,0,2.0,66.67,33.33,0.0
Ibtisam Sheikh,1,2,6,0,4,0,0,2.0,33.33,66.67,0.0
BR Dorey,1,2,8,1,6,0,0,2.0,25.0,75.0,0.0
BP Adapaka,4,2,4,1,2,0,0,2.0,50.0,50.0,0.0
Tasaduq Hussain,2,2,6,2,4,0,0,1.0,33.33,66.67,0.0
Tareq Aziz,1,2,11,0,9,0,0,2.0,18.18,81.82,0.0
L Zulu,1,2,5,1,3,0,0,2.0,40.0,60.0,0.0
H Pile,1,2,6,1,5,0,0,2.0,33.33,83.33,0.0
L Kumari,1,2,9,1,7,0,0,2.0,22.22,77.78,0.0
BE McGain,1,2,16,1,14,0,0,2.0,12.5,87.5,0.0
Azin Rafeeg,1,2,5,0,3,0,0,2.0,40.0,60.0,0.0
C Jennings,2,2,6,2,4,0,0,1.0,33.33,66.67,0.0
L Samani,3,2,13,3,11,0,0,0.67,15.38,84.62,0.0
T Lhaden,2,2,5,2,3,0,0,1.0,40.0,60.0,0.0
Choudhry Md Imran,2,2,3,2,2,0,0,1.0,66.67,66.67,0.0
SC Meaker,2,2,16,2,14,0,0,1.0,12.5,87.5,0.0
Abu Zar,1,2,3,1,2,0,0,2.0,66.67,66.67,0.0
Rahimgul Naseri,2,2,7,2,5,0,0,1.0,28.57,71.43,0.0
SD Diwan Ali,2,2,17,2,15,0,0,1.0,11.76,88.24,0.0
L Stubbs,3,2,24,3,22,0,0,0.67,8.33,91.67,0.0
RDS Morein,4,2,11,1,10,0,0,2.0,18.18,90.91,0.0
Fawad Ali,1,2,2,0,1,0,0,2.0,100.0,50.0,0.0
Camila Valdes,4,2,58,4,56,0,0,0.5,3.45,96.55,0.0
CV Harrison,1,2,4,0,2,0,0,2.0,50.0,50.0,0.0
Franz Bur,1,2,7,0,4,0,0,2.0,28.57,57.14,0.0
KC Hodsoll,1,2,5,0,3,0,0,2.0,40.0,60.0,0.0
Rahman Ademi,3,2,12,3,10,0,0,0.67,16.67,83.33,0.0
M Martin,1,2,6,1,5,0,0,2.0,33.33,83.33,0.0
M Marin,3,2,31,2,27,0,0,1.0,6.45,87.1,0.0
M Marchello,3,2,11,2,9,0,0,1.0,18.18,81.82,0.0
Anmoldeep Singh,1,2,7,1,5,0,0,2.0,28.57,71.43,0.0
C Prathyusha,1,2,3,0,1,0,0,2.0,66.67,33.33,0.0
C Namugenyi,2,2,3,1,2,0,0,2.0,66.67,66.67,0.0
HE Whelan,1,2,16,0,14,0,0,2.0,12.5,87.5,0.0
PK Dimitri,4,2,10,2,8,0,0,1.0,20.0,80.0,0.0
H Wenehoua,2,2,7,2,6,0,0,1.0,28.57,85.71,0.0
Ahmad Raza,2,2,4,0,2,0,0,2.0,50.0,50.0,0.0
Ahmad Khalid Ahmadzai,3,2,11,3,9,0,0,0.67,18.18,81.82,0.0
TO Thilappan,3,2,9,3,7,0,0,0.67,22.22,77.78,0.0
Akash Babu,3,2,6,3,5,0,0,0.67,33.33,83.33,0.0
Ajaz Patel,2,2,11,2,9,0,0,1.0,18.18,81.82,0.0
Nabaa Naseem,3,2,26,3,24,0,0,0.67,7.69,92.31,0.0
SJ Patel,4,2,11,3,9,0,0,0.67,18.18,81.82,0.0
SJ Hate,1,2,3,0,1,0,0,2.0,66.67,33.33,0.0
SFS Cheema,4,2,8,4,6,0,0,0.5,25.0,75.0,0.0
Jiyeon Park (2),3,2,8,1,6,0,0,2.0,25.0,75.0,0.0
Ignacio Lisboa,1,2,6,1,5,0,0,2.0,33.33,83.33,0.0
TG Thamae,4,2,13,4,11,0,0,0.5,15.38,84.62,0.0
PG Gillespie,2,2,11,2,9,0,0,1.0,18.18,81.82,0.0
M May,1,2,2,0,0,0,0,2.0,100.0,0.0,0.0
Aviel Warsulkar,2,2,3,0,2,0,0,2.0,66.67,66.67,0.0
Attia Diwan Ali,2,2,11,1,9,0,0,2.0,18.18,81.82,0.0
Shivam Singh,1,2,3,0,1,0,0,2.0,66.67,33.33,0.0
B Angeltti,2,2,5,2,4,0,0,1.0,40.0,80.0,0.0
M Smook,1,2,2,0,0,0,0,2.0,100.0,0.0,0.0
Nasir Javed,1,2,19,0,16,0,0,2.0,10.53,84.21,0.0
Hafiz Qaleem,1,2,4,1,2,0,0,2.0,50.0,50.0,0.0
Mario Ovalle,1,2,8,1,6,0,0,2.0,25.0,75.0,0.0
RP Mitchell,2,2,5,0,3,0,0,2.0,40.0,60.0,0.0
K Kamyuka,1,2,2,1,1,0,0,2.0,100.0,50.0,0.0
Khazaima,3,2,8,3,6,0,0,0.67,25.0,75.0,0.0
Faizal Salehji,1,2,2,1,1,0,0,2.0,100.0,50.0,0.0
RG More,1,2,2,0,0,0,0,2.0,100.0,0.0,0.0
Junaed Mullah,1,2,12,1,10,0,0,2.0,16.67,83.33,0.0
Harry Johnson,2,2,3,1,1,0,0,2.0,66.67,33.33,0.0
MBT Montero,2,2,43,2,38,0,0,1.0,4.65,88.37,0.0
Lovedeep Singh,1,2,2,0,0,0,0,2.0,100.0,0.0,0.0
A Dowling,1,2,3,1,1,0,0,2.0,66.67,33.33,0.0
Zhang Xiangxue,1,2,2,0,1,0,0,2.0,100.0,50.0,0.0
MS Bhandage,1,1,4,1,3,0,0,1.0,25.0,75.0,0.0
MR Montfort,1,1,1,0,0,0,0,1.0,100.0,0.0,0.0
Zhao Yihan,1,1,2,1,1,0,0,1.0,50.0,50.0,0.0
Zuber Sunasara,1,1,7,1,6,0,0,1.0,14.29,85.71,0.0
A Charles,1,1,3,1,2,0,0,1.0,33.33,66.67,0.0
Rhyda Ofori,1,1,3,1,2,0,0,1.0,33.33,66.67,0.0
Riyaz Kajalwala,2,1,9,1,8,0,0,1.0,11.11,88.89,0.0
K Nagnama,2,1,9,3,8,0,0,0.33,11.11,88.89,0.0
Muhammad Ismail,1,1,2,0,1,0,0,1.0,50.0,50.0,0.0
A Gavde,1,1,6,1,5,0,0,1.0,16.67,83.33,0.0
Moniruzzaman,2,1,20,2,19,0,0,0.5,5.0,95.0,0.0
K Amuge,3,1,7,3,6,0,0,0.33,14.29,85.71,0.0
T Skordili,1,1,5,1,4,0,0,1.0,20.0,80.0,0.0
Harprit Singh,1,1,1,0,0,0,0,1.0,100.0,0.0,0.0
A Cespedes,2,1,11,2,10,0,0,0.5,9.09,90.91,0.0
Lee Ra,1,1,1,0,0,0,0,1.0,100.0,0.0,0.0
Lavanya Pillai,1,1,10,0,9,0,0,1.0,10.0,90.0,0.0
KJ Harding,1,1,1,0,0,0,0,1.0,100.0,0.0,0.0
G Mallett,2,1,8,1,7,0,0,1.0,12.5,87.5,0.0
A Kanwal,1,1,9,1,8,0,0,1.0,11.11,88.89,0.0
R Murugan,3,1,7,2,6,0,0,0.5,14.29,85.71,0.0
G Wijekoon,2,1,5,1,4,0,0,1.0,20.0,80.0,0.0
S Browne,2,1,9,2,8,0,0,0.5,11.11,88.89,0.0
Saba Ali Syeda,2,1,6,0,5,0,0,1.0,16.67,83.33,0.0
Alifiya Sayed,3,1,13,1,12,0,0,1.0,7.69,92.31,0.0
T Ulutuna,1,1,2,1,1,0,0,1.0,50.0,50.0,0.0
T Turan,3,1,7,2,6,0,0,0.5,14.29,85.71,0.0
SM Ariyasinghage,3,1,6,3,5,0,0,0.33,16.67,83.33,0.0
SL Clephane,1,1,6,1,5,0,0,1.0,16.67,83.33,0.0
SM Shakil,1,1,2,0,1,0,0,1.0,50.0,50.0,0.0
SZ Mulani,1,1,1,0,0,0,0,1.0,100.0,0.0,0.0
SYS Assegon,2,1,18,2,17,0,0,0.5,5.56,94.44,0.0
Bilal Shah,1,1,1,0,0,0,0,1.0,100.0,0.0,0.0
Srishti Raha,2,1,4,2,3,0,0,0.5,25.0,75.0,0.0
Ashwani Kumar,1,1,6,0,5,0,0,1.0,16.67,83.33,0.0
Ashok Sharma,2,1,4,0,3,0,0,1.0,25.0,75.0,0.0
Sonam Palden,1,1,5,1,4,0,0,1.0,20.0,80.0,0.0
M Sert,2,1,8,2,7,0,0,0.5,12.5,87.5,0.0
M Sefati,2,1,4,2,3,0,0,0.5,25.0,75.0,0.0
Imtiaz Khan,1,1,1,0,0,0,0,1.0,100.0,0.0,0.0
Mariska Kornet,2,1,15,2,14,0,0,0.5,6.67,93.33,0.0
Kashif Ali,1,1,12,1,11,0,0,1.0,8.33,91.67,0.0
JR Lucky,2,1,8,1,7,0,0,1.0,12.5,87.5,0.0
Musawar Shah,1,1,1,0,0,0,0,1.0,100.0,0.0,0.0
Murat Ipek,2,1,2,1,1,0,0,1.0,50.0,50.0,0.0
P Cabebula,4,1,10,3,9,0,0,0.33,10.0,90.0,0.0
Sargam Patel,1,1,2,1,1,0,0,1.0,50.0,50.0,0.0
S Chandnani,1,1,4,1,3,0,0,1.0,25.0,75.0,0.0
E Henry,1,1,4,1,3,0,0,1.0,25.0,75.0,0.0
G Setshwane,2,1,5,1,4,0,0,1.0,20.0,80.0,0.0
YP Molina,2,1,4,1,3,0,0,1.0,25.0,75.0,0.0
Y Punja,1,1,6,1,5,0,0,1.0,16.67,83.33,0.0
GDR Eranga,1,1,1,0,0,0,0,1.0,100.0,0.0,0.0
S Dhami,1,1,8,1,7,0,0,1.0,12.5,87.5,0.0
Mutaiba Ansar,1,1,6,1,4,0,0,1.0,16.67,66.67,0.0
A Nyirenda,1,1,4,1,3,0,0,1.0,25.0,75.0,0.0
R Mahajan,1,1,1,0,0,0,0,1.0,100.0,0.0,0.0
EC Bargna,1,1,2,0,1,0,0,1.0,50.0,50.0,0.0
KD Mehta,1,1,2,1,1,0,0,1.0,50.0,50.0,0.0
Ravinder Gill,1,1,1,0,0,0,0,1.0,100.0,0.0,0.0
Rashid Hashmi,1,1,14,1,13,0,0,1.0,7.14,92.86,0.0
JS Jesani,1,1,5,1,4,0,0,1.0,20.0,80.0,0.0
TB Godisamang,5,1,15,2,14,0,0,0.5,6.67,93.33,0.0
Shruti Yadav,3,1,7,2,6,0,0,0.5,14.29,85.71,0.0
Shoaib Ahmed,3,1,6,2,5,0,0,0.5,16.67,83.33,0.0
I Vrignaud,2,1,13,2,12,0,0,0.5,7.69,92.31,0.0
I Uboh,2,1,4,1,3,0,0,1.0,25.0,75.0,0.0
M Samake,1,1,6,1,5,0,0,1.0,16.67,83.33,0.0
L Pemhiwa,1,1,2,0,1,0,0,1.0,50.0,50.0,0.0
Mohit Rathee,1,1,2,0,1,0,0,1.0,50.0,50.0,0.0
RL D'Souza,4,1,24,3,23,0,0,0.33,4.17,95.83,0.0
S Farooq,1,1,1,0,0,0,0,1.0,100.0,0.0,0.0
T Sarada,1,1,4,1,3,0,0,1.0,25.0,75.0,0.0
Aneeta Santhosh,1,1,7,1,6,0,0,1.0,14.29,85.71,0.0
T Mufudza,1,1,9,1,8,0,0,1.0,11.11,88.89,0.0
Alawi Shukri,1,1,3,1,2,0,0,1.0,33.33,66.67,0.0
M Mpongwana,1,1,2,0,1,0,0,1.0,50.0,50.0,0.0
Wania Malik,2,1,2,1,1,0,0,1.0,50.0,50.0,0.0
R Kassim,1,1,2,0,1,0,0,1.0,50.0,50.0,0.0
R Hathadurage,2,1,11,2,10,0,0,0.5,9.09,90.91,0.0
GJ McCarter,1,1,1,0,0,0,0,1.0,100.0,0.0,0.0
S Kailath,4,1,13,4,12,0,0,0.25,7.69,92.31,0.0
S Jeelany,1,1,10,2,9,0,0,0.5,10.0,90.0,0.0
DVO Garcia,1,1,13,0,7,0,0,1.0,7.69,53.85,0.0
MJV Villalobos,1,1,3,0,2,0,0,1.0,33.33,66.67,0.0
KM Amoe,1,1,12,1,11,0,0,1.0,8.33,91.67,0.0
KL Gordon,1,1,1,0,0,0,0,1.0,100.0,0.0,0.0
Sara,2,1,6,2,4,0,0,0.5,16.67,66.67,0.0
Omid Shafi Rahman,3,1,13,2,12,0,0,0.5,7.69,92.31,0.0
OS Dlamini,3,1,16,2,15,0,0,0.5,6.25,93.75,0.0
K Cawte,3,1,8,1,7,0,0,1.0,12.5,87.5,0.0
Aima Aishath,3,1,27,2,26,0,0,0.5,3.7,96.3,0.0
Ahsan ul Haq,2,1,6,2,5,0,0,0.5,16.67,83.33,0.0
TM Anker,1,1,7,0,6,0,0,1.0,14.29,85.71,0.0
Nadeesha Waruwangodage,1,1,9,1,8,0,0,1.0,11.11,88.89,0.0
CM Mbebe,1,1,5,0,4,0,0,1.0,20.0,80.0,0.0
CM Beggs,1,1,16,0,15,0,0,1.0,6.25,93.75,0.0
SJ Bruce,1,1,9,0,8,0,0,1.0,11.11,88.89,0.0
Mariam Waseem,1,1,6,1,5,0,0,1.0,16.67,83.33,0.0
Maria Salazar,4,1,16,4,14,0,0,0.25,6.25,87.5,0.0
A Pavlickova,1,1,16,1,15,0,0,1.0,6.25,93.75,0.0
M Brasier,2,1,4,1,3,0,0,1.0,25.0,75.0,0.0
JF Smagacz,1,1,1,0,0,0,0,1.0,100.0,0.0,0.0
WJR Robertson,1,1,2,0,1,0,0,1.0,50.0,50.0,0.0
S Khatri,3,1,32,3,30,0,0,0.33,3.12,93.75,0.0
Emilia Toro,2,1,16,1,15,0,0,1.0,6.25,93.75,0.0
Eman Said,1,1,1,1,0,0,0,1.0,100.0,0.0,0.0
IIR Bhana,1,1,3,1,2,0,0,1.0,33.33,66.67,0.0
C Sanda,1,1,9,1,8,0,0,1.0,11.11,88.89,0.0
Haris Karim,1,1,3,1,2,0,0,1.0,33.33,66.67,0.0
Hasan Raza,1,1,18,2,17,0,0,0.5,5.56,94.44,0.0
T Misi,1,1,1,1,0,0,0,1.0,100.0,0.0,0.0
Chare Smith,2,1,4,1,3,0,0,1.0,25.0,75.0,0.0
PM Sarvesh Kumar,1,1,2,0,1,0,0,1.0,50.0,50.0,0.0
H Virdee,1,1,1,0,0,0,0,1.0,100.0,0.0,0.0
Asad Rasheed,2,1,3,0,2,0,0,1.0,33.33,66.67,0.0
Sukhkaran Sahi,1,1,2,1,1,0,0,1.0,50.0,50.0,0.0
Sukhjinder Singh,1,1,4,0,3,0,0,1.0,25.0,75.0,0.0
DP Vijaykumar,1,1,1,0,0,0,0,1.0,100.0,0.0,0.0
DP David,1,1,2,1,1,0,0,1.0,50.0,50.0,0.0
JC Hartenhof,1,1,2,0,1,0,0,1.0,50.0,50.0,0.0
SDM Herath,1,1,2,1,1,0,0,1.0,50.0,50.0,0.0
SD Ranawaka,3,1,17,3,16,0,0,0.33,5.88,94.12,0.0
Mohammad Asaduzzaman,2,1,2,1,1,0,0,1.0,50.0,50.0,0.0
Izhar Hussain,1,1,5,1,4,0,0,1.0,20.0,80.0,0.0
NSS Sharma,2,1,4,1,3,0,0,1.0,25.0,75.0,0.0
NSK Mehta,2,1,3,2,2,0,0,0.5,33.33,66.67,0.0
L Stanfergin,1,1,9,1,8,0,0,1.0,11.11,88.89,0.0
T Mosobela,1,1,4,1,3,0,0,1.0,25.0,75.0,0.0
N Gocheva,5,1,10,3,9,0,0,0.33,10.0,90.0,0.0
N Gnanapragasam,2,1,5,2,4,0,0,0.5,20.0,80.0,0.0
S Kunaratnam,1,1,8,1,7,0,0,1.0,12.5,87.5,0.0
N Kayani,1,1,1,0,0,0,0,1.0,100.0,0.0,0.0
W Mwayenga,2,1,11,2,10,0,0,0.5,9.09,90.91,0.0
AA Hussein,1,1,1,0,0,0,0,1.0,100.0,0.0,0.0
W Matabwa,2,1,6,1,5,0,0,1.0,16.67,83.33,0.0
MJ Suthar,1,1,2,1,1,0,0,1.0,50.0,50.0,0.0
MJ Saggers,1,1,12,1,11,0,0,1.0,8.33,91.67,0.0
AC Frame,1,1,3,0,2,0,0,1.0,33.33,66.67,0.0
N Nankov,1,1,5,1,4,0,0,1.0,20.0,80.0,0.0
AD Janakanthymala,2,1,15,1,14,0,0,1.0,6.67,93.33,0.0
RV Nascimento,1,1,1,0,0,0,0,1.0,100.0,0.0,0.0
RR Ramdass,1,1,9,1,8,0,0,1.0,11.11,88.89,0.0
Adnan Shnwarei,1,1,3,1,2,0,0,1.0,33.33,66.67,0.0
Kashif Bhatti,1,1,1,0,0,0,0,1.0,100.0,0.0,0.0
SD Parry,1,1,1,0,0,0,0,1.0,100.0,0.0,0.0
H Sin Yee,2,1,10,1,9,0,0,1.0,10.0,90.0,0.0
Mohammad Atif,1,1,2,1,1,0,0,1.0,50.0,50.0,0.0
Mohammad Asghar,3,1,5,1,4,0,0,1.0,20.0,80.0,0.0
RD Penalba,1,1,2,1,1,0,0,1.0,50.0,50.0,0.0
MT Herbert,1,1,21,1,20,0,0,1.0,4.76,95.24,0.0
F Malotutoatasi,1,1,4,0,3,0,0,1.0,25.0,75.0,0.0
Nelson Jesus Navarrete Aburto,1,1,8,1,7,0,0,1.0,12.5,87.5,0.0
Hee Jung Lee,2,1,8,2,7,0,0,0.5,12.5,87.5,0.0
Hawwa Shaaiqa,3,1,18,3,17,0,0,0.33,5.56,94.44,0.0
C Liebenberg,1,1,1,1,0,0,0,1.0,100.0,0.0,0.0
SPY Baron,1,1,10,1,8,0,0,1.0,10.0,80.0,0.0
L Ruane,1,1,5,1,4,0,0,1.0,20.0,80.0,0.0
SC Kerrigan,1,1,12,0,11,0,0,1.0,8.33,91.67,0.0
Emylia Eliani,1,1,7,1,6,0,0,1.0,14.29,85.71,0.0
SV Wiig,1,1,1,0,0,0,0,1.0,100.0,0.0,0.0
ST Yalimaiwai,2,1,2,1,1,0,0,1.0,50.0,50.0,0.0
C Anayo,1,1,1,0,0,0,0,1.0,100.0,0.0,0.0
Brijesh Sharma,1,1,3,0,2,0,0,1.0,33.33,66.67,0.0
Matiullah Khan,2,1,5,0,4,0,0,1.0,20.0,80.0,0.0
Masood Jayezeh,1,1,4,1,3,0,0,1.0,25.0,75.0,0.0
K Gray,1,1,9,1,8,0,0,1.0,11.11,88.89,0.0
P Gundecha,1,1,11,0,10,0,0,1.0,9.09,90.91,0.0
DJ Muthuswami,1,1,3,1,2,0,0,1.0,33.33,66.67,0.0
DJ Mokoatsela,1,1,4,1,3,0,0,1.0,25.0,75.0,0.0
S Mills,1,1,3,0,2,0,0,1.0,33.33,66.67,0.0
GR Menes,4,1,11,3,10,0,0,0.33,9.09,90.91,0.0
M Shiraz,1,1,1,0,0,0,0,1.0,100.0,0.0,0.0
L Kooagile,1,1,1,0,0,0,0,1.0,100.0,0.0,0.0
Samantha Singham,1,1,8,1,7,0,0,1.0,12.5,87.5,0.0
K Hruskova,2,1,8,2,7,0,0,0.5,12.5,87.5,0.0
N Ndzeute,1,1,2,0,1,0,0,1.0,50.0,50.0,0.0
J de Figueiredo,1,1,3,1,2,0,0,1.0,33.33,66.67,0.0
N Ndouteng,2,1,5,1,4,0,0,1.0,20.0,80.0,0.0
R Bowers-Fleming,1,1,8,2,7,0,0,0.5,12.5,87.5,0.0
Ghulam Mudassar,2,1,3,0,2,0,0,1.0,33.33,66.67,0.0
Mahrukh Imtiaz,1,1,7,1,6,0,0,1.0,14.29,85.71,0.0
S Nair,2,1,7,2,6,0,0,0.5,14.29,85.71,0.0
C Atkins,1,1,2,1,1,0,0,1.0,50.0,50.0,0.0
Abdul Majid,1,1,1,0,0,0,0,1.0,100.0,0.0,0.0
L Vua,2,1,5,1,4,0,0,1.0,20.0,80.0,0.0
NO Tindo,1,1,1,0,0,0,0,1.0,100.0,0.0,0.0
M Le Ray,1,1,8,0,7,0,0,1.0,12.5,87.5,0.0
AE Moe,2,1,7,2,6,0,0,0.5,14.29,85.71,0.0
N Tsiame,1,1,4,1,3,0,0,1.0,25.0,75.0,0.0
GRD Munasinghe,3,1,10,3,9,0,0,0.33,10.0,90.0,0.0
KA Knight,1,1,1,0,0,0,0,1.0,100.0,0.0,0.0
V Vithanage,2,1,4,2,3,0,0,0.5,25.0,75.0,0.0
AG Rao,1,1,4,1,3,0,0,1.0,25.0,75.0,0.0
LC Romero,2,1,7,2,6,0,0,0.5,14.29,85.71,0.0
Syed Rehmatullah,1,1,2,0,1,0,0,1.0,50.0,50.0,0.0
Arshad Mazarzei,1,1,11,1,10,0,0,1.0,9.09,90.91,0.0
M Pugi,1,1,1,0,0,0,0,1.0,100.0,0.0,0.0
P Sadev,1,1,4,1,3,0,0,1.0,25.0,75.0,0.0
P Parameswaran,2,1,2,0,1,0,0,1.0,50.0,50.0,0.0
P Nakitende,1,1,3,1,2,0,0,1.0,33.33,66.67,0.0
Kinaanath Ismail,3,1,16,4,15,0,0,0.25,6.25,93.75,0.0
Mirza Ahmed,2,1,2,0,1,0,0,1.0,50.0,50.0,0.0
M Dailesi,2,1,14,2,13,0,0,0.5,7.14,92.86,0.0
D Dzimau,1,1,2,0,1,0,0,1.0,50.0,50.0,0.0
S Zafar,3,1,7,0,6,0,0,1.0,14.29,85.71,0.0
Tharika Sewwandi,1,1,2,0,1,0,0,1.0,50.0,50.0,0.0
Abdul Nasir,2,1,4,1,3,0,0,1.0,25.0,75.0,0.0
T Leskinen,1,1,1,0,0,0,0,1.0,100.0,0.0,0.0
Nishma Pereira,1,1,10,1,9,0,0,1.0,10.0,90.0,0.0
S Ogundipe,1,1,3,0,2,0,0,1.0,33.33,66.67,0.0
Jaison Jerome,2,1,5,2,4,0,0,0.5,20.0,80.0,0.0
K Mahato,2,1,10,0,9,0,0,1.0,10.0,90.0,0.0
K Kubota,2,1,2,0,1,0,0,1.0,50.0,50.0,0.0
K Kisova,5,1,34,5,33,0,0,0.2,2.94,97.06,0.0
AM Kupito,2,1,3,2,2,0,0,0.5,33.33,66.67,0.0
AL Tiwari,1,1,3,0,2,0,0,1.0,33.33,66.67,0.0
MF Manjate,3,1,5,3,4,0,0,0.33,20.0,80.0,0.0
Kanchan Shrestha,1,1,9,0,8,0,0,1.0,11.11,88.89,0.0
Toqeer Ahmad,2,1,4,2,3,0,0,0.5,25.0,75.0,0.0
Abdul Basith,1,1,1,0,0,0,0,1.0,100.0,0.0,0.0
NM Carter,2,1,12,2,11,0,0,0.5,8.33,91.67,0.0
PVSN Raju,1,1,1,0,0,0,0,1.0,100.0,0.0,0.0
H Lui,1,1,7,1,6,0,0,1.0,14.29,85.71,0.0
Mohammad Kashif,1,1,11,1,10,0,0,1.0,9.09,90.91,0.0
V Hettiarachchi,1,1,2,1,1,0,0,1.0,50.0,50.0,0.0
S Sebastian,1,1,19,1,17,0,0,1.0,5.26,89.47,0.0
S Simic,3,1,14,0,12,0,0,1.0,7.14,85.71,0.0
Qasim Anwar,1,1,2,1,1,0,0,1.0,50.0,50.0,0.0
QF Djakaridja,5,1,25,4,24,0,0,0.25,4.0,96.0,0.0
Pushpa Murali,2,1,4,2,3,0,0,0.5,25.0,75.0,0.0
Sajid Safi,1,1,3,0,2,0,0,1.0,33.33,66.67,0.0
P Hingorani,3,1,6,1,5,0,0,1.0,16.67,83.33,0.0
P Hatzoglou,1,1,4,1,3,0,0,1.0,25.0,75.0,0.0
NJ Rimmington,1,1,1,0,0,0,0,1.0,100.0,0.0,0.0
AS Patil,2,1,3,1,2,0,0,1.0,33.33,66.67,0.0
V Atanasova,5,1,37,2,35,0,0,0.5,2.7,94.59,0.0
LE Milliken,1,1,3,0,2,0,0,1.0,33.33,66.67,0.0
AR Nair,2,1,2,1,1,0,0,1.0,50.0,50.0,0.0
H Dassanayake,2,1,12,2,10,0,0,0.5,8.33,83.33,0.0
NJ Qaeze,3,1,10,3,9,0,0,0.33,10.0,90.0,0.0
Aqif Farooq,1,1,4,1,3,0,0,1.0,25.0,75.0,0.0
T Batjargal,2,1,3,1,2,0,0,1.0,33.33,66.67,0.0
Rahila Firdous,1,1,1,0,0,0,0,1.0,100.0,0.0,0.0
EP Thompson,1,1,1,0,0,0,0,1.0,100.0,0.0,0.0
J Mulder,1,1,5,1,4,0,0,1.0,20.0,80.0,0.0
J Pook,2,1,5,2,4,0,0,0.5,20.0,80.0,0.0
AS Dean,1,1,1,0,0,0,0,1.0,100.0,0.0,0.0
M Jayphert,1,1,2,0,1,0,0,1.0,50.0,50.0,0.0
M Imimole,1,1,1,0,0,0,0,1.0,100.0,0.0,0.0
M Ibrahim,3,1,16,3,15,0,0,0.33,6.25,93.75,0.0
Mehak Thakur,2,1,2,0,1,0,0,1.0,50.0,50.0,0.0
Santosh Yadav,1,1,4,1,3,0,0,1.0,25.0,75.0,0.0
Santiago Duggan,1,1,3,0,2,0,0,1.0,33.33,66.67,0.0
Sangay Zangmo,1,1,4,0,3,0,0,1.0,25.0,75.0,0.0
Sangay Yangzom,1,1,1,0,0,0,0,1.0,100.0,0.0,0.0
San Nyo Htwe,1,1,3,0,2,0,0,1.0,33.33,66.67,0.0
S Toffoletto,2,1,3,1,2,0,0,1.0,33.33,66.67,0.0
H Bharadwaj,2,1,6,2,5,0,0,0.5,16.67,83.33,0.0
L Egging,1,1,14,1,13,0,0,1.0,7.14,92.86,0.0
B Williams,1,1,3,0,2,0,0,1.0,33.33,66.67,0.0
A Govorko,1,1,1,0,0,0,0,1.0,100.0,0.0,0.0
Hina Hussain,2,1,4,1,3,0,0,1.0,25.0,75.0,0.0
Het Patel,1,1,7,0,6,0,0,1.0,14.29,85.71,0.0
Benjamin Constanzo,1,1,5,1,4,0,0,1.0,20.0,80.0,0.0
ZK Shem,1,1,3,0,2,0,0,1.0,33.33,66.67,0.0
A Hewage,1,1,7,1,6,0,0,1.0,14.29,85.71,0.0
B Narangerel,3,1,10,2,9,0,0,0.5,10.0,90.0,0.0
G Goudie,1,1,3,1,2,0,0,1.0,33.33,66.67,0.0
G Fontenla,1,1,3,1,2,0,0,1.0,33.33,66.67,0.0
G Essoun,1,1,7,1,6,0,0,1.0,14.29,85.71,0.0
B Wentzel,1,1,2,1,1,0,0,1.0,50.0,50.0,0.0
B Terbish,3,1,7,2,6,0,0,0.5,14.29,85.71,0.0
Sefu Athumani,1,1,6,0,5,0,0,1.0,16.67,83.33,0.0
Sean Chan Boromey,3,1,16,3,15,0,0,0.33,6.25,93.75,0.0
Zoona Mariyam,3,0,40,3,40,0,0,0.0,0.0,100.0,0.0
B Verdon,1,0,3,1,3,0,0,0.0,0.0,100.0,0.0
G Ephraim,1,0,10,2,10,0,0,0.0,0.0,100.0,0.0
G Ionita,1,0,1,1,1,0,0,0.0,0.0,100.0,0.0
K Phillip,1,0,2,1,2,0,0,0.0,0.0,100.0,0.0
ZB Ender,2,0,17,2,17,0,0,0.0,0.0,100.0,0.0
A Emch,1,0,2,0,2,0,0,0.0,0.0,100.0,0.0
P Mazuze,1,0,2,1,2,0,0,0.0,0.0,100.0,0.0
Hiba Shamshad,1,0,3,1,3,0,0,0.0,0.0,100.0,0.0
Hifsa Butt,1,0,6,1,6,0,0,0.0,0.0,100.0,0.0
Shaffaa Saleem,1,0,2,1,2,0,0,0.0,0.0,100.0,0.0
R Sanjay Yadav,1,0,2,1,2,0,0,0.0,0.0,100.0,0.0
Z Flamikova,1,0,1,1,1,0,0,0.0,0.0,100.0,0.0
Muhammad Afis,1,0,1,1,1,0,0,0.0,0.0,100.0,0.0
Faizan Khan,1,0,1,0,1,0,0,0.0,0.0,100.0,0.0
Mofida Kocchargi,1,0,2,1,2,0,0,0.0,0.0,100.0,0.0
C Rathanak,1,0,1,1,1,0,0,0.0,0.0,100.0,0.0
SN Pradhan,1,0,1,0,1,0,0,0.0,0.0,100.0,0.0
SMHH Aung,1,0,1,1,1,0,0,0.0,0.0,100.0,0.0
R Stones,1,0,1,1,1,0,0,0.0,0.0,100.0,0.0
A Faletar,2,0,2,1,2,0,0,0.0,0.0,100.0,0.0
LM Hoitink,2,0,16,2,16,0,0,0.0,0.0,100.0,0.0
Lily Rani Biswas,1,0,2,1,2,0,0,0.0,0.0,100.0,0.0
Leen Luthufee,2,0,11,2,11,0,0,0.0,0.0,100.0,0.0
KK Peters,1,0,3,0,3,0,0,0.0,0.0,100.0,0.0
E Munkhbat,1,0,5,1,5,0,0,0.0,0.0,100.0,0.0
S Arachchige,1,0,2,1,2,0,0,0.0,0.0,100.0,0.0
AS Luseno,2,0,3,1,3,0,0,0.0,0.0,100.0,0.0
AS Jaggernauth,1,0,8,1,8,0,0,0.0,0.0,100.0,0.0
Priyanka Reddy,1,0,5,1,5,0,0,0.0,0.0,100.0,0.0
M Hundal,2,0,2,2,2,0,0,0.0,0.0,100.0,0.0
M Heingo,2,0,5,1,5,0,0,0.0,0.0,100.0,0.0
Usrah Umar Farooq,2,0,8,2,8,0,0,0.0,0.0,100.0,0.0
D Polpitiya,1,0,1,1,1,0,0,0.0,0.0,100.0,0.0
T Chabila,3,0,7,2,7,0,0,0.0,0.0,100.0,0.0
Arish Ali,1,0,1,1,1,0,0,0.0,0.0,100.0,0.0
Apon Mustafizur,2,0,9,2,9,0,0,0.0,0.0,100.0,0.0
Nurudeen Ibrahim,1,0,2,1,2,0,0,0.0,0.0,100.0,0.0
Nur Qalysha,1,0,3,1,3,0,0,0.0,0.0,100.0,0.0
L Ablish,1,0,2,0,2,0,0,0.0,0.0,100.0,0.0
Eashal Ibrahim,3,0,27,3,27,0,0,0.0,0.0,100.0,0.0
EM Sampson,1,0,3,0,3,0,0,0.0,0.0,100.0,0.0
Noncedo Simelane,1,0,7,0,7,0,0,0.0,0.0,100.0,0.0
V Barboza,1,0,1,1,1,0,0,0.0,0.0,100.0,0.0
V Avdylaj,5,0,25,3,25,0,0,0.0,0.0,100.0,0.0
H Currie,1,0,1,1,1,0,0,0.0,0.0,100.0,0.0
D Prakas,1,0,1,1,1,0,0,0.0,0.0,100.0,0.0
S Sandeepani,1,0,1,1,1,0,0,0.0,0.0,100.0,0.0
D Tanase,1,0,2,1,2,0,0,0.0,0.0,100.0,0.0
S Siriotis,1,0,1,1,1,0,0,0.0,0.0,100.0,0.0
Hung Ying Ho,1,0,3,0,3,0,0,0.0,0.0,100.0,0.0
P Kerai,1,0,1,1,1,0,0,0.0,0.0,100.0,0.0
Anwar Hossain Monir,1,0,16,1,16,0,0,0.0,0.0,100.0,0.0
Ansh Patel,1,0,1,1,1,0,0,0.0,0.0,100.0,0.0
T Hewa,2,0,2,1,2,0,0,0.0,0.0,100.0,0.0
T Chopel,1,0,1,1,1,0,0,0.0,0.0,100.0,0.0
T Cheki,4,0,9,3,9,0,0,0.0,0.0,100.0,0.0
H Gori,1,0,3,1,3,0,0,0.0,0.0,100.0,0.0
Joseph Angara,1,0,3,1,3,0,0,0.0,0.0,100.0,0.0
K Loday,1,0,1,0,1,0,0,0.0,0.0,100.0,0.0
Gershon Yusuf,1,0,1,1,1,0,0,0.0,0.0,100.0,0.0
Fahad Alhashmi,2,0,6,2,6,0,0,0.0,0.0,100.0,0.0
V Kostova,2,0,3,2,3,0,0,0.0,0.0,100.0,0.0
ND Doshi,1,0,13,1,13,0,0,0.0,0.0,100.0,0.0
AS Hundal,1,0,4,1,4,0,0,0.0,0.0,100.0,0.0
MF Fahey,1,0,6,1,6,0,0,0.0,0.0,100.0,0.0
Phon Bunthean,1,0,1,0,1,0,0,0.0,0.0,100.0,0.0
Pel Vannak,2,0,3,2,3,0,0,0.0,0.0,100.0,0.0
H Kavasoglu,1,0,2,1,2,0,0,0.0,0.0,100.0,0.0
U Kaul,1,0,1,0,1,0,0,0.0,0.0,100.0,0.0
AY Karim,2,0,2,0,2,0,0,0.0,0.0,100.0,0.0
Tshering Choden,2,0,4,2,4,0,0,0.0,0.0,100.0,0.0
PS Sisodia,1,0,1,0,1,0,0,0.0,0.0,100.0,0.0
NCC Perez,1,0,3,1,3,0,0,0.0,0.0,100.0,0.0
V Buruka,5,0,9,2,9,0,0,0.0,0.0,100.0,0.0
KS Rathore,1,0,5,1,5,0,0,0.0,0.0,100.0,0.0
S Ranade,2,0,6,2,6,0,0,0.0,0.0,100.0,0.0
S Nunna,4,0,7,4,7,0,0,0.0,0.0,100.0,0.0
NA Buley,1,0,29,0,29,0,0,0.0,0.0,100.0,0.0
J Solomon,1,0,2,1,2,0,0,0.0,0.0,100.0,0.0
F Copley,1,0,2,1,2,0,0,0.0,0.0,100.0,0.0
F Thorpe,1,0,1,1,1,0,0,0.0,0.0,100.0,0.0
F Pieters,1,0,2,1,2,0,0,0.0,0.0,100.0,0.0
FC Ellingworth,1,0,5,0,5,0,0,0.0,0.0,100.0,0.0
KP Bhuva,2,0,2,2,2,0,0,0.0,0.0,100.0,0.0
Mahnoor Mahmood,2,0,7,2,7,0,0,0.0,0.0,100.0,0.0
Mahmad Data,1,0,1,1,1,0,0,0.0,0.0,100.0,0.0
K Maseko,3,0,12,2,12,0,0,0.0,0.0,100.0,0.0
K Marasini,1,0,5,0,5,0,0,0.0,0.0,100.0,0.0
K Mahekdeep,2,0,2,2,2,0,0,0.0,0.0,100.0,0.0
K Mabitle,2,0,3,2,3,0,0,0.0,0.0,100.0,0.0
M Coulibaly,1,0,12,1,12,0,0,0.0,0.0,100.0,0.0
V Pratap Singh,1,0,1,1,1,0,0,0.0,0.0,100.0,0.0
H Kinga,2,0,5,2,5,0,0,0.0,0.0,100.0,0.0
Aarsheya Sharma,1,0,2,1,2,0,0,0.0,0.0,100.0,0.0
D Dasgupta,1,0,7,1,7,0,0,0.0,0.0,100.0,0.0
D Berthe,2,0,3,2,3,0,0,0.0,0.0,100.0,0.0
SB Chamundaiah,1,0,1,1,1,0,0,0.0,0.0,100.0,0.0
SAR Hashimi,1,0,2,1,2,0,0,0.0,0.0,100.0,0.0
T Koula,1,0,1,1,1,0,0,0.0,0.0,100.0,0.0
T Konate,1,0,7,2,7,0,0,0.0,0.0,100.0,0.0
IM Farrell,1,0,2,1,2,0,0,0.0,0.0,100.0,0.0
SS Pawar,1,0,1,1,1,0,0,0.0,0.0,100.0,0.0
V Nehoume,1,0,3,1,3,0,0,0.0,0.0,100.0,0.0
R Andreea,1,0,4,1,4,0,0,0.0,0.0,100.0,0.0
KO Altamirano,1,0,1,1,1,0,0,0.0,0.0,100.0,0.0
MJ Greig,1,0,1,1,1,0,0,0.0,0.0,100.0,0.0
M Macelli,1,0,4,0,4,0,0,0.0,0.0,100.0,0.0
M Leporoporo,1,0,4,1,4,0,0,0.0,0.0,100.0,0.0
J Sainda,1,0,21,1,21,0,0,0.0,0.0,100.0,0.0
J Rokoro,1,0,1,1,1,0,0,0.0,0.0,100.0,0.0
N Traore,1,0,6,0,6,0,0,0.0,0.0,100.0,0.0
R Uwimana,1,0,2,0,2,0,0,0.0,0.0,100.0,0.0
EE Corder,2,0,5,2,5,0,0,0.0,0.0,100.0,0.0
N Squire,1,0,11,0,11,0,0,0.0,0.0,100.0,0.0
VCE Wattenberg,2,0,3,2,3,0,0,0.0,0.0,100.0,0.0
AG Puttick,1,0,5,1,4,0,0,0.0,0.0,80.0,0.0
Arnav Manoj,3,0,7,3,7,0,0,0.0,0.0,100.0,0.0
Kinley Bidha,1,0,2,1,2,0,0,0.0,0.0,100.0,0.0
P Sapesa,1,0,1,1,1,0,0,0.0,0.0,100.0,0.0
LC Pearson,1,0,1,1,1,0,0,0.0,0.0,100.0,0.0
M Esquivel,1,0,1,1,1,0,0,0.0,0.0,100.0,0.0
M Durdevac,1,0,2,1,2,0,0,0.0,0.0,100.0,0.0
Mohammad Zahid,1,0,5,2,5,0,0,0.0,0.0,100.0,0.0
VRCF Poubel,2,0,3,2,3,0,0,0.0,0.0,100.0,0.0
VM Mutungwindu,1,0,6,1,6,0,0,0.0,0.0,100.0,0.0
R Aurora,1,0,1,0,1,0,0,0.0,0.0,100.0,0.0
Maliha Baig,1,0,2,1,2,0,0,0.0,0.0,100.0,0.0
DC Delany,1,0,1,1,1,0,0,0.0,0.0,100.0,0.0
S Naidu,1,0,2,0,2,0,0,0.0,0.0,100.0,0.0
C Beckford,1,0,3,1,3,0,0,0.0,0.0,100.0,0.0
C Elmsjoo,1,0,2,1,2,0,0,0.0,0.0,100.0,0.0
SS Ilahi,1,0,3,1,3,0,0,0.0,0.0,100.0,0.0
M Zwilling,2,0,6,2,6,0,0,0.0,0.0,100.0,0.0
M Zdravkova,3,0,15,1,15,0,0,0.0,0.0,100.0,0.0
M Kornet,2,0,9,2,9,0,0,0.0,0.0,100.0,0.0
NM Meepage,1,0,1,0,1,0,0,0.0,0.0,100.0,0.0
J Hurley,1,0,1,1,1,0,0,0.0,0.0,100.0,0.0
J Hicks,4,0,10,3,10,0,0,0.0,0.0,100.0,0.0
DL Blake,1,0,2,1,2,0,0,0.0,0.0,100.0,0.0
GO Sopinho,1,0,1,1,1,0,0,0.0,0.0,100.0,0.0
H Shreya,1,0,1,0,1,0,0,0.0,0.0,100.0,0.0
H Roy,1,0,1,1,1,0,0,0.0,0.0,100.0,0.0
M Viswanathan,1,0,3,1,3,0,0,0.0,0.0,100.0,0.0
Samanvita Vijay,1,0,1,1,1,0,0,0.0,0.0,100.0,0.0
Salman Faris,1,0,2,1,2,0,0,0.0,0.0,100.0,0.0
Shawaiz Irfan,1,0,6,1,6,0,0,0.0,0.0,100.0,0.0
Shathira Jakir,1,0,2,1,2,0,0,0.0,0.0,100.0,0.0
K Burrows,1,0,1,1,1,0,0,0.0,0.0,100.0,0.0
Mehran Siasar,1,0,3,1,3,0,0,0.0,0.0,100.0,0.0
Mehran Mumtaz,2,0,2,2,2,0,0,0.0,0.0,100.0,0.0
Constanza Vergara,1,0,7,1,7,0,0,0.0,0.0,100.0,0.0
Ibrahim Altinoluk,1,0,3,1,3,0,0,0.0,0.0,100.0,0.0
N Simelane,3,0,9,3,9,0,0,0.0,0.0,100.0,0.0
J Umanath,1,0,3,1,3,0,0,0.0,0.0,100.0,0.0
Bibina Baby,2,0,9,1,9,0,0,0.0,0.0,100.0,0.0
Benson Chama,1,0,2,1,2,0,0,0.0,0.0,100.0,0.0
SU Parakh,1,0,2,1,2,0,0,0.0,0.0,100.0,0.0
SU Halarnkar,2,0,4,2,4,0,0,0.0,0.0,100.0,0.0
Emmanuella Nyaaba,1,0,1,1,1,0,0,0.0,0.0,100.0,0.0
Shakerullah Safi,1,0,1,0,1,0,0,0.0,0.0,100.0,0.0
Shakeel Ansar,2,0,4,2,4,0,0,0.0,0.0,100.0,0.0
Shahzeb Choudhry,1,0,5,1,5,0,0,0.0,0.0,100.0,0.0
Mayank Dagar,1,0,1,0,1,0,0,0.0,0.0,100.0,0.0
Maryyam Sheikh,1,0,1,1,1,0,0,0.0,0.0,100.0,0.0
K Follain,1,0,1,1,1,0,0,0.0,0.0,100.0,0.0
K Dorji,2,0,4,2,4,0,0,0.0,0.0,100.0,0.0
P Haryanti,1,0,2,1,2,0,0,0.0,0.0,100.0,0.0
S Moise,2,0,4,0,4,0,0,0.0,0.0,100.0,0.0
S Mohan,1,0,1,1,1,0,0,0.0,0.0,100.0,0.0
S Malla,1,0,2,1,2,0,0,0.0,0.0,100.0,0.0
Afzaal Haider,1,0,10,1,10,0,0,0.0,0.0,100.0,0.0
Afsheen Ahmed,1,0,1,1,1,0,0,0.0,0.0,100.0,0.0
Rahima Yahaya,1,0,2,1,2,0,0,0.0,0.0,100.0,0.0
MD Fisher,1,0,5,0,5,0,0,0.0,0.0,100.0,0.0
Cynthia Konadu,1,0,15,1,15,0,0,0.0,0.0,100.0,0.0
PP Hinge,1,0,1,0,1,0,0,0.0,0.0,100.0,0.0
IU Jayamannage,1,0,5,0,5,0,0,0.0,0.0,100.0,0.0
P Sua,1,0,2,1,2,0,0,0.0,0.0,100.0,0.0
Hein Zin Aung,2,0,11,1,11,0,0,0.0,0.0,100.0,0.0
Hawwa Ifasha,1,0,1,1,1,0,0,0.0,0.0,100.0,0.0
C Moyo,1,0,1,1,1,0,0,0.0,0.0,100.0,0.0
L Qiao,2,0,3,2,3,0,0,0.0,0.0,100.0,0.0
Constanza Oyarce,2,0,5,2,5,0,0,0.0,0.0,100.0,0.0
SC Kumari,1,0,3,0,3,0,0,0.0,0.0,100.0,0.0
TW Dlamini,1,0,1,1,1,0,0,0.0,0.0,100.0,0.0
Esperanza Rubio,2,0,15,2,14,0,0,0.0,0.0,93.33,0.0
S Kommula,1,0,6,1,6,0,0,0.0,0.0,100.0,0.0
K Kaur,1,0,3,1,3,0,0,0.0,0.0,100.0,0.0
Mah Noor,3,0,11,3,11,0,0,0.0,0.0,100.0,0.0
Maaha Naseer,2,0,6,2,6,0,0,0.0,0.0,100.0,0.0
LI Haoye,2,0,2,2,2,0,0,0.0,0.0,100.0,0.0
M Charlie,1,0,2,1,2,0,0,0.0,0.0,100.0,0.0
A Vishwakarma,1,0,4,1,4,0,0,0.0,0.0,100.0,0.0
JA Whelan,1,0,2,1,2,0,0,0.0,0.0,100.0,0.0
JA Thompson,1,0,1,1,1,0,0,0.0,0.0,100.0,0.0
N Khumalo,4,0,7,4,7,0,0,0.0,0.0,100.0,0.0
Vritti Dahiya,1,0,1,1,1,0,0,0.0,0.0,100.0,0.0
Vivek Dixit,1,0,1,1,1,0,0,0.0,0.0,100.0,0.0
R Cisse,1,0,1,1,1,0,0,0.0,0.0,100.0,0.0
S Ladda,2,0,9,2,9,0,0,0.0,0.0,100.0,0.0
JWW Gardner,2,0,3,0,3,0,0,0.0,0.0,100.0,0.0
TS Cordes,1,0,12,1,12,0,0,0.0,0.0,100.0,0.0
S Kaushik,1,0,1,1,1,0,0,0.0,0.0,100.0,0.0
A Vailoa,2,0,4,0,4,0,0,0.0,0.0,100.0,0.0
LJ Harper,1,0,16,1,16,0,0,0.0,0.0,100.0,0.0
JC Carroll,1,0,7,1,7,0,0,0.0,0.0,100.0,0.0
N Greig,2,0,2,2,2,0,0,0.0,0.0,100.0,0.0
Florencia Martinez,4,0,36,4,34,0,0,0.0,0.0,94.44,0.0
Fazle Mahmud,2,0,9,2,9,0,0,0.0,0.0,100.0,0.0
RA Rolfe,1,0,3,1,3,0,0,0.0,0.0,100.0,0.0
F Fyneface,1,0,1,1,1,0,0,0.0,0.0,100.0,0.0
Ahmed Baladraf,1,0,1,1,1,0,0,0.0,0.0,100.0,0.0
T Mpatane,1,0,1,1,1,0,0,0.0,0.0,100.0,0.0
T Moitoi,1,0,3,1,3,0,0,0.0,0.0,100.0,0.0
C Outerbridge,1,0,3,1,3,0,0,0.0,0.0,100.0,0.0
DLN Kenfack,1,0,3,1,3,0,0,0.0,0.0,100.0,0.0
DO Christian,1,0,2,1,2,0,0,0.0,0.0,100.0,0.0
S Kruger,1,0,3,1,3,0,0,0.0,0.0,100.0,0.0
S Kemigisha,1,0,2,1,2,0,0,0.0,0.0,100.0,0.0
Emily Merrien,1,0,1,1,1,0,0,0.0,0.0,100.0,0.0
C Nanda,1,0,1,1,1,0,0,0.0,0.0,100.0,0.0
C Sammut,2,0,6,2,6,0,0,0.0,0.0,100.0,0.0
Han Won,1,0,5,1,5,0,0,0.0,0.0,100.0,0.0
Hasan Cakir,1,0,2,1,2,0,0,0.0,0.0,100.0,0.0
Anjali Chand,1,0,2,1,2,0,0,0.0,0.0,100.0,0.0
Manal Malik,1,0,12,1,12,0,0,0.0,0.0,100.0,0.0
Mamta Rai,1,0,2,1,2,0,0,0.0,0.0,100.0,0.0
HAG Madhushanka,1,0,1,1,1,0,0,0.0,0.0,100.0,0.0
Ahmadi Ravat,1,0,1,1,1,0,0,0.0,0.0,100.0,0.0
IIA Vildosola,2,0,5,2,5,0,0,0.0,0.0,100.0,0.0
Suraiya Azmin,1,0,2,1,2,0,0,0.0,0.0,100.0,0.0
Sunny Gupta,1,0,1,1,1,0,0,0.0,0.0,100.0,0.0
Sultana Yesmin,1,0,1,1,1,0,0,0.0,0.0,100.0,0.0
Ashir Qureshi,1,0,1,1,1,0,0,0.0,0.0,100.0,0.0
Shafraz Jaleel,2,0,2,2,2,0,0,0.0,0.0,100.0,0.0
L Iglesias,1,0,2,0,2,0,0,0.0,0.0,100.0,0.0
L Hornby-Wheeler,2,0,6,2,6,0,0,0.0,0.0,100.0,0.0
Aisha Rahman,1,0,2,1,2,0,0,0.0,0.0,100.0,0.0
Aimal Khan,1,0,2,0,2,0,0,0.0,0.0,100.0,0.0
TJ Vlaeminck,1,0,2,1,2,0,0,0.0,0.0,100.0,0.0
Nader Zahadiafzal,1,0,3,1,3,0,0,0.0,0.0,100.0,0.0
Jenissa Jain,1,0,1,1,1,0,0,0.0,0.0,100.0,0.0
Marija Mratinkovic,1,0,2,1,2,0,0,0.0,0.0,100.0,0.0
Marica Taira,1,0,1,1,1,0,0,0.0,0.0,100.0,0.0
P Ayoleyine,1,0,1,1,1,0,0,0.0,0.0,100.0,0.0
A Sangare,1,0,6,1,6,0,0,0.0,0.0,100.0,0.0
A Saifee,1,0,2,1,2,0,0,0.0,0.0,100.0,0.0
JF Chester,3,0,6,1,6,0,0,0.0,0.0,100.0,0.0
M Altankhuyag,1,0,9,1,9,0,0,0.0,0.0,100.0,0.0
Ma Luz Barcelona,1,0,3,1,3,0,0,0.0,0.0,100.0,0.0
TJ Bishop,1,0,6,1,6,0,0,0.0,0.0,100.0,0.0
R Mondol,2,0,8,2,8,0,0,0.0,0.0,100.0,0.0
K Schultz,2,0,18,2,18,0,0,0.0,0.0,100.0,0.0
K Raphapha,2,0,3,2,3,0,0,0.0,0.0,100.0,0.0
Mohammad Zeeshan,2,0,2,2,2,0,0,0.0,0.0,100.0,0.0
Waqar Salamkheil,1,0,2,1,2,0,0,0.0,0.0,100.0,0.0
Waqar Abbasi,1,0,4,1,4,0,0,0.0,0.0,100.0,0.0
S Kagnassy,1,0,4,1,4,0,0,0.0,0.0,100.0,0.0
S Jayasinghe,1,0,1,1,1,0,0,0.0,0.0,100.0,0.0
KM Asif,1,0,2,1,2,0,0,0.0,0.0,100.0,0.0
KL Tucker,1,0,4,1,4,0,0,0.0,0.0,100.0,0.0
P Gopalkrishnan,1,0,2,1,2,0,0,0.0,0.0,100.0,0.0
Shahriar Hossain,1,0,3,1,3,0,0,0.0,0.0,100.0,0.0
B Maximo,1,0,3,1,3,0,0,0.0,0.0,100.0,0.0
I Rodriguez,1,0,1,0,1,0,0,0.0,0.0,100.0,0.0
Shahab Alam,2,0,2,0,2,0,0,0.0,0.0,100.0,0.0
Sofia Araya,3,0,18,1,17,0,0,0.0,0.0,94.44,0.0
Mohsin Shabbir,1,0,2,1,2,0,0,0.0,0.0,100.0,0.0
RJ Ainsworth,1,0,4,1,4,0,0,0.0,0.0,100.0,0.0
S Gimhani,1,0,1,1,1,0,0,0.0,0.0,100.0,0.0
Deep Harian,1,0,1,1,1,0,0,0.0,0.0,100.0,0.0
Durriya Malik,1,0,1,1,1,0,0,0.0,0.0,100.0,0.0
T Seesawan,1,0,3,1,3,0,0,0.0,0.0,100.0,0.0
Amma Kashif,1,0,5,0,5,0,0,0.0,0.0,100.0,0.0
T Phaswana,1,0,3,1,3,0,0,0.0,0.0,100.0,0.0
Andrey Lilov,1,0,2,1,2,0,0,0.0,0.0,100.0,0.0
Ihsanullah,1,0,3,0,3,0,0,0.0,0.0,100.0,0.0
Nazir Patel,1,0,6,1,6,0,0,0.0,0.0,100.0,0.0
Mohamed Miuvaan,1,0,1,1,1,0,0,0.0,0.0,100.0,0.0
Ammar Zuhdi Hazalan,1,0,3,1,3,0,0,0.0,0.0,100.0,0.0
Mohammad Azab,1,0,2,1,1,0,0,0.0,0.0,50.0,0.0
Mohammad Ayaz,1,0,2,1,2,0,0,0.0,0.0,100.0,0.0
M Mete,1,0,1,1,1,0,0,0.0,0.0,100.0,0.0
CJ Sayers,1,0,5,2,5,0,0,0.0,0.0,100.0,0.0
PG Chopra,1,0,5,0,5,0,0,0.0,0.0,100.0,0.0
PF Ravarua,1,0,2,1,2,0,0,0.0,0.0,100.0,0.0
HR Ponja,2,0,7,1,7,0,0,0.0,0.0,100.0,0.0
L Thobela,1,0,1,1,1,0,0,0.0,0.0,100.0,0.0
Saifullah Bangash,1,0,1,1,1,0,0,0.0,0.0,100.0,0.0
I Stoilva,2,0,14,1,14,0,0,0.0,0.0,100.0,0.0
I Smotara,1,0,7,2,7,0,0,0.0,0.0,100.0,0.0
O Sow,1,0,6,1,6,0,0,0.0,0.0,100.0,0.0
Shivani Singh,1,0,2,1,2,0,0,0.0,0.0,100.0,0.0
IA Nicolson,1,0,3,1,3,0,0,0.0,0.0,100.0,0.0
Moe Ei Phyu,2,0,2,1,2,0,0,0.0,0.0,100.0,0.0
M Salum,1,0,2,0,2,0,0,0.0,0.0,100.0,0.0
M Rodan,1,0,1,1,1,0,0,0.0,0.0,100.0,0.0
Sok Srey Maov,5,0,30,2,28,0,0,0.0,0.0,93.33,0.0
A Kone,1,0,3,1,3,0,0,0.0,0.0,100.0,0.0
YP Karadogan,1,0,10,1,10,0,0,0.0,0.0,100.0,0.0
YA Abdulla,1,0,1,0,1,0,0,0.0,0.0,100.0,0.0
Y Sangare,1,0,2,1,2,0,0,0.0,0.0,100.0,0.0
Y Prithvi Raj,1,0,1,0,1,0,0,0.0,0.0,100.0,0.0
G Axtell,1,0,2,0,2,0,0,0.0,0.0,100.0,0.0
R Walters,2,0,5,2,5,0,0,0.0,0.0,100.0,0.0
GF Gomes,1,0,1,1,1,0,0,0.0,0.0,100.0,0.0
E Bourgaize,1,0,3,1,3,0,0,0.0,0.0,100.0,0.0
E Bakiweyem,1,0,3,1,3,0,0,0.0,0.0,100.0,0.0
Mustafa Balkis,1,0,3,1,3,0,0,0.0,0.0,100.0,0.0
Muskan Naseeb,2,0,4,2,4,0,0,0.0,0.0,100.0,0.0
R Mikulaskova,1,0,4,1,4,0,0,0.0,0.0,100.0,0.0
JS Eguid,1,0,1,1,1,0,0,0.0,0.0,100.0,0.0
ID Matic,2,0,8,2,8,0,0,0.0,0.0,100.0,0.0
IC Pandey,1,0,2,1,2,0,0,0.0,0.0,100.0,0.0
TA McGregor,1,0,6,0,6,0,0,0.0,0.0,100.0,0.0
TA Khetsi,1,0,4,1,4,0,0,0.0,0.0,100.0,0.0
T Zilfidou,1,0,1,1,1,0,0,0.0,0.0,100.0,0.0
Aman Ali,1,0,2,1,2,0,0,0.0,0.0,100.0,0.0
JM Obando,1,0,5,1,5,0,0,0.0,0.0,100.0,0.0
Musheer Khan,1,0,3,1,3,0,0,0.0,0.0,100.0,0.0
Muhammet Kursat,2,0,9,1,9,0,0,0.0,0.0,100.0,0.0
S Clarke,1,0,3,1,3,0,0,0.0,0.0,100.0,0.0
I Kaur,1,0,1,0,1,0,0,0.0,0.0,100.0,0.0
L Fainicka,2,0,3,2,3,0,0,0.0,0.0,100.0,0.0
P Fernando,1,0,3,1,3,0,0,0.0,0.0,100.0,0.0
P Chabuta,2,0,15,2,15,0,0,0.0,0.0,100.0,0.0
P Byron,1,0,1,1,1,0,0,0.0,0.0,100.0,0.0
BA Westdijk,2,0,3,2,3,0,0,0.0,0.0,100.0,0.0
BA Simango,2,0,4,2,4,0,0,0.0,0.0,100.0,0.0
G Quaicoe,1,0,1,1,1,0,0,0.0,0.0,100.0,0.0
SY Win,3,0,7,2,7,0,0,0.0,0.0,100.0,0.0
Soung Seav,1,0,1,1,1,0,0,0.0,0.0,100.0,0.0
L Khotso,3,0,16,3,16,0,0,0.0,0.0,100.0,0.0
Yadhira Nunez,2,0,4,2,4,0,0,0.0,0.0,100.0,0.0
YT Lewis,2,0,14,2,14,0,0,0.0,0.0,100.0,0.0
A Levaci,2,0,3,2,3,0,0,0.0,0.0,100.0,0.0
Muhammad Saqlain,1,0,4,1,4,0,0,0.0,0.0,100.0,0.0
Ayush Ummat,1,0,5,1,5,0,0,0.0,0.0,100.0,0.0
B Bulganchimeg,1,0,1,1,1,0,0,0.0,0.0,100.0,0.0
Imran Khan (1),1,0,1,1,1,0,0,0.0,0.0,100.0,0.0
Ivy Yeboah,2,0,5,2,5,0,0,0.0,0.0,100.0,0.0
Ivan Splicevic,2,0,11,1,11,0,0,0.0,0.0,100.0,0.0
SK Sonpethkar,1,0,5,1,5,0,0,0.0,0.0,100.0,0.0
SK Shetty,1,0,8,1,8,0,0,0.0,0.0,100.0,0.0
MD Byrne,1,0,1,1,1,0,0,0.0,0.0,100.0,0.0
Ali Abdulla Popalzae,1,0,3,1,3,0,0,0.0,0.0,100.0,0.0
JM Dibble,1,0,1,1,1,0,0,0.0,0.0,100.0,0.0
GA Guy,1,0,4,0,4,0,0,0.0,0.0,100.0,0.0
S Campbell,1,0,1,0,1,0,0,0.0,0.0,100.0,0.0
S Baker,1,0,1,1,1,0,0,0.0,0.0,100.0,0.0
Yang Yu Xuan,1,0,1,1,1,0,0,0.0,0.0,100.0,0.0
Sabah Nawab,1,0,1,1,1,0,0,0.0,0.0,100.0,0.0
Mohamed Ishmath,2,0,3,2,3,0,0,0.0,0.0,100.0,0.0
Mohamed Fadiga,1,0,4,1,4,0,0,0.0,0.0,100.0,0.0
F Choudary,1,0,1,0,1,0,0,0.0,0.0,100.0,0.0
F Bangur,1,0,1,0,1,0,0,0.0,0.0,100.0,0.0
RR Bhatkal,1,0,2,2,2,0,0,0.0,0.0,100.0,0.0
K Yadav,1,0,4,0,4,0,0,0.0,0.0,100.0,0.0
CA Liyanage,1,0,1,1,1,0,0,0.0,0.0,100.0,0.0
PD Blignaut,1,0,1,1,1,0,0,0.0,0.0,100.0,0.0
K Kanwar,1,0,1,0,1,0,0,0.0,0.0,100.0,0.0
MAL Torres,1,0,2,0,2,0,0,0.0,0.0,100.0,0.0
Shafiq Jan,1,0,1,1,1,0,0,0.0,0.0,100.0,0.0
Zhang Yibing,1,0,6,1,6,0,0,0.0,0.0,100.0,0.0
MS Aulakh,1,0,2,1,2,0,0,0.0,0.0,100.0,0.0
LS Simelane,4,0,8,2,8,0,0,0.0,0.0,100.0,0.0
A Beggs,1,0,2,1,2,0,0,0.0,0.0,100.0,0.0
JS Ababu,2,0,9,0,9,0,0,0.0,0.0,100.0,0.0
A Dastgir,1,0,2,1,2,0,0,0.0,0.0,100.0,0.0
Ziaurahman Shinwari,1,0,1,1,1,0,0,0.0,0.0,100.0,0.0
Zeeshan Zameer,1,0,1,1,1,0,0,0.0,0.0,100.0,0.0
O Issouf,2,0,7,2,7,0,0,0.0,0.0,100.0,0.0
R Siwa,2,0,3,2,3,0,0,0.0,0.0,100.0,0.0
LR Morris,1,0,2,1,2,0,0,0.0,0.0,100.0,0.0
Zain Ali,1,0,1,1,1,0,0,0.0,0.0,100.0,0.0
E Tzanavari,1,0,1,1,1,0,0,0.0,0.0,100.0,0.0
E Simeon,1,0,2,1,2,0,0,0.0,0.0,100.0,0.0
K Matigimu,1,0,10,2,10,0,0,0.0,0.0,100.0,0.0
IS Sohi,1,0,2,1,2,0,0,0.0,0.0,100.0,0.0
APS Lakshika,1,0,4,1,4,0,0,0.0,0.0,100.0,0.0
ARH Patel,2,0,4,2,4,0,0,0.0,0.0,100.0,0.0
Ugyen Dorji,1,0,5,1,5,0,0,0.0,0.0,100.0,0.0
I Palliya,1,0,1,1,1,0,0,0.0,0.0,100.0,0.0
Sani E Zehra,1,0,1,1,1,0,0,0.0,0.0,100.0,0.0
Sana Ullah,1,0,2,1,2,0,0,0.0,0.0,100.0,0.0
B Coulibaly,1,0,1,0,1,0,0,0.0,0.0,100.0,0.0
S Tudorache,2,0,3,2,3,0,0,0.0,0.0,100.0,0.0
D Mutu,1,0,3,0,3,0,0,0.0,0.0,100.0,0.0
K Paskova,4,0,19,3,18,0,0,0.0,0.0,94.74,0.0
K Ogola,2,0,5,0,5,0,0,0.0,0.0,100.0,0.0
Fathimath Anaal,2,0,13,2,13,0,0,0.0,0.0,100.0,0.0
Farial Zia Safdar,2,0,3,2,3,0,0,0.0,0.0,100.0,0.0
Farhat Afroz,1,0,2,1,2,0,0,0.0,0.0,100.0,0.0
Rabia Iqbal,1,0,1,1,1,0,0,0.0,0.0,100.0,0.0
